Downloading: "https://download.pytorch.org/models/resnet18-f37072fd.pth" to /root/.cache/torch/hub/checkpoints/resnet18-f37072fd.pth

  0%|          | 0.00/44.7M [00:00<?, ?B/s]
 27%|██▋       | 11.9M/44.7M [00:00<00:00, 124MB/s]
 68%|██████▊   | 30.5M/44.7M [00:00<00:00, 165MB/s]
100%|██████████| 44.7M/44.7M [00:00<00:00, 172MB/s]

source_only: epoch 1:   0%|          | 0/203 [00:00<?, ?it/s]
source_only: epoch 1:   0%|          | 1/203 [00:01<06:28,  1.92s/it]
source_only: epoch 1:   1%|          | 2/203 [00:02<02:58,  1.12it/s]
source_only: epoch 1:   1%|▏         | 3/203 [00:02<01:47,  1.86it/s]
source_only: epoch 1:   2%|▏         | 4/203 [00:02<01:12,  2.73it/s]
source_only: epoch 1:   3%|▎         | 6/203 [00:02<00:44,  4.46it/s]
source_only: epoch 1:   3%|▎         | 7/203 [00:02<00:37,  5.24it/s]
source_only: epoch 1:   4%|▍         | 9/203 [00:02<00:30,  6.47it/s]
source_only: epoch 1:   5%|▌         | 11/203 [00:03<00:26,  7.12it/s]
source_only: epoch 1:   6%|▌         | 12/203 [00:03<00:26,  7.29it/s]
source_only: epoch 1:   6%|▋         | 13/203 [00:03<00:24,  7.62it/s]
source_only: epoch 1:   7%|▋         | 14/203 [00:03<00:24,  7.72it/s]
source_only: epoch 1:   7%|▋         | 15/203 [00:03<00:24,  7.81it/s]
source_only: epoch 1:   8%|▊         | 16/203 [00:03<00:24,  7.48it/s]
source_only: epoch 1:   8%|▊         | 17/203 [00:03<00:26,  7.15it/s]
source_only: epoch 1:   9%|▉         | 18/203 [00:03<00:24,  7.56it/s]
source_only: epoch 1:   9%|▉         | 19/203 [00:04<00:25,  7.16it/s]
source_only: epoch 1:  10%|▉         | 20/203 [00:04<00:27,  6.75it/s]
source_only: epoch 1:  10%|█         | 21/203 [00:04<00:26,  6.78it/s]
source_only: epoch 1:  11%|█         | 22/203 [00:04<00:25,  7.15it/s]
source_only: epoch 1:  11%|█▏        | 23/203 [00:04<00:24,  7.34it/s]
source_only: epoch 1:  12%|█▏        | 24/203 [00:04<00:23,  7.65it/s]
source_only: epoch 1:  12%|█▏        | 25/203 [00:04<00:24,  7.30it/s]
source_only: epoch 1:  13%|█▎        | 26/203 [00:05<00:23,  7.47it/s]
source_only: epoch 1:  13%|█▎        | 27/203 [00:05<00:24,  7.22it/s]
source_only: epoch 1:  14%|█▍        | 28/203 [00:05<00:24,  7.20it/s]
source_only: epoch 1:  14%|█▍        | 29/203 [00:05<00:24,  6.99it/s]
source_only: epoch 1:  15%|█▍        | 30/203 [00:05<00:23,  7.51it/s]
source_only: epoch 1:  15%|█▌        | 31/203 [00:05<00:24,  7.02it/s]
source_only: epoch 1:  16%|█▌        | 32/203 [00:05<00:25,  6.84it/s]
source_only: epoch 1:  16%|█▋        | 33/203 [00:06<00:24,  6.90it/s]
source_only: epoch 1:  17%|█▋        | 34/203 [00:06<00:25,  6.65it/s]
source_only: epoch 1:  17%|█▋        | 35/203 [00:06<00:23,  7.03it/s]
source_only: epoch 1:  18%|█▊        | 36/203 [00:06<00:22,  7.37it/s]
source_only: epoch 1:  18%|█▊        | 37/203 [00:06<00:20,  7.92it/s]
source_only: epoch 1:  19%|█▊        | 38/203 [00:06<00:22,  7.44it/s]
source_only: epoch 1:  19%|█▉        | 39/203 [00:06<00:23,  7.05it/s]
source_only: epoch 1:  20%|█▉        | 40/203 [00:07<00:21,  7.49it/s]
source_only: epoch 1:  20%|██        | 41/203 [00:07<00:21,  7.50it/s]
source_only: epoch 1:  21%|██        | 42/203 [00:07<00:20,  7.82it/s]
source_only: epoch 1:  21%|██        | 43/203 [00:07<00:20,  7.85it/s]
source_only: epoch 1:  22%|██▏       | 44/203 [00:07<00:18,  8.39it/s]
source_only: epoch 1:  22%|██▏       | 45/203 [00:07<00:21,  7.52it/s]
source_only: epoch 1:  23%|██▎       | 47/203 [00:07<00:18,  8.53it/s]
source_only: epoch 1:  24%|██▎       | 48/203 [00:07<00:17,  8.77it/s]
source_only: epoch 1:  24%|██▍       | 49/203 [00:08<00:17,  8.99it/s]
source_only: epoch 1:  25%|██▌       | 51/203 [00:08<00:15,  9.53it/s]
source_only: epoch 1:  26%|██▌       | 53/203 [00:08<00:15,  9.96it/s]
source_only: epoch 1:  27%|██▋       | 55/203 [00:08<00:14, 10.15it/s]
source_only: epoch 1:  28%|██▊       | 57/203 [00:08<00:14, 10.10it/s]
source_only: epoch 1:  29%|██▉       | 59/203 [00:09<00:14,  9.77it/s]
source_only: epoch 1:  30%|███       | 61/203 [00:09<00:14, 10.04it/s]
source_only: epoch 1:  31%|███       | 63/203 [00:09<00:13, 10.09it/s]
source_only: epoch 1:  32%|███▏      | 65/203 [00:09<00:13,  9.97it/s]
source_only: epoch 1:  33%|███▎      | 66/203 [00:09<00:14,  9.77it/s]
source_only: epoch 1:  33%|███▎      | 67/203 [00:09<00:13,  9.77it/s]
source_only: epoch 1:  33%|███▎      | 68/203 [00:09<00:13,  9.82it/s]
source_only: epoch 1:  34%|███▍      | 69/203 [00:10<00:13,  9.66it/s]
source_only: epoch 1:  35%|███▍      | 71/203 [00:10<00:13,  9.84it/s]
source_only: epoch 1:  35%|███▌      | 72/203 [00:10<00:13,  9.62it/s]
source_only: epoch 1:  36%|███▋      | 74/203 [00:10<00:13,  9.87it/s]
source_only: epoch 1:  37%|███▋      | 75/203 [00:10<00:13,  9.73it/s]
source_only: epoch 1:  38%|███▊      | 77/203 [00:10<00:12, 10.10it/s]
source_only: epoch 1:  39%|███▉      | 79/203 [00:11<00:12,  9.79it/s]
source_only: epoch 1:  40%|███▉      | 81/203 [00:11<00:12, 10.08it/s]
source_only: epoch 1:  41%|████      | 83/203 [00:11<00:11, 10.29it/s]
source_only: epoch 1:  42%|████▏     | 85/203 [00:11<00:11, 10.49it/s]
source_only: epoch 1:  43%|████▎     | 87/203 [00:11<00:11,  9.97it/s]
source_only: epoch 1:  44%|████▍     | 89/203 [00:12<00:11,  9.77it/s]
source_only: epoch 1:  45%|████▍     | 91/203 [00:12<00:11,  9.92it/s]
source_only: epoch 1:  45%|████▌     | 92/203 [00:12<00:11,  9.77it/s]
source_only: epoch 1:  46%|████▋     | 94/203 [00:12<00:10, 10.17it/s]
source_only: epoch 1:  47%|████▋     | 96/203 [00:12<00:10, 10.22it/s]
source_only: epoch 1:  48%|████▊     | 98/203 [00:12<00:10, 10.16it/s]
source_only: epoch 1:  49%|████▉     | 100/203 [00:13<00:10,  9.88it/s]
source_only: epoch 1:  50%|████▉     | 101/203 [00:13<00:10,  9.90it/s]
source_only: epoch 1:  51%|█████     | 103/203 [00:13<00:09, 10.02it/s]
source_only: epoch 1:  52%|█████▏    | 105/203 [00:13<00:09, 10.17it/s]
source_only: epoch 1:  53%|█████▎    | 107/203 [00:13<00:09, 10.17it/s]
source_only: epoch 1:  54%|█████▎    | 109/203 [00:14<00:08, 10.45it/s]
source_only: epoch 1:  55%|█████▍    | 111/203 [00:14<00:09, 10.03it/s]
source_only: epoch 1:  56%|█████▌    | 113/203 [00:14<00:09,  9.16it/s]
source_only: epoch 1:  56%|█████▌    | 114/203 [00:14<00:09,  8.90it/s]
source_only: epoch 1:  57%|█████▋    | 116/203 [00:14<00:09,  9.32it/s]
source_only: epoch 1:  58%|█████▊    | 118/203 [00:15<00:08,  9.70it/s]
source_only: epoch 1:  59%|█████▉    | 120/203 [00:15<00:08, 10.04it/s]
source_only: epoch 1:  60%|██████    | 122/203 [00:15<00:08,  9.67it/s]
source_only: epoch 1:  61%|██████    | 124/203 [00:15<00:08,  9.81it/s]
source_only: epoch 1:  62%|██████▏   | 126/203 [00:15<00:07,  9.93it/s]
source_only: epoch 1:  63%|██████▎   | 128/203 [00:16<00:07, 10.07it/s]
source_only: epoch 1:  64%|██████▍   | 130/203 [00:16<00:07, 10.14it/s]
source_only: epoch 1:  65%|██████▌   | 132/203 [00:16<00:07, 10.08it/s]
source_only: epoch 1:  66%|██████▌   | 134/203 [00:16<00:06, 10.21it/s]
source_only: epoch 1:  67%|██████▋   | 136/203 [00:16<00:06, 10.30it/s]
source_only: epoch 1:  68%|██████▊   | 138/203 [00:16<00:06, 10.22it/s]
source_only: epoch 1:  69%|██████▉   | 140/203 [00:17<00:06, 10.18it/s]
source_only: epoch 1:  70%|██████▉   | 142/203 [00:17<00:05, 10.50it/s]
source_only: epoch 1:  71%|███████   | 144/203 [00:17<00:05, 10.03it/s]
source_only: epoch 1:  72%|███████▏  | 146/203 [00:17<00:05, 10.19it/s]
source_only: epoch 1:  73%|███████▎  | 148/203 [00:18<00:05,  9.44it/s]
source_only: epoch 1:  73%|███████▎  | 149/203 [00:18<00:05,  9.18it/s]
source_only: epoch 1:  74%|███████▍  | 150/203 [00:18<00:05,  9.02it/s]
source_only: epoch 1:  74%|███████▍  | 151/203 [00:18<00:06,  8.46it/s]
source_only: epoch 1:  75%|███████▍  | 152/203 [00:18<00:06,  7.88it/s]
source_only: epoch 1:  75%|███████▌  | 153/203 [00:18<00:06,  7.86it/s]
source_only: epoch 1:  76%|███████▌  | 154/203 [00:18<00:06,  7.53it/s]
source_only: epoch 1:  76%|███████▋  | 155/203 [00:18<00:06,  7.21it/s]
source_only: epoch 1:  77%|███████▋  | 156/203 [00:19<00:06,  6.97it/s]
source_only: epoch 1:  77%|███████▋  | 157/203 [00:19<00:06,  6.85it/s]
source_only: epoch 1:  78%|███████▊  | 158/203 [00:19<00:06,  7.29it/s]
source_only: epoch 1:  78%|███████▊  | 159/203 [00:19<00:06,  7.29it/s]
source_only: epoch 1:  79%|███████▉  | 160/203 [00:19<00:05,  7.44it/s]
source_only: epoch 1:  80%|███████▉  | 162/203 [00:19<00:04,  8.22it/s]
source_only: epoch 1:  80%|████████  | 163/203 [00:20<00:04,  8.13it/s]
source_only: epoch 1:  81%|████████  | 164/203 [00:20<00:04,  7.91it/s]
source_only: epoch 1:  81%|████████▏ | 165/203 [00:20<00:04,  8.14it/s]
source_only: epoch 1:  82%|████████▏ | 166/203 [00:20<00:04,  8.29it/s]
source_only: epoch 1:  82%|████████▏ | 167/203 [00:20<00:04,  8.67it/s]
source_only: epoch 1:  83%|████████▎ | 168/203 [00:20<00:05,  6.76it/s]
source_only: epoch 1:  83%|████████▎ | 169/203 [00:20<00:05,  6.59it/s]
source_only: epoch 1:  84%|████████▎ | 170/203 [00:21<00:04,  6.83it/s]
source_only: epoch 1:  84%|████████▍ | 171/203 [00:21<00:04,  7.13it/s]
source_only: epoch 1:  85%|████████▍ | 172/203 [00:21<00:04,  7.17it/s]
source_only: epoch 1:  85%|████████▌ | 173/203 [00:21<00:04,  7.40it/s]
source_only: epoch 1:  86%|████████▌ | 174/203 [00:21<00:03,  7.60it/s]
source_only: epoch 1:  86%|████████▌ | 175/203 [00:21<00:03,  7.56it/s]
source_only: epoch 1:  87%|████████▋ | 176/203 [00:21<00:03,  7.83it/s]
source_only: epoch 1:  87%|████████▋ | 177/203 [00:21<00:03,  7.68it/s]
source_only: epoch 1:  88%|████████▊ | 178/203 [00:22<00:03,  7.51it/s]
source_only: epoch 1:  88%|████████▊ | 179/203 [00:22<00:03,  7.69it/s]
source_only: epoch 1:  89%|████████▊ | 180/203 [00:22<00:03,  7.37it/s]
source_only: epoch 1:  89%|████████▉ | 181/203 [00:22<00:02,  7.89it/s]
source_only: epoch 1:  90%|████████▉ | 182/203 [00:22<00:02,  7.68it/s]
source_only: epoch 1:  90%|█████████ | 183/203 [00:22<00:02,  7.73it/s]
source_only: epoch 1:  91%|█████████ | 184/203 [00:22<00:02,  8.29it/s]
source_only: epoch 1:  91%|█████████ | 185/203 [00:22<00:02,  8.74it/s]
source_only: epoch 1:  92%|█████████▏| 186/203 [00:23<00:01,  9.02it/s]
source_only: epoch 1:  93%|█████████▎| 188/203 [00:23<00:01,  9.29it/s]
source_only: epoch 1:  93%|█████████▎| 189/203 [00:23<00:01,  9.42it/s]
source_only: epoch 1:  94%|█████████▎| 190/203 [00:23<00:01,  9.49it/s]
source_only: epoch 1:  95%|█████████▍| 192/203 [00:23<00:01, 10.14it/s]
source_only: epoch 1:  96%|█████████▌| 194/203 [00:23<00:00,  9.99it/s]
source_only: epoch 1:  96%|█████████▌| 195/203 [00:23<00:00,  9.79it/s]
source_only: epoch 1:  97%|█████████▋| 196/203 [00:24<00:00,  9.74it/s]
source_only: epoch 1:  97%|█████████▋| 197/203 [00:24<00:00,  9.76it/s]
source_only: epoch 1:  98%|█████████▊| 199/203 [00:24<00:00, 10.19it/s]
source_only: epoch 1:  99%|█████████▉| 201/203 [00:24<00:00,  9.86it/s]
source_only: epoch 1: 100%|██████████| 203/203 [00:24<00:00, 10.28it/s]
                                                                       
source_only: epoch 1, source macro-f1=0.8899

source_only: epoch 2:   0%|          | 0/203 [00:00<?, ?it/s]
source_only: epoch 2:   0%|          | 1/203 [00:00<00:20,  9.96it/s]
source_only: epoch 2:   1%|          | 2/203 [00:00<00:28,  7.16it/s]
source_only: epoch 2:   2%|▏         | 4/203 [00:00<00:22,  8.95it/s]
source_only: epoch 2:   3%|▎         | 6/203 [00:00<00:20,  9.52it/s]
source_only: epoch 2:   4%|▍         | 8/203 [00:00<00:19,  9.84it/s]
source_only: epoch 2:   4%|▍         | 9/203 [00:00<00:19,  9.80it/s]
source_only: epoch 2:   5%|▌         | 11/203 [00:01<00:19, 10.03it/s]
source_only: epoch 2:   6%|▋         | 13/203 [00:01<00:18, 10.07it/s]
source_only: epoch 2:   7%|▋         | 15/203 [00:01<00:18, 10.11it/s]
source_only: epoch 2:   8%|▊         | 17/203 [00:01<00:18, 10.31it/s]
source_only: epoch 2:   9%|▉         | 19/203 [00:01<00:18,  9.93it/s]
source_only: epoch 2:  10%|█         | 21/203 [00:02<00:18, 10.09it/s]
source_only: epoch 2:  11%|█▏        | 23/203 [00:02<00:17, 10.08it/s]
source_only: epoch 2:  12%|█▏        | 25/203 [00:02<00:17, 10.09it/s]
source_only: epoch 2:  13%|█▎        | 27/203 [00:02<00:17, 10.02it/s]
source_only: epoch 2:  14%|█▍        | 29/203 [00:02<00:17, 10.12it/s]
source_only: epoch 2:  15%|█▌        | 31/203 [00:03<00:16, 10.44it/s]
source_only: epoch 2:  16%|█▋        | 33/203 [00:03<00:18,  9.34it/s]
source_only: epoch 2:  17%|█▋        | 35/203 [00:03<00:17,  9.62it/s]
source_only: epoch 2:  18%|█▊        | 37/203 [00:03<00:16, 10.00it/s]
source_only: epoch 2:  19%|█▉        | 39/203 [00:03<00:16,  9.85it/s]
source_only: epoch 2:  20%|█▉        | 40/203 [00:04<00:16,  9.82it/s]
source_only: epoch 2:  21%|██        | 42/203 [00:04<00:16,  9.86it/s]
source_only: epoch 2:  21%|██        | 43/203 [00:04<00:16,  9.50it/s]
source_only: epoch 2:  22%|██▏       | 44/203 [00:04<00:18,  8.77it/s]
source_only: epoch 2:  22%|██▏       | 45/203 [00:04<00:18,  8.70it/s]
source_only: epoch 2:  23%|██▎       | 46/203 [00:04<00:17,  8.80it/s]
source_only: epoch 2:  23%|██▎       | 47/203 [00:04<00:19,  7.98it/s]
source_only: epoch 2:  24%|██▎       | 48/203 [00:05<00:21,  7.25it/s]
source_only: epoch 2:  25%|██▍       | 50/203 [00:05<00:19,  7.65it/s]
source_only: epoch 2:  25%|██▌       | 51/203 [00:05<00:19,  7.72it/s]
source_only: epoch 2:  26%|██▌       | 52/203 [00:05<00:20,  7.46it/s]
source_only: epoch 2:  26%|██▌       | 53/203 [00:05<00:20,  7.36it/s]
source_only: epoch 2:  27%|██▋       | 54/203 [00:05<00:20,  7.17it/s]
source_only: epoch 2:  27%|██▋       | 55/203 [00:06<00:19,  7.51it/s]
source_only: epoch 2:  28%|██▊       | 56/203 [00:06<00:20,  7.10it/s]
source_only: epoch 2:  28%|██▊       | 57/203 [00:06<00:20,  7.13it/s]
source_only: epoch 2:  29%|██▉       | 59/203 [00:06<00:20,  7.00it/s]
source_only: epoch 2:  30%|██▉       | 60/203 [00:06<00:21,  6.50it/s]
source_only: epoch 2:  30%|███       | 61/203 [00:06<00:23,  6.16it/s]
source_only: epoch 2:  31%|███       | 62/203 [00:07<00:23,  5.94it/s]
source_only: epoch 2:  31%|███       | 63/203 [00:07<00:21,  6.46it/s]
source_only: epoch 2:  32%|███▏      | 64/203 [00:07<00:20,  6.63it/s]
source_only: epoch 2:  32%|███▏      | 65/203 [00:07<00:21,  6.49it/s]
source_only: epoch 2:  33%|███▎      | 66/203 [00:07<00:20,  6.66it/s]
source_only: epoch 2:  33%|███▎      | 67/203 [00:07<00:18,  7.38it/s]
source_only: epoch 2:  33%|███▎      | 68/203 [00:07<00:18,  7.26it/s]
source_only: epoch 2:  34%|███▍      | 69/203 [00:08<00:17,  7.62it/s]
source_only: epoch 2:  34%|███▍      | 70/203 [00:08<00:17,  7.73it/s]
source_only: epoch 2:  35%|███▍      | 71/203 [00:08<00:16,  7.81it/s]
source_only: epoch 2:  36%|███▌      | 73/203 [00:08<00:15,  8.34it/s]
source_only: epoch 2:  36%|███▋      | 74/203 [00:08<00:15,  8.13it/s]
source_only: epoch 2:  37%|███▋      | 75/203 [00:08<00:16,  7.85it/s]
source_only: epoch 2:  37%|███▋      | 76/203 [00:08<00:15,  8.26it/s]
source_only: epoch 2:  38%|███▊      | 77/203 [00:09<00:16,  7.83it/s]
source_only: epoch 2:  38%|███▊      | 78/203 [00:09<00:15,  7.88it/s]
source_only: epoch 2:  39%|███▉      | 79/203 [00:09<00:16,  7.57it/s]
source_only: epoch 2:  39%|███▉      | 80/203 [00:09<00:15,  8.10it/s]
source_only: epoch 2:  40%|████      | 82/203 [00:09<00:13,  9.09it/s]
source_only: epoch 2:  41%|████▏     | 84/203 [00:09<00:12,  9.50it/s]
source_only: epoch 2:  42%|████▏     | 86/203 [00:10<00:11,  9.75it/s]
source_only: epoch 2:  43%|████▎     | 88/203 [00:10<00:11,  9.95it/s]
source_only: epoch 2:  44%|████▍     | 89/203 [00:10<00:11,  9.88it/s]
source_only: epoch 2:  44%|████▍     | 90/203 [00:10<00:11,  9.50it/s]
source_only: epoch 2:  45%|████▌     | 92/203 [00:10<00:11,  9.67it/s]
source_only: epoch 2:  46%|████▋     | 94/203 [00:10<00:10,  9.95it/s]
source_only: epoch 2:  47%|████▋     | 95/203 [00:10<00:10,  9.86it/s]
source_only: epoch 2:  47%|████▋     | 96/203 [00:11<00:10,  9.89it/s]
source_only: epoch 2:  48%|████▊     | 97/203 [00:11<00:10,  9.83it/s]
source_only: epoch 2:  48%|████▊     | 98/203 [00:11<00:10,  9.75it/s]
source_only: epoch 2:  49%|████▉     | 100/203 [00:11<00:10, 10.05it/s]
source_only: epoch 2:  50%|████▉     | 101/203 [00:11<00:10,  9.93it/s]
source_only: epoch 2:  51%|█████     | 103/203 [00:11<00:10,  9.98it/s]
source_only: epoch 2:  52%|█████▏    | 105/203 [00:11<00:09, 10.31it/s]
source_only: epoch 2:  53%|█████▎    | 107/203 [00:12<00:09, 10.32it/s]
source_only: epoch 2:  54%|█████▎    | 109/203 [00:12<00:09, 10.39it/s]
source_only: epoch 2:  55%|█████▍    | 111/203 [00:12<00:09, 10.17it/s]
source_only: epoch 2:  56%|█████▌    | 113/203 [00:12<00:08, 10.14it/s]
source_only: epoch 2:  57%|█████▋    | 115/203 [00:12<00:08, 10.05it/s]
source_only: epoch 2:  58%|█████▊    | 117/203 [00:13<00:08,  9.93it/s]
source_only: epoch 2:  59%|█████▊    | 119/203 [00:13<00:08, 10.01it/s]
source_only: epoch 2:  60%|█████▉    | 121/203 [00:13<00:08, 10.00it/s]
source_only: epoch 2:  61%|██████    | 123/203 [00:13<00:07, 10.07it/s]
source_only: epoch 2:  62%|██████▏   | 125/203 [00:13<00:07,  9.80it/s]
source_only: epoch 2:  63%|██████▎   | 127/203 [00:14<00:07,  9.81it/s]
source_only: epoch 2:  64%|██████▎   | 129/203 [00:14<00:07, 10.12it/s]
source_only: epoch 2:  65%|██████▍   | 131/203 [00:14<00:07, 10.27it/s]
source_only: epoch 2:  66%|██████▌   | 133/203 [00:14<00:07,  9.44it/s]
source_only: epoch 2:  66%|██████▌   | 134/203 [00:14<00:07,  9.27it/s]
source_only: epoch 2:  67%|██████▋   | 136/203 [00:15<00:06,  9.60it/s]
source_only: epoch 2:  68%|██████▊   | 138/203 [00:15<00:06,  9.86it/s]
source_only: epoch 2:  69%|██████▉   | 140/203 [00:15<00:06,  9.96it/s]
source_only: epoch 2:  70%|██████▉   | 142/203 [00:15<00:06, 10.08it/s]
source_only: epoch 2:  71%|███████   | 144/203 [00:15<00:05,  9.96it/s]
source_only: epoch 2:  72%|███████▏  | 146/203 [00:16<00:05, 10.15it/s]
source_only: epoch 2:  73%|███████▎  | 148/203 [00:16<00:05, 10.21it/s]
source_only: epoch 2:  74%|███████▍  | 150/203 [00:16<00:05,  9.65it/s]
source_only: epoch 2:  74%|███████▍  | 151/203 [00:16<00:05,  9.48it/s]
source_only: epoch 2:  75%|███████▍  | 152/203 [00:16<00:05,  9.44it/s]
source_only: epoch 2:  75%|███████▌  | 153/203 [00:16<00:05,  8.82it/s]
source_only: epoch 2:  76%|███████▌  | 154/203 [00:16<00:05,  8.76it/s]
source_only: epoch 2:  77%|███████▋  | 156/203 [00:17<00:04,  9.48it/s]
source_only: epoch 2:  78%|███████▊  | 158/203 [00:17<00:04,  9.72it/s]
source_only: epoch 2:  79%|███████▉  | 160/203 [00:17<00:04,  9.96it/s]
source_only: epoch 2:  80%|███████▉  | 162/203 [00:17<00:04,  9.94it/s]
source_only: epoch 2:  81%|████████  | 164/203 [00:17<00:03, 10.18it/s]
source_only: epoch 2:  82%|████████▏ | 166/203 [00:18<00:03, 10.23it/s]
source_only: epoch 2:  83%|████████▎ | 168/203 [00:18<00:03, 10.12it/s]
source_only: epoch 2:  84%|████████▎ | 170/203 [00:18<00:03, 10.28it/s]
source_only: epoch 2:  85%|████████▍ | 172/203 [00:18<00:02, 10.43it/s]
source_only: epoch 2:  86%|████████▌ | 174/203 [00:18<00:02, 10.24it/s]
source_only: epoch 2:  87%|████████▋ | 176/203 [00:19<00:02, 10.17it/s]
source_only: epoch 2:  88%|████████▊ | 178/203 [00:19<00:02, 10.31it/s]
source_only: epoch 2:  89%|████████▊ | 180/203 [00:19<00:02,  9.93it/s]
source_only: epoch 2:  89%|████████▉ | 181/203 [00:19<00:02,  9.45it/s]
source_only: epoch 2:  90%|█████████ | 183/203 [00:19<00:02,  9.08it/s]
source_only: epoch 2:  91%|█████████ | 185/203 [00:20<00:02,  8.88it/s]
source_only: epoch 2:  92%|█████████▏| 186/203 [00:20<00:02,  8.32it/s]
source_only: epoch 2:  92%|█████████▏| 187/203 [00:20<00:02,  7.85it/s]
source_only: epoch 2:  93%|█████████▎| 188/203 [00:20<00:01,  8.09it/s]
source_only: epoch 2:  93%|█████████▎| 189/203 [00:20<00:01,  7.69it/s]
source_only: epoch 2:  94%|█████████▎| 190/203 [00:20<00:01,  7.63it/s]
source_only: epoch 2:  94%|█████████▍| 191/203 [00:20<00:01,  7.53it/s]
source_only: epoch 2:  95%|█████████▍| 192/203 [00:21<00:01,  7.40it/s]
source_only: epoch 2:  95%|█████████▌| 193/203 [00:21<00:01,  7.53it/s]
source_only: epoch 2:  96%|█████████▌| 194/203 [00:21<00:01,  7.88it/s]
source_only: epoch 2:  96%|█████████▌| 195/203 [00:21<00:00,  8.01it/s]
source_only: epoch 2:  97%|█████████▋| 196/203 [00:21<00:00,  7.88it/s]
source_only: epoch 2:  97%|█████████▋| 197/203 [00:21<00:00,  7.43it/s]
source_only: epoch 2:  98%|█████████▊| 198/203 [00:21<00:00,  7.40it/s]
source_only: epoch 2:  98%|█████████▊| 199/203 [00:21<00:00,  7.12it/s]
source_only: epoch 2:  99%|█████████▊| 200/203 [00:22<00:00,  7.48it/s]
source_only: epoch 2:  99%|█████████▉| 201/203 [00:22<00:00,  6.85it/s]
source_only: epoch 2: 100%|█████████▉| 202/203 [00:22<00:00,  7.23it/s]
source_only: epoch 2: 100%|██████████| 203/203 [00:22<00:00,  7.70it/s]
                                                                       
source_only: epoch 2, source macro-f1=0.9085

source_only: epoch 3:   0%|          | 0/203 [00:00<?, ?it/s]
source_only: epoch 3:   1%|          | 2/203 [00:00<00:17, 11.71it/s]
source_only: epoch 3:   2%|▏         | 4/203 [00:00<00:23,  8.56it/s]
source_only: epoch 3:   2%|▏         | 5/203 [00:00<00:22,  8.86it/s]
source_only: epoch 3:   3%|▎         | 7/203 [00:00<00:20,  9.39it/s]
source_only: epoch 3:   4%|▍         | 8/203 [00:00<00:20,  9.47it/s]
source_only: epoch 3:   4%|▍         | 9/203 [00:00<00:20,  9.59it/s]
source_only: epoch 3:   5%|▍         | 10/203 [00:01<00:20,  9.61it/s]
source_only: epoch 3:   5%|▌         | 11/203 [00:01<00:19,  9.63it/s]
source_only: epoch 3:   6%|▌         | 12/203 [00:01<00:19,  9.70it/s]
source_only: epoch 3:   7%|▋         | 14/203 [00:01<00:18,  9.96it/s]
source_only: epoch 3:   8%|▊         | 16/203 [00:01<00:18, 10.11it/s]
source_only: epoch 3:   9%|▉         | 18/203 [00:01<00:18, 10.15it/s]
source_only: epoch 3:  10%|▉         | 20/203 [00:02<00:17, 10.24it/s]
source_only: epoch 3:  11%|█         | 22/203 [00:02<00:17, 10.26it/s]
source_only: epoch 3:  12%|█▏        | 24/203 [00:02<00:17, 10.18it/s]
source_only: epoch 3:  13%|█▎        | 26/203 [00:02<00:17, 10.30it/s]
source_only: epoch 3:  14%|█▍        | 28/203 [00:02<00:17, 10.28it/s]
source_only: epoch 3:  15%|█▍        | 30/203 [00:03<00:16, 10.29it/s]
source_only: epoch 3:  16%|█▌        | 32/203 [00:03<00:16, 10.25it/s]
source_only: epoch 3:  17%|█▋        | 34/203 [00:03<00:16, 10.11it/s]
source_only: epoch 3:  18%|█▊        | 36/203 [00:03<00:16, 10.03it/s]
source_only: epoch 3:  19%|█▊        | 38/203 [00:03<00:16, 10.00it/s]
source_only: epoch 3:  20%|█▉        | 40/203 [00:03<00:15, 10.21it/s]
source_only: epoch 3:  21%|██        | 42/203 [00:04<00:16,  9.93it/s]
source_only: epoch 3:  22%|██▏       | 44/203 [00:04<00:15, 10.15it/s]
source_only: epoch 3:  23%|██▎       | 46/203 [00:04<00:15,  9.98it/s]
source_only: epoch 3:  24%|██▎       | 48/203 [00:04<00:15, 10.19it/s]
source_only: epoch 3:  25%|██▍       | 50/203 [00:05<00:15,  9.95it/s]
source_only: epoch 3:  26%|██▌       | 52/203 [00:05<00:15,  9.86it/s]
source_only: epoch 3:  26%|██▌       | 53/203 [00:05<00:15,  9.85it/s]
source_only: epoch 3:  27%|██▋       | 55/203 [00:05<00:14,  9.96it/s]
source_only: epoch 3:  28%|██▊       | 56/203 [00:05<00:14,  9.88it/s]
source_only: epoch 3:  28%|██▊       | 57/203 [00:05<00:14,  9.86it/s]
source_only: epoch 3:  29%|██▉       | 59/203 [00:05<00:14, 10.19it/s]
source_only: epoch 3:  30%|███       | 61/203 [00:06<00:13, 10.59it/s]
source_only: epoch 3:  31%|███       | 63/203 [00:06<00:15,  9.00it/s]
source_only: epoch 3:  32%|███▏      | 65/203 [00:06<00:14,  9.48it/s]
source_only: epoch 3:  33%|███▎      | 67/203 [00:06<00:14,  9.66it/s]
source_only: epoch 3:  33%|███▎      | 68/203 [00:06<00:13,  9.71it/s]
source_only: epoch 3:  34%|███▍      | 70/203 [00:07<00:13,  9.82it/s]
source_only: epoch 3:  35%|███▌      | 72/203 [00:07<00:13,  9.88it/s]
source_only: epoch 3:  36%|███▋      | 74/203 [00:07<00:12, 10.19it/s]
source_only: epoch 3:  37%|███▋      | 76/203 [00:07<00:13,  9.63it/s]
source_only: epoch 3:  38%|███▊      | 77/203 [00:07<00:13,  9.58it/s]
source_only: epoch 3:  38%|███▊      | 78/203 [00:07<00:13,  9.16it/s]
source_only: epoch 3:  39%|███▉      | 79/203 [00:08<00:13,  8.95it/s]
source_only: epoch 3:  39%|███▉      | 80/203 [00:08<00:14,  8.75it/s]
source_only: epoch 3:  40%|███▉      | 81/203 [00:08<00:15,  7.80it/s]
source_only: epoch 3:  40%|████      | 82/203 [00:08<00:16,  7.46it/s]
source_only: epoch 3:  41%|████      | 83/203 [00:08<00:15,  7.79it/s]
source_only: epoch 3:  41%|████▏     | 84/203 [00:08<00:15,  7.87it/s]
source_only: epoch 3:  42%|████▏     | 85/203 [00:08<00:16,  7.35it/s]
source_only: epoch 3:  42%|████▏     | 86/203 [00:09<00:16,  7.24it/s]
source_only: epoch 3:  43%|████▎     | 87/203 [00:09<00:15,  7.29it/s]
source_only: epoch 3:  43%|████▎     | 88/203 [00:09<00:14,  7.76it/s]
source_only: epoch 3:  44%|████▍     | 89/203 [00:09<00:14,  8.01it/s]
source_only: epoch 3:  44%|████▍     | 90/203 [00:09<00:14,  7.85it/s]
source_only: epoch 3:  45%|████▍     | 91/203 [00:09<00:13,  8.07it/s]
source_only: epoch 3:  45%|████▌     | 92/203 [00:09<00:13,  8.46it/s]
source_only: epoch 3:  46%|████▌     | 93/203 [00:09<00:12,  8.69it/s]
source_only: epoch 3:  46%|████▋     | 94/203 [00:09<00:12,  8.85it/s]
source_only: epoch 3:  47%|████▋     | 95/203 [00:10<00:11,  9.07it/s]
source_only: epoch 3:  47%|████▋     | 96/203 [00:10<00:16,  6.57it/s]
source_only: epoch 3:  48%|████▊     | 97/203 [00:10<00:15,  6.92it/s]
source_only: epoch 3:  48%|████▊     | 98/203 [00:10<00:14,  7.22it/s]
source_only: epoch 3:  49%|████▉     | 99/203 [00:10<00:13,  7.58it/s]
source_only: epoch 3:  49%|████▉     | 100/203 [00:10<00:13,  7.79it/s]
source_only: epoch 3:  50%|████▉     | 101/203 [00:10<00:13,  7.37it/s]
source_only: epoch 3:  50%|█████     | 102/203 [00:11<00:13,  7.22it/s]
source_only: epoch 3:  51%|█████     | 103/203 [00:11<00:14,  6.68it/s]
source_only: epoch 3:  51%|█████     | 104/203 [00:11<00:14,  6.61it/s]
source_only: epoch 3:  52%|█████▏    | 105/203 [00:11<00:14,  6.98it/s]
source_only: epoch 3:  52%|█████▏    | 106/203 [00:11<00:14,  6.78it/s]
source_only: epoch 3:  53%|█████▎    | 107/203 [00:11<00:14,  6.58it/s]
source_only: epoch 3:  53%|█████▎    | 108/203 [00:12<00:14,  6.41it/s]
source_only: epoch 3:  54%|█████▎    | 109/203 [00:12<00:13,  6.94it/s]
source_only: epoch 3:  54%|█████▍    | 110/203 [00:12<00:13,  6.70it/s]
source_only: epoch 3:  55%|█████▍    | 111/203 [00:12<00:13,  6.89it/s]
source_only: epoch 3:  55%|█████▌    | 112/203 [00:12<00:13,  6.51it/s]
source_only: epoch 3:  56%|█████▌    | 113/203 [00:12<00:13,  6.63it/s]
source_only: epoch 3:  56%|█████▌    | 114/203 [00:12<00:13,  6.84it/s]
source_only: epoch 3:  57%|█████▋    | 115/203 [00:12<00:11,  7.34it/s]
source_only: epoch 3:  58%|█████▊    | 117/203 [00:13<00:10,  8.59it/s]
source_only: epoch 3:  58%|█████▊    | 118/203 [00:13<00:09,  8.54it/s]
source_only: epoch 3:  59%|█████▊    | 119/203 [00:13<00:09,  8.65it/s]
source_only: epoch 3:  59%|█████▉    | 120/203 [00:13<00:09,  8.74it/s]
source_only: epoch 3:  60%|█████▉    | 121/203 [00:13<00:09,  8.98it/s]
source_only: epoch 3:  60%|██████    | 122/203 [00:13<00:08,  9.09it/s]
source_only: epoch 3:  61%|██████    | 123/203 [00:13<00:09,  8.88it/s]
source_only: epoch 3:  61%|██████    | 124/203 [00:13<00:08,  9.09it/s]
source_only: epoch 3:  62%|██████▏   | 125/203 [00:14<00:08,  9.06it/s]
source_only: epoch 3:  62%|██████▏   | 126/203 [00:14<00:08,  8.84it/s]
source_only: epoch 3:  63%|██████▎   | 127/203 [00:14<00:08,  8.77it/s]
source_only: epoch 3:  63%|██████▎   | 128/203 [00:14<00:08,  8.83it/s]
source_only: epoch 3:  64%|██████▎   | 129/203 [00:14<00:08,  8.60it/s]
source_only: epoch 3:  65%|██████▍   | 131/203 [00:14<00:08,  8.74it/s]
source_only: epoch 3:  65%|██████▌   | 132/203 [00:14<00:07,  8.88it/s]
source_only: epoch 3:  66%|██████▌   | 133/203 [00:14<00:07,  8.78it/s]
source_only: epoch 3:  66%|██████▌   | 134/203 [00:15<00:07,  8.69it/s]
source_only: epoch 3:  67%|██████▋   | 135/203 [00:15<00:07,  8.86it/s]
source_only: epoch 3:  67%|██████▋   | 136/203 [00:15<00:07,  8.94it/s]
source_only: epoch 3:  67%|██████▋   | 137/203 [00:15<00:07,  8.74it/s]
source_only: epoch 3:  68%|██████▊   | 138/203 [00:15<00:07,  8.89it/s]
source_only: epoch 3:  68%|██████▊   | 139/203 [00:15<00:07,  8.61it/s]
source_only: epoch 3:  69%|██████▉   | 141/203 [00:15<00:06,  9.32it/s]
source_only: epoch 3:  70%|██████▉   | 142/203 [00:15<00:06,  9.40it/s]
source_only: epoch 3:  71%|███████   | 144/203 [00:16<00:05,  9.90it/s]
source_only: epoch 3:  71%|███████▏  | 145/203 [00:16<00:05,  9.86it/s]
source_only: epoch 3:  72%|███████▏  | 147/203 [00:16<00:05,  9.88it/s]
source_only: epoch 3:  73%|███████▎  | 148/203 [00:16<00:05,  9.90it/s]
source_only: epoch 3:  74%|███████▍  | 150/203 [00:16<00:05, 10.01it/s]
source_only: epoch 3:  75%|███████▍  | 152/203 [00:16<00:05, 10.16it/s]
source_only: epoch 3:  76%|███████▌  | 154/203 [00:17<00:04,  9.91it/s]
source_only: epoch 3:  77%|███████▋  | 156/203 [00:17<00:04,  9.85it/s]
source_only: epoch 3:  78%|███████▊  | 158/203 [00:17<00:04, 10.03it/s]
source_only: epoch 3:  79%|███████▉  | 160/203 [00:17<00:04, 10.11it/s]
source_only: epoch 3:  80%|███████▉  | 162/203 [00:17<00:04, 10.20it/s]
source_only: epoch 3:  81%|████████  | 164/203 [00:18<00:03, 10.12it/s]
source_only: epoch 3:  82%|████████▏ | 166/203 [00:18<00:03, 10.04it/s]
source_only: epoch 3:  83%|████████▎ | 168/203 [00:18<00:03, 10.14it/s]
source_only: epoch 3:  84%|████████▎ | 170/203 [00:18<00:03, 10.29it/s]
source_only: epoch 3:  85%|████████▍ | 172/203 [00:18<00:03, 10.23it/s]
source_only: epoch 3:  86%|████████▌ | 174/203 [00:19<00:02, 10.06it/s]
source_only: epoch 3:  87%|████████▋ | 176/203 [00:19<00:02, 10.22it/s]
source_only: epoch 3:  88%|████████▊ | 178/203 [00:19<00:02, 10.10it/s]
source_only: epoch 3:  89%|████████▊ | 180/203 [00:19<00:02, 10.14it/s]
source_only: epoch 3:  90%|████████▉ | 182/203 [00:19<00:02, 10.01it/s]
source_only: epoch 3:  91%|█████████ | 184/203 [00:20<00:01,  9.95it/s]
source_only: epoch 3:  91%|█████████ | 185/203 [00:20<00:01,  9.88it/s]
source_only: epoch 3:  92%|█████████▏| 187/203 [00:20<00:01,  9.90it/s]
source_only: epoch 3:  93%|█████████▎| 188/203 [00:20<00:01,  9.59it/s]
source_only: epoch 3:  93%|█████████▎| 189/203 [00:20<00:01,  9.01it/s]
source_only: epoch 3:  94%|█████████▎| 190/203 [00:20<00:01,  9.14it/s]
source_only: epoch 3:  94%|█████████▍| 191/203 [00:20<00:01,  9.33it/s]
source_only: epoch 3:  95%|█████████▌| 193/203 [00:21<00:01,  9.80it/s]
source_only: epoch 3:  96%|█████████▌| 194/203 [00:21<00:00,  9.67it/s]
source_only: epoch 3:  97%|█████████▋| 196/203 [00:21<00:00,  9.63it/s]
source_only: epoch 3:  97%|█████████▋| 197/203 [00:21<00:00,  9.64it/s]
source_only: epoch 3:  98%|█████████▊| 199/203 [00:21<00:00,  9.75it/s]
source_only: epoch 3:  99%|█████████▉| 201/203 [00:21<00:00,  9.86it/s]
source_only: epoch 3: 100%|█████████▉| 202/203 [00:22<00:00,  9.87it/s]
                                                                       
source_only: epoch 3, source macro-f1=0.9255

source_only: epoch 4:   0%|          | 0/203 [00:00<?, ?it/s]
source_only: epoch 4:   1%|          | 2/203 [00:00<00:18, 10.79it/s]
source_only: epoch 4:   2%|▏         | 4/203 [00:00<00:27,  7.36it/s]
source_only: epoch 4:   2%|▏         | 5/203 [00:00<00:26,  7.34it/s]
source_only: epoch 4:   3%|▎         | 6/203 [00:00<00:25,  7.80it/s]
source_only: epoch 4:   4%|▍         | 8/203 [00:00<00:21,  8.95it/s]
source_only: epoch 4:   4%|▍         | 9/203 [00:01<00:21,  9.08it/s]
source_only: epoch 4:   5%|▌         | 11/203 [00:01<00:20,  9.43it/s]
source_only: epoch 4:   6%|▌         | 12/203 [00:01<00:20,  9.46it/s]
source_only: epoch 4:   7%|▋         | 14/203 [00:01<00:19,  9.81it/s]
source_only: epoch 4:   7%|▋         | 15/203 [00:01<00:19,  9.78it/s]
source_only: epoch 4:   8%|▊         | 17/203 [00:01<00:18,  9.88it/s]
source_only: epoch 4:   9%|▉         | 19/203 [00:02<00:17, 10.28it/s]
source_only: epoch 4:  10%|█         | 21/203 [00:02<00:17, 10.53it/s]
source_only: epoch 4:  11%|█▏        | 23/203 [00:02<00:17, 10.28it/s]
source_only: epoch 4:  12%|█▏        | 25/203 [00:02<00:17, 10.31it/s]
source_only: epoch 4:  13%|█▎        | 27/203 [00:02<00:17, 10.21it/s]
source_only: epoch 4:  14%|█▍        | 29/203 [00:03<00:17, 10.08it/s]
source_only: epoch 4:  15%|█▌        | 31/203 [00:03<00:17, 10.03it/s]
source_only: epoch 4:  16%|█▋        | 33/203 [00:03<00:16, 10.21it/s]
source_only: epoch 4:  17%|█▋        | 35/203 [00:03<00:16,  9.89it/s]
source_only: epoch 4:  18%|█▊        | 37/203 [00:03<00:16,  9.95it/s]
source_only: epoch 4:  19%|█▊        | 38/203 [00:03<00:17,  9.70it/s]
source_only: epoch 4:  19%|█▉        | 39/203 [00:04<00:17,  9.64it/s]
source_only: epoch 4:  20%|██        | 41/203 [00:04<00:16,  9.74it/s]
source_only: epoch 4:  21%|██        | 43/203 [00:04<00:15, 10.08it/s]
source_only: epoch 4:  22%|██▏       | 45/203 [00:04<00:15, 10.19it/s]
source_only: epoch 4:  23%|██▎       | 47/203 [00:04<00:15, 10.27it/s]
source_only: epoch 4:  24%|██▍       | 49/203 [00:05<00:15, 10.24it/s]
source_only: epoch 4:  25%|██▌       | 51/203 [00:05<00:15, 10.04it/s]
source_only: epoch 4:  26%|██▌       | 53/203 [00:05<00:14, 10.02it/s]
source_only: epoch 4:  27%|██▋       | 55/203 [00:05<00:14, 10.13it/s]
source_only: epoch 4:  28%|██▊       | 57/203 [00:05<00:14, 10.18it/s]
source_only: epoch 4:  29%|██▉       | 59/203 [00:05<00:14, 10.24it/s]
source_only: epoch 4:  30%|███       | 61/203 [00:06<00:15,  9.28it/s]
source_only: epoch 4:  31%|███       | 62/203 [00:06<00:15,  9.39it/s]
source_only: epoch 4:  32%|███▏      | 64/203 [00:06<00:14,  9.53it/s]
source_only: epoch 4:  33%|███▎      | 66/203 [00:06<00:13,  9.80it/s]
source_only: epoch 4:  33%|███▎      | 68/203 [00:06<00:13,  9.97it/s]
source_only: epoch 4:  34%|███▍      | 70/203 [00:07<00:13, 10.09it/s]
source_only: epoch 4:  35%|███▌      | 72/203 [00:07<00:12, 10.20it/s]
source_only: epoch 4:  36%|███▋      | 74/203 [00:07<00:12, 10.29it/s]
source_only: epoch 4:  37%|███▋      | 76/203 [00:07<00:12, 10.21it/s]
source_only: epoch 4:  38%|███▊      | 78/203 [00:07<00:12, 10.16it/s]
source_only: epoch 4:  39%|███▉      | 80/203 [00:08<00:12,  9.57it/s]
source_only: epoch 4:  40%|███▉      | 81/203 [00:08<00:12,  9.61it/s]
source_only: epoch 4:  41%|████      | 83/203 [00:08<00:12,  9.81it/s]
source_only: epoch 4:  41%|████▏     | 84/203 [00:08<00:12,  9.73it/s]
source_only: epoch 4:  42%|████▏     | 86/203 [00:08<00:11,  9.96it/s]
source_only: epoch 4:  43%|████▎     | 87/203 [00:08<00:11,  9.89it/s]
source_only: epoch 4:  44%|████▍     | 89/203 [00:09<00:11,  9.92it/s]
source_only: epoch 4:  45%|████▍     | 91/203 [00:09<00:10, 10.24it/s]
source_only: epoch 4:  46%|████▌     | 93/203 [00:09<00:10, 10.52it/s]
source_only: epoch 4:  47%|████▋     | 95/203 [00:09<00:11,  9.35it/s]
source_only: epoch 4:  48%|████▊     | 97/203 [00:09<00:10,  9.66it/s]
source_only: epoch 4:  48%|████▊     | 98/203 [00:09<00:10,  9.63it/s]
source_only: epoch 4:  49%|████▉     | 100/203 [00:10<00:10,  9.58it/s]
source_only: epoch 4:  50%|████▉     | 101/203 [00:10<00:10,  9.50it/s]
source_only: epoch 4:  50%|█████     | 102/203 [00:10<00:10,  9.59it/s]
source_only: epoch 4:  51%|█████     | 103/203 [00:10<00:10,  9.60it/s]
source_only: epoch 4:  52%|█████▏    | 105/203 [00:10<00:09,  9.93it/s]
source_only: epoch 4:  52%|█████▏    | 106/203 [00:10<00:10,  9.50it/s]
source_only: epoch 4:  53%|█████▎    | 107/203 [00:10<00:10,  8.96it/s]
source_only: epoch 4:  54%|█████▎    | 109/203 [00:11<00:10,  8.61it/s]
source_only: epoch 4:  54%|█████▍    | 110/203 [00:11<00:10,  8.56it/s]
source_only: epoch 4:  55%|█████▍    | 111/203 [00:11<00:11,  8.30it/s]
source_only: epoch 4:  55%|█████▌    | 112/203 [00:11<00:11,  7.85it/s]
source_only: epoch 4:  56%|█████▌    | 113/203 [00:11<00:12,  7.21it/s]
source_only: epoch 4:  56%|█████▌    | 114/203 [00:11<00:11,  7.58it/s]
source_only: epoch 4:  57%|█████▋    | 115/203 [00:12<00:12,  6.89it/s]
source_only: epoch 4:  57%|█████▋    | 116/203 [00:12<00:13,  6.54it/s]
source_only: epoch 4:  58%|█████▊    | 117/203 [00:12<00:13,  6.23it/s]
source_only: epoch 4:  58%|█████▊    | 118/203 [00:12<00:13,  6.50it/s]
source_only: epoch 4:  59%|█████▊    | 119/203 [00:12<00:13,  6.34it/s]
source_only: epoch 4:  59%|█████▉    | 120/203 [00:12<00:12,  6.55it/s]
source_only: epoch 4:  60%|█████▉    | 121/203 [00:13<00:12,  6.35it/s]
source_only: epoch 4:  60%|██████    | 122/203 [00:13<00:12,  6.24it/s]
source_only: epoch 4:  61%|██████    | 123/203 [00:13<00:13,  6.00it/s]
source_only: epoch 4:  61%|██████    | 124/203 [00:13<00:12,  6.11it/s]
source_only: epoch 4:  62%|██████▏   | 125/203 [00:13<00:13,  5.91it/s]
source_only: epoch 4:  62%|██████▏   | 126/203 [00:13<00:12,  6.07it/s]
source_only: epoch 4:  63%|██████▎   | 127/203 [00:14<00:11,  6.37it/s]
source_only: epoch 4:  63%|██████▎   | 128/203 [00:14<00:11,  6.71it/s]
source_only: epoch 4:  64%|██████▎   | 129/203 [00:14<00:11,  6.32it/s]
source_only: epoch 4:  64%|██████▍   | 130/203 [00:14<00:11,  6.52it/s]
source_only: epoch 4:  65%|██████▍   | 131/203 [00:14<00:11,  6.42it/s]
source_only: epoch 4:  65%|██████▌   | 132/203 [00:14<00:10,  6.53it/s]
source_only: epoch 4:  66%|██████▌   | 133/203 [00:14<00:11,  6.28it/s]
source_only: epoch 4:  66%|██████▌   | 134/203 [00:15<00:11,  6.24it/s]
source_only: epoch 4:  67%|██████▋   | 135/203 [00:15<00:10,  6.45it/s]
source_only: epoch 4:  67%|██████▋   | 136/203 [00:15<00:11,  5.93it/s]
source_only: epoch 4:  67%|██████▋   | 137/203 [00:15<00:10,  6.00it/s]
source_only: epoch 4:  68%|██████▊   | 138/203 [00:15<00:10,  5.98it/s]
source_only: epoch 4:  68%|██████▊   | 139/203 [00:15<00:09,  6.53it/s]
source_only: epoch 4:  69%|██████▉   | 140/203 [00:16<00:09,  6.99it/s]
source_only: epoch 4:  69%|██████▉   | 141/203 [00:16<00:08,  7.34it/s]
source_only: epoch 4:  70%|██████▉   | 142/203 [00:16<00:07,  7.64it/s]
source_only: epoch 4:  70%|███████   | 143/203 [00:16<00:07,  8.06it/s]
source_only: epoch 4:  71%|███████   | 144/203 [00:16<00:07,  8.24it/s]
source_only: epoch 4:  71%|███████▏  | 145/203 [00:16<00:06,  8.54it/s]
source_only: epoch 4:  72%|███████▏  | 146/203 [00:16<00:06,  8.64it/s]
source_only: epoch 4:  73%|███████▎  | 148/203 [00:16<00:06,  8.86it/s]
source_only: epoch 4:  73%|███████▎  | 149/203 [00:17<00:06,  8.75it/s]
source_only: epoch 4:  74%|███████▍  | 150/203 [00:17<00:05,  9.01it/s]
source_only: epoch 4:  74%|███████▍  | 151/203 [00:17<00:05,  8.87it/s]
source_only: epoch 4:  75%|███████▍  | 152/203 [00:17<00:05,  8.82it/s]
source_only: epoch 4:  75%|███████▌  | 153/203 [00:17<00:05,  9.09it/s]
source_only: epoch 4:  76%|███████▌  | 154/203 [00:17<00:05,  9.19it/s]
source_only: epoch 4:  76%|███████▋  | 155/203 [00:17<00:05,  9.05it/s]
source_only: epoch 4:  77%|███████▋  | 156/203 [00:17<00:05,  8.96it/s]
source_only: epoch 4:  77%|███████▋  | 157/203 [00:17<00:05,  8.74it/s]
source_only: epoch 4:  78%|███████▊  | 159/203 [00:18<00:04,  9.28it/s]
source_only: epoch 4:  79%|███████▉  | 160/203 [00:18<00:04,  9.38it/s]
source_only: epoch 4:  79%|███████▉  | 161/203 [00:18<00:04,  9.52it/s]
source_only: epoch 4:  80%|████████  | 163/203 [00:18<00:04,  9.72it/s]
source_only: epoch 4:  81%|████████▏ | 165/203 [00:18<00:03,  9.86it/s]
source_only: epoch 4:  82%|████████▏ | 167/203 [00:18<00:03,  9.76it/s]
source_only: epoch 4:  83%|████████▎ | 168/203 [00:19<00:03,  9.72it/s]
source_only: epoch 4:  83%|████████▎ | 169/203 [00:19<00:03,  9.52it/s]
source_only: epoch 4:  84%|████████▎ | 170/203 [00:19<00:03,  9.55it/s]
source_only: epoch 4:  85%|████████▍ | 172/203 [00:19<00:03,  9.60it/s]
source_only: epoch 4:  85%|████████▌ | 173/203 [00:19<00:03,  9.51it/s]
source_only: epoch 4:  86%|████████▌ | 175/203 [00:19<00:02,  9.87it/s]
source_only: epoch 4:  87%|████████▋ | 177/203 [00:19<00:02,  9.83it/s]
source_only: epoch 4:  88%|████████▊ | 178/203 [00:20<00:02,  9.85it/s]
source_only: epoch 4:  88%|████████▊ | 179/203 [00:20<00:02,  9.86it/s]
source_only: epoch 4:  89%|████████▊ | 180/203 [00:20<00:02,  9.76it/s]
source_only: epoch 4:  90%|████████▉ | 182/203 [00:20<00:02,  9.83it/s]
source_only: epoch 4:  91%|█████████ | 184/203 [00:20<00:01,  9.87it/s]
source_only: epoch 4:  92%|█████████▏| 186/203 [00:20<00:01, 10.11it/s]
source_only: epoch 4:  93%|█████████▎| 188/203 [00:21<00:01, 10.07it/s]
source_only: epoch 4:  94%|█████████▎| 190/203 [00:21<00:01, 10.01it/s]
source_only: epoch 4:  95%|█████████▍| 192/203 [00:21<00:01, 10.05it/s]
source_only: epoch 4:  96%|█████████▌| 194/203 [00:21<00:00,  9.92it/s]
source_only: epoch 4:  97%|█████████▋| 196/203 [00:21<00:00,  9.98it/s]
source_only: epoch 4:  97%|█████████▋| 197/203 [00:21<00:00,  9.84it/s]
source_only: epoch 4:  98%|█████████▊| 199/203 [00:22<00:00,  9.80it/s]
source_only: epoch 4:  99%|█████████▉| 201/203 [00:22<00:00,  9.91it/s]
source_only: epoch 4: 100%|█████████▉| 202/203 [00:22<00:00,  9.91it/s]
                                                                       
source_only: epoch 4, source macro-f1=0.8925

source_only: epoch 5:   0%|          | 0/203 [00:00<?, ?it/s]
source_only: epoch 5:   0%|          | 1/203 [00:00<00:21,  9.36it/s]
source_only: epoch 5:   1%|          | 2/203 [00:00<00:21,  9.28it/s]
source_only: epoch 5:   1%|▏         | 3/203 [00:00<00:21,  9.15it/s]
source_only: epoch 5:   2%|▏         | 4/203 [00:00<00:21,  9.41it/s]
source_only: epoch 5:   2%|▏         | 5/203 [00:00<00:31,  6.35it/s]
source_only: epoch 5:   3%|▎         | 6/203 [00:00<00:28,  6.92it/s]
source_only: epoch 5:   3%|▎         | 7/203 [00:00<00:27,  7.01it/s]
source_only: epoch 5:   4%|▍         | 8/203 [00:01<00:29,  6.64it/s]
source_only: epoch 5:   4%|▍         | 9/203 [00:01<00:27,  6.93it/s]
source_only: epoch 5:   5%|▍         | 10/203 [00:01<00:25,  7.55it/s]
source_only: epoch 5:   5%|▌         | 11/203 [00:01<00:26,  7.16it/s]
source_only: epoch 5:   6%|▌         | 12/203 [00:01<00:26,  7.31it/s]
source_only: epoch 5:   6%|▋         | 13/203 [00:01<00:24,  7.61it/s]
source_only: epoch 5:   7%|▋         | 14/203 [00:01<00:24,  7.71it/s]
source_only: epoch 5:   7%|▋         | 15/203 [00:01<00:24,  7.72it/s]
source_only: epoch 5:   8%|▊         | 16/203 [00:02<00:24,  7.59it/s]
source_only: epoch 5:   8%|▊         | 17/203 [00:02<00:25,  7.22it/s]
source_only: epoch 5:   9%|▉         | 18/203 [00:02<00:25,  7.13it/s]
source_only: epoch 5:   9%|▉         | 19/203 [00:02<00:25,  7.11it/s]
source_only: epoch 5:  10%|▉         | 20/203 [00:02<00:24,  7.44it/s]
source_only: epoch 5:  10%|█         | 21/203 [00:02<00:23,  7.81it/s]
source_only: epoch 5:  11%|█         | 22/203 [00:02<00:21,  8.28it/s]
source_only: epoch 5:  12%|█▏        | 24/203 [00:03<00:24,  7.23it/s]
source_only: epoch 5:  12%|█▏        | 25/203 [00:03<00:26,  6.83it/s]
source_only: epoch 5:  13%|█▎        | 26/203 [00:03<00:24,  7.34it/s]
source_only: epoch 5:  13%|█▎        | 27/203 [00:03<00:23,  7.42it/s]
source_only: epoch 5:  14%|█▍        | 28/203 [00:03<00:22,  7.64it/s]
source_only: epoch 5:  14%|█▍        | 29/203 [00:03<00:22,  7.57it/s]
source_only: epoch 5:  15%|█▍        | 30/203 [00:04<00:22,  7.74it/s]
source_only: epoch 5:  15%|█▌        | 31/203 [00:04<00:21,  8.00it/s]
source_only: epoch 5:  16%|█▌        | 32/203 [00:04<00:21,  8.04it/s]
source_only: epoch 5:  16%|█▋        | 33/203 [00:04<00:22,  7.68it/s]
source_only: epoch 5:  17%|█▋        | 34/203 [00:04<00:20,  8.20it/s]
source_only: epoch 5:  17%|█▋        | 35/203 [00:04<00:21,  7.99it/s]
source_only: epoch 5:  18%|█▊        | 36/203 [00:04<00:21,  7.66it/s]
source_only: epoch 5:  18%|█▊        | 37/203 [00:04<00:20,  8.10it/s]
source_only: epoch 5:  19%|█▊        | 38/203 [00:05<00:20,  8.06it/s]
source_only: epoch 5:  19%|█▉        | 39/203 [00:05<00:19,  8.50it/s]
source_only: epoch 5:  20%|██        | 41/203 [00:05<00:17,  9.20it/s]
source_only: epoch 5:  21%|██        | 42/203 [00:05<00:17,  9.22it/s]
source_only: epoch 5:  21%|██        | 43/203 [00:05<00:17,  9.34it/s]
source_only: epoch 5:  22%|██▏       | 44/203 [00:05<00:16,  9.49it/s]
source_only: epoch 5:  22%|██▏       | 45/203 [00:05<00:16,  9.55it/s]
source_only: epoch 5:  23%|██▎       | 47/203 [00:05<00:15,  9.85it/s]
source_only: epoch 5:  24%|██▍       | 49/203 [00:06<00:15,  9.90it/s]
source_only: epoch 5:  25%|██▌       | 51/203 [00:06<00:15,  9.89it/s]
source_only: epoch 5:  26%|██▌       | 52/203 [00:06<00:15,  9.78it/s]
source_only: epoch 5:  26%|██▌       | 53/203 [00:06<00:15,  9.64it/s]
source_only: epoch 5:  27%|██▋       | 54/203 [00:06<00:15,  9.72it/s]
source_only: epoch 5:  28%|██▊       | 56/203 [00:06<00:14,  9.95it/s]
source_only: epoch 5:  28%|██▊       | 57/203 [00:06<00:14,  9.80it/s]
source_only: epoch 5:  29%|██▉       | 59/203 [00:07<00:14,  9.88it/s]
source_only: epoch 5:  30%|███       | 61/203 [00:07<00:14,  9.96it/s]
source_only: epoch 5:  31%|███       | 62/203 [00:07<00:14,  9.88it/s]
source_only: epoch 5:  32%|███▏      | 64/203 [00:07<00:14,  9.91it/s]
source_only: epoch 5:  33%|███▎      | 66/203 [00:07<00:13,  9.84it/s]
source_only: epoch 5:  33%|███▎      | 68/203 [00:08<00:13,  9.98it/s]
source_only: epoch 5:  34%|███▍      | 70/203 [00:08<00:13, 10.09it/s]
source_only: epoch 5:  35%|███▌      | 72/203 [00:08<00:13,  9.96it/s]
source_only: epoch 5:  36%|███▋      | 74/203 [00:08<00:12,  9.94it/s]
source_only: epoch 5:  37%|███▋      | 76/203 [00:08<00:12,  9.96it/s]
source_only: epoch 5:  38%|███▊      | 77/203 [00:08<00:12,  9.85it/s]
source_only: epoch 5:  39%|███▉      | 79/203 [00:09<00:12,  9.89it/s]
source_only: epoch 5:  39%|███▉      | 80/203 [00:09<00:12,  9.89it/s]
source_only: epoch 5:  40%|███▉      | 81/203 [00:09<00:12,  9.84it/s]
source_only: epoch 5:  41%|████      | 83/203 [00:09<00:12,  9.84it/s]
source_only: epoch 5:  41%|████▏     | 84/203 [00:09<00:12,  9.83it/s]
source_only: epoch 5:  42%|████▏     | 85/203 [00:09<00:12,  9.78it/s]
source_only: epoch 5:  43%|████▎     | 87/203 [00:09<00:11, 10.15it/s]
source_only: epoch 5:  44%|████▍     | 89/203 [00:10<00:11,  9.79it/s]
source_only: epoch 5:  45%|████▍     | 91/203 [00:10<00:11,  9.74it/s]
source_only: epoch 5:  46%|████▌     | 93/203 [00:10<00:11,  9.83it/s]
source_only: epoch 5:  47%|████▋     | 95/203 [00:10<00:11,  9.80it/s]
source_only: epoch 5:  47%|████▋     | 96/203 [00:10<00:11,  9.73it/s]
source_only: epoch 5:  48%|████▊     | 97/203 [00:10<00:10,  9.77it/s]
source_only: epoch 5:  49%|████▉     | 99/203 [00:11<00:10,  9.96it/s]
source_only: epoch 5:  49%|████▉     | 100/203 [00:11<00:10,  9.84it/s]
source_only: epoch 5:  50%|█████     | 102/203 [00:11<00:09, 10.25it/s]
source_only: epoch 5:  51%|█████     | 104/203 [00:11<00:10,  9.85it/s]
source_only: epoch 5:  52%|█████▏    | 105/203 [00:11<00:10,  9.72it/s]
source_only: epoch 5:  52%|█████▏    | 106/203 [00:11<00:10,  9.69it/s]
source_only: epoch 5:  53%|█████▎    | 108/203 [00:12<00:09,  9.77it/s]
source_only: epoch 5:  54%|█████▎    | 109/203 [00:12<00:09,  9.75it/s]
source_only: epoch 5:  55%|█████▍    | 111/203 [00:12<00:09,  9.81it/s]
source_only: epoch 5:  56%|█████▌    | 113/203 [00:12<00:08, 10.03it/s]
source_only: epoch 5:  56%|█████▌    | 114/203 [00:12<00:09,  9.74it/s]
source_only: epoch 5:  57%|█████▋    | 115/203 [00:12<00:09,  9.73it/s]
source_only: epoch 5:  57%|█████▋    | 116/203 [00:12<00:09,  9.60it/s]
source_only: epoch 5:  58%|█████▊    | 118/203 [00:13<00:08,  9.73it/s]
source_only: epoch 5:  59%|█████▉    | 120/203 [00:13<00:08,  9.76it/s]
source_only: epoch 5:  60%|██████    | 122/203 [00:13<00:08, 10.06it/s]
source_only: epoch 5:  61%|██████    | 124/203 [00:13<00:07, 10.29it/s]
source_only: epoch 5:  62%|██████▏   | 126/203 [00:13<00:08,  8.91it/s]
source_only: epoch 5:  63%|██████▎   | 127/203 [00:14<00:08,  8.93it/s]
source_only: epoch 5:  63%|██████▎   | 128/203 [00:14<00:08,  9.05it/s]
source_only: epoch 5:  64%|██████▎   | 129/203 [00:14<00:07,  9.25it/s]
source_only: epoch 5:  64%|██████▍   | 130/203 [00:14<00:07,  9.43it/s]
source_only: epoch 5:  65%|██████▍   | 131/203 [00:14<00:07,  9.48it/s]
source_only: epoch 5:  66%|██████▌   | 133/203 [00:14<00:07,  9.81it/s]
source_only: epoch 5:  66%|██████▌   | 134/203 [00:14<00:07,  9.77it/s]
source_only: epoch 5:  67%|██████▋   | 135/203 [00:14<00:06,  9.78it/s]
source_only: epoch 5:  67%|██████▋   | 136/203 [00:15<00:07,  9.21it/s]
source_only: epoch 5:  67%|██████▋   | 137/203 [00:15<00:07,  8.75it/s]
source_only: epoch 5:  68%|██████▊   | 138/203 [00:15<00:07,  9.00it/s]
source_only: epoch 5:  68%|██████▊   | 139/203 [00:15<00:07,  8.07it/s]
source_only: epoch 5:  69%|██████▉   | 140/203 [00:15<00:07,  8.43it/s]
source_only: epoch 5:  69%|██████▉   | 141/203 [00:15<00:07,  8.17it/s]
source_only: epoch 5:  70%|██████▉   | 142/203 [00:15<00:07,  7.93it/s]
source_only: epoch 5:  70%|███████   | 143/203 [00:15<00:07,  7.75it/s]
source_only: epoch 5:  71%|███████   | 144/203 [00:16<00:07,  7.38it/s]
source_only: epoch 5:  71%|███████▏  | 145/203 [00:16<00:07,  7.70it/s]
source_only: epoch 5:  72%|███████▏  | 146/203 [00:16<00:07,  7.80it/s]
source_only: epoch 5:  72%|███████▏  | 147/203 [00:16<00:07,  7.10it/s]
source_only: epoch 5:  73%|███████▎  | 148/203 [00:16<00:07,  7.18it/s]
source_only: epoch 5:  73%|███████▎  | 149/203 [00:16<00:07,  7.37it/s]
source_only: epoch 5:  74%|███████▍  | 150/203 [00:16<00:07,  7.55it/s]
source_only: epoch 5:  74%|███████▍  | 151/203 [00:16<00:06,  7.86it/s]
source_only: epoch 5:  75%|███████▍  | 152/203 [00:17<00:06,  8.23it/s]
source_only: epoch 5:  75%|███████▌  | 153/203 [00:17<00:06,  7.67it/s]
source_only: epoch 5:  76%|███████▌  | 154/203 [00:17<00:06,  7.86it/s]
source_only: epoch 5:  76%|███████▋  | 155/203 [00:17<00:06,  7.48it/s]
source_only: epoch 5:  77%|███████▋  | 156/203 [00:17<00:06,  7.06it/s]
source_only: epoch 5:  77%|███████▋  | 157/203 [00:17<00:06,  6.90it/s]
source_only: epoch 5:  78%|███████▊  | 158/203 [00:17<00:06,  7.13it/s]
source_only: epoch 5:  78%|███████▊  | 159/203 [00:18<00:06,  6.62it/s]
source_only: epoch 5:  79%|███████▉  | 160/203 [00:18<00:06,  6.66it/s]
source_only: epoch 5:  79%|███████▉  | 161/203 [00:18<00:05,  7.03it/s]
source_only: epoch 5:  80%|███████▉  | 162/203 [00:18<00:05,  7.05it/s]
source_only: epoch 5:  80%|████████  | 163/203 [00:18<00:06,  6.45it/s]
source_only: epoch 5:  81%|████████  | 164/203 [00:18<00:05,  6.58it/s]
source_only: epoch 5:  81%|████████▏ | 165/203 [00:19<00:05,  7.13it/s]
source_only: epoch 5:  82%|████████▏ | 166/203 [00:19<00:05,  7.33it/s]
source_only: epoch 5:  82%|████████▏ | 167/203 [00:19<00:04,  7.37it/s]
source_only: epoch 5:  83%|████████▎ | 168/203 [00:19<00:04,  7.05it/s]
source_only: epoch 5:  83%|████████▎ | 169/203 [00:19<00:04,  7.50it/s]
source_only: epoch 5:  84%|████████▎ | 170/203 [00:19<00:04,  7.75it/s]
source_only: epoch 5:  84%|████████▍ | 171/203 [00:19<00:04,  7.67it/s]
source_only: epoch 5:  85%|████████▍ | 172/203 [00:19<00:03,  7.91it/s]
source_only: epoch 5:  85%|████████▌ | 173/203 [00:20<00:03,  8.32it/s]
source_only: epoch 5:  86%|████████▌ | 174/203 [00:20<00:03,  8.11it/s]
source_only: epoch 5:  86%|████████▌ | 175/203 [00:20<00:03,  8.56it/s]
source_only: epoch 5:  87%|████████▋ | 176/203 [00:20<00:03,  8.84it/s]
source_only: epoch 5:  87%|████████▋ | 177/203 [00:20<00:02,  9.10it/s]
source_only: epoch 5:  88%|████████▊ | 178/203 [00:20<00:02,  8.80it/s]
source_only: epoch 5:  89%|████████▊ | 180/203 [00:20<00:02,  9.29it/s]
source_only: epoch 5:  89%|████████▉ | 181/203 [00:20<00:02,  9.44it/s]
source_only: epoch 5:  90%|█████████ | 183/203 [00:21<00:02,  9.86it/s]
source_only: epoch 5:  91%|█████████ | 185/203 [00:21<00:01,  9.99it/s]
source_only: epoch 5:  92%|█████████▏| 186/203 [00:21<00:01,  9.94it/s]
source_only: epoch 5:  93%|█████████▎| 188/203 [00:21<00:01, 10.01it/s]
source_only: epoch 5:  93%|█████████▎| 189/203 [00:21<00:01,  9.99it/s]
source_only: epoch 5:  94%|█████████▍| 191/203 [00:21<00:01,  8.93it/s]
source_only: epoch 5:  95%|█████████▍| 192/203 [00:22<00:01,  9.09it/s]
source_only: epoch 5:  95%|█████████▌| 193/203 [00:22<00:01,  9.19it/s]
source_only: epoch 5:  96%|█████████▌| 194/203 [00:22<00:00,  9.36it/s]
source_only: epoch 5:  96%|█████████▌| 195/203 [00:22<00:00,  9.41it/s]
source_only: epoch 5:  97%|█████████▋| 197/203 [00:22<00:00,  9.33it/s]
source_only: epoch 5:  98%|█████████▊| 199/203 [00:22<00:00,  9.76it/s]
source_only: epoch 5:  99%|█████████▊| 200/203 [00:22<00:00,  9.72it/s]
source_only: epoch 5: 100%|█████████▉| 202/203 [00:23<00:00,  9.71it/s]
                                                                       
source_only: epoch 5, source macro-f1=0.9201

source_only: epoch 6:   0%|          | 0/203 [00:00<?, ?it/s]
source_only: epoch 6:   0%|          | 1/203 [00:00<00:21,  9.59it/s]
source_only: epoch 6:   1%|▏         | 3/203 [00:00<00:19, 10.08it/s]
source_only: epoch 6:   2%|▏         | 5/203 [00:00<00:19, 10.27it/s]
source_only: epoch 6:   3%|▎         | 7/203 [00:00<00:22,  8.89it/s]
source_only: epoch 6:   4%|▍         | 8/203 [00:00<00:22,  8.81it/s]
source_only: epoch 6:   4%|▍         | 9/203 [00:00<00:21,  8.98it/s]
source_only: epoch 6:   5%|▌         | 11/203 [00:01<00:20,  9.30it/s]
source_only: epoch 6:   6%|▌         | 12/203 [00:01<00:20,  9.32it/s]
source_only: epoch 6:   6%|▋         | 13/203 [00:01<00:20,  9.13it/s]
source_only: epoch 6:   7%|▋         | 14/203 [00:01<00:21,  8.63it/s]
source_only: epoch 6:   8%|▊         | 16/203 [00:01<00:20,  8.99it/s]
source_only: epoch 6:   8%|▊         | 17/203 [00:01<00:20,  9.06it/s]
source_only: epoch 6:   9%|▉         | 19/203 [00:02<00:19,  9.47it/s]
source_only: epoch 6:  10%|▉         | 20/203 [00:02<00:19,  9.46it/s]
source_only: epoch 6:  10%|█         | 21/203 [00:02<00:19,  9.38it/s]
source_only: epoch 6:  11%|█         | 22/203 [00:02<00:19,  9.46it/s]
source_only: epoch 6:  11%|█▏        | 23/203 [00:02<00:18,  9.49it/s]
source_only: epoch 6:  12%|█▏        | 25/203 [00:02<00:18,  9.78it/s]
source_only: epoch 6:  13%|█▎        | 26/203 [00:02<00:18,  9.77it/s]
source_only: epoch 6:  14%|█▍        | 28/203 [00:02<00:17,  9.90it/s]
source_only: epoch 6:  15%|█▍        | 30/203 [00:03<00:17,  9.89it/s]
source_only: epoch 6:  15%|█▌        | 31/203 [00:03<00:17,  9.86it/s]
source_only: epoch 6:  16%|█▌        | 32/203 [00:03<00:17,  9.88it/s]
source_only: epoch 6:  16%|█▋        | 33/203 [00:03<00:17,  9.87it/s]
source_only: epoch 6:  17%|█▋        | 34/203 [00:03<00:17,  9.52it/s]
source_only: epoch 6:  17%|█▋        | 35/203 [00:03<00:18,  9.05it/s]
source_only: epoch 6:  18%|█▊        | 36/203 [00:03<00:18,  9.06it/s]
source_only: epoch 6:  18%|█▊        | 37/203 [00:03<00:18,  8.84it/s]
source_only: epoch 6:  19%|█▊        | 38/203 [00:04<00:19,  8.37it/s]
source_only: epoch 6:  19%|█▉        | 39/203 [00:04<00:21,  7.55it/s]
source_only: epoch 6:  20%|█▉        | 40/203 [00:04<00:23,  6.95it/s]
source_only: epoch 6:  20%|██        | 41/203 [00:04<00:23,  6.98it/s]
source_only: epoch 6:  21%|██        | 42/203 [00:04<00:21,  7.33it/s]
source_only: epoch 6:  21%|██        | 43/203 [00:04<00:22,  7.18it/s]
source_only: epoch 6:  22%|██▏       | 44/203 [00:04<00:22,  7.02it/s]
source_only: epoch 6:  22%|██▏       | 45/203 [00:05<00:22,  6.97it/s]
source_only: epoch 6:  23%|██▎       | 46/203 [00:05<00:22,  7.12it/s]
source_only: epoch 6:  23%|██▎       | 47/203 [00:05<00:20,  7.52it/s]
source_only: epoch 6:  24%|██▎       | 48/203 [00:05<00:21,  7.28it/s]
source_only: epoch 6:  24%|██▍       | 49/203 [00:05<00:20,  7.54it/s]
source_only: epoch 6:  25%|██▍       | 50/203 [00:05<00:19,  7.73it/s]
source_only: epoch 6:  25%|██▌       | 51/203 [00:05<00:18,  8.14it/s]
source_only: epoch 6:  26%|██▌       | 52/203 [00:06<00:19,  7.83it/s]
source_only: epoch 6:  26%|██▌       | 53/203 [00:06<00:18,  8.20it/s]
source_only: epoch 6:  27%|██▋       | 54/203 [00:06<00:19,  7.68it/s]
source_only: epoch 6:  27%|██▋       | 55/203 [00:06<00:20,  7.14it/s]
source_only: epoch 6:  28%|██▊       | 56/203 [00:06<00:21,  6.83it/s]
source_only: epoch 6:  28%|██▊       | 57/203 [00:06<00:20,  7.20it/s]
source_only: epoch 6:  29%|██▊       | 58/203 [00:06<00:20,  7.11it/s]
source_only: epoch 6:  29%|██▉       | 59/203 [00:06<00:19,  7.30it/s]
source_only: epoch 6:  30%|██▉       | 60/203 [00:07<00:20,  7.02it/s]
source_only: epoch 6:  30%|███       | 61/203 [00:07<00:19,  7.34it/s]
source_only: epoch 6:  31%|███       | 62/203 [00:07<00:20,  6.80it/s]
source_only: epoch 6:  31%|███       | 63/203 [00:07<00:19,  7.29it/s]
source_only: epoch 6:  32%|███▏      | 64/203 [00:07<00:17,  7.85it/s]
source_only: epoch 6:  32%|███▏      | 65/203 [00:07<00:18,  7.41it/s]
source_only: epoch 6:  33%|███▎      | 66/203 [00:07<00:18,  7.59it/s]
source_only: epoch 6:  33%|███▎      | 67/203 [00:08<00:17,  7.67it/s]
source_only: epoch 6:  33%|███▎      | 68/203 [00:08<00:19,  6.88it/s]
source_only: epoch 6:  34%|███▍      | 69/203 [00:08<00:17,  7.45it/s]
source_only: epoch 6:  34%|███▍      | 70/203 [00:08<00:19,  6.95it/s]
source_only: epoch 6:  35%|███▍      | 71/203 [00:08<00:18,  7.17it/s]
source_only: epoch 6:  35%|███▌      | 72/203 [00:08<00:19,  6.82it/s]
source_only: epoch 6:  36%|███▌      | 73/203 [00:08<00:17,  7.32it/s]
source_only: epoch 6:  36%|███▋      | 74/203 [00:09<00:17,  7.51it/s]
source_only: epoch 6:  37%|███▋      | 76/203 [00:09<00:14,  8.55it/s]
source_only: epoch 6:  38%|███▊      | 77/203 [00:09<00:14,  8.73it/s]
source_only: epoch 6:  39%|███▉      | 79/203 [00:09<00:13,  9.13it/s]
source_only: epoch 6:  40%|███▉      | 81/203 [00:09<00:12,  9.61it/s]
source_only: epoch 6:  41%|████      | 83/203 [00:09<00:12,  9.47it/s]
source_only: epoch 6:  41%|████▏     | 84/203 [00:10<00:12,  9.55it/s]
source_only: epoch 6:  42%|████▏     | 85/203 [00:10<00:12,  9.64it/s]
source_only: epoch 6:  43%|████▎     | 87/203 [00:10<00:11,  9.85it/s]
source_only: epoch 6:  44%|████▍     | 89/203 [00:10<00:11, 10.07it/s]
source_only: epoch 6:  45%|████▍     | 91/203 [00:10<00:11, 10.01it/s]
source_only: epoch 6:  45%|████▌     | 92/203 [00:10<00:11,  9.99it/s]
source_only: epoch 6:  46%|████▌     | 93/203 [00:10<00:11,  9.79it/s]
source_only: epoch 6:  47%|████▋     | 95/203 [00:11<00:10,  9.93it/s]
source_only: epoch 6:  48%|████▊     | 97/203 [00:11<00:10,  9.88it/s]
source_only: epoch 6:  48%|████▊     | 98/203 [00:11<00:10,  9.76it/s]
source_only: epoch 6:  49%|████▉     | 100/203 [00:11<00:10,  9.93it/s]
source_only: epoch 6:  50%|█████     | 102/203 [00:11<00:10, 10.03it/s]
source_only: epoch 6:  51%|█████     | 103/203 [00:11<00:10,  9.93it/s]
source_only: epoch 6:  51%|█████     | 104/203 [00:12<00:10,  9.76it/s]
source_only: epoch 6:  52%|█████▏    | 105/203 [00:12<00:10,  9.62it/s]
source_only: epoch 6:  52%|█████▏    | 106/203 [00:12<00:10,  9.53it/s]
source_only: epoch 6:  53%|█████▎    | 108/203 [00:12<00:09,  9.73it/s]
source_only: epoch 6:  54%|█████▍    | 110/203 [00:12<00:09,  9.87it/s]
source_only: epoch 6:  55%|█████▍    | 111/203 [00:12<00:09,  9.65it/s]
source_only: epoch 6:  56%|█████▌    | 113/203 [00:12<00:09,  9.93it/s]
source_only: epoch 6:  56%|█████▌    | 114/203 [00:13<00:09,  9.62it/s]
source_only: epoch 6:  57%|█████▋    | 116/203 [00:13<00:08,  9.82it/s]
source_only: epoch 6:  58%|█████▊    | 118/203 [00:13<00:08,  9.73it/s]
source_only: epoch 6:  59%|█████▉    | 120/203 [00:13<00:08,  9.78it/s]
source_only: epoch 6:  60%|█████▉    | 121/203 [00:13<00:08,  9.81it/s]
source_only: epoch 6:  60%|██████    | 122/203 [00:13<00:08,  9.81it/s]
source_only: epoch 6:  61%|██████    | 123/203 [00:14<00:08,  9.75it/s]
source_only: epoch 6:  61%|██████    | 124/203 [00:14<00:08,  9.47it/s]
source_only: epoch 6:  62%|██████▏   | 126/203 [00:14<00:07,  9.82it/s]
source_only: epoch 6:  63%|██████▎   | 127/203 [00:14<00:07,  9.73it/s]
source_only: epoch 6:  63%|██████▎   | 128/203 [00:14<00:07,  9.73it/s]
source_only: epoch 6:  64%|██████▎   | 129/203 [00:14<00:07,  9.69it/s]
source_only: epoch 6:  65%|██████▍   | 131/203 [00:14<00:07,  9.98it/s]
source_only: epoch 6:  65%|██████▌   | 132/203 [00:14<00:07,  9.85it/s]
source_only: epoch 6:  66%|██████▌   | 133/203 [00:15<00:07,  9.70it/s]
source_only: epoch 6:  66%|██████▌   | 134/203 [00:15<00:07,  9.74it/s]
source_only: epoch 6:  67%|██████▋   | 135/203 [00:15<00:07,  9.52it/s]
source_only: epoch 6:  67%|██████▋   | 137/203 [00:15<00:06,  9.71it/s]
source_only: epoch 6:  68%|██████▊   | 139/203 [00:15<00:06,  9.72it/s]
source_only: epoch 6:  69%|██████▉   | 140/203 [00:15<00:06,  9.72it/s]
source_only: epoch 6:  70%|██████▉   | 142/203 [00:15<00:06,  9.93it/s]
source_only: epoch 6:  71%|███████   | 144/203 [00:16<00:05,  9.86it/s]
source_only: epoch 6:  71%|███████▏  | 145/203 [00:16<00:05,  9.86it/s]
source_only: epoch 6:  72%|███████▏  | 146/203 [00:16<00:05,  9.57it/s]
source_only: epoch 6:  72%|███████▏  | 147/203 [00:16<00:05,  9.60it/s]
source_only: epoch 6:  73%|███████▎  | 149/203 [00:16<00:05,  9.60it/s]
source_only: epoch 6:  74%|███████▍  | 151/203 [00:16<00:05,  9.67it/s]
source_only: epoch 6:  75%|███████▌  | 153/203 [00:17<00:04, 10.09it/s]
source_only: epoch 6:  76%|███████▋  | 155/203 [00:17<00:05,  9.34it/s]
source_only: epoch 6:  77%|███████▋  | 156/203 [00:17<00:05,  8.19it/s]
source_only: epoch 6:  78%|███████▊  | 158/203 [00:17<00:05,  8.78it/s]
source_only: epoch 6:  79%|███████▉  | 160/203 [00:17<00:04,  9.19it/s]
source_only: epoch 6:  79%|███████▉  | 161/203 [00:18<00:04,  9.21it/s]
source_only: epoch 6:  80%|████████  | 163/203 [00:18<00:04,  9.42it/s]
source_only: epoch 6:  81%|████████▏ | 165/203 [00:18<00:03,  9.62it/s]
source_only: epoch 6:  82%|████████▏ | 166/203 [00:18<00:03,  9.50it/s]
source_only: epoch 6:  82%|████████▏ | 167/203 [00:18<00:03,  9.49it/s]
source_only: epoch 6:  83%|████████▎ | 169/203 [00:18<00:03,  9.73it/s]
source_only: epoch 6:  84%|████████▎ | 170/203 [00:18<00:03,  9.77it/s]
source_only: epoch 6:  84%|████████▍ | 171/203 [00:19<00:03,  9.78it/s]
source_only: epoch 6:  85%|████████▍ | 172/203 [00:19<00:03,  9.54it/s]
source_only: epoch 6:  85%|████████▌ | 173/203 [00:19<00:03,  8.53it/s]
source_only: epoch 6:  86%|████████▌ | 174/203 [00:19<00:03,  8.44it/s]
source_only: epoch 6:  86%|████████▌ | 175/203 [00:19<00:03,  7.87it/s]
source_only: epoch 6:  87%|████████▋ | 176/203 [00:19<00:03,  8.22it/s]
source_only: epoch 6:  87%|████████▋ | 177/203 [00:19<00:03,  7.36it/s]
source_only: epoch 6:  88%|████████▊ | 178/203 [00:20<00:03,  7.05it/s]
source_only: epoch 6:  88%|████████▊ | 179/203 [00:20<00:03,  7.29it/s]
source_only: epoch 6:  89%|████████▊ | 180/203 [00:20<00:03,  7.51it/s]
source_only: epoch 6:  89%|████████▉ | 181/203 [00:20<00:03,  7.20it/s]
source_only: epoch 6:  90%|████████▉ | 182/203 [00:20<00:03,  6.84it/s]
source_only: epoch 6:  90%|█████████ | 183/203 [00:20<00:02,  6.95it/s]
source_only: epoch 6:  91%|█████████ | 184/203 [00:20<00:02,  7.00it/s]
source_only: epoch 6:  91%|█████████ | 185/203 [00:20<00:02,  7.50it/s]
source_only: epoch 6:  92%|█████████▏| 186/203 [00:21<00:02,  7.05it/s]
source_only: epoch 6:  92%|█████████▏| 187/203 [00:21<00:02,  7.56it/s]
source_only: epoch 6:  93%|█████████▎| 188/203 [00:21<00:02,  7.21it/s]
source_only: epoch 6:  93%|█████████▎| 189/203 [00:21<00:01,  7.07it/s]
source_only: epoch 6:  94%|█████████▎| 190/203 [00:21<00:01,  7.21it/s]
source_only: epoch 6:  94%|█████████▍| 191/203 [00:21<00:01,  7.30it/s]
source_only: epoch 6:  95%|█████████▍| 192/203 [00:21<00:01,  7.26it/s]
source_only: epoch 6:  95%|█████████▌| 193/203 [00:22<00:01,  7.23it/s]
source_only: epoch 6:  96%|█████████▌| 194/203 [00:22<00:01,  6.86it/s]
source_only: epoch 6:  96%|█████████▌| 195/203 [00:22<00:01,  6.75it/s]
source_only: epoch 6:  97%|█████████▋| 196/203 [00:22<00:01,  6.91it/s]
source_only: epoch 6:  97%|█████████▋| 197/203 [00:22<00:00,  6.73it/s]
source_only: epoch 6:  98%|█████████▊| 198/203 [00:22<00:00,  6.85it/s]
source_only: epoch 6:  98%|█████████▊| 199/203 [00:22<00:00,  7.35it/s]
source_only: epoch 6:  99%|█████████▊| 200/203 [00:23<00:00,  7.58it/s]
source_only: epoch 6:  99%|█████████▉| 201/203 [00:23<00:00,  7.33it/s]
source_only: epoch 6: 100%|█████████▉| 202/203 [00:23<00:00,  7.80it/s]
source_only: epoch 6: 100%|██████████| 203/203 [00:23<00:00,  7.07it/s]
                                                                       
source_only: epoch 6, source macro-f1=0.9082

source_only: epoch 7:   0%|          | 0/203 [00:00<?, ?it/s]
source_only: epoch 7:   0%|          | 1/203 [00:00<00:21,  9.22it/s]
source_only: epoch 7:   1%|▏         | 3/203 [00:00<00:20,  9.95it/s]
source_only: epoch 7:   2%|▏         | 5/203 [00:00<00:18, 10.46it/s]
source_only: epoch 7:   3%|▎         | 7/203 [00:00<00:21,  9.20it/s]
source_only: epoch 7:   4%|▍         | 8/203 [00:00<00:21,  9.06it/s]
source_only: epoch 7:   4%|▍         | 9/203 [00:00<00:20,  9.26it/s]
source_only: epoch 7:   5%|▌         | 11/203 [00:01<00:19,  9.71it/s]
source_only: epoch 7:   6%|▋         | 13/203 [00:01<00:19,  9.80it/s]
source_only: epoch 7:   7%|▋         | 14/203 [00:01<00:19,  9.75it/s]
source_only: epoch 7:   7%|▋         | 15/203 [00:01<00:19,  9.70it/s]
source_only: epoch 7:   8%|▊         | 17/203 [00:01<00:18, 10.16it/s]
source_only: epoch 7:   9%|▉         | 19/203 [00:01<00:19,  9.56it/s]
source_only: epoch 7:  10%|█         | 21/203 [00:02<00:18,  9.79it/s]
source_only: epoch 7:  11%|█▏        | 23/203 [00:02<00:18,  9.87it/s]
source_only: epoch 7:  12%|█▏        | 25/203 [00:02<00:18,  9.88it/s]
source_only: epoch 7:  13%|█▎        | 27/203 [00:02<00:17,  9.95it/s]
source_only: epoch 7:  14%|█▍        | 28/203 [00:02<00:17,  9.90it/s]
source_only: epoch 7:  14%|█▍        | 29/203 [00:02<00:17,  9.89it/s]
source_only: epoch 7:  15%|█▍        | 30/203 [00:03<00:17,  9.90it/s]
source_only: epoch 7:  15%|█▌        | 31/203 [00:03<00:17,  9.92it/s]
source_only: epoch 7:  16%|█▋        | 33/203 [00:03<00:16, 10.10it/s]
source_only: epoch 7:  17%|█▋        | 35/203 [00:03<00:16,  9.99it/s]
source_only: epoch 7:  18%|█▊        | 36/203 [00:03<00:16,  9.87it/s]
source_only: epoch 7:  19%|█▊        | 38/203 [00:03<00:16,  9.94it/s]
source_only: epoch 7:  19%|█▉        | 39/203 [00:03<00:16,  9.78it/s]
source_only: epoch 7:  20%|██        | 41/203 [00:04<00:16,  9.80it/s]
source_only: epoch 7:  21%|██        | 42/203 [00:04<00:16,  9.74it/s]
source_only: epoch 7:  21%|██        | 43/203 [00:04<00:16,  9.71it/s]
source_only: epoch 7:  22%|██▏       | 44/203 [00:04<00:16,  9.76it/s]
source_only: epoch 7:  23%|██▎       | 46/203 [00:04<00:16,  9.78it/s]
source_only: epoch 7:  23%|██▎       | 47/203 [00:04<00:17,  9.07it/s]
source_only: epoch 7:  24%|██▎       | 48/203 [00:04<00:17,  8.88it/s]
source_only: epoch 7:  24%|██▍       | 49/203 [00:05<00:17,  9.00it/s]
source_only: epoch 7:  25%|██▌       | 51/203 [00:05<00:16,  9.38it/s]
source_only: epoch 7:  26%|██▌       | 53/203 [00:05<00:15,  9.69it/s]
source_only: epoch 7:  27%|██▋       | 54/203 [00:05<00:15,  9.52it/s]
source_only: epoch 7:  28%|██▊       | 56/203 [00:05<00:15,  9.70it/s]
source_only: epoch 7:  28%|██▊       | 57/203 [00:05<00:15,  9.53it/s]
source_only: epoch 7:  29%|██▉       | 59/203 [00:06<00:14,  9.72it/s]
source_only: epoch 7:  30%|██▉       | 60/203 [00:06<00:14,  9.74it/s]
source_only: epoch 7:  31%|███       | 62/203 [00:06<00:14,  9.93it/s]
source_only: epoch 7:  31%|███       | 63/203 [00:06<00:14,  9.86it/s]
source_only: epoch 7:  32%|███▏      | 64/203 [00:06<00:14,  9.81it/s]
source_only: epoch 7:  32%|███▏      | 65/203 [00:06<00:14,  9.84it/s]
source_only: epoch 7:  33%|███▎      | 66/203 [00:06<00:13,  9.83it/s]
source_only: epoch 7:  33%|███▎      | 68/203 [00:06<00:13,  9.97it/s]
source_only: epoch 7:  34%|███▍      | 69/203 [00:07<00:13,  9.96it/s]
source_only: epoch 7:  34%|███▍      | 70/203 [00:07<00:14,  9.11it/s]
source_only: epoch 7:  35%|███▍      | 71/203 [00:07<00:15,  8.72it/s]
source_only: epoch 7:  35%|███▌      | 72/203 [00:07<00:16,  8.16it/s]
source_only: epoch 7:  36%|███▌      | 73/203 [00:07<00:15,  8.49it/s]
source_only: epoch 7:  36%|███▋      | 74/203 [00:07<00:15,  8.42it/s]
source_only: epoch 7:  37%|███▋      | 75/203 [00:07<00:16,  7.86it/s]
source_only: epoch 7:  37%|███▋      | 76/203 [00:08<00:16,  7.71it/s]
source_only: epoch 7:  38%|███▊      | 77/203 [00:08<00:16,  7.49it/s]
source_only: epoch 7:  38%|███▊      | 78/203 [00:08<00:17,  7.20it/s]
source_only: epoch 7:  39%|███▉      | 79/203 [00:08<00:18,  6.71it/s]
source_only: epoch 7:  39%|███▉      | 80/203 [00:08<00:17,  7.09it/s]
source_only: epoch 7:  40%|███▉      | 81/203 [00:08<00:16,  7.27it/s]
source_only: epoch 7:  40%|████      | 82/203 [00:08<00:16,  7.43it/s]
source_only: epoch 7:  41%|████      | 83/203 [00:08<00:15,  7.59it/s]
source_only: epoch 7:  41%|████▏     | 84/203 [00:09<00:15,  7.71it/s]
source_only: epoch 7:  42%|████▏     | 85/203 [00:09<00:14,  7.97it/s]
source_only: epoch 7:  42%|████▏     | 86/203 [00:09<00:15,  7.42it/s]
source_only: epoch 7:  43%|████▎     | 87/203 [00:09<00:14,  7.76it/s]
source_only: epoch 7:  43%|████▎     | 88/203 [00:09<00:14,  7.89it/s]
source_only: epoch 7:  44%|████▍     | 89/203 [00:09<00:15,  7.27it/s]
source_only: epoch 7:  44%|████▍     | 90/203 [00:09<00:16,  6.98it/s]
source_only: epoch 7:  45%|████▍     | 91/203 [00:10<00:16,  6.75it/s]
source_only: epoch 7:  45%|████▌     | 92/203 [00:10<00:16,  6.72it/s]
source_only: epoch 7:  46%|████▌     | 93/203 [00:10<00:16,  6.62it/s]
source_only: epoch 7:  46%|████▋     | 94/203 [00:10<00:16,  6.71it/s]
source_only: epoch 7:  47%|████▋     | 95/203 [00:10<00:16,  6.73it/s]
source_only: epoch 7:  47%|████▋     | 96/203 [00:10<00:15,  6.77it/s]
source_only: epoch 7:  48%|████▊     | 97/203 [00:10<00:14,  7.19it/s]
source_only: epoch 7:  48%|████▊     | 98/203 [00:11<00:13,  7.56it/s]
source_only: epoch 7:  49%|████▉     | 99/203 [00:11<00:13,  7.73it/s]
source_only: epoch 7:  49%|████▉     | 100/203 [00:11<00:12,  8.00it/s]
source_only: epoch 7:  50%|████▉     | 101/203 [00:11<00:13,  7.39it/s]
source_only: epoch 7:  50%|█████     | 102/203 [00:11<00:13,  7.40it/s]
source_only: epoch 7:  51%|█████     | 103/203 [00:11<00:12,  7.73it/s]
source_only: epoch 7:  51%|█████     | 104/203 [00:11<00:12,  8.14it/s]
source_only: epoch 7:  52%|█████▏    | 105/203 [00:11<00:12,  7.75it/s]
source_only: epoch 7:  52%|█████▏    | 106/203 [00:12<00:11,  8.09it/s]
source_only: epoch 7:  53%|█████▎    | 107/203 [00:12<00:12,  7.99it/s]
source_only: epoch 7:  54%|█████▎    | 109/203 [00:12<00:10,  8.93it/s]
source_only: epoch 7:  55%|█████▍    | 111/203 [00:12<00:10,  9.04it/s]
source_only: epoch 7:  55%|█████▌    | 112/203 [00:12<00:09,  9.11it/s]
source_only: epoch 7:  56%|█████▌    | 114/203 [00:12<00:09,  9.37it/s]
source_only: epoch 7:  57%|█████▋    | 116/203 [00:13<00:08,  9.93it/s]
source_only: epoch 7:  58%|█████▊    | 118/203 [00:13<00:08,  9.99it/s]
source_only: epoch 7:  59%|█████▊    | 119/203 [00:13<00:09,  9.00it/s]
source_only: epoch 7:  59%|█████▉    | 120/203 [00:13<00:09,  9.06it/s]
source_only: epoch 7:  60%|█████▉    | 121/203 [00:13<00:09,  9.06it/s]
source_only: epoch 7:  61%|██████    | 123/203 [00:13<00:08,  9.27it/s]
source_only: epoch 7:  62%|██████▏   | 125/203 [00:14<00:08,  9.52it/s]
source_only: epoch 7:  63%|██████▎   | 127/203 [00:14<00:07,  9.79it/s]
source_only: epoch 7:  64%|██████▎   | 129/203 [00:14<00:07, 10.07it/s]
source_only: epoch 7:  65%|██████▍   | 131/203 [00:14<00:07,  9.86it/s]
source_only: epoch 7:  66%|██████▌   | 133/203 [00:14<00:07,  9.66it/s]
source_only: epoch 7:  66%|██████▌   | 134/203 [00:15<00:07,  9.64it/s]
source_only: epoch 7:  67%|██████▋   | 135/203 [00:15<00:07,  9.66it/s]
source_only: epoch 7:  67%|██████▋   | 137/203 [00:15<00:06,  9.78it/s]
source_only: epoch 7:  68%|██████▊   | 139/203 [00:15<00:06,  9.88it/s]
source_only: epoch 7:  69%|██████▉   | 140/203 [00:15<00:06,  9.81it/s]
source_only: epoch 7:  69%|██████▉   | 141/203 [00:15<00:06,  9.65it/s]
source_only: epoch 7:  70%|██████▉   | 142/203 [00:15<00:06,  9.69it/s]
source_only: epoch 7:  71%|███████   | 144/203 [00:16<00:06,  9.69it/s]
source_only: epoch 7:  72%|███████▏  | 146/203 [00:16<00:05,  9.95it/s]
source_only: epoch 7:  73%|███████▎  | 148/203 [00:16<00:05, 10.17it/s]
source_only: epoch 7:  74%|███████▍  | 150/203 [00:16<00:05, 10.07it/s]
source_only: epoch 7:  75%|███████▍  | 152/203 [00:16<00:05, 10.04it/s]
source_only: epoch 7:  76%|███████▌  | 154/203 [00:17<00:05,  9.80it/s]
source_only: epoch 7:  77%|███████▋  | 156/203 [00:17<00:04,  9.92it/s]
source_only: epoch 7:  77%|███████▋  | 157/203 [00:17<00:04,  9.77it/s]
source_only: epoch 7:  78%|███████▊  | 158/203 [00:17<00:04,  9.77it/s]
source_only: epoch 7:  78%|███████▊  | 159/203 [00:17<00:04,  9.78it/s]
source_only: epoch 7:  79%|███████▉  | 161/203 [00:17<00:04,  9.85it/s]
source_only: epoch 7:  80%|███████▉  | 162/203 [00:17<00:04,  9.81it/s]
source_only: epoch 7:  81%|████████  | 164/203 [00:18<00:03,  9.94it/s]
source_only: epoch 7:  81%|████████▏ | 165/203 [00:18<00:03,  9.89it/s]
source_only: epoch 7:  82%|████████▏ | 166/203 [00:18<00:03,  9.81it/s]
source_only: epoch 7:  83%|████████▎ | 168/203 [00:18<00:03, 10.04it/s]
source_only: epoch 7:  84%|████████▎ | 170/203 [00:18<00:03, 10.04it/s]
source_only: epoch 7:  84%|████████▍ | 171/203 [00:18<00:03,  9.82it/s]
source_only: epoch 7:  85%|████████▌ | 173/203 [00:18<00:02, 10.08it/s]
source_only: epoch 7:  86%|████████▌ | 175/203 [00:19<00:02, 10.16it/s]
source_only: epoch 7:  87%|████████▋ | 177/203 [00:19<00:02, 10.14it/s]
source_only: epoch 7:  88%|████████▊ | 179/203 [00:19<00:02,  9.80it/s]
source_only: epoch 7:  89%|████████▊ | 180/203 [00:19<00:02,  9.78it/s]
source_only: epoch 7:  90%|████████▉ | 182/203 [00:19<00:02,  9.82it/s]
source_only: epoch 7:  91%|█████████ | 184/203 [00:20<00:01, 10.04it/s]
source_only: epoch 7:  92%|█████████▏| 186/203 [00:20<00:01, 10.19it/s]
source_only: epoch 7:  93%|█████████▎| 188/203 [00:20<00:01,  8.85it/s]
source_only: epoch 7:  93%|█████████▎| 189/203 [00:20<00:01,  8.86it/s]
source_only: epoch 7:  94%|█████████▍| 191/203 [00:20<00:01,  9.10it/s]
source_only: epoch 7:  95%|█████████▌| 193/203 [00:21<00:01,  9.45it/s]
source_only: epoch 7:  96%|█████████▌| 195/203 [00:21<00:00,  9.59it/s]
source_only: epoch 7:  97%|█████████▋| 196/203 [00:21<00:00,  9.54it/s]
source_only: epoch 7:  98%|█████████▊| 198/203 [00:21<00:00,  9.70it/s]
source_only: epoch 7:  98%|█████████▊| 199/203 [00:21<00:00,  9.74it/s]
source_only: epoch 7:  99%|█████████▊| 200/203 [00:21<00:00,  9.71it/s]
source_only: epoch 7: 100%|█████████▉| 202/203 [00:21<00:00,  9.75it/s]
source_only: epoch 7: 100%|██████████| 203/203 [00:22<00:00,  9.75it/s]
                                                                       
source_only: epoch 7, source macro-f1=0.9193

source_only: epoch 8:   0%|          | 0/203 [00:00<?, ?it/s]
source_only: epoch 8:   0%|          | 1/203 [00:00<00:21,  9.55it/s]
source_only: epoch 8:   1%|          | 2/203 [00:00<00:25,  7.83it/s]
source_only: epoch 8:   2%|▏         | 4/203 [00:00<00:21,  9.08it/s]
source_only: epoch 8:   3%|▎         | 6/203 [00:00<00:20,  9.83it/s]
source_only: epoch 8:   3%|▎         | 7/203 [00:00<00:19,  9.81it/s]
source_only: epoch 8:   4%|▍         | 8/203 [00:00<00:23,  8.25it/s]
source_only: epoch 8:   4%|▍         | 9/203 [00:01<00:22,  8.66it/s]
source_only: epoch 8:   5%|▌         | 11/203 [00:01<00:20,  9.30it/s]
source_only: epoch 8:   6%|▌         | 12/203 [00:01<00:20,  9.29it/s]
source_only: epoch 8:   6%|▋         | 13/203 [00:01<00:20,  9.42it/s]
source_only: epoch 8:   7%|▋         | 15/203 [00:01<00:19,  9.72it/s]
source_only: epoch 8:   8%|▊         | 16/203 [00:01<00:19,  9.68it/s]
source_only: epoch 8:   9%|▉         | 18/203 [00:01<00:19,  9.62it/s]
source_only: epoch 8:   9%|▉         | 19/203 [00:02<00:19,  9.63it/s]
source_only: epoch 8:  10%|█         | 21/203 [00:02<00:18,  9.88it/s]
source_only: epoch 8:  11%|█         | 22/203 [00:02<00:18,  9.85it/s]
source_only: epoch 8:  11%|█▏        | 23/203 [00:02<00:18,  9.76it/s]
source_only: epoch 8:  12%|█▏        | 24/203 [00:02<00:18,  9.82it/s]
source_only: epoch 8:  12%|█▏        | 25/203 [00:02<00:18,  9.84it/s]
source_only: epoch 8:  13%|█▎        | 26/203 [00:02<00:18,  9.77it/s]
source_only: epoch 8:  13%|█▎        | 27/203 [00:02<00:17,  9.79it/s]
source_only: epoch 8:  14%|█▍        | 29/203 [00:03<00:17,  9.98it/s]
source_only: epoch 8:  15%|█▍        | 30/203 [00:03<00:17,  9.78it/s]
source_only: epoch 8:  16%|█▌        | 32/203 [00:03<00:17,  9.81it/s]
source_only: epoch 8:  16%|█▋        | 33/203 [00:03<00:17,  9.73it/s]
source_only: epoch 8:  17%|█▋        | 35/203 [00:03<00:16,  9.91it/s]
source_only: epoch 8:  18%|█▊        | 37/203 [00:03<00:16,  9.89it/s]
source_only: epoch 8:  19%|█▊        | 38/203 [00:03<00:16,  9.87it/s]
source_only: epoch 8:  19%|█▉        | 39/203 [00:04<00:16,  9.77it/s]
source_only: epoch 8:  20%|█▉        | 40/203 [00:04<00:16,  9.82it/s]
source_only: epoch 8:  20%|██        | 41/203 [00:04<00:16,  9.77it/s]
source_only: epoch 8:  21%|██        | 43/203 [00:04<00:16,  9.72it/s]
source_only: epoch 8:  22%|██▏       | 44/203 [00:04<00:16,  9.63it/s]
source_only: epoch 8:  23%|██▎       | 46/203 [00:04<00:15,  9.87it/s]
source_only: epoch 8:  23%|██▎       | 47/203 [00:04<00:15,  9.80it/s]
source_only: epoch 8:  24%|██▍       | 49/203 [00:05<00:15,  9.75it/s]
source_only: epoch 8:  25%|██▍       | 50/203 [00:05<00:15,  9.80it/s]
source_only: epoch 8:  26%|██▌       | 52/203 [00:05<00:15, 10.03it/s]
source_only: epoch 8:  27%|██▋       | 54/203 [00:05<00:14, 10.03it/s]
source_only: epoch 8:  28%|██▊       | 56/203 [00:05<00:14, 10.06it/s]
source_only: epoch 8:  29%|██▊       | 58/203 [00:05<00:14, 10.05it/s]
source_only: epoch 8:  30%|██▉       | 60/203 [00:06<00:14,  9.81it/s]
source_only: epoch 8:  30%|███       | 61/203 [00:06<00:14,  9.78it/s]
source_only: epoch 8:  31%|███       | 62/203 [00:06<00:14,  9.74it/s]
source_only: epoch 8:  32%|███▏      | 64/203 [00:06<00:14,  9.35it/s]
source_only: epoch 8:  32%|███▏      | 65/203 [00:06<00:14,  9.44it/s]
source_only: epoch 8:  33%|███▎      | 67/203 [00:06<00:13,  9.88it/s]
source_only: epoch 8:  33%|███▎      | 68/203 [00:07<00:13,  9.79it/s]
source_only: epoch 8:  34%|███▍      | 70/203 [00:07<00:13,  9.85it/s]
source_only: epoch 8:  35%|███▌      | 72/203 [00:07<00:13,  9.94it/s]
source_only: epoch 8:  36%|███▋      | 74/203 [00:07<00:12,  9.98it/s]
source_only: epoch 8:  37%|███▋      | 75/203 [00:07<00:12,  9.89it/s]
source_only: epoch 8:  37%|███▋      | 76/203 [00:07<00:13,  9.69it/s]
source_only: epoch 8:  38%|███▊      | 77/203 [00:07<00:13,  9.19it/s]
source_only: epoch 8:  39%|███▉      | 79/203 [00:08<00:12,  9.59it/s]
source_only: epoch 8:  40%|███▉      | 81/203 [00:08<00:12,  9.94it/s]
source_only: epoch 8:  41%|████      | 83/203 [00:08<00:13,  9.19it/s]
source_only: epoch 8:  41%|████▏     | 84/203 [00:08<00:12,  9.20it/s]
source_only: epoch 8:  42%|████▏     | 86/203 [00:08<00:12,  9.61it/s]
source_only: epoch 8:  43%|████▎     | 88/203 [00:09<00:11,  9.83it/s]
source_only: epoch 8:  44%|████▍     | 90/203 [00:09<00:11,  9.89it/s]
source_only: epoch 8:  45%|████▌     | 92/203 [00:09<00:11,  9.85it/s]
source_only: epoch 8:  46%|████▋     | 94/203 [00:09<00:11,  9.89it/s]
source_only: epoch 8:  47%|████▋     | 95/203 [00:09<00:11,  9.77it/s]
source_only: epoch 8:  48%|████▊     | 97/203 [00:10<00:10,  9.76it/s]
source_only: epoch 8:  48%|████▊     | 98/203 [00:10<00:10,  9.66it/s]
source_only: epoch 8:  49%|████▉     | 99/203 [00:10<00:10,  9.71it/s]
source_only: epoch 8:  49%|████▉     | 100/203 [00:10<00:11,  9.31it/s]
source_only: epoch 8:  50%|████▉     | 101/203 [00:10<00:11,  9.16it/s]
source_only: epoch 8:  50%|█████     | 102/203 [00:10<00:11,  9.03it/s]
source_only: epoch 8:  51%|█████     | 103/203 [00:10<00:11,  8.99it/s]
source_only: epoch 8:  51%|█████     | 104/203 [00:10<00:11,  8.59it/s]
source_only: epoch 8:  52%|█████▏    | 105/203 [00:10<00:11,  8.28it/s]
source_only: epoch 8:  52%|█████▏    | 106/203 [00:11<00:12,  7.91it/s]
source_only: epoch 8:  53%|█████▎    | 107/203 [00:11<00:12,  7.74it/s]
source_only: epoch 8:  53%|█████▎    | 108/203 [00:11<00:12,  7.33it/s]
source_only: epoch 8:  54%|█████▎    | 109/203 [00:11<00:11,  7.90it/s]
source_only: epoch 8:  54%|█████▍    | 110/203 [00:11<00:12,  7.50it/s]
source_only: epoch 8:  55%|█████▍    | 111/203 [00:11<00:12,  7.41it/s]
source_only: epoch 8:  55%|█████▌    | 112/203 [00:11<00:13,  6.83it/s]
source_only: epoch 8:  56%|█████▌    | 113/203 [00:12<00:13,  6.84it/s]
source_only: epoch 8:  56%|█████▌    | 114/203 [00:12<00:12,  7.32it/s]
source_only: epoch 8:  57%|█████▋    | 115/203 [00:12<00:11,  7.73it/s]
source_only: epoch 8:  57%|█████▋    | 116/203 [00:12<00:11,  7.47it/s]
source_only: epoch 8:  58%|█████▊    | 117/203 [00:12<00:11,  7.29it/s]
source_only: epoch 8:  58%|█████▊    | 118/203 [00:12<00:11,  7.67it/s]
source_only: epoch 8:  59%|█████▊    | 119/203 [00:12<00:11,  7.36it/s]
source_only: epoch 8:  59%|█████▉    | 120/203 [00:13<00:12,  6.87it/s]
source_only: epoch 8:  60%|█████▉    | 121/203 [00:13<00:12,  6.71it/s]
source_only: epoch 8:  60%|██████    | 122/203 [00:13<00:12,  6.63it/s]
source_only: epoch 8:  61%|██████    | 123/203 [00:13<00:12,  6.41it/s]
source_only: epoch 8:  61%|██████    | 124/203 [00:13<00:12,  6.50it/s]
source_only: epoch 8:  62%|██████▏   | 125/203 [00:13<00:12,  6.30it/s]
source_only: epoch 8:  62%|██████▏   | 126/203 [00:13<00:11,  6.46it/s]
source_only: epoch 8:  63%|██████▎   | 127/203 [00:14<00:10,  6.95it/s]
source_only: epoch 8:  63%|██████▎   | 128/203 [00:14<00:10,  6.94it/s]
source_only: epoch 8:  64%|██████▎   | 129/203 [00:14<00:09,  7.59it/s]
source_only: epoch 8:  64%|██████▍   | 130/203 [00:14<00:09,  7.37it/s]
source_only: epoch 8:  65%|██████▍   | 131/203 [00:14<00:09,  7.40it/s]
source_only: epoch 8:  65%|██████▌   | 132/203 [00:14<00:09,  7.80it/s]
source_only: epoch 8:  66%|██████▌   | 133/203 [00:14<00:09,  7.74it/s]
source_only: epoch 8:  66%|██████▌   | 134/203 [00:14<00:08,  7.96it/s]
source_only: epoch 8:  67%|██████▋   | 135/203 [00:15<00:08,  8.08it/s]
source_only: epoch 8:  67%|██████▋   | 136/203 [00:15<00:08,  7.64it/s]
source_only: epoch 8:  67%|██████▋   | 137/203 [00:15<00:08,  7.89it/s]
source_only: epoch 8:  68%|██████▊   | 138/203 [00:15<00:08,  7.82it/s]
source_only: epoch 8:  68%|██████▊   | 139/203 [00:15<00:07,  8.02it/s]
source_only: epoch 8:  69%|██████▉   | 140/203 [00:15<00:07,  8.16it/s]
source_only: epoch 8:  69%|██████▉   | 141/203 [00:15<00:07,  8.57it/s]
source_only: epoch 8:  70%|███████   | 143/203 [00:16<00:06,  9.31it/s]
source_only: epoch 8:  71%|███████   | 144/203 [00:16<00:06,  9.32it/s]
source_only: epoch 8:  72%|███████▏  | 146/203 [00:16<00:05,  9.90it/s]
source_only: epoch 8:  72%|███████▏  | 147/203 [00:16<00:05,  9.54it/s]
source_only: epoch 8:  73%|███████▎  | 148/203 [00:16<00:05,  9.62it/s]
source_only: epoch 8:  74%|███████▍  | 150/203 [00:16<00:05,  9.85it/s]
source_only: epoch 8:  75%|███████▍  | 152/203 [00:16<00:05, 10.08it/s]
source_only: epoch 8:  75%|███████▌  | 153/203 [00:17<00:05,  9.91it/s]
source_only: epoch 8:  76%|███████▋  | 155/203 [00:17<00:04,  9.91it/s]
source_only: epoch 8:  77%|███████▋  | 156/203 [00:17<00:04,  9.77it/s]
source_only: epoch 8:  78%|███████▊  | 158/203 [00:17<00:04,  9.99it/s]
source_only: epoch 8:  79%|███████▉  | 160/203 [00:17<00:04,  9.98it/s]
source_only: epoch 8:  79%|███████▉  | 161/203 [00:17<00:04,  9.83it/s]
source_only: epoch 8:  80%|████████  | 163/203 [00:18<00:03, 10.02it/s]
source_only: epoch 8:  81%|████████  | 164/203 [00:18<00:03,  9.94it/s]
source_only: epoch 8:  82%|████████▏ | 166/203 [00:18<00:03,  9.96it/s]
source_only: epoch 8:  82%|████████▏ | 167/203 [00:18<00:03,  9.94it/s]
source_only: epoch 8:  83%|████████▎ | 168/203 [00:18<00:03,  9.67it/s]
source_only: epoch 8:  84%|████████▎ | 170/203 [00:18<00:03,  9.82it/s]
source_only: epoch 8:  84%|████████▍ | 171/203 [00:18<00:03,  9.73it/s]
source_only: epoch 8:  85%|████████▌ | 173/203 [00:19<00:03,  9.86it/s]
source_only: epoch 8:  86%|████████▌ | 174/203 [00:19<00:02,  9.85it/s]
source_only: epoch 8:  87%|████████▋ | 176/203 [00:19<00:02,  9.83it/s]
source_only: epoch 8:  87%|████████▋ | 177/203 [00:19<00:02,  9.66it/s]
source_only: epoch 8:  88%|████████▊ | 178/203 [00:19<00:02,  9.70it/s]
source_only: epoch 8:  89%|████████▊ | 180/203 [00:19<00:02,  9.90it/s]
source_only: epoch 8:  90%|████████▉ | 182/203 [00:19<00:02, 10.04it/s]
source_only: epoch 8:  90%|█████████ | 183/203 [00:20<00:02,  9.96it/s]
source_only: epoch 8:  91%|█████████ | 184/203 [00:20<00:01,  9.88it/s]
source_only: epoch 8:  91%|█████████ | 185/203 [00:20<00:01,  9.86it/s]
source_only: epoch 8:  92%|█████████▏| 187/203 [00:20<00:01,  9.90it/s]
source_only: epoch 8:  93%|█████████▎| 188/203 [00:20<00:01,  9.92it/s]
source_only: epoch 8:  94%|█████████▎| 190/203 [00:20<00:01,  9.81it/s]
source_only: epoch 8:  94%|█████████▍| 191/203 [00:20<00:01,  9.78it/s]
source_only: epoch 8:  95%|█████████▌| 193/203 [00:21<00:01,  9.73it/s]
source_only: epoch 8:  96%|█████████▌| 195/203 [00:21<00:00, 10.06it/s]
source_only: epoch 8:  97%|█████████▋| 197/203 [00:21<00:00,  9.69it/s]
source_only: epoch 8:  98%|█████████▊| 198/203 [00:21<00:00,  9.46it/s]
source_only: epoch 8:  99%|█████████▊| 200/203 [00:21<00:00,  9.72it/s]
source_only: epoch 8:  99%|█████████▉| 201/203 [00:21<00:00,  9.56it/s]
source_only: epoch 8: 100%|█████████▉| 202/203 [00:22<00:00,  9.38it/s]
                                                                       
source_only: epoch 8, source macro-f1=0.9036

dan: epoch 1:   0%|          | 0/203 [00:00<?, ?it/s]
dan: epoch 1:   0%|          | 1/203 [00:01<06:22,  1.89s/it]
dan: epoch 1:   1%|          | 2/203 [00:02<03:01,  1.11it/s]
dan: epoch 1:   1%|▏         | 3/203 [00:02<01:56,  1.72it/s]
dan: epoch 1:   2%|▏         | 4/203 [00:02<01:26,  2.29it/s]
dan: epoch 1:   2%|▏         | 5/203 [00:02<01:10,  2.81it/s]
dan: epoch 1:   3%|▎         | 6/203 [00:02<00:59,  3.30it/s]
dan: epoch 1:   3%|▎         | 7/203 [00:03<00:53,  3.67it/s]
dan: epoch 1:   4%|▍         | 8/203 [00:03<00:51,  3.78it/s]
dan: epoch 1:   4%|▍         | 9/203 [00:03<00:47,  4.06it/s]
dan: epoch 1:   5%|▍         | 10/203 [00:03<00:45,  4.23it/s]
dan: epoch 1:   5%|▌         | 11/203 [00:04<00:45,  4.23it/s]
dan: epoch 1:   6%|▌         | 12/203 [00:04<00:44,  4.28it/s]
dan: epoch 1:   6%|▋         | 13/203 [00:04<00:43,  4.41it/s]
dan: epoch 1:   7%|▋         | 14/203 [00:04<00:40,  4.72it/s]
dan: epoch 1:   7%|▋         | 15/203 [00:04<00:37,  4.95it/s]
dan: epoch 1:   8%|▊         | 16/203 [00:05<00:35,  5.20it/s]
dan: epoch 1:   8%|▊         | 17/203 [00:05<00:35,  5.25it/s]
dan: epoch 1:   9%|▉         | 18/203 [00:05<00:34,  5.32it/s]
dan: epoch 1:   9%|▉         | 19/203 [00:05<00:33,  5.49it/s]
dan: epoch 1:  10%|▉         | 20/203 [00:05<00:32,  5.63it/s]
dan: epoch 1:  10%|█         | 21/203 [00:05<00:33,  5.47it/s]
dan: epoch 1:  11%|█         | 22/203 [00:06<00:32,  5.56it/s]
dan: epoch 1:  11%|█▏        | 23/203 [00:06<00:33,  5.34it/s]
dan: epoch 1:  12%|█▏        | 24/203 [00:06<00:31,  5.66it/s]
dan: epoch 1:  12%|█▏        | 25/203 [00:06<00:31,  5.64it/s]
dan: epoch 1:  13%|█▎        | 26/203 [00:06<00:30,  5.76it/s]
dan: epoch 1:  13%|█▎        | 27/203 [00:06<00:31,  5.68it/s]
dan: epoch 1:  14%|█▍        | 28/203 [00:07<00:32,  5.43it/s]
dan: epoch 1:  14%|█▍        | 29/203 [00:07<00:31,  5.55it/s]
dan: epoch 1:  15%|█▍        | 30/203 [00:07<00:31,  5.54it/s]
dan: epoch 1:  15%|█▌        | 31/203 [00:07<00:30,  5.63it/s]
dan: epoch 1:  16%|█▌        | 32/203 [00:07<00:30,  5.63it/s]
dan: epoch 1:  16%|█▋        | 33/203 [00:08<00:30,  5.56it/s]
dan: epoch 1:  17%|█▋        | 34/203 [00:08<00:30,  5.55it/s]
dan: epoch 1:  17%|█▋        | 35/203 [00:08<00:30,  5.54it/s]
dan: epoch 1:  18%|█▊        | 36/203 [00:08<00:30,  5.50it/s]
dan: epoch 1:  18%|█▊        | 37/203 [00:08<00:29,  5.66it/s]
dan: epoch 1:  19%|█▊        | 38/203 [00:08<00:29,  5.64it/s]
dan: epoch 1:  19%|█▉        | 39/203 [00:09<00:29,  5.61it/s]
dan: epoch 1:  20%|█▉        | 40/203 [00:09<00:28,  5.63it/s]
dan: epoch 1:  20%|██        | 41/203 [00:09<00:29,  5.55it/s]
dan: epoch 1:  21%|██        | 42/203 [00:09<00:29,  5.47it/s]
dan: epoch 1:  21%|██        | 43/203 [00:09<00:29,  5.44it/s]
dan: epoch 1:  22%|██▏       | 44/203 [00:10<00:28,  5.61it/s]
dan: epoch 1:  22%|██▏       | 45/203 [00:10<00:27,  5.76it/s]
dan: epoch 1:  23%|██▎       | 46/203 [00:10<00:29,  5.39it/s]
dan: epoch 1:  23%|██▎       | 47/203 [00:10<00:28,  5.46it/s]
dan: epoch 1:  24%|██▎       | 48/203 [00:10<00:28,  5.53it/s]
dan: epoch 1:  24%|██▍       | 49/203 [00:10<00:27,  5.55it/s]
dan: epoch 1:  25%|██▍       | 50/203 [00:11<00:27,  5.65it/s]
dan: epoch 1:  25%|██▌       | 51/203 [00:11<00:26,  5.65it/s]
dan: epoch 1:  26%|██▌       | 52/203 [00:11<00:26,  5.65it/s]
dan: epoch 1:  26%|██▌       | 53/203 [00:11<00:25,  5.78it/s]
dan: epoch 1:  27%|██▋       | 54/203 [00:11<00:26,  5.73it/s]
dan: epoch 1:  27%|██▋       | 55/203 [00:12<00:27,  5.45it/s]
dan: epoch 1:  28%|██▊       | 56/203 [00:12<00:27,  5.32it/s]
dan: epoch 1:  28%|██▊       | 57/203 [00:12<00:27,  5.23it/s]
dan: epoch 1:  29%|██▊       | 58/203 [00:12<00:27,  5.35it/s]
dan: epoch 1:  29%|██▉       | 59/203 [00:12<00:26,  5.37it/s]
dan: epoch 1:  30%|██▉       | 60/203 [00:12<00:26,  5.42it/s]
dan: epoch 1:  30%|███       | 61/203 [00:13<00:25,  5.61it/s]
dan: epoch 1:  31%|███       | 62/203 [00:13<00:25,  5.50it/s]
dan: epoch 1:  31%|███       | 63/203 [00:13<00:25,  5.57it/s]
dan: epoch 1:  32%|███▏      | 64/203 [00:13<00:24,  5.59it/s]
dan: epoch 1:  32%|███▏      | 65/203 [00:13<00:24,  5.56it/s]
dan: epoch 1:  33%|███▎      | 66/203 [00:14<00:24,  5.61it/s]
dan: epoch 1:  33%|███▎      | 67/203 [00:14<00:24,  5.56it/s]
dan: epoch 1:  33%|███▎      | 68/203 [00:14<00:23,  5.74it/s]
dan: epoch 1:  34%|███▍      | 69/203 [00:14<00:24,  5.42it/s]
dan: epoch 1:  34%|███▍      | 70/203 [00:14<00:25,  5.25it/s]
dan: epoch 1:  35%|███▍      | 71/203 [00:14<00:25,  5.13it/s]
dan: epoch 1:  35%|███▌      | 72/203 [00:15<00:27,  4.78it/s]
dan: epoch 1:  36%|███▌      | 73/203 [00:15<00:28,  4.60it/s]
dan: epoch 1:  36%|███▋      | 74/203 [00:15<00:28,  4.46it/s]
dan: epoch 1:  37%|███▋      | 75/203 [00:15<00:29,  4.40it/s]
dan: epoch 1:  37%|███▋      | 76/203 [00:16<00:27,  4.62it/s]
dan: epoch 1:  38%|███▊      | 77/203 [00:16<00:27,  4.61it/s]
dan: epoch 1:  38%|███▊      | 78/203 [00:16<00:26,  4.74it/s]
dan: epoch 1:  39%|███▉      | 79/203 [00:16<00:28,  4.36it/s]
dan: epoch 1:  39%|███▉      | 80/203 [00:17<00:27,  4.46it/s]
dan: epoch 1:  40%|███▉      | 81/203 [00:17<00:29,  4.20it/s]
dan: epoch 1:  40%|████      | 82/203 [00:17<00:29,  4.16it/s]
dan: epoch 1:  41%|████      | 83/203 [00:17<00:28,  4.15it/s]
dan: epoch 1:  41%|████▏     | 84/203 [00:18<00:31,  3.78it/s]
dan: epoch 1:  42%|████▏     | 85/203 [00:18<00:28,  4.07it/s]
dan: epoch 1:  42%|████▏     | 86/203 [00:18<00:27,  4.29it/s]
dan: epoch 1:  43%|████▎     | 87/203 [00:18<00:26,  4.41it/s]
dan: epoch 1:  43%|████▎     | 88/203 [00:18<00:27,  4.11it/s]
dan: epoch 1:  44%|████▍     | 89/203 [00:19<00:27,  4.16it/s]
dan: epoch 1:  44%|████▍     | 90/203 [00:19<00:26,  4.22it/s]
dan: epoch 1:  45%|████▍     | 91/203 [00:19<00:25,  4.38it/s]
dan: epoch 1:  45%|████▌     | 92/203 [00:19<00:23,  4.65it/s]
dan: epoch 1:  46%|████▌     | 93/203 [00:20<00:23,  4.76it/s]
dan: epoch 1:  46%|████▋     | 94/203 [00:20<00:21,  5.08it/s]
dan: epoch 1:  47%|████▋     | 95/203 [00:20<00:21,  5.12it/s]
dan: epoch 1:  47%|████▋     | 96/203 [00:20<00:20,  5.29it/s]
dan: epoch 1:  48%|████▊     | 97/203 [00:20<00:19,  5.37it/s]
dan: epoch 1:  48%|████▊     | 98/203 [00:20<00:19,  5.44it/s]
dan: epoch 1:  49%|████▉     | 99/203 [00:21<00:18,  5.48it/s]
dan: epoch 1:  49%|████▉     | 100/203 [00:21<00:18,  5.55it/s]
dan: epoch 1:  50%|████▉     | 101/203 [00:21<00:18,  5.63it/s]
dan: epoch 1:  50%|█████     | 102/203 [00:21<00:18,  5.54it/s]
dan: epoch 1:  51%|█████     | 103/203 [00:21<00:17,  5.65it/s]
dan: epoch 1:  51%|█████     | 104/203 [00:21<00:17,  5.57it/s]
dan: epoch 1:  52%|█████▏    | 105/203 [00:22<00:17,  5.48it/s]
dan: epoch 1:  52%|█████▏    | 106/203 [00:22<00:17,  5.57it/s]
dan: epoch 1:  53%|█████▎    | 107/203 [00:22<00:16,  5.65it/s]
dan: epoch 1:  53%|█████▎    | 108/203 [00:22<00:17,  5.54it/s]
dan: epoch 1:  54%|█████▎    | 109/203 [00:22<00:16,  5.56it/s]
dan: epoch 1:  54%|█████▍    | 110/203 [00:23<00:16,  5.60it/s]
dan: epoch 1:  55%|█████▍    | 111/203 [00:23<00:16,  5.66it/s]
dan: epoch 1:  55%|█████▌    | 112/203 [00:23<00:16,  5.58it/s]
dan: epoch 1:  56%|█████▌    | 113/203 [00:23<00:16,  5.49it/s]
dan: epoch 1:  56%|█████▌    | 114/203 [00:23<00:15,  5.58it/s]
dan: epoch 1:  57%|█████▋    | 115/203 [00:23<00:15,  5.68it/s]
dan: epoch 1:  57%|█████▋    | 116/203 [00:24<00:15,  5.73it/s]
dan: epoch 1:  58%|█████▊    | 117/203 [00:24<00:15,  5.72it/s]
dan: epoch 1:  58%|█████▊    | 118/203 [00:24<00:14,  5.69it/s]
dan: epoch 1:  59%|█████▊    | 119/203 [00:24<00:15,  5.58it/s]
dan: epoch 1:  59%|█████▉    | 120/203 [00:24<00:15,  5.50it/s]
dan: epoch 1:  60%|█████▉    | 121/203 [00:25<00:15,  5.42it/s]
dan: epoch 1:  60%|██████    | 122/203 [00:25<00:14,  5.44it/s]
dan: epoch 1:  61%|██████    | 123/203 [00:25<00:15,  5.30it/s]
dan: epoch 1:  61%|██████    | 124/203 [00:25<00:14,  5.51it/s]
dan: epoch 1:  62%|██████▏   | 125/203 [00:25<00:13,  5.57it/s]
dan: epoch 1:  62%|██████▏   | 126/203 [00:25<00:13,  5.53it/s]
dan: epoch 1:  63%|██████▎   | 127/203 [00:26<00:13,  5.61it/s]
dan: epoch 1:  63%|██████▎   | 128/203 [00:26<00:13,  5.61it/s]
dan: epoch 1:  64%|██████▎   | 129/203 [00:26<00:13,  5.54it/s]
dan: epoch 1:  64%|██████▍   | 130/203 [00:26<00:12,  5.62it/s]
dan: epoch 1:  65%|██████▍   | 131/203 [00:26<00:13,  5.48it/s]
dan: epoch 1:  65%|██████▌   | 132/203 [00:27<00:13,  5.44it/s]
dan: epoch 1:  66%|██████▌   | 133/203 [00:27<00:12,  5.70it/s]
dan: epoch 1:  66%|██████▌   | 134/203 [00:27<00:12,  5.62it/s]
dan: epoch 1:  67%|██████▋   | 135/203 [00:27<00:11,  5.68it/s]
dan: epoch 1:  67%|██████▋   | 136/203 [00:27<00:12,  5.54it/s]
dan: epoch 1:  67%|██████▋   | 137/203 [00:27<00:11,  5.56it/s]
dan: epoch 1:  68%|██████▊   | 138/203 [00:28<00:11,  5.48it/s]
dan: epoch 1:  68%|██████▊   | 139/203 [00:28<00:11,  5.63it/s]
dan: epoch 1:  69%|██████▉   | 140/203 [00:28<00:11,  5.63it/s]
dan: epoch 1:  69%|██████▉   | 141/203 [00:28<00:11,  5.60it/s]
dan: epoch 1:  70%|██████▉   | 142/203 [00:28<00:11,  5.51it/s]
dan: epoch 1:  70%|███████   | 143/203 [00:28<00:10,  5.66it/s]
dan: epoch 1:  71%|███████   | 144/203 [00:29<00:10,  5.59it/s]
dan: epoch 1:  71%|███████▏  | 145/203 [00:29<00:10,  5.57it/s]
dan: epoch 1:  72%|███████▏  | 146/203 [00:29<00:10,  5.52it/s]
dan: epoch 1:  72%|███████▏  | 147/203 [00:29<00:10,  5.53it/s]
dan: epoch 1:  73%|███████▎  | 148/203 [00:29<00:10,  5.24it/s]
dan: epoch 1:  73%|███████▎  | 149/203 [00:30<00:10,  4.96it/s]
dan: epoch 1:  74%|███████▍  | 150/203 [00:30<00:11,  4.76it/s]
dan: epoch 1:  74%|███████▍  | 151/203 [00:30<00:11,  4.59it/s]
dan: epoch 1:  75%|███████▍  | 152/203 [00:30<00:11,  4.49it/s]
dan: epoch 1:  75%|███████▌  | 153/203 [00:31<00:11,  4.34it/s]
dan: epoch 1:  76%|███████▌  | 154/203 [00:31<00:10,  4.66it/s]
dan: epoch 1:  76%|███████▋  | 155/203 [00:31<00:11,  4.26it/s]
dan: epoch 1:  77%|███████▋  | 156/203 [00:31<00:11,  4.23it/s]
dan: epoch 1:  77%|███████▋  | 157/203 [00:32<00:10,  4.31it/s]
dan: epoch 1:  78%|███████▊  | 158/203 [00:32<00:10,  4.19it/s]
dan: epoch 1:  78%|███████▊  | 159/203 [00:32<00:10,  4.31it/s]
dan: epoch 1:  79%|███████▉  | 160/203 [00:32<00:10,  4.03it/s]
dan: epoch 1:  79%|███████▉  | 161/203 [00:33<00:10,  4.16it/s]
dan: epoch 1:  80%|███████▉  | 162/203 [00:33<00:09,  4.22it/s]
dan: epoch 1:  80%|████████  | 163/203 [00:33<00:08,  4.61it/s]
dan: epoch 1:  81%|████████  | 164/203 [00:33<00:11,  3.38it/s]
dan: epoch 1:  81%|████████▏ | 165/203 [00:34<00:10,  3.76it/s]
dan: epoch 1:  82%|████████▏ | 166/203 [00:34<00:09,  4.07it/s]
dan: epoch 1:  82%|████████▏ | 167/203 [00:34<00:08,  4.30it/s]
dan: epoch 1:  83%|████████▎ | 168/203 [00:34<00:09,  3.86it/s]
dan: epoch 1:  83%|████████▎ | 169/203 [00:35<00:08,  4.18it/s]
dan: epoch 1:  84%|████████▎ | 170/203 [00:35<00:07,  4.46it/s]
dan: epoch 1:  84%|████████▍ | 171/203 [00:35<00:06,  4.75it/s]
dan: epoch 1:  85%|████████▍ | 172/203 [00:35<00:06,  5.01it/s]
dan: epoch 1:  85%|████████▌ | 173/203 [00:35<00:05,  5.20it/s]
dan: epoch 1:  86%|████████▌ | 174/203 [00:35<00:05,  5.39it/s]
dan: epoch 1:  86%|████████▌ | 175/203 [00:36<00:05,  5.41it/s]
dan: epoch 1:  87%|████████▋ | 176/203 [00:36<00:05,  5.34it/s]
dan: epoch 1:  87%|████████▋ | 177/203 [00:36<00:04,  5.42it/s]
dan: epoch 1:  88%|████████▊ | 178/203 [00:36<00:04,  5.40it/s]
dan: epoch 1:  88%|████████▊ | 179/203 [00:36<00:04,  5.58it/s]
dan: epoch 1:  89%|████████▊ | 180/203 [00:36<00:04,  5.46it/s]
dan: epoch 1:  89%|████████▉ | 181/203 [00:37<00:03,  5.58it/s]
dan: epoch 1:  90%|████████▉ | 182/203 [00:37<00:03,  5.65it/s]
dan: epoch 1:  90%|█████████ | 183/203 [00:37<00:03,  5.60it/s]
dan: epoch 1:  91%|█████████ | 184/203 [00:37<00:03,  5.45it/s]
dan: epoch 1:  91%|█████████ | 185/203 [00:37<00:03,  5.54it/s]
dan: epoch 1:  92%|█████████▏| 186/203 [00:38<00:03,  5.54it/s]
dan: epoch 1:  92%|█████████▏| 187/203 [00:38<00:02,  5.63it/s]
dan: epoch 1:  93%|█████████▎| 188/203 [00:38<00:02,  5.63it/s]
dan: epoch 1:  93%|█████████▎| 189/203 [00:38<00:02,  5.63it/s]
dan: epoch 1:  94%|█████████▎| 190/203 [00:38<00:02,  5.41it/s]
dan: epoch 1:  94%|█████████▍| 191/203 [00:38<00:02,  5.52it/s]
dan: epoch 1:  95%|█████████▍| 192/203 [00:39<00:01,  5.54it/s]
dan: epoch 1:  95%|█████████▌| 193/203 [00:39<00:01,  5.52it/s]
dan: epoch 1:  96%|█████████▌| 194/203 [00:39<00:01,  5.52it/s]
dan: epoch 1:  96%|█████████▌| 195/203 [00:39<00:01,  5.62it/s]
dan: epoch 1:  97%|█████████▋| 196/203 [00:39<00:01,  5.70it/s]
dan: epoch 1:  97%|█████████▋| 197/203 [00:40<00:01,  5.65it/s]
dan: epoch 1:  98%|█████████▊| 198/203 [00:40<00:00,  5.61it/s]
dan: epoch 1:  98%|█████████▊| 199/203 [00:40<00:00,  5.56it/s]
dan: epoch 1:  99%|█████████▊| 200/203 [00:40<00:00,  5.50it/s]
dan: epoch 1:  99%|█████████▉| 201/203 [00:40<00:00,  5.63it/s]
dan: epoch 1: 100%|█████████▉| 202/203 [00:40<00:00,  5.88it/s]
dan: epoch 1: 100%|██████████| 203/203 [00:41<00:00,  5.89it/s]
                                                               
dan: epoch 1, source macro-f1=0.1480

dan: epoch 2:   0%|          | 0/203 [00:00<?, ?it/s]
dan: epoch 2:   0%|          | 1/203 [00:00<00:38,  5.24it/s]
dan: epoch 2:   1%|          | 2/203 [00:00<01:05,  3.05it/s]
dan: epoch 2:   1%|▏         | 3/203 [00:00<00:53,  3.76it/s]
dan: epoch 2:   2%|▏         | 4/203 [00:01<00:50,  3.98it/s]
dan: epoch 2:   2%|▏         | 5/203 [00:01<00:44,  4.44it/s]
dan: epoch 2:   3%|▎         | 6/203 [00:01<00:43,  4.52it/s]
dan: epoch 2:   3%|▎         | 7/203 [00:01<00:43,  4.50it/s]
dan: epoch 2:   4%|▍         | 8/203 [00:01<00:44,  4.40it/s]
dan: epoch 2:   4%|▍         | 9/203 [00:02<00:44,  4.41it/s]
dan: epoch 2:   5%|▍         | 10/203 [00:02<00:43,  4.44it/s]
dan: epoch 2:   5%|▌         | 11/203 [00:02<00:43,  4.41it/s]
dan: epoch 2:   6%|▌         | 12/203 [00:02<00:43,  4.39it/s]
dan: epoch 2:   6%|▋         | 13/203 [00:03<00:46,  4.06it/s]
dan: epoch 2:   7%|▋         | 14/203 [00:03<00:44,  4.28it/s]
dan: epoch 2:   7%|▋         | 15/203 [00:03<00:45,  4.10it/s]
dan: epoch 2:   8%|▊         | 16/203 [00:03<00:42,  4.42it/s]
dan: epoch 2:   8%|▊         | 17/203 [00:04<00:47,  3.91it/s]
dan: epoch 2:   9%|▉         | 18/203 [00:04<00:44,  4.18it/s]
dan: epoch 2:   9%|▉         | 19/203 [00:04<00:48,  3.83it/s]
dan: epoch 2:  10%|▉         | 20/203 [00:04<00:44,  4.13it/s]
dan: epoch 2:  10%|█         | 21/203 [00:04<00:41,  4.41it/s]
dan: epoch 2:  11%|█         | 22/203 [00:05<00:39,  4.60it/s]
dan: epoch 2:  11%|█▏        | 23/203 [00:05<00:38,  4.72it/s]
dan: epoch 2:  12%|█▏        | 24/203 [00:05<00:35,  4.99it/s]
dan: epoch 2:  12%|█▏        | 25/203 [00:05<00:34,  5.16it/s]
dan: epoch 2:  13%|█▎        | 26/203 [00:05<00:33,  5.36it/s]
dan: epoch 2:  13%|█▎        | 27/203 [00:06<00:32,  5.48it/s]
dan: epoch 2:  14%|█▍        | 28/203 [00:06<00:31,  5.51it/s]
dan: epoch 2:  14%|█▍        | 29/203 [00:06<00:30,  5.64it/s]
dan: epoch 2:  15%|█▍        | 30/203 [00:06<00:29,  5.80it/s]
dan: epoch 2:  15%|█▌        | 31/203 [00:06<00:29,  5.89it/s]
dan: epoch 2:  16%|█▌        | 32/203 [00:06<00:32,  5.18it/s]
dan: epoch 2:  16%|█▋        | 33/203 [00:07<00:32,  5.23it/s]
dan: epoch 2:  17%|█▋        | 34/203 [00:07<00:31,  5.30it/s]
dan: epoch 2:  17%|█▋        | 35/203 [00:07<00:30,  5.47it/s]
dan: epoch 2:  18%|█▊        | 36/203 [00:07<00:30,  5.47it/s]
dan: epoch 2:  18%|█▊        | 37/203 [00:07<00:29,  5.66it/s]
dan: epoch 2:  19%|█▊        | 38/203 [00:08<00:30,  5.50it/s]
dan: epoch 2:  19%|█▉        | 39/203 [00:08<00:29,  5.55it/s]
dan: epoch 2:  20%|█▉        | 40/203 [00:08<00:29,  5.55it/s]
dan: epoch 2:  20%|██        | 41/203 [00:08<00:29,  5.53it/s]
dan: epoch 2:  21%|██        | 42/203 [00:08<00:28,  5.64it/s]
dan: epoch 2:  21%|██        | 43/203 [00:08<00:28,  5.66it/s]
dan: epoch 2:  22%|██▏       | 44/203 [00:09<00:29,  5.45it/s]
dan: epoch 2:  22%|██▏       | 45/203 [00:09<00:29,  5.34it/s]
dan: epoch 2:  23%|██▎       | 46/203 [00:09<00:29,  5.32it/s]
dan: epoch 2:  23%|██▎       | 47/203 [00:09<00:29,  5.38it/s]
dan: epoch 2:  24%|██▎       | 48/203 [00:09<00:28,  5.37it/s]
dan: epoch 2:  24%|██▍       | 49/203 [00:10<00:28,  5.49it/s]
dan: epoch 2:  25%|██▍       | 50/203 [00:10<00:27,  5.54it/s]
dan: epoch 2:  25%|██▌       | 51/203 [00:10<00:27,  5.50it/s]
dan: epoch 2:  26%|██▌       | 52/203 [00:10<00:26,  5.72it/s]
dan: epoch 2:  26%|██▌       | 53/203 [00:10<00:25,  5.78it/s]
dan: epoch 2:  27%|██▋       | 54/203 [00:10<00:26,  5.64it/s]
dan: epoch 2:  27%|██▋       | 55/203 [00:11<00:25,  5.74it/s]
dan: epoch 2:  28%|██▊       | 56/203 [00:11<00:25,  5.66it/s]
dan: epoch 2:  28%|██▊       | 57/203 [00:11<00:26,  5.61it/s]
dan: epoch 2:  29%|██▊       | 58/203 [00:11<00:26,  5.56it/s]
dan: epoch 2:  29%|██▉       | 59/203 [00:11<00:25,  5.62it/s]
dan: epoch 2:  30%|██▉       | 60/203 [00:11<00:25,  5.71it/s]
dan: epoch 2:  30%|███       | 61/203 [00:12<00:25,  5.68it/s]
dan: epoch 2:  31%|███       | 62/203 [00:12<00:25,  5.42it/s]
dan: epoch 2:  31%|███       | 63/203 [00:12<00:24,  5.61it/s]
dan: epoch 2:  32%|███▏      | 64/203 [00:12<00:24,  5.62it/s]
dan: epoch 2:  32%|███▏      | 65/203 [00:12<00:24,  5.60it/s]
dan: epoch 2:  33%|███▎      | 66/203 [00:13<00:24,  5.68it/s]
dan: epoch 2:  33%|███▎      | 67/203 [00:13<00:24,  5.58it/s]
dan: epoch 2:  33%|███▎      | 68/203 [00:13<00:23,  5.76it/s]
dan: epoch 2:  34%|███▍      | 69/203 [00:13<00:23,  5.61it/s]
dan: epoch 2:  34%|███▍      | 70/203 [00:13<00:23,  5.59it/s]
dan: epoch 2:  35%|███▍      | 71/203 [00:13<00:23,  5.62it/s]
dan: epoch 2:  35%|███▌      | 72/203 [00:14<00:23,  5.62it/s]
dan: epoch 2:  36%|███▌      | 73/203 [00:14<00:22,  5.70it/s]
dan: epoch 2:  36%|███▋      | 74/203 [00:14<00:23,  5.59it/s]
dan: epoch 2:  37%|███▋      | 75/203 [00:14<00:23,  5.55it/s]
dan: epoch 2:  37%|███▋      | 76/203 [00:14<00:23,  5.34it/s]
dan: epoch 2:  38%|███▊      | 77/203 [00:15<00:23,  5.28it/s]
dan: epoch 2:  38%|███▊      | 78/203 [00:15<00:24,  5.04it/s]
dan: epoch 2:  39%|███▉      | 79/203 [00:15<00:25,  4.83it/s]
dan: epoch 2:  39%|███▉      | 80/203 [00:15<00:26,  4.71it/s]
dan: epoch 2:  40%|███▉      | 81/203 [00:15<00:26,  4.66it/s]
dan: epoch 2:  40%|████      | 82/203 [00:16<00:25,  4.67it/s]
dan: epoch 2:  41%|████      | 83/203 [00:16<00:27,  4.37it/s]
dan: epoch 2:  41%|████▏     | 84/203 [00:16<00:26,  4.45it/s]
dan: epoch 2:  42%|████▏     | 85/203 [00:16<00:29,  3.95it/s]
dan: epoch 2:  42%|████▏     | 86/203 [00:17<00:28,  4.04it/s]
dan: epoch 2:  43%|████▎     | 87/203 [00:17<00:27,  4.23it/s]
dan: epoch 2:  43%|████▎     | 88/203 [00:17<00:26,  4.34it/s]
dan: epoch 2:  44%|████▍     | 89/203 [00:17<00:27,  4.08it/s]
dan: epoch 2:  44%|████▍     | 90/203 [00:18<00:27,  4.15it/s]
dan: epoch 2:  45%|████▍     | 91/203 [00:18<00:30,  3.71it/s]
dan: epoch 2:  45%|████▌     | 92/203 [00:18<00:28,  3.83it/s]
dan: epoch 2:  46%|████▌     | 93/203 [00:18<00:28,  3.86it/s]
dan: epoch 2:  46%|████▋     | 94/203 [00:19<00:26,  4.08it/s]
dan: epoch 2:  47%|████▋     | 95/203 [00:19<00:27,  3.92it/s]
dan: epoch 2:  47%|████▋     | 96/203 [00:19<00:26,  4.08it/s]
dan: epoch 2:  48%|████▊     | 97/203 [00:19<00:24,  4.25it/s]
dan: epoch 2:  48%|████▊     | 98/203 [00:20<00:23,  4.38it/s]
dan: epoch 2:  49%|████▉     | 99/203 [00:20<00:22,  4.61it/s]
dan: epoch 2:  49%|████▉     | 100/203 [00:20<00:21,  4.83it/s]
dan: epoch 2:  50%|████▉     | 101/203 [00:20<00:19,  5.17it/s]
dan: epoch 2:  50%|█████     | 102/203 [00:20<00:18,  5.34it/s]
dan: epoch 2:  51%|█████     | 103/203 [00:21<00:18,  5.44it/s]
dan: epoch 2:  51%|█████     | 104/203 [00:21<00:17,  5.59it/s]
dan: epoch 2:  52%|█████▏    | 105/203 [00:21<00:17,  5.68it/s]
dan: epoch 2:  52%|█████▏    | 106/203 [00:21<00:16,  5.76it/s]
dan: epoch 2:  53%|█████▎    | 107/203 [00:21<00:17,  5.56it/s]
dan: epoch 2:  53%|█████▎    | 108/203 [00:21<00:16,  5.67it/s]
dan: epoch 2:  54%|█████▎    | 109/203 [00:22<00:16,  5.79it/s]
dan: epoch 2:  54%|█████▍    | 110/203 [00:22<00:16,  5.75it/s]
dan: epoch 2:  55%|█████▍    | 111/203 [00:22<00:15,  5.86it/s]
dan: epoch 2:  55%|█████▌    | 112/203 [00:22<00:15,  5.77it/s]
dan: epoch 2:  56%|█████▌    | 113/203 [00:22<00:15,  5.66it/s]
dan: epoch 2:  56%|█████▌    | 114/203 [00:22<00:15,  5.63it/s]
dan: epoch 2:  57%|█████▋    | 115/203 [00:23<00:15,  5.71it/s]
dan: epoch 2:  57%|█████▋    | 116/203 [00:23<00:15,  5.68it/s]
dan: epoch 2:  58%|█████▊    | 117/203 [00:23<00:15,  5.63it/s]
dan: epoch 2:  58%|█████▊    | 118/203 [00:23<00:14,  5.78it/s]
dan: epoch 2:  59%|█████▊    | 119/203 [00:23<00:14,  5.80it/s]
dan: epoch 2:  59%|█████▉    | 120/203 [00:23<00:14,  5.92it/s]
dan: epoch 2:  60%|█████▉    | 121/203 [00:24<00:13,  5.91it/s]
dan: epoch 2:  60%|██████    | 122/203 [00:24<00:13,  6.06it/s]
dan: epoch 2:  61%|██████    | 123/203 [00:24<00:13,  6.01it/s]
dan: epoch 2:  61%|██████    | 124/203 [00:24<00:17,  4.47it/s]
dan: epoch 2:  62%|██████▏   | 125/203 [00:24<00:16,  4.85it/s]
dan: epoch 2:  62%|██████▏   | 126/203 [00:25<00:15,  5.10it/s]
dan: epoch 2:  63%|██████▎   | 127/203 [00:25<00:15,  4.92it/s]
dan: epoch 2:  63%|██████▎   | 128/203 [00:25<00:14,  5.06it/s]
dan: epoch 2:  64%|██████▎   | 129/203 [00:25<00:13,  5.31it/s]
dan: epoch 2:  64%|██████▍   | 130/203 [00:25<00:13,  5.50it/s]
dan: epoch 2:  65%|██████▍   | 131/203 [00:26<00:12,  5.65it/s]
dan: epoch 2:  65%|██████▌   | 132/203 [00:26<00:13,  5.13it/s]
dan: epoch 2:  66%|██████▌   | 133/203 [00:26<00:13,  5.18it/s]
dan: epoch 2:  66%|██████▌   | 134/203 [00:26<00:13,  5.22it/s]
dan: epoch 2:  67%|██████▋   | 135/203 [00:26<00:12,  5.34it/s]
dan: epoch 2:  67%|██████▋   | 136/203 [00:26<00:12,  5.49it/s]
dan: epoch 2:  67%|██████▋   | 137/203 [00:27<00:11,  5.54it/s]
dan: epoch 2:  68%|██████▊   | 138/203 [00:27<00:11,  5.66it/s]
dan: epoch 2:  68%|██████▊   | 139/203 [00:27<00:11,  5.58it/s]
dan: epoch 2:  69%|██████▉   | 140/203 [00:27<00:11,  5.72it/s]
dan: epoch 2:  69%|██████▉   | 141/203 [00:27<00:10,  5.72it/s]
dan: epoch 2:  70%|██████▉   | 142/203 [00:28<00:10,  5.82it/s]
dan: epoch 2:  70%|███████   | 143/203 [00:28<00:10,  5.70it/s]
dan: epoch 2:  71%|███████   | 144/203 [00:28<00:10,  5.59it/s]
dan: epoch 2:  71%|███████▏  | 145/203 [00:28<00:10,  5.56it/s]
dan: epoch 2:  72%|███████▏  | 146/203 [00:28<00:09,  5.79it/s]
dan: epoch 2:  72%|███████▏  | 147/203 [00:28<00:09,  5.81it/s]
dan: epoch 2:  73%|███████▎  | 148/203 [00:29<00:09,  5.72it/s]
dan: epoch 2:  73%|███████▎  | 149/203 [00:29<00:09,  5.73it/s]
dan: epoch 2:  74%|███████▍  | 150/203 [00:29<00:09,  5.78it/s]
dan: epoch 2:  74%|███████▍  | 151/203 [00:29<00:09,  5.57it/s]
dan: epoch 2:  75%|███████▍  | 152/203 [00:29<00:08,  5.69it/s]
dan: epoch 2:  75%|███████▌  | 153/203 [00:29<00:08,  5.63it/s]
dan: epoch 2:  76%|███████▌  | 154/203 [00:30<00:09,  5.31it/s]
dan: epoch 2:  76%|███████▋  | 155/203 [00:30<00:09,  5.16it/s]
dan: epoch 2:  77%|███████▋  | 156/203 [00:30<00:09,  4.78it/s]
dan: epoch 2:  77%|███████▋  | 157/203 [00:30<00:09,  4.73it/s]
dan: epoch 2:  78%|███████▊  | 158/203 [00:31<00:09,  4.60it/s]
dan: epoch 2:  78%|███████▊  | 159/203 [00:31<00:09,  4.51it/s]
dan: epoch 2:  79%|███████▉  | 160/203 [00:31<00:09,  4.33it/s]
dan: epoch 2:  79%|███████▉  | 161/203 [00:31<00:09,  4.37it/s]
dan: epoch 2:  80%|███████▉  | 162/203 [00:32<00:09,  4.24it/s]
dan: epoch 2:  80%|████████  | 163/203 [00:32<00:09,  4.32it/s]
dan: epoch 2:  81%|████████  | 164/203 [00:32<00:09,  4.27it/s]
dan: epoch 2:  81%|████████▏ | 165/203 [00:32<00:08,  4.33it/s]
dan: epoch 2:  82%|████████▏ | 166/203 [00:33<00:09,  4.01it/s]
dan: epoch 2:  82%|████████▏ | 167/203 [00:33<00:08,  4.11it/s]
dan: epoch 2:  83%|████████▎ | 168/203 [00:33<00:09,  3.70it/s]
dan: epoch 2:  83%|████████▎ | 169/203 [00:33<00:08,  3.86it/s]
dan: epoch 2:  84%|████████▎ | 170/203 [00:34<00:08,  3.82it/s]
dan: epoch 2:  84%|████████▍ | 171/203 [00:34<00:07,  4.17it/s]
dan: epoch 2:  85%|████████▍ | 172/203 [00:34<00:08,  3.73it/s]
dan: epoch 2:  85%|████████▌ | 173/203 [00:34<00:07,  3.95it/s]
dan: epoch 2:  86%|████████▌ | 174/203 [00:35<00:07,  4.05it/s]
dan: epoch 2:  86%|████████▌ | 175/203 [00:35<00:06,  4.27it/s]
dan: epoch 2:  87%|████████▋ | 176/203 [00:35<00:06,  4.46it/s]
dan: epoch 2:  87%|████████▋ | 177/203 [00:35<00:05,  4.77it/s]
dan: epoch 2:  88%|████████▊ | 178/203 [00:35<00:04,  5.06it/s]
dan: epoch 2:  88%|████████▊ | 179/203 [00:35<00:04,  5.25it/s]
dan: epoch 2:  89%|████████▊ | 180/203 [00:36<00:04,  5.26it/s]
dan: epoch 2:  89%|████████▉ | 181/203 [00:36<00:04,  5.39it/s]
dan: epoch 2:  90%|████████▉ | 182/203 [00:36<00:03,  5.54it/s]
dan: epoch 2:  90%|█████████ | 183/203 [00:36<00:03,  5.49it/s]
dan: epoch 2:  91%|█████████ | 184/203 [00:36<00:03,  5.65it/s]
dan: epoch 2:  91%|█████████ | 185/203 [00:37<00:03,  5.69it/s]
dan: epoch 2:  92%|█████████▏| 186/203 [00:37<00:02,  5.82it/s]
dan: epoch 2:  92%|█████████▏| 187/203 [00:37<00:02,  5.67it/s]
dan: epoch 2:  93%|█████████▎| 188/203 [00:37<00:02,  5.69it/s]
dan: epoch 2:  93%|█████████▎| 189/203 [00:37<00:02,  5.78it/s]
dan: epoch 2:  94%|█████████▎| 190/203 [00:37<00:02,  5.70it/s]
dan: epoch 2:  94%|█████████▍| 191/203 [00:38<00:02,  5.76it/s]
dan: epoch 2:  95%|█████████▍| 192/203 [00:38<00:01,  5.63it/s]
dan: epoch 2:  95%|█████████▌| 193/203 [00:38<00:01,  5.70it/s]
dan: epoch 2:  96%|█████████▌| 194/203 [00:38<00:01,  5.87it/s]
dan: epoch 2:  96%|█████████▌| 195/203 [00:38<00:01,  5.72it/s]
dan: epoch 2:  97%|█████████▋| 196/203 [00:38<00:01,  5.51it/s]
dan: epoch 2:  97%|█████████▋| 197/203 [00:39<00:01,  5.62it/s]
dan: epoch 2:  98%|█████████▊| 198/203 [00:39<00:00,  5.60it/s]
dan: epoch 2:  98%|█████████▊| 199/203 [00:39<00:00,  5.65it/s]
dan: epoch 2:  99%|█████████▊| 200/203 [00:39<00:00,  5.50it/s]
dan: epoch 2:  99%|█████████▉| 201/203 [00:39<00:00,  5.45it/s]
dan: epoch 2: 100%|█████████▉| 202/203 [00:40<00:00,  5.55it/s]
dan: epoch 2: 100%|██████████| 203/203 [00:40<00:00,  5.72it/s]
                                                               
dan: epoch 2, source macro-f1=0.1485

dan: epoch 3:   0%|          | 0/203 [00:00<?, ?it/s]
dan: epoch 3:   0%|          | 1/203 [00:00<00:33,  6.02it/s]
dan: epoch 3:   1%|          | 2/203 [00:00<00:32,  6.19it/s]
dan: epoch 3:   1%|▏         | 3/203 [00:00<00:40,  4.94it/s]
dan: epoch 3:   2%|▏         | 4/203 [00:00<00:40,  4.93it/s]
dan: epoch 3:   2%|▏         | 5/203 [00:00<00:38,  5.20it/s]
dan: epoch 3:   3%|▎         | 6/203 [00:01<00:35,  5.50it/s]
dan: epoch 3:   3%|▎         | 7/203 [00:01<00:35,  5.56it/s]
dan: epoch 3:   4%|▍         | 8/203 [00:01<00:34,  5.58it/s]
dan: epoch 3:   4%|▍         | 9/203 [00:01<00:36,  5.35it/s]
dan: epoch 3:   5%|▍         | 10/203 [00:01<00:40,  4.79it/s]
dan: epoch 3:   5%|▌         | 11/203 [00:02<00:40,  4.73it/s]
dan: epoch 3:   6%|▌         | 12/203 [00:02<00:41,  4.55it/s]
dan: epoch 3:   6%|▋         | 13/203 [00:02<00:42,  4.51it/s]
dan: epoch 3:   7%|▋         | 14/203 [00:02<00:41,  4.57it/s]
dan: epoch 3:   7%|▋         | 15/203 [00:03<00:42,  4.46it/s]
dan: epoch 3:   8%|▊         | 16/203 [00:03<00:39,  4.77it/s]
dan: epoch 3:   8%|▊         | 17/203 [00:03<00:40,  4.58it/s]
dan: epoch 3:   9%|▉         | 18/203 [00:03<00:41,  4.50it/s]
dan: epoch 3:   9%|▉         | 19/203 [00:03<00:42,  4.32it/s]
dan: epoch 3:  10%|▉         | 20/203 [00:04<00:43,  4.18it/s]
dan: epoch 3:  10%|█         | 21/203 [00:04<00:42,  4.29it/s]
dan: epoch 3:  11%|█         | 22/203 [00:04<00:41,  4.34it/s]
dan: epoch 3:  11%|█▏        | 23/203 [00:04<00:40,  4.45it/s]
dan: epoch 3:  12%|█▏        | 24/203 [00:05<00:41,  4.26it/s]
dan: epoch 3:  12%|█▏        | 25/203 [00:05<00:43,  4.06it/s]
dan: epoch 3:  13%|█▎        | 26/203 [00:05<00:42,  4.20it/s]
dan: epoch 3:  13%|█▎        | 27/203 [00:05<00:41,  4.20it/s]
dan: epoch 3:  14%|█▍        | 28/203 [00:06<00:40,  4.37it/s]
dan: epoch 3:  14%|█▍        | 29/203 [00:06<00:43,  3.96it/s]
dan: epoch 3:  15%|█▍        | 30/203 [00:06<00:42,  4.08it/s]
dan: epoch 3:  15%|█▌        | 31/203 [00:06<00:40,  4.20it/s]
dan: epoch 3:  16%|█▌        | 32/203 [00:07<00:39,  4.28it/s]
dan: epoch 3:  16%|█▋        | 33/203 [00:07<00:38,  4.38it/s]
dan: epoch 3:  17%|█▋        | 34/203 [00:07<00:35,  4.81it/s]
dan: epoch 3:  17%|█▋        | 35/203 [00:07<00:34,  4.82it/s]
dan: epoch 3:  18%|█▊        | 36/203 [00:07<00:34,  4.89it/s]
dan: epoch 3:  18%|█▊        | 37/203 [00:07<00:32,  5.14it/s]
dan: epoch 3:  19%|█▊        | 38/203 [00:08<00:31,  5.20it/s]
dan: epoch 3:  19%|█▉        | 39/203 [00:08<00:31,  5.13it/s]
dan: epoch 3:  20%|█▉        | 40/203 [00:08<00:31,  5.16it/s]
dan: epoch 3:  20%|██        | 41/203 [00:08<00:30,  5.27it/s]
dan: epoch 3:  21%|██        | 42/203 [00:08<00:29,  5.40it/s]
dan: epoch 3:  21%|██        | 43/203 [00:09<00:30,  5.29it/s]
dan: epoch 3:  22%|██▏       | 44/203 [00:09<00:30,  5.20it/s]
dan: epoch 3:  22%|██▏       | 45/203 [00:09<00:30,  5.12it/s]
dan: epoch 3:  23%|██▎       | 46/203 [00:09<00:30,  5.23it/s]
dan: epoch 3:  23%|██▎       | 47/203 [00:09<00:30,  5.19it/s]
dan: epoch 3:  24%|██▎       | 48/203 [00:10<00:29,  5.32it/s]
dan: epoch 3:  24%|██▍       | 49/203 [00:10<00:28,  5.35it/s]
dan: epoch 3:  25%|██▍       | 50/203 [00:10<00:28,  5.44it/s]
dan: epoch 3:  25%|██▌       | 51/203 [00:10<00:29,  5.22it/s]
dan: epoch 3:  26%|██▌       | 52/203 [00:10<00:29,  5.16it/s]
dan: epoch 3:  26%|██▌       | 53/203 [00:11<00:29,  5.09it/s]
dan: epoch 3:  27%|██▋       | 54/203 [00:11<00:28,  5.20it/s]
dan: epoch 3:  27%|██▋       | 55/203 [00:11<00:28,  5.23it/s]
dan: epoch 3:  28%|██▊       | 56/203 [00:11<00:27,  5.28it/s]
dan: epoch 3:  28%|██▊       | 57/203 [00:11<00:28,  5.05it/s]
dan: epoch 3:  29%|██▊       | 58/203 [00:12<00:28,  5.08it/s]
dan: epoch 3:  29%|██▉       | 59/203 [00:12<00:28,  5.03it/s]
dan: epoch 3:  30%|██▉       | 60/203 [00:12<00:27,  5.23it/s]
dan: epoch 3:  30%|███       | 61/203 [00:12<00:26,  5.26it/s]
dan: epoch 3:  31%|███       | 62/203 [00:12<00:26,  5.34it/s]
dan: epoch 3:  31%|███       | 63/203 [00:13<00:31,  4.40it/s]
dan: epoch 3:  32%|███▏      | 64/203 [00:13<00:29,  4.77it/s]
dan: epoch 3:  32%|███▏      | 65/203 [00:13<00:27,  5.11it/s]
dan: epoch 3:  33%|███▎      | 66/203 [00:13<00:26,  5.25it/s]
dan: epoch 3:  33%|███▎      | 67/203 [00:13<00:26,  5.13it/s]
dan: epoch 3:  33%|███▎      | 68/203 [00:13<00:25,  5.32it/s]
dan: epoch 3:  34%|███▍      | 69/203 [00:14<00:24,  5.48it/s]
dan: epoch 3:  34%|███▍      | 70/203 [00:14<00:24,  5.53it/s]
dan: epoch 3:  35%|███▍      | 71/203 [00:14<00:23,  5.56it/s]
dan: epoch 3:  35%|███▌      | 72/203 [00:14<00:23,  5.54it/s]
dan: epoch 3:  36%|███▌      | 73/203 [00:14<00:23,  5.46it/s]
dan: epoch 3:  36%|███▋      | 74/203 [00:15<00:23,  5.46it/s]
dan: epoch 3:  37%|███▋      | 75/203 [00:15<00:22,  5.62it/s]
dan: epoch 3:  37%|███▋      | 76/203 [00:15<00:22,  5.72it/s]
dan: epoch 3:  38%|███▊      | 77/203 [00:15<00:22,  5.65it/s]
dan: epoch 3:  38%|███▊      | 78/203 [00:15<00:22,  5.57it/s]
dan: epoch 3:  39%|███▉      | 79/203 [00:15<00:22,  5.62it/s]
dan: epoch 3:  39%|███▉      | 80/203 [00:16<00:22,  5.56it/s]
dan: epoch 3:  40%|███▉      | 81/203 [00:16<00:21,  5.64it/s]
dan: epoch 3:  40%|████      | 82/203 [00:16<00:21,  5.75it/s]
dan: epoch 3:  41%|████      | 83/203 [00:16<00:20,  5.79it/s]
dan: epoch 3:  41%|████▏     | 84/203 [00:16<00:26,  4.45it/s]
dan: epoch 3:  42%|████▏     | 85/203 [00:17<00:25,  4.60it/s]
dan: epoch 3:  42%|████▏     | 86/203 [00:17<00:24,  4.75it/s]
dan: epoch 3:  43%|████▎     | 87/203 [00:17<00:24,  4.69it/s]
dan: epoch 3:  43%|████▎     | 88/203 [00:17<00:24,  4.67it/s]
dan: epoch 3:  44%|████▍     | 89/203 [00:18<00:24,  4.67it/s]
dan: epoch 3:  44%|████▍     | 90/203 [00:18<00:24,  4.57it/s]
dan: epoch 3:  45%|████▍     | 91/203 [00:18<00:25,  4.46it/s]
dan: epoch 3:  45%|████▌     | 92/203 [00:18<00:24,  4.54it/s]
dan: epoch 3:  46%|████▌     | 93/203 [00:18<00:25,  4.34it/s]
dan: epoch 3:  46%|████▋     | 94/203 [00:19<00:24,  4.53it/s]
dan: epoch 3:  47%|████▋     | 95/203 [00:19<00:23,  4.69it/s]
dan: epoch 3:  47%|████▋     | 96/203 [00:19<00:29,  3.66it/s]
dan: epoch 3:  48%|████▊     | 97/203 [00:19<00:27,  3.81it/s]
dan: epoch 3:  48%|████▊     | 98/203 [00:20<00:27,  3.82it/s]
dan: epoch 3:  49%|████▉     | 99/203 [00:20<00:26,  4.00it/s]
dan: epoch 3:  49%|████▉     | 100/203 [00:20<00:25,  4.11it/s]
dan: epoch 3:  50%|████▉     | 101/203 [00:20<00:24,  4.13it/s]
dan: epoch 3:  50%|█████     | 102/203 [00:21<00:23,  4.26it/s]
dan: epoch 3:  51%|█████     | 103/203 [00:21<00:24,  4.09it/s]
dan: epoch 3:  51%|█████     | 104/203 [00:21<00:23,  4.28it/s]
dan: epoch 3:  52%|█████▏    | 105/203 [00:21<00:23,  4.23it/s]
dan: epoch 3:  52%|█████▏    | 106/203 [00:22<00:22,  4.27it/s]
dan: epoch 3:  53%|█████▎    | 107/203 [00:22<00:22,  4.18it/s]
dan: epoch 3:  53%|█████▎    | 108/203 [00:22<00:22,  4.22it/s]
dan: epoch 3:  54%|█████▎    | 109/203 [00:22<00:22,  4.11it/s]
dan: epoch 3:  54%|█████▍    | 110/203 [00:23<00:21,  4.35it/s]
dan: epoch 3:  55%|█████▍    | 111/203 [00:23<00:19,  4.65it/s]
dan: epoch 3:  55%|█████▌    | 112/203 [00:23<00:18,  4.90it/s]
dan: epoch 3:  56%|█████▌    | 113/203 [00:23<00:17,  5.09it/s]
dan: epoch 3:  56%|█████▌    | 114/203 [00:23<00:16,  5.30it/s]
dan: epoch 3:  57%|█████▋    | 115/203 [00:23<00:16,  5.31it/s]
dan: epoch 3:  57%|█████▋    | 116/203 [00:24<00:16,  5.28it/s]
dan: epoch 3:  58%|█████▊    | 117/203 [00:24<00:15,  5.38it/s]
dan: epoch 3:  58%|█████▊    | 118/203 [00:24<00:15,  5.44it/s]
dan: epoch 3:  59%|█████▊    | 119/203 [00:24<00:15,  5.45it/s]
dan: epoch 3:  59%|█████▉    | 120/203 [00:24<00:14,  5.70it/s]
dan: epoch 3:  60%|█████▉    | 121/203 [00:24<00:14,  5.76it/s]
dan: epoch 3:  60%|██████    | 122/203 [00:25<00:14,  5.77it/s]
dan: epoch 3:  61%|██████    | 123/203 [00:25<00:14,  5.62it/s]
dan: epoch 3:  61%|██████    | 124/203 [00:25<00:14,  5.59it/s]
dan: epoch 3:  62%|██████▏   | 125/203 [00:25<00:13,  5.62it/s]
dan: epoch 3:  62%|██████▏   | 126/203 [00:25<00:13,  5.57it/s]
dan: epoch 3:  63%|██████▎   | 127/203 [00:26<00:13,  5.63it/s]
dan: epoch 3:  63%|██████▎   | 128/203 [00:26<00:12,  5.78it/s]
dan: epoch 3:  64%|██████▎   | 129/203 [00:26<00:13,  5.60it/s]
dan: epoch 3:  64%|██████▍   | 130/203 [00:26<00:12,  5.63it/s]
dan: epoch 3:  65%|██████▍   | 131/203 [00:26<00:12,  5.58it/s]
dan: epoch 3:  65%|██████▌   | 132/203 [00:26<00:12,  5.71it/s]
dan: epoch 3:  66%|██████▌   | 133/203 [00:27<00:12,  5.56it/s]
dan: epoch 3:  66%|██████▌   | 134/203 [00:27<00:12,  5.62it/s]
dan: epoch 3:  67%|██████▋   | 135/203 [00:27<00:12,  5.52it/s]
dan: epoch 3:  67%|██████▋   | 136/203 [00:27<00:11,  5.64it/s]
dan: epoch 3:  67%|██████▋   | 137/203 [00:27<00:11,  5.58it/s]
dan: epoch 3:  68%|██████▊   | 138/203 [00:28<00:11,  5.67it/s]
dan: epoch 3:  68%|██████▊   | 139/203 [00:28<00:11,  5.58it/s]
dan: epoch 3:  69%|██████▉   | 140/203 [00:28<00:11,  5.49it/s]
dan: epoch 3:  69%|██████▉   | 141/203 [00:28<00:11,  5.63it/s]
dan: epoch 3:  70%|██████▉   | 142/203 [00:28<00:11,  5.52it/s]
dan: epoch 3:  70%|███████   | 143/203 [00:28<00:10,  5.61it/s]
dan: epoch 3:  71%|███████   | 144/203 [00:29<00:10,  5.65it/s]
dan: epoch 3:  71%|███████▏  | 145/203 [00:29<00:10,  5.51it/s]
dan: epoch 3:  72%|███████▏  | 146/203 [00:29<00:10,  5.63it/s]
dan: epoch 3:  72%|███████▏  | 147/203 [00:29<00:09,  5.67it/s]
dan: epoch 3:  73%|███████▎  | 148/203 [00:29<00:09,  5.53it/s]
dan: epoch 3:  73%|███████▎  | 149/203 [00:30<00:09,  5.58it/s]
dan: epoch 3:  74%|███████▍  | 150/203 [00:30<00:09,  5.66it/s]
dan: epoch 3:  74%|███████▍  | 151/203 [00:30<00:09,  5.50it/s]
dan: epoch 3:  75%|███████▍  | 152/203 [00:30<00:09,  5.52it/s]
dan: epoch 3:  75%|███████▌  | 153/203 [00:30<00:08,  5.57it/s]
dan: epoch 3:  76%|███████▌  | 154/203 [00:30<00:08,  5.58it/s]
dan: epoch 3:  76%|███████▋  | 155/203 [00:31<00:08,  5.54it/s]
dan: epoch 3:  77%|███████▋  | 156/203 [00:31<00:08,  5.59it/s]
dan: epoch 3:  77%|███████▋  | 157/203 [00:31<00:08,  5.60it/s]
dan: epoch 3:  78%|███████▊  | 158/203 [00:31<00:08,  5.62it/s]
dan: epoch 3:  78%|███████▊  | 159/203 [00:31<00:07,  5.74it/s]
dan: epoch 3:  79%|███████▉  | 160/203 [00:31<00:07,  5.53it/s]
dan: epoch 3:  79%|███████▉  | 161/203 [00:32<00:07,  5.64it/s]
dan: epoch 3:  80%|███████▉  | 162/203 [00:32<00:07,  5.50it/s]
dan: epoch 3:  80%|████████  | 163/203 [00:32<00:06,  5.75it/s]
dan: epoch 3:  81%|████████  | 164/203 [00:32<00:06,  5.66it/s]
dan: epoch 3:  81%|████████▏ | 165/203 [00:32<00:06,  5.72it/s]
dan: epoch 3:  82%|████████▏ | 166/203 [00:33<00:06,  5.51it/s]
dan: epoch 3:  82%|████████▏ | 167/203 [00:33<00:06,  5.36it/s]
dan: epoch 3:  83%|████████▎ | 168/203 [00:33<00:06,  5.19it/s]
dan: epoch 3:  83%|████████▎ | 169/203 [00:33<00:07,  4.76it/s]
dan: epoch 3:  84%|████████▎ | 170/203 [00:33<00:07,  4.66it/s]
dan: epoch 3:  84%|████████▍ | 171/203 [00:34<00:06,  4.63it/s]
dan: epoch 3:  85%|████████▍ | 172/203 [00:34<00:06,  4.45it/s]
dan: epoch 3:  85%|████████▌ | 173/203 [00:34<00:06,  4.42it/s]
dan: epoch 3:  86%|████████▌ | 174/203 [00:34<00:07,  3.98it/s]
dan: epoch 3:  86%|████████▌ | 175/203 [00:35<00:06,  4.16it/s]
dan: epoch 3:  87%|████████▋ | 176/203 [00:35<00:06,  4.14it/s]
dan: epoch 3:  87%|████████▋ | 177/203 [00:35<00:06,  4.16it/s]
dan: epoch 3:  88%|████████▊ | 178/203 [00:35<00:06,  3.99it/s]
dan: epoch 3:  88%|████████▊ | 179/203 [00:36<00:05,  4.09it/s]
dan: epoch 3:  89%|████████▊ | 180/203 [00:36<00:05,  3.84it/s]
dan: epoch 3:  89%|████████▉ | 181/203 [00:36<00:05,  4.05it/s]
dan: epoch 3:  90%|████████▉ | 182/203 [00:36<00:05,  3.78it/s]
dan: epoch 3:  90%|█████████ | 183/203 [00:37<00:04,  4.09it/s]
dan: epoch 3:  91%|█████████ | 184/203 [00:37<00:04,  4.14it/s]
dan: epoch 3:  91%|█████████ | 185/203 [00:37<00:04,  4.41it/s]
dan: epoch 3:  92%|█████████▏| 186/203 [00:37<00:04,  3.87it/s]
dan: epoch 3:  92%|█████████▏| 187/203 [00:38<00:03,  4.23it/s]
dan: epoch 3:  93%|█████████▎| 188/203 [00:38<00:03,  4.28it/s]
dan: epoch 3:  93%|█████████▎| 189/203 [00:38<00:03,  4.30it/s]
dan: epoch 3:  94%|█████████▎| 190/203 [00:38<00:02,  4.58it/s]
dan: epoch 3:  94%|█████████▍| 191/203 [00:38<00:02,  4.68it/s]
dan: epoch 3:  95%|█████████▍| 192/203 [00:39<00:02,  4.98it/s]
dan: epoch 3:  95%|█████████▌| 193/203 [00:39<00:01,  5.25it/s]
dan: epoch 3:  96%|█████████▌| 194/203 [00:39<00:01,  5.48it/s]
dan: epoch 3:  96%|█████████▌| 195/203 [00:39<00:01,  5.32it/s]
dan: epoch 3:  97%|█████████▋| 196/203 [00:39<00:01,  5.42it/s]
dan: epoch 3:  97%|█████████▋| 197/203 [00:39<00:01,  5.49it/s]
dan: epoch 3:  98%|█████████▊| 198/203 [00:40<00:00,  5.63it/s]
dan: epoch 3:  98%|█████████▊| 199/203 [00:40<00:00,  5.77it/s]
dan: epoch 3:  99%|█████████▊| 200/203 [00:40<00:00,  5.63it/s]
dan: epoch 3:  99%|█████████▉| 201/203 [00:40<00:00,  5.48it/s]
dan: epoch 3: 100%|█████████▉| 202/203 [00:40<00:00,  5.73it/s]
dan: epoch 3: 100%|██████████| 203/203 [00:41<00:00,  5.76it/s]
                                                               
dan: epoch 3, source macro-f1=0.0361

dan: epoch 4:   0%|          | 0/203 [00:00<?, ?it/s]
dan: epoch 4:   0%|          | 1/203 [00:00<00:30,  6.61it/s]
dan: epoch 4:   1%|          | 2/203 [00:00<00:34,  5.90it/s]
dan: epoch 4:   1%|▏         | 3/203 [00:00<00:34,  5.84it/s]
dan: epoch 4:   2%|▏         | 4/203 [00:00<00:37,  5.26it/s]
dan: epoch 4:   2%|▏         | 5/203 [00:00<00:36,  5.38it/s]
dan: epoch 4:   3%|▎         | 6/203 [00:01<00:37,  5.31it/s]
dan: epoch 4:   3%|▎         | 7/203 [00:01<00:36,  5.42it/s]
dan: epoch 4:   4%|▍         | 8/203 [00:01<00:36,  5.32it/s]
dan: epoch 4:   4%|▍         | 9/203 [00:01<00:35,  5.44it/s]
dan: epoch 4:   5%|▍         | 10/203 [00:01<00:35,  5.49it/s]
dan: epoch 4:   5%|▌         | 11/203 [00:02<00:34,  5.49it/s]
dan: epoch 4:   6%|▌         | 12/203 [00:02<00:33,  5.62it/s]
dan: epoch 4:   6%|▋         | 13/203 [00:02<00:33,  5.66it/s]
dan: epoch 4:   7%|▋         | 14/203 [00:02<00:33,  5.59it/s]
dan: epoch 4:   7%|▋         | 15/203 [00:02<00:33,  5.69it/s]
dan: epoch 4:   8%|▊         | 16/203 [00:02<00:32,  5.78it/s]
dan: epoch 4:   8%|▊         | 17/203 [00:03<00:31,  5.87it/s]
dan: epoch 4:   9%|▉         | 18/203 [00:03<00:31,  5.91it/s]
dan: epoch 4:   9%|▉         | 19/203 [00:03<00:32,  5.61it/s]
dan: epoch 4:  10%|▉         | 20/203 [00:03<00:34,  5.35it/s]
dan: epoch 4:  10%|█         | 21/203 [00:03<00:34,  5.24it/s]
dan: epoch 4:  11%|█         | 22/203 [00:04<00:35,  5.14it/s]
dan: epoch 4:  11%|█▏        | 23/203 [00:04<00:35,  5.01it/s]
dan: epoch 4:  12%|█▏        | 24/203 [00:04<00:35,  5.11it/s]
dan: epoch 4:  12%|█▏        | 25/203 [00:04<00:37,  4.76it/s]
dan: epoch 4:  13%|█▎        | 26/203 [00:04<00:37,  4.68it/s]
dan: epoch 4:  13%|█▎        | 27/203 [00:05<00:37,  4.64it/s]
dan: epoch 4:  14%|█▍        | 28/203 [00:05<00:38,  4.54it/s]
dan: epoch 4:  14%|█▍        | 29/203 [00:05<00:38,  4.49it/s]
dan: epoch 4:  15%|█▍        | 30/203 [00:05<00:38,  4.47it/s]
dan: epoch 4:  15%|█▌        | 31/203 [00:06<00:39,  4.39it/s]
dan: epoch 4:  16%|█▌        | 32/203 [00:06<00:39,  4.37it/s]
dan: epoch 4:  16%|█▋        | 33/203 [00:06<00:40,  4.23it/s]
dan: epoch 4:  17%|█▋        | 34/203 [00:06<00:41,  4.10it/s]
dan: epoch 4:  17%|█▋        | 35/203 [00:06<00:39,  4.26it/s]
dan: epoch 4:  18%|█▊        | 36/203 [00:07<00:38,  4.33it/s]
dan: epoch 4:  18%|█▊        | 37/203 [00:07<00:37,  4.44it/s]
dan: epoch 4:  19%|█▊        | 38/203 [00:07<00:39,  4.15it/s]
dan: epoch 4:  19%|█▉        | 39/203 [00:07<00:39,  4.11it/s]
dan: epoch 4:  20%|█▉        | 40/203 [00:08<00:39,  4.12it/s]
dan: epoch 4:  20%|██        | 41/203 [00:08<00:37,  4.28it/s]
dan: epoch 4:  21%|██        | 42/203 [00:08<00:37,  4.26it/s]
dan: epoch 4:  21%|██        | 43/203 [00:08<00:33,  4.71it/s]
dan: epoch 4:  22%|██▏       | 44/203 [00:09<00:45,  3.47it/s]
dan: epoch 4:  22%|██▏       | 45/203 [00:09<00:41,  3.83it/s]
dan: epoch 4:  23%|██▎       | 46/203 [00:09<00:37,  4.19it/s]
dan: epoch 4:  23%|██▎       | 47/203 [00:09<00:35,  4.45it/s]
dan: epoch 4:  24%|██▎       | 48/203 [00:09<00:32,  4.81it/s]
dan: epoch 4:  24%|██▍       | 49/203 [00:10<00:30,  5.04it/s]
dan: epoch 4:  25%|██▍       | 50/203 [00:10<00:30,  5.10it/s]
dan: epoch 4:  25%|██▌       | 51/203 [00:10<00:29,  5.24it/s]
dan: epoch 4:  26%|██▌       | 52/203 [00:10<00:28,  5.31it/s]
dan: epoch 4:  26%|██▌       | 53/203 [00:10<00:27,  5.44it/s]
dan: epoch 4:  27%|██▋       | 54/203 [00:11<00:26,  5.69it/s]
dan: epoch 4:  27%|██▋       | 55/203 [00:11<00:26,  5.62it/s]
dan: epoch 4:  28%|██▊       | 56/203 [00:11<00:25,  5.81it/s]
dan: epoch 4:  28%|██▊       | 57/203 [00:11<00:25,  5.76it/s]
dan: epoch 4:  29%|██▊       | 58/203 [00:11<00:24,  5.89it/s]
dan: epoch 4:  29%|██▉       | 59/203 [00:11<00:24,  5.90it/s]
dan: epoch 4:  30%|██▉       | 60/203 [00:12<00:26,  5.39it/s]
dan: epoch 4:  30%|███       | 61/203 [00:12<00:26,  5.27it/s]
dan: epoch 4:  31%|███       | 62/203 [00:12<00:26,  5.33it/s]
dan: epoch 4:  31%|███       | 63/203 [00:12<00:25,  5.49it/s]
dan: epoch 4:  32%|███▏      | 64/203 [00:12<00:24,  5.59it/s]
dan: epoch 4:  32%|███▏      | 65/203 [00:13<00:24,  5.59it/s]
dan: epoch 4:  33%|███▎      | 66/203 [00:13<00:24,  5.49it/s]
dan: epoch 4:  33%|███▎      | 67/203 [00:13<00:24,  5.60it/s]
dan: epoch 4:  33%|███▎      | 68/203 [00:13<00:24,  5.55it/s]
dan: epoch 4:  34%|███▍      | 69/203 [00:13<00:23,  5.82it/s]
dan: epoch 4:  34%|███▍      | 70/203 [00:13<00:23,  5.75it/s]
dan: epoch 4:  35%|███▍      | 71/203 [00:14<00:22,  5.75it/s]
dan: epoch 4:  35%|███▌      | 72/203 [00:14<00:22,  5.72it/s]
dan: epoch 4:  36%|███▌      | 73/203 [00:14<00:23,  5.64it/s]
dan: epoch 4:  36%|███▋      | 74/203 [00:14<00:23,  5.58it/s]
dan: epoch 4:  37%|███▋      | 75/203 [00:14<00:23,  5.45it/s]
dan: epoch 4:  37%|███▋      | 76/203 [00:14<00:22,  5.53it/s]
dan: epoch 4:  38%|███▊      | 77/203 [00:15<00:22,  5.59it/s]
dan: epoch 4:  38%|███▊      | 78/203 [00:15<00:22,  5.66it/s]
dan: epoch 4:  39%|███▉      | 79/203 [00:15<00:22,  5.52it/s]
dan: epoch 4:  39%|███▉      | 80/203 [00:15<00:22,  5.51it/s]
dan: epoch 4:  40%|███▉      | 81/203 [00:15<00:21,  5.67it/s]
dan: epoch 4:  40%|████      | 82/203 [00:16<00:21,  5.60it/s]
dan: epoch 4:  41%|████      | 83/203 [00:16<00:21,  5.63it/s]
dan: epoch 4:  41%|████▏     | 84/203 [00:16<00:20,  5.74it/s]
dan: epoch 4:  42%|████▏     | 85/203 [00:16<00:20,  5.69it/s]
dan: epoch 4:  42%|████▏     | 86/203 [00:16<00:20,  5.69it/s]
dan: epoch 4:  43%|████▎     | 87/203 [00:16<00:20,  5.72it/s]
dan: epoch 4:  43%|████▎     | 88/203 [00:17<00:20,  5.71it/s]
dan: epoch 4:  44%|████▍     | 89/203 [00:17<00:19,  5.73it/s]
dan: epoch 4:  44%|████▍     | 90/203 [00:17<00:19,  5.70it/s]
dan: epoch 4:  45%|████▍     | 91/203 [00:17<00:19,  5.78it/s]
dan: epoch 4:  45%|████▌     | 92/203 [00:17<00:19,  5.82it/s]
dan: epoch 4:  46%|████▌     | 93/203 [00:17<00:18,  5.87it/s]
dan: epoch 4:  46%|████▋     | 94/203 [00:18<00:21,  5.04it/s]
dan: epoch 4:  47%|████▋     | 95/203 [00:18<00:20,  5.23it/s]
dan: epoch 4:  47%|████▋     | 96/203 [00:18<00:20,  5.25it/s]
dan: epoch 4:  48%|████▊     | 97/203 [00:18<00:19,  5.44it/s]
dan: epoch 4:  48%|████▊     | 98/203 [00:18<00:19,  5.50it/s]
dan: epoch 4:  49%|████▉     | 99/203 [00:19<00:18,  5.57it/s]
dan: epoch 4:  49%|████▉     | 100/203 [00:19<00:18,  5.66it/s]
dan: epoch 4:  50%|████▉     | 101/203 [00:19<00:18,  5.57it/s]
dan: epoch 4:  50%|█████     | 102/203 [00:19<00:18,  5.34it/s]
dan: epoch 4:  51%|█████     | 103/203 [00:19<00:18,  5.36it/s]
dan: epoch 4:  51%|█████     | 104/203 [00:20<00:20,  4.83it/s]
dan: epoch 4:  52%|█████▏    | 105/203 [00:20<00:20,  4.79it/s]
dan: epoch 4:  52%|█████▏    | 106/203 [00:20<00:21,  4.44it/s]
dan: epoch 4:  53%|█████▎    | 107/203 [00:20<00:21,  4.37it/s]
dan: epoch 4:  53%|█████▎    | 108/203 [00:21<00:22,  4.29it/s]
dan: epoch 4:  54%|█████▎    | 109/203 [00:21<00:21,  4.30it/s]
dan: epoch 4:  54%|█████▍    | 110/203 [00:21<00:20,  4.44it/s]
dan: epoch 4:  55%|█████▍    | 111/203 [00:21<00:20,  4.39it/s]
dan: epoch 4:  55%|█████▌    | 112/203 [00:21<00:21,  4.30it/s]
dan: epoch 4:  56%|█████▌    | 113/203 [00:22<00:20,  4.48it/s]
dan: epoch 4:  56%|█████▌    | 114/203 [00:22<00:20,  4.24it/s]
dan: epoch 4:  57%|█████▋    | 115/203 [00:22<00:20,  4.34it/s]
dan: epoch 4:  57%|█████▋    | 116/203 [00:22<00:21,  3.98it/s]
dan: epoch 4:  58%|█████▊    | 117/203 [00:23<00:20,  4.19it/s]
dan: epoch 4:  58%|█████▊    | 118/203 [00:23<00:21,  3.96it/s]
dan: epoch 4:  59%|█████▊    | 119/203 [00:23<00:20,  4.16it/s]
dan: epoch 4:  59%|█████▉    | 120/203 [00:23<00:19,  4.24it/s]
dan: epoch 4:  60%|█████▉    | 121/203 [00:24<00:19,  4.22it/s]
dan: epoch 4:  60%|██████    | 122/203 [00:24<00:18,  4.29it/s]
dan: epoch 4:  61%|██████    | 123/203 [00:24<00:17,  4.48it/s]
dan: epoch 4:  61%|██████    | 124/203 [00:24<00:19,  4.14it/s]
dan: epoch 4:  62%|██████▏   | 125/203 [00:25<00:17,  4.39it/s]
dan: epoch 4:  62%|██████▏   | 126/203 [00:25<00:16,  4.63it/s]
dan: epoch 4:  63%|██████▎   | 127/203 [00:25<00:15,  4.79it/s]
dan: epoch 4:  63%|██████▎   | 128/203 [00:25<00:15,  4.99it/s]
dan: epoch 4:  64%|██████▎   | 129/203 [00:25<00:14,  5.27it/s]
dan: epoch 4:  64%|██████▍   | 130/203 [00:25<00:13,  5.32it/s]
dan: epoch 4:  65%|██████▍   | 131/203 [00:26<00:13,  5.51it/s]
dan: epoch 4:  65%|██████▌   | 132/203 [00:26<00:12,  5.64it/s]
dan: epoch 4:  66%|██████▌   | 133/203 [00:26<00:12,  5.63it/s]
dan: epoch 4:  66%|██████▌   | 134/203 [00:26<00:12,  5.61it/s]
dan: epoch 4:  67%|██████▋   | 135/203 [00:26<00:12,  5.51it/s]
dan: epoch 4:  67%|██████▋   | 136/203 [00:26<00:11,  5.69it/s]
dan: epoch 4:  67%|██████▋   | 137/203 [00:27<00:11,  5.68it/s]
dan: epoch 4:  68%|██████▊   | 138/203 [00:27<00:11,  5.64it/s]
dan: epoch 4:  68%|██████▊   | 139/203 [00:27<00:11,  5.62it/s]
dan: epoch 4:  69%|██████▉   | 140/203 [00:27<00:11,  5.69it/s]
dan: epoch 4:  69%|██████▉   | 141/203 [00:27<00:10,  5.71it/s]
dan: epoch 4:  70%|██████▉   | 142/203 [00:28<00:10,  5.71it/s]
dan: epoch 4:  70%|███████   | 143/203 [00:28<00:10,  5.64it/s]
dan: epoch 4:  71%|███████   | 144/203 [00:28<00:10,  5.66it/s]
dan: epoch 4:  71%|███████▏  | 145/203 [00:28<00:10,  5.71it/s]
dan: epoch 4:  72%|███████▏  | 146/203 [00:28<00:09,  5.80it/s]
dan: epoch 4:  72%|███████▏  | 147/203 [00:28<00:09,  5.72it/s]
dan: epoch 4:  73%|███████▎  | 148/203 [00:29<00:09,  5.72it/s]
dan: epoch 4:  73%|███████▎  | 149/203 [00:29<00:09,  5.74it/s]
dan: epoch 4:  74%|███████▍  | 150/203 [00:29<00:09,  5.71it/s]
dan: epoch 4:  74%|███████▍  | 151/203 [00:29<00:09,  5.66it/s]
dan: epoch 4:  75%|███████▍  | 152/203 [00:29<00:09,  5.62it/s]
dan: epoch 4:  75%|███████▌  | 153/203 [00:29<00:08,  5.76it/s]
dan: epoch 4:  76%|███████▌  | 154/203 [00:30<00:08,  5.85it/s]
dan: epoch 4:  76%|███████▋  | 155/203 [00:30<00:08,  5.79it/s]
dan: epoch 4:  77%|███████▋  | 156/203 [00:30<00:07,  5.97it/s]
dan: epoch 4:  77%|███████▋  | 157/203 [00:30<00:08,  5.67it/s]
dan: epoch 4:  78%|███████▊  | 158/203 [00:30<00:07,  5.77it/s]
dan: epoch 4:  78%|███████▊  | 159/203 [00:31<00:07,  5.68it/s]
dan: epoch 4:  79%|███████▉  | 160/203 [00:31<00:07,  5.81it/s]
dan: epoch 4:  79%|███████▉  | 161/203 [00:31<00:07,  5.77it/s]
dan: epoch 4:  80%|███████▉  | 162/203 [00:31<00:07,  5.76it/s]
dan: epoch 4:  80%|████████  | 163/203 [00:31<00:07,  5.64it/s]
dan: epoch 4:  81%|████████  | 164/203 [00:31<00:06,  5.73it/s]
dan: epoch 4:  81%|████████▏ | 165/203 [00:32<00:06,  5.84it/s]
dan: epoch 4:  82%|████████▏ | 166/203 [00:32<00:06,  5.75it/s]
dan: epoch 4:  82%|████████▏ | 167/203 [00:32<00:06,  5.72it/s]
dan: epoch 4:  83%|████████▎ | 168/203 [00:32<00:06,  5.62it/s]
dan: epoch 4:  83%|████████▎ | 169/203 [00:32<00:06,  5.56it/s]
dan: epoch 4:  84%|████████▎ | 170/203 [00:32<00:05,  5.52it/s]
dan: epoch 4:  84%|████████▍ | 171/203 [00:33<00:05,  5.61it/s]
dan: epoch 4:  85%|████████▍ | 172/203 [00:33<00:05,  5.74it/s]
dan: epoch 4:  85%|████████▌ | 173/203 [00:33<00:05,  5.62it/s]
dan: epoch 4:  86%|████████▌ | 174/203 [00:33<00:05,  5.60it/s]
dan: epoch 4:  86%|████████▌ | 175/203 [00:33<00:05,  5.59it/s]
dan: epoch 4:  87%|████████▋ | 176/203 [00:34<00:05,  5.39it/s]
dan: epoch 4:  87%|████████▋ | 177/203 [00:34<00:04,  5.35it/s]
dan: epoch 4:  88%|████████▊ | 178/203 [00:34<00:04,  5.27it/s]
dan: epoch 4:  88%|████████▊ | 179/203 [00:34<00:04,  5.35it/s]
dan: epoch 4:  89%|████████▊ | 180/203 [00:34<00:04,  5.57it/s]
dan: epoch 4:  89%|████████▉ | 181/203 [00:34<00:03,  5.72it/s]
dan: epoch 4:  90%|████████▉ | 182/203 [00:35<00:03,  5.52it/s]
dan: epoch 4:  90%|█████████ | 183/203 [00:35<00:03,  5.30it/s]
dan: epoch 4:  91%|█████████ | 184/203 [00:35<00:03,  5.23it/s]
dan: epoch 4:  91%|█████████ | 185/203 [00:35<00:03,  5.08it/s]
dan: epoch 4:  92%|█████████▏| 186/203 [00:35<00:03,  4.87it/s]
dan: epoch 4:  92%|█████████▏| 187/203 [00:36<00:03,  4.78it/s]
dan: epoch 4:  93%|█████████▎| 188/203 [00:36<00:03,  4.61it/s]
dan: epoch 4:  93%|█████████▎| 189/203 [00:36<00:03,  4.58it/s]
dan: epoch 4:  94%|█████████▎| 190/203 [00:36<00:02,  4.48it/s]
dan: epoch 4:  94%|█████████▍| 191/203 [00:37<00:02,  4.54it/s]
dan: epoch 4:  95%|█████████▍| 192/203 [00:37<00:02,  4.64it/s]
dan: epoch 4:  95%|█████████▌| 193/203 [00:37<00:02,  4.96it/s]
dan: epoch 4:  96%|█████████▌| 194/203 [00:37<00:01,  4.71it/s]
dan: epoch 4:  96%|█████████▌| 195/203 [00:37<00:01,  4.49it/s]
dan: epoch 4:  97%|█████████▋| 196/203 [00:38<00:01,  4.56it/s]
dan: epoch 4:  97%|█████████▋| 197/203 [00:38<00:01,  4.00it/s]
dan: epoch 4:  98%|█████████▊| 198/203 [00:38<00:01,  4.25it/s]
dan: epoch 4:  98%|█████████▊| 199/203 [00:38<00:01,  3.90it/s]
dan: epoch 4:  99%|█████████▊| 200/203 [00:39<00:00,  4.17it/s]
dan: epoch 4:  99%|█████████▉| 201/203 [00:39<00:00,  3.87it/s]
dan: epoch 4: 100%|█████████▉| 202/203 [00:39<00:00,  3.85it/s]
dan: epoch 4: 100%|██████████| 203/203 [00:39<00:00,  4.11it/s]
                                                               
dan: epoch 4, source macro-f1=0.0507

dan: epoch 5:   0%|          | 0/203 [00:00<?, ?it/s]
dan: epoch 5:   0%|          | 1/203 [00:00<00:31,  6.33it/s]
dan: epoch 5:   1%|          | 2/203 [00:00<00:31,  6.35it/s]
dan: epoch 5:   1%|▏         | 3/203 [00:00<00:31,  6.28it/s]
dan: epoch 5:   2%|▏         | 4/203 [00:00<00:45,  4.33it/s]
dan: epoch 5:   2%|▏         | 5/203 [00:01<00:50,  3.95it/s]
dan: epoch 5:   3%|▎         | 6/203 [00:01<00:44,  4.41it/s]
dan: epoch 5:   3%|▎         | 7/203 [00:01<00:40,  4.84it/s]
dan: epoch 5:   4%|▍         | 8/203 [00:01<00:38,  5.07it/s]
dan: epoch 5:   4%|▍         | 9/203 [00:01<00:36,  5.38it/s]
dan: epoch 5:   5%|▍         | 10/203 [00:01<00:34,  5.57it/s]
dan: epoch 5:   5%|▌         | 11/203 [00:02<00:33,  5.66it/s]
dan: epoch 5:   6%|▌         | 12/203 [00:02<00:34,  5.58it/s]
dan: epoch 5:   6%|▋         | 13/203 [00:02<00:33,  5.60it/s]
dan: epoch 5:   7%|▋         | 14/203 [00:02<00:33,  5.62it/s]
dan: epoch 5:   7%|▋         | 15/203 [00:02<00:33,  5.60it/s]
dan: epoch 5:   8%|▊         | 16/203 [00:03<00:33,  5.52it/s]
dan: epoch 5:   8%|▊         | 17/203 [00:03<00:32,  5.78it/s]
dan: epoch 5:   9%|▉         | 18/203 [00:03<00:32,  5.73it/s]
dan: epoch 5:   9%|▉         | 19/203 [00:03<00:31,  5.75it/s]
dan: epoch 5:  10%|▉         | 20/203 [00:03<00:31,  5.76it/s]
dan: epoch 5:  10%|█         | 21/203 [00:03<00:31,  5.80it/s]
dan: epoch 5:  11%|█         | 22/203 [00:04<00:31,  5.82it/s]
dan: epoch 5:  11%|█▏        | 23/203 [00:04<00:30,  5.89it/s]
dan: epoch 5:  12%|█▏        | 24/203 [00:04<00:32,  5.46it/s]
dan: epoch 5:  12%|█▏        | 25/203 [00:04<00:32,  5.43it/s]
dan: epoch 5:  13%|█▎        | 26/203 [00:04<00:32,  5.44it/s]
dan: epoch 5:  13%|█▎        | 27/203 [00:04<00:31,  5.58it/s]
dan: epoch 5:  14%|█▍        | 28/203 [00:05<00:30,  5.72it/s]
dan: epoch 5:  14%|█▍        | 29/203 [00:05<00:31,  5.60it/s]
dan: epoch 5:  15%|█▍        | 30/203 [00:05<00:30,  5.69it/s]
dan: epoch 5:  15%|█▌        | 31/203 [00:05<00:30,  5.65it/s]
dan: epoch 5:  16%|█▌        | 32/203 [00:05<00:30,  5.65it/s]
dan: epoch 5:  16%|█▋        | 33/203 [00:06<00:29,  5.71it/s]
dan: epoch 5:  17%|█▋        | 34/203 [00:06<00:30,  5.50it/s]
dan: epoch 5:  17%|█▋        | 35/203 [00:06<00:30,  5.51it/s]
dan: epoch 5:  18%|█▊        | 36/203 [00:06<00:29,  5.65it/s]
dan: epoch 5:  18%|█▊        | 37/203 [00:06<00:30,  5.53it/s]
dan: epoch 5:  19%|█▊        | 38/203 [00:06<00:29,  5.55it/s]
dan: epoch 5:  19%|█▉        | 39/203 [00:07<00:31,  5.28it/s]
dan: epoch 5:  20%|█▉        | 40/203 [00:07<00:30,  5.28it/s]
dan: epoch 5:  20%|██        | 41/203 [00:07<00:33,  4.83it/s]
dan: epoch 5:  21%|██        | 42/203 [00:07<00:33,  4.86it/s]
dan: epoch 5:  21%|██        | 43/203 [00:07<00:32,  4.94it/s]
dan: epoch 5:  22%|██▏       | 44/203 [00:08<00:34,  4.64it/s]
dan: epoch 5:  22%|██▏       | 45/203 [00:08<00:35,  4.40it/s]
dan: epoch 5:  23%|██▎       | 46/203 [00:08<00:36,  4.28it/s]
dan: epoch 5:  23%|██▎       | 47/203 [00:08<00:33,  4.61it/s]
dan: epoch 5:  24%|██▎       | 48/203 [00:09<00:34,  4.46it/s]
dan: epoch 5:  24%|██▍       | 49/203 [00:09<00:33,  4.55it/s]
dan: epoch 5:  25%|██▍       | 50/203 [00:09<00:34,  4.42it/s]
dan: epoch 5:  25%|██▌       | 51/203 [00:09<00:34,  4.47it/s]
dan: epoch 5:  26%|██▌       | 52/203 [00:10<00:33,  4.48it/s]
dan: epoch 5:  26%|██▌       | 53/203 [00:10<00:33,  4.50it/s]
dan: epoch 5:  27%|██▋       | 54/203 [00:10<00:38,  3.90it/s]
dan: epoch 5:  27%|██▋       | 55/203 [00:10<00:35,  4.17it/s]
dan: epoch 5:  28%|██▊       | 56/203 [00:11<00:35,  4.19it/s]
dan: epoch 5:  28%|██▊       | 57/203 [00:11<00:34,  4.21it/s]
dan: epoch 5:  29%|██▊       | 58/203 [00:11<00:33,  4.38it/s]
dan: epoch 5:  29%|██▉       | 59/203 [00:11<00:38,  3.76it/s]
dan: epoch 5:  30%|██▉       | 60/203 [00:12<00:35,  4.02it/s]
dan: epoch 5:  30%|███       | 61/203 [00:12<00:34,  4.07it/s]
dan: epoch 5:  31%|███       | 62/203 [00:12<00:34,  4.12it/s]
dan: epoch 5:  31%|███       | 63/203 [00:12<00:32,  4.34it/s]
dan: epoch 5:  32%|███▏      | 64/203 [00:12<00:29,  4.63it/s]
dan: epoch 5:  32%|███▏      | 65/203 [00:13<00:29,  4.73it/s]
dan: epoch 5:  33%|███▎      | 66/203 [00:13<00:27,  5.01it/s]
dan: epoch 5:  33%|███▎      | 67/203 [00:13<00:26,  5.16it/s]
dan: epoch 5:  33%|███▎      | 68/203 [00:13<00:25,  5.33it/s]
dan: epoch 5:  34%|███▍      | 69/203 [00:13<00:24,  5.44it/s]
dan: epoch 5:  34%|███▍      | 70/203 [00:13<00:24,  5.37it/s]
dan: epoch 5:  35%|███▍      | 71/203 [00:14<00:23,  5.52it/s]
dan: epoch 5:  35%|███▌      | 72/203 [00:14<00:23,  5.65it/s]
dan: epoch 5:  36%|███▌      | 73/203 [00:14<00:22,  5.71it/s]
dan: epoch 5:  36%|███▋      | 74/203 [00:14<00:22,  5.63it/s]
dan: epoch 5:  37%|███▋      | 75/203 [00:14<00:22,  5.68it/s]
dan: epoch 5:  37%|███▋      | 76/203 [00:15<00:21,  5.83it/s]
dan: epoch 5:  38%|███▊      | 77/203 [00:15<00:21,  5.78it/s]
dan: epoch 5:  38%|███▊      | 78/203 [00:15<00:21,  5.78it/s]
dan: epoch 5:  39%|███▉      | 79/203 [00:15<00:22,  5.55it/s]
dan: epoch 5:  39%|███▉      | 80/203 [00:15<00:22,  5.56it/s]
dan: epoch 5:  40%|███▉      | 81/203 [00:15<00:22,  5.49it/s]
dan: epoch 5:  40%|████      | 82/203 [00:16<00:22,  5.47it/s]
dan: epoch 5:  41%|████      | 83/203 [00:16<00:22,  5.36it/s]
dan: epoch 5:  41%|████▏     | 84/203 [00:16<00:21,  5.49it/s]
dan: epoch 5:  42%|████▏     | 85/203 [00:16<00:21,  5.50it/s]
dan: epoch 5:  42%|████▏     | 86/203 [00:16<00:20,  5.61it/s]
dan: epoch 5:  43%|████▎     | 87/203 [00:17<00:21,  5.44it/s]
dan: epoch 5:  43%|████▎     | 88/203 [00:17<00:21,  5.43it/s]
dan: epoch 5:  44%|████▍     | 89/203 [00:17<00:20,  5.51it/s]
dan: epoch 5:  44%|████▍     | 90/203 [00:17<00:20,  5.62it/s]
dan: epoch 5:  45%|████▍     | 91/203 [00:17<00:19,  5.75it/s]
dan: epoch 5:  45%|████▌     | 92/203 [00:17<00:19,  5.75it/s]
dan: epoch 5:  46%|████▌     | 93/203 [00:18<00:19,  5.73it/s]
dan: epoch 5:  46%|████▋     | 94/203 [00:18<00:18,  5.76it/s]
dan: epoch 5:  47%|████▋     | 95/203 [00:18<00:18,  5.91it/s]
dan: epoch 5:  47%|████▋     | 96/203 [00:18<00:18,  5.94it/s]
dan: epoch 5:  48%|████▊     | 97/203 [00:18<00:18,  5.70it/s]
dan: epoch 5:  48%|████▊     | 98/203 [00:18<00:18,  5.76it/s]
dan: epoch 5:  49%|████▉     | 99/203 [00:19<00:18,  5.70it/s]
dan: epoch 5:  49%|████▉     | 100/203 [00:19<00:18,  5.68it/s]
dan: epoch 5:  50%|████▉     | 101/203 [00:19<00:18,  5.62it/s]
dan: epoch 5:  50%|█████     | 102/203 [00:19<00:18,  5.59it/s]
dan: epoch 5:  51%|█████     | 103/203 [00:19<00:17,  5.76it/s]
dan: epoch 5:  51%|█████     | 104/203 [00:19<00:17,  5.62it/s]
dan: epoch 5:  52%|█████▏    | 105/203 [00:20<00:17,  5.65it/s]
dan: epoch 5:  52%|█████▏    | 106/203 [00:20<00:17,  5.54it/s]
dan: epoch 5:  53%|█████▎    | 107/203 [00:20<00:16,  5.69it/s]
dan: epoch 5:  53%|█████▎    | 108/203 [00:20<00:16,  5.71it/s]
dan: epoch 5:  54%|█████▎    | 109/203 [00:20<00:17,  5.39it/s]
dan: epoch 5:  54%|█████▍    | 110/203 [00:21<00:17,  5.37it/s]
dan: epoch 5:  55%|█████▍    | 111/203 [00:21<00:17,  5.39it/s]
dan: epoch 5:  55%|█████▌    | 112/203 [00:21<00:17,  5.31it/s]
dan: epoch 5:  56%|█████▌    | 113/203 [00:21<00:16,  5.44it/s]
dan: epoch 5:  56%|█████▌    | 114/203 [00:21<00:16,  5.45it/s]
dan: epoch 5:  57%|█████▋    | 115/203 [00:21<00:15,  5.66it/s]
dan: epoch 5:  57%|█████▋    | 116/203 [00:22<00:15,  5.73it/s]
dan: epoch 5:  58%|█████▊    | 117/203 [00:22<00:14,  5.84it/s]
dan: epoch 5:  58%|█████▊    | 118/203 [00:22<00:14,  5.74it/s]
dan: epoch 5:  59%|█████▊    | 119/203 [00:22<00:15,  5.52it/s]
dan: epoch 5:  59%|█████▉    | 120/203 [00:22<00:16,  5.15it/s]
dan: epoch 5:  60%|█████▉    | 121/203 [00:23<00:16,  5.06it/s]
dan: epoch 5:  60%|██████    | 122/203 [00:23<00:15,  5.14it/s]
dan: epoch 5:  61%|██████    | 123/203 [00:23<00:15,  5.09it/s]
dan: epoch 5:  61%|██████    | 124/203 [00:23<00:15,  5.01it/s]
dan: epoch 5:  62%|██████▏   | 125/203 [00:24<00:18,  4.11it/s]
dan: epoch 5:  62%|██████▏   | 126/203 [00:24<00:18,  4.17it/s]
dan: epoch 5:  63%|██████▎   | 127/203 [00:24<00:18,  4.18it/s]
dan: epoch 5:  63%|██████▎   | 128/203 [00:24<00:17,  4.33it/s]
dan: epoch 5:  64%|██████▎   | 129/203 [00:24<00:17,  4.28it/s]
dan: epoch 5:  64%|██████▍   | 130/203 [00:25<00:17,  4.08it/s]
dan: epoch 5:  65%|██████▍   | 131/203 [00:25<00:16,  4.25it/s]
dan: epoch 5:  65%|██████▌   | 132/203 [00:25<00:16,  4.30it/s]
dan: epoch 5:  66%|██████▌   | 133/203 [00:25<00:17,  4.05it/s]
dan: epoch 5:  66%|██████▌   | 134/203 [00:26<00:16,  4.09it/s]
dan: epoch 5:  67%|██████▋   | 135/203 [00:26<00:19,  3.57it/s]
dan: epoch 5:  67%|██████▋   | 136/203 [00:26<00:17,  3.86it/s]
dan: epoch 5:  67%|██████▋   | 137/203 [00:27<00:16,  3.89it/s]
dan: epoch 5:  68%|██████▊   | 138/203 [00:27<00:16,  4.04it/s]
dan: epoch 5:  68%|██████▊   | 139/203 [00:27<00:15,  4.18it/s]
dan: epoch 5:  69%|██████▉   | 140/203 [00:27<00:15,  4.19it/s]
dan: epoch 5:  69%|██████▉   | 141/203 [00:27<00:13,  4.53it/s]
dan: epoch 5:  70%|██████▉   | 142/203 [00:28<00:13,  4.57it/s]
dan: epoch 5:  70%|███████   | 143/203 [00:28<00:12,  4.67it/s]
dan: epoch 5:  71%|███████   | 144/203 [00:28<00:11,  4.94it/s]
dan: epoch 5:  71%|███████▏  | 145/203 [00:28<00:11,  5.16it/s]
dan: epoch 5:  72%|███████▏  | 146/203 [00:28<00:11,  5.13it/s]
dan: epoch 5:  72%|███████▏  | 147/203 [00:29<00:10,  5.43it/s]
dan: epoch 5:  73%|███████▎  | 148/203 [00:29<00:10,  5.47it/s]
dan: epoch 5:  73%|███████▎  | 149/203 [00:29<00:09,  5.61it/s]
dan: epoch 5:  74%|███████▍  | 150/203 [00:29<00:09,  5.68it/s]
dan: epoch 5:  74%|███████▍  | 151/203 [00:29<00:09,  5.68it/s]
dan: epoch 5:  75%|███████▍  | 152/203 [00:29<00:09,  5.62it/s]
dan: epoch 5:  75%|███████▌  | 153/203 [00:30<00:08,  5.77it/s]
dan: epoch 5:  76%|███████▌  | 154/203 [00:30<00:08,  5.74it/s]
dan: epoch 5:  76%|███████▋  | 155/203 [00:30<00:08,  5.58it/s]
dan: epoch 5:  77%|███████▋  | 156/203 [00:30<00:08,  5.55it/s]
dan: epoch 5:  77%|███████▋  | 157/203 [00:30<00:08,  5.73it/s]
dan: epoch 5:  78%|███████▊  | 158/203 [00:30<00:08,  5.54it/s]
dan: epoch 5:  78%|███████▊  | 159/203 [00:31<00:07,  5.55it/s]
dan: epoch 5:  79%|███████▉  | 160/203 [00:31<00:07,  5.54it/s]
dan: epoch 5:  79%|███████▉  | 161/203 [00:31<00:07,  5.60it/s]
dan: epoch 5:  80%|███████▉  | 162/203 [00:31<00:07,  5.67it/s]
dan: epoch 5:  80%|████████  | 163/203 [00:31<00:07,  5.70it/s]
dan: epoch 5:  81%|████████  | 164/203 [00:32<00:06,  5.75it/s]
dan: epoch 5:  81%|████████▏ | 165/203 [00:32<00:06,  5.96it/s]
dan: epoch 5:  82%|████████▏ | 166/203 [00:32<00:06,  6.03it/s]
dan: epoch 5:  82%|████████▏ | 167/203 [00:32<00:07,  4.68it/s]
dan: epoch 5:  83%|████████▎ | 168/203 [00:32<00:07,  4.88it/s]
dan: epoch 5:  83%|████████▎ | 169/203 [00:33<00:06,  4.93it/s]
dan: epoch 5:  84%|████████▎ | 170/203 [00:33<00:06,  4.99it/s]
dan: epoch 5:  84%|████████▍ | 171/203 [00:33<00:06,  5.23it/s]
dan: epoch 5:  85%|████████▍ | 172/203 [00:33<00:05,  5.48it/s]
dan: epoch 5:  85%|████████▌ | 173/203 [00:33<00:05,  5.56it/s]
dan: epoch 5:  86%|████████▌ | 174/203 [00:33<00:05,  5.72it/s]
dan: epoch 5:  86%|████████▌ | 175/203 [00:34<00:04,  5.61it/s]
dan: epoch 5:  87%|████████▋ | 176/203 [00:34<00:04,  5.56it/s]
dan: epoch 5:  87%|████████▋ | 177/203 [00:34<00:04,  5.48it/s]
dan: epoch 5:  88%|████████▊ | 178/203 [00:34<00:04,  5.62it/s]
dan: epoch 5:  88%|████████▊ | 179/203 [00:34<00:04,  5.73it/s]
dan: epoch 5:  89%|████████▊ | 180/203 [00:34<00:03,  5.75it/s]
dan: epoch 5:  89%|████████▉ | 181/203 [00:35<00:03,  5.60it/s]
dan: epoch 5:  90%|████████▉ | 182/203 [00:35<00:03,  5.68it/s]
dan: epoch 5:  90%|█████████ | 183/203 [00:35<00:03,  5.45it/s]
dan: epoch 5:  91%|█████████ | 184/203 [00:35<00:03,  5.62it/s]
dan: epoch 5:  91%|█████████ | 185/203 [00:35<00:03,  5.53it/s]
dan: epoch 5:  92%|█████████▏| 186/203 [00:36<00:03,  5.54it/s]
dan: epoch 5:  92%|█████████▏| 187/203 [00:36<00:02,  5.73it/s]
dan: epoch 5:  93%|█████████▎| 188/203 [00:36<00:02,  5.81it/s]
dan: epoch 5:  93%|█████████▎| 189/203 [00:36<00:02,  5.94it/s]
dan: epoch 5:  94%|█████████▎| 190/203 [00:36<00:02,  6.00it/s]
dan: epoch 5:  94%|█████████▍| 191/203 [00:36<00:02,  5.15it/s]
dan: epoch 5:  95%|█████████▍| 192/203 [00:37<00:02,  5.36it/s]
dan: epoch 5:  95%|█████████▌| 193/203 [00:37<00:01,  5.40it/s]
dan: epoch 5:  96%|█████████▌| 194/203 [00:37<00:01,  5.45it/s]
dan: epoch 5:  96%|█████████▌| 195/203 [00:37<00:01,  5.64it/s]
dan: epoch 5:  97%|█████████▋| 196/203 [00:37<00:01,  5.63it/s]
dan: epoch 5:  97%|█████████▋| 197/203 [00:38<00:01,  5.58it/s]
dan: epoch 5:  98%|█████████▊| 198/203 [00:38<00:00,  5.40it/s]
dan: epoch 5:  98%|█████████▊| 199/203 [00:38<00:00,  5.03it/s]
dan: epoch 5:  99%|█████████▊| 200/203 [00:38<00:00,  4.82it/s]
dan: epoch 5:  99%|█████████▉| 201/203 [00:38<00:00,  4.67it/s]
dan: epoch 5: 100%|█████████▉| 202/203 [00:39<00:00,  4.83it/s]
dan: epoch 5: 100%|██████████| 203/203 [00:39<00:00,  4.35it/s]
                                                               
dan: epoch 5, source macro-f1=0.0507

dan: epoch 6:   0%|          | 0/203 [00:00<?, ?it/s]
dan: epoch 6:   0%|          | 1/203 [00:00<00:32,  6.29it/s]
dan: epoch 6:   1%|          | 2/203 [00:00<00:31,  6.45it/s]
dan: epoch 6:   1%|▏         | 3/203 [00:00<00:31,  6.27it/s]
dan: epoch 6:   2%|▏         | 4/203 [00:00<00:32,  6.07it/s]
dan: epoch 6:   2%|▏         | 5/203 [00:00<00:32,  6.15it/s]
dan: epoch 6:   3%|▎         | 6/203 [00:01<00:36,  5.44it/s]
dan: epoch 6:   3%|▎         | 7/203 [00:01<00:35,  5.55it/s]
dan: epoch 6:   4%|▍         | 8/203 [00:01<00:35,  5.53it/s]
dan: epoch 6:   4%|▍         | 9/203 [00:01<00:34,  5.65it/s]
dan: epoch 6:   5%|▍         | 10/203 [00:01<00:35,  5.37it/s]
dan: epoch 6:   5%|▌         | 11/203 [00:01<00:35,  5.38it/s]
dan: epoch 6:   6%|▌         | 12/203 [00:02<00:34,  5.46it/s]
dan: epoch 6:   6%|▋         | 13/203 [00:02<00:34,  5.48it/s]
dan: epoch 6:   7%|▋         | 14/203 [00:02<00:34,  5.48it/s]
dan: epoch 6:   7%|▋         | 15/203 [00:02<00:33,  5.64it/s]
dan: epoch 6:   8%|▊         | 16/203 [00:02<00:33,  5.57it/s]
dan: epoch 6:   8%|▊         | 17/203 [00:03<00:32,  5.71it/s]
dan: epoch 6:   9%|▉         | 18/203 [00:03<00:33,  5.59it/s]
dan: epoch 6:   9%|▉         | 19/203 [00:03<00:32,  5.66it/s]
dan: epoch 6:  10%|▉         | 20/203 [00:03<00:32,  5.62it/s]
dan: epoch 6:  10%|█         | 21/203 [00:03<00:32,  5.64it/s]
dan: epoch 6:  11%|█         | 22/203 [00:03<00:32,  5.62it/s]
dan: epoch 6:  11%|█▏        | 23/203 [00:04<00:31,  5.73it/s]
dan: epoch 6:  12%|█▏        | 24/203 [00:04<00:30,  5.79it/s]
dan: epoch 6:  12%|█▏        | 25/203 [00:04<00:30,  5.80it/s]
dan: epoch 6:  13%|█▎        | 26/203 [00:04<00:30,  5.81it/s]
dan: epoch 6:  13%|█▎        | 27/203 [00:04<00:31,  5.56it/s]
dan: epoch 6:  14%|█▍        | 28/203 [00:04<00:31,  5.55it/s]
dan: epoch 6:  14%|█▍        | 29/203 [00:05<00:30,  5.66it/s]
dan: epoch 6:  15%|█▍        | 30/203 [00:05<00:31,  5.56it/s]
dan: epoch 6:  15%|█▌        | 31/203 [00:05<00:30,  5.61it/s]
dan: epoch 6:  16%|█▌        | 32/203 [00:05<00:29,  5.80it/s]
dan: epoch 6:  16%|█▋        | 33/203 [00:05<00:29,  5.80it/s]
dan: epoch 6:  17%|█▋        | 34/203 [00:05<00:29,  5.70it/s]
dan: epoch 6:  17%|█▋        | 35/203 [00:06<00:29,  5.63it/s]
dan: epoch 6:  18%|█▊        | 36/203 [00:06<00:28,  5.77it/s]
dan: epoch 6:  18%|█▊        | 37/203 [00:06<00:28,  5.79it/s]
dan: epoch 6:  19%|█▊        | 38/203 [00:06<00:28,  5.82it/s]
dan: epoch 6:  19%|█▉        | 39/203 [00:06<00:29,  5.53it/s]
dan: epoch 6:  20%|█▉        | 40/203 [00:07<00:30,  5.27it/s]
dan: epoch 6:  20%|██        | 41/203 [00:07<00:29,  5.44it/s]
dan: epoch 6:  21%|██        | 42/203 [00:07<00:29,  5.43it/s]
dan: epoch 6:  21%|██        | 43/203 [00:07<00:28,  5.55it/s]
dan: epoch 6:  22%|██▏       | 44/203 [00:07<00:28,  5.50it/s]
dan: epoch 6:  22%|██▏       | 45/203 [00:07<00:28,  5.55it/s]
dan: epoch 6:  23%|██▎       | 46/203 [00:08<00:28,  5.57it/s]
dan: epoch 6:  23%|██▎       | 47/203 [00:08<00:27,  5.67it/s]
dan: epoch 6:  24%|██▎       | 48/203 [00:08<00:26,  5.76it/s]
dan: epoch 6:  24%|██▍       | 49/203 [00:08<00:27,  5.67it/s]
dan: epoch 6:  25%|██▍       | 50/203 [00:08<00:27,  5.64it/s]
dan: epoch 6:  25%|██▌       | 51/203 [00:09<00:27,  5.56it/s]
dan: epoch 6:  26%|██▌       | 52/203 [00:09<00:28,  5.21it/s]
dan: epoch 6:  26%|██▌       | 53/203 [00:09<00:29,  5.02it/s]
dan: epoch 6:  27%|██▋       | 54/203 [00:09<00:30,  4.83it/s]
dan: epoch 6:  27%|██▋       | 55/203 [00:09<00:30,  4.82it/s]
dan: epoch 6:  28%|██▊       | 56/203 [00:10<00:32,  4.54it/s]
dan: epoch 6:  28%|██▊       | 57/203 [00:10<00:32,  4.52it/s]
dan: epoch 6:  29%|██▊       | 58/203 [00:10<00:33,  4.30it/s]
dan: epoch 6:  29%|██▉       | 59/203 [00:10<00:32,  4.44it/s]
dan: epoch 6:  30%|██▉       | 60/203 [00:11<00:31,  4.49it/s]
dan: epoch 6:  30%|███       | 61/203 [00:11<00:31,  4.56it/s]
dan: epoch 6:  31%|███       | 62/203 [00:11<00:32,  4.33it/s]
dan: epoch 6:  31%|███       | 63/203 [00:11<00:31,  4.48it/s]
dan: epoch 6:  32%|███▏      | 64/203 [00:11<00:31,  4.36it/s]
dan: epoch 6:  32%|███▏      | 65/203 [00:12<00:32,  4.28it/s]
dan: epoch 6:  33%|███▎      | 66/203 [00:12<00:32,  4.26it/s]
dan: epoch 6:  33%|███▎      | 67/203 [00:12<00:31,  4.27it/s]
dan: epoch 6:  33%|███▎      | 68/203 [00:12<00:31,  4.25it/s]
dan: epoch 6:  34%|███▍      | 69/203 [00:13<00:30,  4.40it/s]
dan: epoch 6:  34%|███▍      | 70/203 [00:13<00:29,  4.54it/s]
dan: epoch 6:  35%|███▍      | 71/203 [00:13<00:29,  4.51it/s]
dan: epoch 6:  35%|███▌      | 72/203 [00:13<00:28,  4.53it/s]
dan: epoch 6:  36%|███▌      | 73/203 [00:14<00:29,  4.37it/s]
dan: epoch 6:  36%|███▋      | 74/203 [00:14<00:28,  4.56it/s]
dan: epoch 6:  37%|███▋      | 75/203 [00:14<00:29,  4.40it/s]
dan: epoch 6:  37%|███▋      | 76/203 [00:14<00:27,  4.61it/s]
dan: epoch 6:  38%|███▊      | 77/203 [00:14<00:27,  4.63it/s]
dan: epoch 6:  38%|███▊      | 78/203 [00:15<00:26,  4.79it/s]
dan: epoch 6:  39%|███▉      | 79/203 [00:15<00:25,  4.93it/s]
dan: epoch 6:  39%|███▉      | 80/203 [00:15<00:24,  5.11it/s]
dan: epoch 6:  40%|███▉      | 81/203 [00:15<00:24,  5.04it/s]
dan: epoch 6:  40%|████      | 82/203 [00:15<00:23,  5.25it/s]
dan: epoch 6:  41%|████      | 83/203 [00:16<00:22,  5.36it/s]
dan: epoch 6:  41%|████▏     | 84/203 [00:16<00:22,  5.38it/s]
dan: epoch 6:  42%|████▏     | 85/203 [00:16<00:21,  5.41it/s]
dan: epoch 6:  42%|████▏     | 86/203 [00:16<00:21,  5.49it/s]
dan: epoch 6:  43%|████▎     | 87/203 [00:16<00:21,  5.52it/s]
dan: epoch 6:  43%|████▎     | 88/203 [00:16<00:21,  5.47it/s]
dan: epoch 6:  44%|████▍     | 89/203 [00:17<00:20,  5.53it/s]
dan: epoch 6:  44%|████▍     | 90/203 [00:17<00:20,  5.57it/s]
dan: epoch 6:  45%|████▍     | 91/203 [00:17<00:20,  5.56it/s]
dan: epoch 6:  45%|████▌     | 92/203 [00:17<00:19,  5.72it/s]
dan: epoch 6:  46%|████▌     | 93/203 [00:17<00:18,  5.79it/s]
dan: epoch 6:  46%|████▋     | 94/203 [00:17<00:19,  5.64it/s]
dan: epoch 6:  47%|████▋     | 95/203 [00:18<00:18,  5.74it/s]
dan: epoch 6:  47%|████▋     | 96/203 [00:18<00:18,  5.66it/s]
dan: epoch 6:  48%|████▊     | 97/203 [00:18<00:18,  5.83it/s]
dan: epoch 6:  48%|████▊     | 98/203 [00:18<00:17,  5.85it/s]
dan: epoch 6:  49%|████▉     | 99/203 [00:18<00:17,  5.97it/s]
dan: epoch 6:  49%|████▉     | 100/203 [00:18<00:17,  5.93it/s]
dan: epoch 6:  50%|████▉     | 101/203 [00:19<00:17,  5.99it/s]
dan: epoch 6:  50%|█████     | 102/203 [00:19<00:16,  6.02it/s]
dan: epoch 6:  51%|█████     | 103/203 [00:19<00:17,  5.79it/s]
dan: epoch 6:  51%|█████     | 104/203 [00:19<00:17,  5.69it/s]
dan: epoch 6:  52%|█████▏    | 105/203 [00:19<00:17,  5.61it/s]
dan: epoch 6:  52%|█████▏    | 106/203 [00:20<00:17,  5.64it/s]
dan: epoch 6:  53%|█████▎    | 107/203 [00:20<00:16,  5.67it/s]
dan: epoch 6:  53%|█████▎    | 108/203 [00:20<00:16,  5.63it/s]
dan: epoch 6:  54%|█████▎    | 109/203 [00:20<00:16,  5.61it/s]
dan: epoch 6:  54%|█████▍    | 110/203 [00:20<00:16,  5.69it/s]
dan: epoch 6:  55%|█████▍    | 111/203 [00:20<00:16,  5.72it/s]
dan: epoch 6:  55%|█████▌    | 112/203 [00:21<00:15,  5.72it/s]
dan: epoch 6:  56%|█████▌    | 113/203 [00:21<00:15,  5.79it/s]
dan: epoch 6:  56%|█████▌    | 114/203 [00:21<00:15,  5.67it/s]
dan: epoch 6:  57%|█████▋    | 115/203 [00:21<00:15,  5.74it/s]
dan: epoch 6:  57%|█████▋    | 116/203 [00:21<00:15,  5.67it/s]
dan: epoch 6:  58%|█████▊    | 117/203 [00:21<00:15,  5.65it/s]
dan: epoch 6:  58%|█████▊    | 118/203 [00:22<00:14,  5.79it/s]
dan: epoch 6:  59%|█████▊    | 119/203 [00:22<00:14,  5.72it/s]
dan: epoch 6:  59%|█████▉    | 120/203 [00:22<00:14,  5.63it/s]
dan: epoch 6:  60%|█████▉    | 121/203 [00:22<00:14,  5.52it/s]
dan: epoch 6:  60%|██████    | 122/203 [00:22<00:14,  5.69it/s]
dan: epoch 6:  61%|██████    | 123/203 [00:23<00:13,  5.88it/s]
dan: epoch 6:  61%|██████    | 124/203 [00:23<00:13,  5.93it/s]
dan: epoch 6:  62%|██████▏   | 125/203 [00:23<00:13,  5.95it/s]
dan: epoch 6:  62%|██████▏   | 126/203 [00:23<00:13,  5.91it/s]
dan: epoch 6:  63%|██████▎   | 127/203 [00:23<00:17,  4.41it/s]
dan: epoch 6:  63%|██████▎   | 128/203 [00:24<00:16,  4.64it/s]
dan: epoch 6:  64%|██████▎   | 129/203 [00:24<00:14,  5.00it/s]
dan: epoch 6:  64%|██████▍   | 130/203 [00:24<00:13,  5.22it/s]
dan: epoch 6:  65%|██████▍   | 131/203 [00:24<00:13,  5.32it/s]
dan: epoch 6:  65%|██████▌   | 132/203 [00:24<00:13,  5.36it/s]
dan: epoch 6:  66%|██████▌   | 133/203 [00:24<00:13,  5.02it/s]
dan: epoch 6:  66%|██████▌   | 134/203 [00:25<00:13,  4.98it/s]
dan: epoch 6:  67%|██████▋   | 135/203 [00:25<00:14,  4.85it/s]
dan: epoch 6:  67%|██████▋   | 136/203 [00:25<00:14,  4.62it/s]
dan: epoch 6:  67%|██████▋   | 137/203 [00:25<00:14,  4.53it/s]
dan: epoch 6:  68%|██████▊   | 138/203 [00:26<00:14,  4.47it/s]
dan: epoch 6:  68%|██████▊   | 139/203 [00:26<00:14,  4.38it/s]
dan: epoch 6:  69%|██████▉   | 140/203 [00:26<00:14,  4.24it/s]
dan: epoch 6:  69%|██████▉   | 141/203 [00:26<00:14,  4.36it/s]
dan: epoch 6:  70%|██████▉   | 142/203 [00:27<00:13,  4.52it/s]
dan: epoch 6:  70%|███████   | 143/203 [00:27<00:13,  4.35it/s]
dan: epoch 6:  71%|███████   | 144/203 [00:27<00:13,  4.38it/s]
dan: epoch 6:  71%|███████▏  | 145/203 [00:27<00:13,  4.40it/s]
dan: epoch 6:  72%|███████▏  | 146/203 [00:28<00:14,  3.89it/s]
dan: epoch 6:  72%|███████▏  | 147/203 [00:28<00:13,  4.04it/s]
dan: epoch 6:  73%|███████▎  | 148/203 [00:28<00:14,  3.79it/s]
dan: epoch 6:  73%|███████▎  | 149/203 [00:28<00:13,  4.15it/s]
dan: epoch 6:  74%|███████▍  | 150/203 [00:29<00:13,  4.02it/s]
dan: epoch 6:  74%|███████▍  | 151/203 [00:29<00:12,  4.26it/s]
dan: epoch 6:  75%|███████▍  | 152/203 [00:29<00:12,  4.18it/s]
dan: epoch 6:  75%|███████▌  | 153/203 [00:29<00:11,  4.36it/s]
dan: epoch 6:  76%|███████▌  | 154/203 [00:29<00:10,  4.66it/s]
dan: epoch 6:  76%|███████▋  | 155/203 [00:30<00:11,  4.07it/s]
dan: epoch 6:  77%|███████▋  | 156/203 [00:30<00:11,  3.99it/s]
dan: epoch 6:  77%|███████▋  | 157/203 [00:30<00:10,  4.40it/s]
dan: epoch 6:  78%|███████▊  | 158/203 [00:30<00:09,  4.63it/s]
dan: epoch 6:  78%|███████▊  | 159/203 [00:30<00:09,  4.88it/s]
dan: epoch 6:  79%|███████▉  | 160/203 [00:31<00:08,  5.06it/s]
dan: epoch 6:  79%|███████▉  | 161/203 [00:31<00:07,  5.38it/s]
dan: epoch 6:  80%|███████▉  | 162/203 [00:31<00:07,  5.42it/s]
dan: epoch 6:  80%|████████  | 163/203 [00:31<00:07,  5.54it/s]
dan: epoch 6:  81%|████████  | 164/203 [00:31<00:07,  5.41it/s]
dan: epoch 6:  81%|████████▏ | 165/203 [00:32<00:06,  5.44it/s]
dan: epoch 6:  82%|████████▏ | 166/203 [00:32<00:06,  5.52it/s]
dan: epoch 6:  82%|████████▏ | 167/203 [00:32<00:06,  5.58it/s]
dan: epoch 6:  83%|████████▎ | 168/203 [00:32<00:06,  5.72it/s]
dan: epoch 6:  83%|████████▎ | 169/203 [00:32<00:05,  5.70it/s]
dan: epoch 6:  84%|████████▎ | 170/203 [00:32<00:05,  5.63it/s]
dan: epoch 6:  84%|████████▍ | 171/203 [00:33<00:05,  5.65it/s]
dan: epoch 6:  85%|████████▍ | 172/203 [00:33<00:05,  5.77it/s]
dan: epoch 6:  85%|████████▌ | 173/203 [00:33<00:05,  5.74it/s]
dan: epoch 6:  86%|████████▌ | 174/203 [00:33<00:05,  5.76it/s]
dan: epoch 6:  86%|████████▌ | 175/203 [00:33<00:04,  5.77it/s]
dan: epoch 6:  87%|████████▋ | 176/203 [00:34<00:04,  5.49it/s]
dan: epoch 6:  87%|████████▋ | 177/203 [00:34<00:04,  5.56it/s]
dan: epoch 6:  88%|████████▊ | 178/203 [00:34<00:04,  5.71it/s]
dan: epoch 6:  88%|████████▊ | 179/203 [00:34<00:04,  5.83it/s]
dan: epoch 6:  89%|████████▊ | 180/203 [00:34<00:04,  5.67it/s]
dan: epoch 6:  89%|████████▉ | 181/203 [00:34<00:03,  5.69it/s]
dan: epoch 6:  90%|████████▉ | 182/203 [00:35<00:03,  5.52it/s]
dan: epoch 6:  90%|█████████ | 183/203 [00:35<00:03,  5.65it/s]
dan: epoch 6:  91%|█████████ | 184/203 [00:35<00:03,  5.58it/s]
dan: epoch 6:  91%|█████████ | 185/203 [00:35<00:03,  5.57it/s]
dan: epoch 6:  92%|█████████▏| 186/203 [00:35<00:02,  5.77it/s]
dan: epoch 6:  92%|█████████▏| 187/203 [00:35<00:02,  5.93it/s]
dan: epoch 6:  93%|█████████▎| 188/203 [00:36<00:02,  5.59it/s]
dan: epoch 6:  93%|█████████▎| 189/203 [00:36<00:02,  5.51it/s]
dan: epoch 6:  94%|█████████▎| 190/203 [00:36<00:02,  5.60it/s]
dan: epoch 6:  94%|█████████▍| 191/203 [00:36<00:02,  5.58it/s]
dan: epoch 6:  95%|█████████▍| 192/203 [00:36<00:01,  5.57it/s]
dan: epoch 6:  95%|█████████▌| 193/203 [00:37<00:01,  5.52it/s]
dan: epoch 6:  96%|█████████▌| 194/203 [00:37<00:01,  5.42it/s]
dan: epoch 6:  96%|█████████▌| 195/203 [00:37<00:01,  5.16it/s]
dan: epoch 6:  97%|█████████▋| 196/203 [00:37<00:01,  5.27it/s]
dan: epoch 6:  97%|█████████▋| 197/203 [00:37<00:01,  5.36it/s]
dan: epoch 6:  98%|█████████▊| 198/203 [00:37<00:00,  5.59it/s]
dan: epoch 6:  98%|█████████▊| 199/203 [00:38<00:00,  5.72it/s]
dan: epoch 6:  99%|█████████▊| 200/203 [00:38<00:00,  5.51it/s]
dan: epoch 6:  99%|█████████▉| 201/203 [00:38<00:00,  5.44it/s]
dan: epoch 6: 100%|█████████▉| 202/203 [00:38<00:00,  5.52it/s]
dan: epoch 6: 100%|██████████| 203/203 [00:38<00:00,  5.52it/s]
                                                               
dan: epoch 6, source macro-f1=0.0507

dan: epoch 7:   0%|          | 0/203 [00:00<?, ?it/s]
dan: epoch 7:   0%|          | 1/203 [00:00<00:35,  5.69it/s]
dan: epoch 7:   1%|          | 2/203 [00:00<00:41,  4.87it/s]
dan: epoch 7:   1%|▏         | 3/203 [00:00<00:38,  5.15it/s]
dan: epoch 7:   2%|▏         | 4/203 [00:00<00:40,  4.94it/s]
dan: epoch 7:   2%|▏         | 5/203 [00:00<00:39,  5.05it/s]
dan: epoch 7:   3%|▎         | 6/203 [00:01<00:39,  4.98it/s]
dan: epoch 7:   3%|▎         | 7/203 [00:01<00:51,  3.84it/s]
dan: epoch 7:   4%|▍         | 8/203 [00:01<00:47,  4.10it/s]
dan: epoch 7:   4%|▍         | 9/203 [00:02<00:46,  4.13it/s]
dan: epoch 7:   5%|▍         | 10/203 [00:02<00:43,  4.41it/s]
dan: epoch 7:   5%|▌         | 11/203 [00:02<00:40,  4.74it/s]
dan: epoch 7:   6%|▌         | 12/203 [00:02<00:38,  4.99it/s]
dan: epoch 7:   6%|▋         | 13/203 [00:02<00:36,  5.22it/s]
dan: epoch 7:   7%|▋         | 14/203 [00:02<00:35,  5.38it/s]
dan: epoch 7:   7%|▋         | 15/203 [00:03<00:35,  5.36it/s]
dan: epoch 7:   8%|▊         | 16/203 [00:03<00:34,  5.48it/s]
dan: epoch 7:   8%|▊         | 17/203 [00:03<00:33,  5.63it/s]
dan: epoch 7:   9%|▉         | 18/203 [00:03<00:32,  5.61it/s]
dan: epoch 7:   9%|▉         | 19/203 [00:03<00:32,  5.66it/s]
dan: epoch 7:  10%|▉         | 20/203 [00:03<00:32,  5.60it/s]
dan: epoch 7:  10%|█         | 21/203 [00:04<00:32,  5.59it/s]
dan: epoch 7:  11%|█         | 22/203 [00:04<00:31,  5.68it/s]
dan: epoch 7:  11%|█▏        | 23/203 [00:04<00:32,  5.54it/s]
dan: epoch 7:  12%|█▏        | 24/203 [00:04<00:31,  5.68it/s]
dan: epoch 7:  12%|█▏        | 25/203 [00:04<00:30,  5.87it/s]
dan: epoch 7:  13%|█▎        | 26/203 [00:05<00:31,  5.66it/s]
dan: epoch 7:  13%|█▎        | 27/203 [00:05<00:31,  5.62it/s]
dan: epoch 7:  14%|█▍        | 28/203 [00:05<00:30,  5.79it/s]
dan: epoch 7:  14%|█▍        | 29/203 [00:05<00:30,  5.68it/s]
dan: epoch 7:  15%|█▍        | 30/203 [00:05<00:31,  5.44it/s]
dan: epoch 7:  15%|█▌        | 31/203 [00:05<00:30,  5.66it/s]
dan: epoch 7:  16%|█▌        | 32/203 [00:06<00:30,  5.68it/s]
dan: epoch 7:  16%|█▋        | 33/203 [00:06<00:29,  5.68it/s]
dan: epoch 7:  17%|█▋        | 34/203 [00:06<00:29,  5.72it/s]
dan: epoch 7:  17%|█▋        | 35/203 [00:06<00:29,  5.76it/s]
dan: epoch 7:  18%|█▊        | 36/203 [00:06<00:29,  5.61it/s]
dan: epoch 7:  18%|█▊        | 37/203 [00:06<00:29,  5.71it/s]
dan: epoch 7:  19%|█▊        | 38/203 [00:07<00:29,  5.65it/s]
dan: epoch 7:  19%|█▉        | 39/203 [00:07<00:28,  5.73it/s]
dan: epoch 7:  20%|█▉        | 40/203 [00:07<00:28,  5.64it/s]
dan: epoch 7:  20%|██        | 41/203 [00:07<00:29,  5.58it/s]
dan: epoch 7:  21%|██        | 42/203 [00:07<00:27,  5.78it/s]
dan: epoch 7:  21%|██        | 43/203 [00:08<00:27,  5.87it/s]
dan: epoch 7:  22%|██▏       | 44/203 [00:08<00:27,  5.83it/s]
dan: epoch 7:  22%|██▏       | 45/203 [00:08<00:27,  5.80it/s]
dan: epoch 7:  23%|██▎       | 46/203 [00:08<00:27,  5.66it/s]
dan: epoch 7:  23%|██▎       | 47/203 [00:08<00:26,  5.87it/s]
dan: epoch 7:  24%|██▎       | 48/203 [00:08<00:26,  5.80it/s]
dan: epoch 7:  24%|██▍       | 49/203 [00:09<00:27,  5.66it/s]
dan: epoch 7:  25%|██▍       | 50/203 [00:09<00:26,  5.72it/s]
dan: epoch 7:  25%|██▌       | 51/203 [00:09<00:26,  5.66it/s]
dan: epoch 7:  26%|██▌       | 52/203 [00:09<00:27,  5.50it/s]
dan: epoch 7:  26%|██▌       | 53/203 [00:09<00:26,  5.65it/s]
dan: epoch 7:  27%|██▋       | 54/203 [00:09<00:26,  5.56it/s]
dan: epoch 7:  27%|██▋       | 55/203 [00:10<00:26,  5.52it/s]
dan: epoch 7:  28%|██▊       | 56/203 [00:10<00:25,  5.70it/s]
dan: epoch 7:  28%|██▊       | 57/203 [00:10<00:25,  5.70it/s]
dan: epoch 7:  29%|██▊       | 58/203 [00:10<00:25,  5.61it/s]
dan: epoch 7:  29%|██▉       | 59/203 [00:10<00:25,  5.63it/s]
dan: epoch 7:  30%|██▉       | 60/203 [00:11<00:25,  5.61it/s]
dan: epoch 7:  30%|███       | 61/203 [00:11<00:25,  5.57it/s]
dan: epoch 7:  31%|███       | 62/203 [00:11<00:24,  5.72it/s]
dan: epoch 7:  31%|███       | 63/203 [00:11<00:23,  5.83it/s]
dan: epoch 7:  32%|███▏      | 64/203 [00:11<00:24,  5.60it/s]
dan: epoch 7:  32%|███▏      | 65/203 [00:11<00:23,  5.80it/s]
dan: epoch 7:  33%|███▎      | 66/203 [00:12<00:24,  5.54it/s]
dan: epoch 7:  33%|███▎      | 67/203 [00:12<00:24,  5.62it/s]
dan: epoch 7:  33%|███▎      | 68/203 [00:12<00:25,  5.31it/s]
dan: epoch 7:  34%|███▍      | 69/203 [00:12<00:26,  5.13it/s]
dan: epoch 7:  34%|███▍      | 70/203 [00:12<00:28,  4.72it/s]
dan: epoch 7:  35%|███▍      | 71/203 [00:13<00:27,  4.79it/s]
dan: epoch 7:  35%|███▌      | 72/203 [00:13<00:28,  4.55it/s]
dan: epoch 7:  36%|███▌      | 73/203 [00:13<00:29,  4.48it/s]
dan: epoch 7:  36%|███▋      | 74/203 [00:13<00:29,  4.41it/s]
dan: epoch 7:  37%|███▋      | 75/203 [00:14<00:28,  4.54it/s]
dan: epoch 7:  37%|███▋      | 76/203 [00:14<00:30,  4.18it/s]
dan: epoch 7:  38%|███▊      | 77/203 [00:14<00:29,  4.27it/s]
dan: epoch 7:  38%|███▊      | 78/203 [00:14<00:28,  4.34it/s]
dan: epoch 7:  39%|███▉      | 79/203 [00:15<00:28,  4.32it/s]
dan: epoch 7:  39%|███▉      | 80/203 [00:15<00:29,  4.24it/s]
dan: epoch 7:  40%|███▉      | 81/203 [00:15<00:28,  4.26it/s]
dan: epoch 7:  40%|████      | 82/203 [00:15<00:28,  4.24it/s]
dan: epoch 7:  41%|████      | 83/203 [00:15<00:27,  4.44it/s]
dan: epoch 7:  41%|████▏     | 84/203 [00:16<00:27,  4.40it/s]
dan: epoch 7:  42%|████▏     | 85/203 [00:16<00:25,  4.63it/s]
dan: epoch 7:  42%|████▏     | 86/203 [00:16<00:23,  4.89it/s]
dan: epoch 7:  43%|████▎     | 87/203 [00:16<00:32,  3.52it/s]
dan: epoch 7:  43%|████▎     | 88/203 [00:17<00:30,  3.80it/s]
dan: epoch 7:  44%|████▍     | 89/203 [00:17<00:27,  4.16it/s]
dan: epoch 7:  44%|████▍     | 90/203 [00:17<00:27,  4.08it/s]
dan: epoch 7:  45%|████▍     | 91/203 [00:17<00:25,  4.37it/s]
dan: epoch 7:  45%|████▌     | 92/203 [00:18<00:23,  4.68it/s]
dan: epoch 7:  46%|████▌     | 93/203 [00:18<00:22,  4.89it/s]
dan: epoch 7:  46%|████▋     | 94/203 [00:18<00:21,  5.15it/s]
dan: epoch 7:  47%|████▋     | 95/203 [00:18<00:20,  5.24it/s]
dan: epoch 7:  47%|████▋     | 96/203 [00:18<00:19,  5.37it/s]
dan: epoch 7:  48%|████▊     | 97/203 [00:18<00:19,  5.44it/s]
dan: epoch 7:  48%|████▊     | 98/203 [00:19<00:18,  5.59it/s]
dan: epoch 7:  49%|████▉     | 99/203 [00:19<00:18,  5.71it/s]
dan: epoch 7:  49%|████▉     | 100/203 [00:19<00:18,  5.65it/s]
dan: epoch 7:  50%|████▉     | 101/203 [00:19<00:18,  5.48it/s]
dan: epoch 7:  50%|█████     | 102/203 [00:19<00:18,  5.49it/s]
dan: epoch 7:  51%|█████     | 103/203 [00:19<00:17,  5.60it/s]
dan: epoch 7:  51%|█████     | 104/203 [00:20<00:17,  5.55it/s]
dan: epoch 7:  52%|█████▏    | 105/203 [00:20<00:17,  5.55it/s]
dan: epoch 7:  52%|█████▏    | 106/203 [00:20<00:17,  5.67it/s]
dan: epoch 7:  53%|█████▎    | 107/203 [00:20<00:17,  5.53it/s]
dan: epoch 7:  53%|█████▎    | 108/203 [00:20<00:17,  5.39it/s]
dan: epoch 7:  54%|█████▎    | 109/203 [00:21<00:17,  5.51it/s]
dan: epoch 7:  54%|█████▍    | 110/203 [00:21<00:16,  5.69it/s]
dan: epoch 7:  55%|█████▍    | 111/203 [00:21<00:16,  5.61it/s]
dan: epoch 7:  55%|█████▌    | 112/203 [00:21<00:16,  5.67it/s]
dan: epoch 7:  56%|█████▌    | 113/203 [00:21<00:16,  5.49it/s]
dan: epoch 7:  56%|█████▌    | 114/203 [00:21<00:16,  5.55it/s]
dan: epoch 7:  57%|█████▋    | 115/203 [00:22<00:15,  5.65it/s]
dan: epoch 7:  57%|█████▋    | 116/203 [00:22<00:15,  5.80it/s]
dan: epoch 7:  58%|█████▊    | 117/203 [00:22<00:14,  5.93it/s]
dan: epoch 7:  58%|█████▊    | 118/203 [00:22<00:14,  5.91it/s]
dan: epoch 7:  59%|█████▊    | 119/203 [00:22<00:16,  5.24it/s]
dan: epoch 7:  59%|█████▉    | 120/203 [00:23<00:15,  5.27it/s]
dan: epoch 7:  60%|█████▉    | 121/203 [00:23<00:15,  5.43it/s]
dan: epoch 7:  60%|██████    | 122/203 [00:23<00:14,  5.41it/s]
dan: epoch 7:  61%|██████    | 123/203 [00:23<00:14,  5.46it/s]
dan: epoch 7:  61%|██████    | 124/203 [00:23<00:14,  5.58it/s]
dan: epoch 7:  62%|██████▏   | 125/203 [00:23<00:13,  5.71it/s]
dan: epoch 7:  62%|██████▏   | 126/203 [00:24<00:13,  5.77it/s]
dan: epoch 7:  63%|██████▎   | 127/203 [00:24<00:14,  5.28it/s]
dan: epoch 7:  63%|██████▎   | 128/203 [00:24<00:13,  5.36it/s]
dan: epoch 7:  64%|██████▎   | 129/203 [00:24<00:13,  5.48it/s]
dan: epoch 7:  64%|██████▍   | 130/203 [00:24<00:13,  5.54it/s]
dan: epoch 7:  65%|██████▍   | 131/203 [00:25<00:13,  5.46it/s]
dan: epoch 7:  65%|██████▌   | 132/203 [00:25<00:13,  5.44it/s]
dan: epoch 7:  66%|██████▌   | 133/203 [00:25<00:12,  5.46it/s]
dan: epoch 7:  66%|██████▌   | 134/203 [00:25<00:12,  5.56it/s]
dan: epoch 7:  67%|██████▋   | 135/203 [00:25<00:12,  5.58it/s]
dan: epoch 7:  67%|██████▋   | 136/203 [00:25<00:12,  5.55it/s]
dan: epoch 7:  67%|██████▋   | 137/203 [00:26<00:11,  5.70it/s]
dan: epoch 7:  68%|██████▊   | 138/203 [00:26<00:11,  5.71it/s]
dan: epoch 7:  68%|██████▊   | 139/203 [00:26<00:11,  5.77it/s]
dan: epoch 7:  69%|██████▉   | 140/203 [00:26<00:10,  5.76it/s]
dan: epoch 7:  69%|██████▉   | 141/203 [00:26<00:11,  5.63it/s]
dan: epoch 7:  70%|██████▉   | 142/203 [00:26<00:10,  5.56it/s]
dan: epoch 7:  70%|███████   | 143/203 [00:27<00:10,  5.61it/s]
dan: epoch 7:  71%|███████   | 144/203 [00:27<00:10,  5.74it/s]
dan: epoch 7:  71%|███████▏  | 145/203 [00:27<00:10,  5.67it/s]
dan: epoch 7:  72%|███████▏  | 146/203 [00:27<00:09,  5.74it/s]
dan: epoch 7:  72%|███████▏  | 147/203 [00:27<00:10,  5.32it/s]
dan: epoch 7:  73%|███████▎  | 148/203 [00:28<00:10,  5.13it/s]
dan: epoch 7:  73%|███████▎  | 149/203 [00:28<00:10,  4.92it/s]
dan: epoch 7:  74%|███████▍  | 150/203 [00:28<00:11,  4.69it/s]
dan: epoch 7:  74%|███████▍  | 151/203 [00:28<00:11,  4.57it/s]
dan: epoch 7:  75%|███████▍  | 152/203 [00:29<00:11,  4.53it/s]
dan: epoch 7:  75%|███████▌  | 153/203 [00:29<00:11,  4.27it/s]
dan: epoch 7:  76%|███████▌  | 154/203 [00:29<00:10,  4.60it/s]
dan: epoch 7:  76%|███████▋  | 155/203 [00:29<00:10,  4.53it/s]
dan: epoch 7:  77%|███████▋  | 156/203 [00:29<00:10,  4.57it/s]
dan: epoch 7:  77%|███████▋  | 157/203 [00:30<00:10,  4.54it/s]
dan: epoch 7:  78%|███████▊  | 158/203 [00:30<00:11,  3.88it/s]
dan: epoch 7:  78%|███████▊  | 159/203 [00:30<00:10,  4.11it/s]
dan: epoch 7:  79%|███████▉  | 160/203 [00:30<00:10,  4.09it/s]
dan: epoch 7:  79%|███████▉  | 161/203 [00:31<00:09,  4.21it/s]
dan: epoch 7:  80%|███████▉  | 162/203 [00:31<00:10,  3.86it/s]
dan: epoch 7:  80%|████████  | 163/203 [00:31<00:09,  4.00it/s]
dan: epoch 7:  81%|████████  | 164/203 [00:31<00:09,  3.98it/s]
dan: epoch 7:  81%|████████▏ | 165/203 [00:32<00:09,  4.06it/s]
dan: epoch 7:  82%|████████▏ | 166/203 [00:32<00:09,  3.97it/s]
dan: epoch 7:  82%|████████▏ | 167/203 [00:32<00:08,  4.35it/s]
dan: epoch 7:  83%|████████▎ | 168/203 [00:32<00:08,  4.32it/s]
dan: epoch 7:  83%|████████▎ | 169/203 [00:33<00:07,  4.51it/s]
dan: epoch 7:  84%|████████▎ | 170/203 [00:33<00:07,  4.71it/s]
dan: epoch 7:  84%|████████▍ | 171/203 [00:33<00:06,  4.89it/s]
dan: epoch 7:  85%|████████▍ | 172/203 [00:33<00:06,  5.05it/s]
dan: epoch 7:  85%|████████▌ | 173/203 [00:33<00:05,  5.19it/s]
dan: epoch 7:  86%|████████▌ | 174/203 [00:33<00:05,  5.40it/s]
dan: epoch 7:  86%|████████▌ | 175/203 [00:34<00:05,  5.47it/s]
dan: epoch 7:  87%|████████▋ | 176/203 [00:34<00:04,  5.44it/s]
dan: epoch 7:  87%|████████▋ | 177/203 [00:34<00:04,  5.58it/s]
dan: epoch 7:  88%|████████▊ | 178/203 [00:34<00:04,  5.68it/s]
dan: epoch 7:  88%|████████▊ | 179/203 [00:34<00:04,  5.82it/s]
dan: epoch 7:  89%|████████▊ | 180/203 [00:35<00:04,  5.72it/s]
dan: epoch 7:  89%|████████▉ | 181/203 [00:35<00:03,  5.70it/s]
dan: epoch 7:  90%|████████▉ | 182/203 [00:35<00:03,  5.60it/s]
dan: epoch 7:  90%|█████████ | 183/203 [00:35<00:03,  5.64it/s]
dan: epoch 7:  91%|█████████ | 184/203 [00:35<00:03,  5.73it/s]
dan: epoch 7:  91%|█████████ | 185/203 [00:35<00:03,  5.88it/s]
dan: epoch 7:  92%|█████████▏| 186/203 [00:36<00:02,  5.78it/s]
dan: epoch 7:  92%|█████████▏| 187/203 [00:36<00:03,  5.06it/s]
dan: epoch 7:  93%|█████████▎| 188/203 [00:36<00:02,  5.36it/s]
dan: epoch 7:  93%|█████████▎| 189/203 [00:36<00:02,  5.40it/s]
dan: epoch 7:  94%|█████████▎| 190/203 [00:36<00:02,  5.52it/s]
dan: epoch 7:  94%|█████████▍| 191/203 [00:37<00:02,  5.54it/s]
dan: epoch 7:  95%|█████████▍| 192/203 [00:37<00:01,  5.55it/s]
dan: epoch 7:  95%|█████████▌| 193/203 [00:37<00:01,  5.45it/s]
dan: epoch 7:  96%|█████████▌| 194/203 [00:37<00:01,  5.60it/s]
dan: epoch 7:  96%|█████████▌| 195/203 [00:37<00:01,  5.47it/s]
dan: epoch 7:  97%|█████████▋| 196/203 [00:37<00:01,  5.65it/s]
dan: epoch 7:  97%|█████████▋| 197/203 [00:38<00:01,  5.64it/s]
dan: epoch 7:  98%|█████████▊| 198/203 [00:38<00:00,  5.49it/s]
dan: epoch 7:  98%|█████████▊| 199/203 [00:38<00:00,  5.70it/s]
dan: epoch 7:  99%|█████████▊| 200/203 [00:38<00:00,  5.61it/s]
dan: epoch 7:  99%|█████████▉| 201/203 [00:38<00:00,  5.59it/s]
dan: epoch 7: 100%|█████████▉| 202/203 [00:38<00:00,  5.52it/s]
dan: epoch 7: 100%|██████████| 203/203 [00:39<00:00,  5.52it/s]
                                                               
dan: epoch 7, source macro-f1=0.0507

dann: epoch 1:   0%|          | 0/203 [00:00<?, ?it/s]
dann: epoch 1:   0%|          | 1/203 [00:01<04:32,  1.35s/it]
dann: epoch 1:   1%|          | 2/203 [00:01<02:24,  1.39it/s]
dann: epoch 1:   1%|▏         | 3/203 [00:01<01:36,  2.07it/s]
dann: epoch 1:   2%|▏         | 4/203 [00:02<01:16,  2.59it/s]
dann: epoch 1:   2%|▏         | 5/203 [00:02<01:05,  3.02it/s]
dann: epoch 1:   3%|▎         | 6/203 [00:02<00:59,  3.31it/s]
dann: epoch 1:   3%|▎         | 7/203 [00:02<00:52,  3.70it/s]
dann: epoch 1:   4%|▍         | 8/203 [00:02<00:48,  3.99it/s]
dann: epoch 1:   4%|▍         | 9/203 [00:03<00:49,  3.88it/s]
dann: epoch 1:   5%|▍         | 10/203 [00:03<00:46,  4.14it/s]
dann: epoch 1:   5%|▌         | 11/203 [00:03<00:47,  4.08it/s]
dann: epoch 1:   6%|▌         | 12/203 [00:03<00:42,  4.45it/s]
dann: epoch 1:   6%|▋         | 13/203 [00:04<00:42,  4.51it/s]
dann: epoch 1:   7%|▋         | 14/203 [00:04<00:42,  4.47it/s]
dann: epoch 1:   7%|▋         | 15/203 [00:04<00:41,  4.53it/s]
dann: epoch 1:   8%|▊         | 16/203 [00:04<00:39,  4.71it/s]
dann: epoch 1:   8%|▊         | 17/203 [00:04<00:37,  4.94it/s]
dann: epoch 1:   9%|▉         | 18/203 [00:05<00:36,  5.07it/s]
dann: epoch 1:   9%|▉         | 19/203 [00:05<00:35,  5.18it/s]
dann: epoch 1:  10%|▉         | 20/203 [00:05<00:34,  5.32it/s]
dann: epoch 1:  10%|█         | 21/203 [00:05<00:34,  5.31it/s]
dann: epoch 1:  11%|█         | 22/203 [00:05<00:33,  5.41it/s]
dann: epoch 1:  11%|█▏        | 23/203 [00:06<00:33,  5.33it/s]
dann: epoch 1:  12%|█▏        | 24/203 [00:06<00:32,  5.47it/s]
dann: epoch 1:  12%|█▏        | 25/203 [00:06<00:33,  5.38it/s]
dann: epoch 1:  13%|█▎        | 26/203 [00:06<00:32,  5.48it/s]
dann: epoch 1:  13%|█▎        | 27/203 [00:06<00:30,  5.69it/s]
dann: epoch 1:  14%|█▍        | 28/203 [00:06<00:30,  5.66it/s]
dann: epoch 1:  14%|█▍        | 29/203 [00:07<00:30,  5.71it/s]
dann: epoch 1:  15%|█▍        | 30/203 [00:07<00:30,  5.69it/s]
dann: epoch 1:  15%|█▌        | 31/203 [00:07<00:29,  5.74it/s]
dann: epoch 1:  16%|█▌        | 32/203 [00:07<00:30,  5.63it/s]
dann: epoch 1:  16%|█▋        | 33/203 [00:07<00:29,  5.70it/s]
dann: epoch 1:  17%|█▋        | 34/203 [00:07<00:29,  5.64it/s]
dann: epoch 1:  17%|█▋        | 35/203 [00:08<00:29,  5.72it/s]
dann: epoch 1:  18%|█▊        | 36/203 [00:08<00:29,  5.74it/s]
dann: epoch 1:  18%|█▊        | 37/203 [00:08<00:29,  5.62it/s]
dann: epoch 1:  19%|█▊        | 38/203 [00:08<00:29,  5.65it/s]
dann: epoch 1:  19%|█▉        | 39/203 [00:08<00:28,  5.76it/s]
dann: epoch 1:  20%|█▉        | 40/203 [00:08<00:28,  5.78it/s]
dann: epoch 1:  20%|██        | 41/203 [00:09<00:29,  5.58it/s]
dann: epoch 1:  21%|██        | 42/203 [00:09<00:28,  5.67it/s]
dann: epoch 1:  21%|██        | 43/203 [00:09<00:27,  5.78it/s]
dann: epoch 1:  22%|██▏       | 44/203 [00:09<00:27,  5.78it/s]
dann: epoch 1:  22%|██▏       | 45/203 [00:09<00:27,  5.71it/s]
dann: epoch 1:  23%|██▎       | 46/203 [00:10<00:27,  5.77it/s]
dann: epoch 1:  23%|██▎       | 47/203 [00:10<00:27,  5.58it/s]
dann: epoch 1:  24%|██▎       | 48/203 [00:10<00:27,  5.64it/s]
dann: epoch 1:  24%|██▍       | 49/203 [00:10<00:28,  5.48it/s]
dann: epoch 1:  25%|██▍       | 50/203 [00:10<00:27,  5.53it/s]
dann: epoch 1:  25%|██▌       | 51/203 [00:10<00:26,  5.66it/s]
dann: epoch 1:  26%|██▌       | 52/203 [00:11<00:27,  5.52it/s]
dann: epoch 1:  26%|██▌       | 53/203 [00:11<00:28,  5.23it/s]
dann: epoch 1:  27%|██▋       | 54/203 [00:11<00:29,  4.99it/s]
dann: epoch 1:  27%|██▋       | 55/203 [00:11<00:29,  5.07it/s]
dann: epoch 1:  28%|██▊       | 56/203 [00:11<00:28,  5.14it/s]
dann: epoch 1:  28%|██▊       | 57/203 [00:12<00:27,  5.37it/s]
dann: epoch 1:  29%|██▊       | 58/203 [00:12<00:26,  5.46it/s]
dann: epoch 1:  29%|██▉       | 59/203 [00:12<00:25,  5.58it/s]
dann: epoch 1:  30%|██▉       | 60/203 [00:12<00:24,  5.73it/s]
dann: epoch 1:  30%|███       | 61/203 [00:12<00:25,  5.68it/s]
dann: epoch 1:  31%|███       | 62/203 [00:12<00:25,  5.56it/s]
dann: epoch 1:  31%|███       | 63/203 [00:13<00:25,  5.58it/s]
dann: epoch 1:  32%|███▏      | 64/203 [00:13<00:24,  5.71it/s]
dann: epoch 1:  32%|███▏      | 65/203 [00:13<00:23,  5.78it/s]
dann: epoch 1:  33%|███▎      | 66/203 [00:13<00:23,  5.76it/s]
dann: epoch 1:  33%|███▎      | 67/203 [00:13<00:23,  5.70it/s]
dann: epoch 1:  33%|███▎      | 68/203 [00:14<00:23,  5.75it/s]
dann: epoch 1:  34%|███▍      | 69/203 [00:14<00:23,  5.72it/s]
dann: epoch 1:  34%|███▍      | 70/203 [00:14<00:23,  5.65it/s]
dann: epoch 1:  35%|███▍      | 71/203 [00:14<00:23,  5.51it/s]
dann: epoch 1:  35%|███▌      | 72/203 [00:14<00:24,  5.38it/s]
dann: epoch 1:  36%|███▌      | 73/203 [00:14<00:24,  5.22it/s]
dann: epoch 1:  36%|███▋      | 74/203 [00:15<00:25,  5.03it/s]
dann: epoch 1:  37%|███▋      | 75/203 [00:15<00:26,  4.86it/s]
dann: epoch 1:  37%|███▋      | 76/203 [00:15<00:26,  4.80it/s]
dann: epoch 1:  38%|███▊      | 77/203 [00:15<00:25,  4.85it/s]
dann: epoch 1:  38%|███▊      | 78/203 [00:16<00:26,  4.68it/s]
dann: epoch 1:  39%|███▉      | 79/203 [00:16<00:27,  4.45it/s]
dann: epoch 1:  39%|███▉      | 80/203 [00:16<00:28,  4.37it/s]
dann: epoch 1:  40%|███▉      | 81/203 [00:16<00:27,  4.41it/s]
dann: epoch 1:  40%|████      | 82/203 [00:16<00:27,  4.43it/s]
dann: epoch 1:  41%|████      | 83/203 [00:17<00:26,  4.58it/s]
dann: epoch 1:  41%|████▏     | 84/203 [00:17<00:27,  4.29it/s]
dann: epoch 1:  42%|████▏     | 85/203 [00:17<00:27,  4.30it/s]
dann: epoch 1:  42%|████▏     | 86/203 [00:18<00:30,  3.78it/s]
dann: epoch 1:  43%|████▎     | 87/203 [00:18<00:28,  4.03it/s]
dann: epoch 1:  43%|████▎     | 88/203 [00:18<00:28,  4.11it/s]
dann: epoch 1:  44%|████▍     | 89/203 [00:18<00:25,  4.41it/s]
dann: epoch 1:  44%|████▍     | 90/203 [00:18<00:25,  4.36it/s]
dann: epoch 1:  45%|████▍     | 91/203 [00:19<00:25,  4.39it/s]
dann: epoch 1:  45%|████▌     | 92/203 [00:19<00:24,  4.46it/s]
dann: epoch 1:  46%|████▌     | 93/203 [00:19<00:25,  4.34it/s]
dann: epoch 1:  46%|████▋     | 94/203 [00:19<00:24,  4.39it/s]
dann: epoch 1:  47%|████▋     | 95/203 [00:20<00:24,  4.48it/s]
dann: epoch 1:  47%|████▋     | 96/203 [00:20<00:22,  4.67it/s]
dann: epoch 1:  48%|████▊     | 97/203 [00:20<00:22,  4.76it/s]
dann: epoch 1:  48%|████▊     | 98/203 [00:20<00:21,  4.98it/s]
dann: epoch 1:  49%|████▉     | 99/203 [00:20<00:20,  5.06it/s]
dann: epoch 1:  49%|████▉     | 100/203 [00:20<00:19,  5.17it/s]
dann: epoch 1:  50%|████▉     | 101/203 [00:21<00:19,  5.29it/s]
dann: epoch 1:  50%|█████     | 102/203 [00:21<00:18,  5.42it/s]
dann: epoch 1:  51%|█████     | 103/203 [00:21<00:18,  5.38it/s]
dann: epoch 1:  51%|█████     | 104/203 [00:21<00:18,  5.43it/s]
dann: epoch 1:  52%|█████▏    | 105/203 [00:21<00:17,  5.60it/s]
dann: epoch 1:  52%|█████▏    | 106/203 [00:22<00:17,  5.52it/s]
dann: epoch 1:  53%|█████▎    | 107/203 [00:22<00:17,  5.50it/s]
dann: epoch 1:  53%|█████▎    | 108/203 [00:22<00:17,  5.58it/s]
dann: epoch 1:  54%|█████▎    | 109/203 [00:22<00:16,  5.80it/s]
dann: epoch 1:  54%|█████▍    | 110/203 [00:22<00:16,  5.76it/s]
dann: epoch 1:  55%|█████▍    | 111/203 [00:22<00:15,  5.79it/s]
dann: epoch 1:  55%|█████▌    | 112/203 [00:23<00:15,  5.79it/s]
dann: epoch 1:  56%|█████▌    | 113/203 [00:23<00:15,  5.64it/s]
dann: epoch 1:  56%|█████▌    | 114/203 [00:23<00:15,  5.58it/s]
dann: epoch 1:  57%|█████▋    | 115/203 [00:23<00:15,  5.74it/s]
dann: epoch 1:  57%|█████▋    | 116/203 [00:23<00:15,  5.76it/s]
dann: epoch 1:  58%|█████▊    | 117/203 [00:23<00:14,  5.79it/s]
dann: epoch 1:  58%|█████▊    | 118/203 [00:24<00:14,  5.78it/s]
dann: epoch 1:  59%|█████▊    | 119/203 [00:24<00:14,  5.76it/s]
dann: epoch 1:  59%|█████▉    | 120/203 [00:24<00:14,  5.70it/s]
dann: epoch 1:  60%|█████▉    | 121/203 [00:24<00:14,  5.62it/s]
dann: epoch 1:  60%|██████    | 122/203 [00:24<00:14,  5.56it/s]
dann: epoch 1:  61%|██████    | 123/203 [00:25<00:14,  5.53it/s]
dann: epoch 1:  61%|██████    | 124/203 [00:25<00:14,  5.51it/s]
dann: epoch 1:  62%|██████▏   | 125/203 [00:25<00:13,  5.57it/s]
dann: epoch 1:  62%|██████▏   | 126/203 [00:25<00:13,  5.56it/s]
dann: epoch 1:  63%|██████▎   | 127/203 [00:25<00:13,  5.56it/s]
dann: epoch 1:  63%|██████▎   | 128/203 [00:25<00:13,  5.49it/s]
dann: epoch 1:  64%|██████▎   | 129/203 [00:26<00:13,  5.63it/s]
dann: epoch 1:  64%|██████▍   | 130/203 [00:26<00:13,  5.45it/s]
dann: epoch 1:  65%|██████▍   | 131/203 [00:26<00:12,  5.61it/s]
dann: epoch 1:  65%|██████▌   | 132/203 [00:26<00:12,  5.50it/s]
dann: epoch 1:  66%|██████▌   | 133/203 [00:26<00:12,  5.50it/s]
dann: epoch 1:  66%|██████▌   | 134/203 [00:27<00:12,  5.61it/s]
dann: epoch 1:  67%|██████▋   | 135/203 [00:27<00:11,  5.75it/s]
dann: epoch 1:  67%|██████▋   | 136/203 [00:27<00:11,  5.82it/s]
dann: epoch 1:  67%|██████▋   | 137/203 [00:27<00:11,  5.82it/s]
dann: epoch 1:  68%|██████▊   | 138/203 [00:27<00:11,  5.70it/s]
dann: epoch 1:  68%|██████▊   | 139/203 [00:27<00:11,  5.63it/s]
dann: epoch 1:  69%|██████▉   | 140/203 [00:28<00:10,  5.76it/s]
dann: epoch 1:  69%|██████▉   | 141/203 [00:28<00:10,  5.65it/s]
dann: epoch 1:  70%|██████▉   | 142/203 [00:28<00:10,  5.79it/s]
dann: epoch 1:  70%|███████   | 143/203 [00:28<00:10,  5.68it/s]
dann: epoch 1:  71%|███████   | 144/203 [00:28<00:10,  5.69it/s]
dann: epoch 1:  71%|███████▏  | 145/203 [00:28<00:10,  5.54it/s]
dann: epoch 1:  72%|███████▏  | 146/203 [00:29<00:09,  5.72it/s]
dann: epoch 1:  72%|███████▏  | 147/203 [00:29<00:09,  5.90it/s]
dann: epoch 1:  73%|███████▎  | 148/203 [00:29<00:09,  5.97it/s]
dann: epoch 1:  73%|███████▎  | 149/203 [00:29<00:09,  5.86it/s]
dann: epoch 1:  74%|███████▍  | 150/203 [00:29<00:09,  5.72it/s]
dann: epoch 1:  74%|███████▍  | 151/203 [00:29<00:09,  5.49it/s]
dann: epoch 1:  75%|███████▍  | 152/203 [00:30<00:09,  5.23it/s]
dann: epoch 1:  75%|███████▌  | 153/203 [00:30<00:09,  5.25it/s]
dann: epoch 1:  76%|███████▌  | 154/203 [00:30<00:09,  5.06it/s]
dann: epoch 1:  76%|███████▋  | 155/203 [00:30<00:10,  4.75it/s]
dann: epoch 1:  77%|███████▋  | 156/203 [00:31<00:09,  4.73it/s]
dann: epoch 1:  77%|███████▋  | 157/203 [00:31<00:10,  4.40it/s]
dann: epoch 1:  78%|███████▊  | 158/203 [00:31<00:10,  4.27it/s]
dann: epoch 1:  78%|███████▊  | 159/203 [00:31<00:09,  4.58it/s]
dann: epoch 1:  79%|███████▉  | 160/203 [00:31<00:09,  4.58it/s]
dann: epoch 1:  79%|███████▉  | 161/203 [00:32<00:09,  4.30it/s]
dann: epoch 1:  80%|███████▉  | 162/203 [00:32<00:08,  4.65it/s]
dann: epoch 1:  80%|████████  | 163/203 [00:32<00:08,  4.77it/s]
dann: epoch 1:  81%|████████  | 164/203 [00:33<00:11,  3.47it/s]
dann: epoch 1:  81%|████████▏ | 165/203 [00:33<00:09,  3.86it/s]
dann: epoch 1:  82%|████████▏ | 166/203 [00:33<00:09,  3.86it/s]
dann: epoch 1:  82%|████████▏ | 167/203 [00:33<00:08,  4.20it/s]
dann: epoch 1:  83%|████████▎ | 168/203 [00:34<00:10,  3.49it/s]
dann: epoch 1:  83%|████████▎ | 169/203 [00:34<00:09,  3.63it/s]
dann: epoch 1:  84%|████████▎ | 170/203 [00:34<00:08,  3.71it/s]
dann: epoch 1:  84%|████████▍ | 171/203 [00:34<00:07,  4.02it/s]
dann: epoch 1:  85%|████████▍ | 172/203 [00:34<00:07,  4.37it/s]
dann: epoch 1:  85%|████████▌ | 173/203 [00:35<00:06,  4.57it/s]
dann: epoch 1:  86%|████████▌ | 174/203 [00:35<00:06,  4.75it/s]
dann: epoch 1:  86%|████████▌ | 175/203 [00:35<00:05,  5.00it/s]
dann: epoch 1:  87%|████████▋ | 176/203 [00:35<00:05,  5.15it/s]
dann: epoch 1:  87%|████████▋ | 177/203 [00:35<00:04,  5.22it/s]
dann: epoch 1:  88%|████████▊ | 178/203 [00:36<00:04,  5.27it/s]
dann: epoch 1:  88%|████████▊ | 179/203 [00:36<00:04,  5.57it/s]
dann: epoch 1:  89%|████████▊ | 180/203 [00:36<00:04,  5.61it/s]
dann: epoch 1:  89%|████████▉ | 181/203 [00:36<00:03,  5.75it/s]
dann: epoch 1:  90%|████████▉ | 182/203 [00:36<00:03,  5.63it/s]
dann: epoch 1:  90%|█████████ | 183/203 [00:36<00:03,  5.62it/s]
dann: epoch 1:  91%|█████████ | 184/203 [00:37<00:03,  5.63it/s]
dann: epoch 1:  91%|█████████ | 185/203 [00:37<00:03,  5.57it/s]
dann: epoch 1:  92%|█████████▏| 186/203 [00:37<00:02,  5.83it/s]
dann: epoch 1:  92%|█████████▏| 187/203 [00:37<00:02,  5.79it/s]
dann: epoch 1:  93%|█████████▎| 188/203 [00:37<00:02,  5.90it/s]
dann: epoch 1:  93%|█████████▎| 189/203 [00:38<00:02,  5.80it/s]
dann: epoch 1:  94%|█████████▎| 190/203 [00:38<00:02,  5.92it/s]
dann: epoch 1:  94%|█████████▍| 191/203 [00:38<00:02,  5.90it/s]
dann: epoch 1:  95%|█████████▍| 192/203 [00:38<00:01,  5.79it/s]
dann: epoch 1:  95%|█████████▌| 193/203 [00:38<00:01,  5.76it/s]
dann: epoch 1:  96%|█████████▌| 194/203 [00:38<00:01,  5.88it/s]
dann: epoch 1:  96%|█████████▌| 195/203 [00:39<00:01,  5.98it/s]
dann: epoch 1:  97%|█████████▋| 196/203 [00:39<00:01,  5.98it/s]
dann: epoch 1:  97%|█████████▋| 197/203 [00:39<00:01,  5.81it/s]
dann: epoch 1:  98%|█████████▊| 198/203 [00:39<00:00,  5.93it/s]
dann: epoch 1:  98%|█████████▊| 199/203 [00:39<00:00,  5.79it/s]
dann: epoch 1:  99%|█████████▊| 200/203 [00:39<00:00,  5.95it/s]
dann: epoch 1:  99%|█████████▉| 201/203 [00:40<00:00,  5.88it/s]
dann: epoch 1: 100%|█████████▉| 202/203 [00:40<00:00,  6.00it/s]
dann: epoch 1: 100%|██████████| 203/203 [00:40<00:00,  6.06it/s]
                                                                
dann: epoch 1, source macro-f1=0.0364

dann: epoch 2:   0%|          | 0/203 [00:00<?, ?it/s]
dann: epoch 2:   0%|          | 1/203 [00:00<00:31,  6.39it/s]
dann: epoch 2:   1%|          | 2/203 [00:00<00:42,  4.75it/s]
dann: epoch 2:   1%|▏         | 3/203 [00:00<00:39,  5.07it/s]
dann: epoch 2:   2%|▏         | 4/203 [00:00<00:41,  4.85it/s]
dann: epoch 2:   2%|▏         | 5/203 [00:01<00:43,  4.58it/s]
dann: epoch 2:   3%|▎         | 6/203 [00:01<00:43,  4.51it/s]
dann: epoch 2:   3%|▎         | 7/203 [00:01<00:44,  4.41it/s]
dann: epoch 2:   4%|▍         | 8/203 [00:01<00:46,  4.23it/s]
dann: epoch 2:   4%|▍         | 9/203 [00:01<00:44,  4.40it/s]
dann: epoch 2:   5%|▍         | 10/203 [00:02<00:43,  4.39it/s]
dann: epoch 2:   5%|▌         | 11/203 [00:02<00:42,  4.53it/s]
dann: epoch 2:   6%|▌         | 12/203 [00:02<00:39,  4.85it/s]
dann: epoch 2:   6%|▋         | 13/203 [00:02<00:41,  4.55it/s]
dann: epoch 2:   7%|▋         | 14/203 [00:03<00:42,  4.41it/s]
dann: epoch 2:   7%|▋         | 15/203 [00:03<00:44,  4.21it/s]
dann: epoch 2:   8%|▊         | 16/203 [00:03<00:44,  4.24it/s]
dann: epoch 2:   8%|▊         | 17/203 [00:03<00:41,  4.48it/s]
dann: epoch 2:   9%|▉         | 18/203 [00:04<00:42,  4.34it/s]
dann: epoch 2:   9%|▉         | 19/203 [00:04<00:43,  4.24it/s]
dann: epoch 2:  10%|▉         | 20/203 [00:04<00:42,  4.33it/s]
dann: epoch 2:  10%|█         | 21/203 [00:04<00:42,  4.23it/s]
dann: epoch 2:  11%|█         | 22/203 [00:04<00:43,  4.16it/s]
dann: epoch 2:  11%|█▏        | 23/203 [00:05<00:40,  4.39it/s]
dann: epoch 2:  12%|█▏        | 24/203 [00:05<00:40,  4.40it/s]
dann: epoch 2:  12%|█▏        | 25/203 [00:05<00:40,  4.45it/s]
dann: epoch 2:  13%|█▎        | 26/203 [00:05<00:42,  4.17it/s]
dann: epoch 2:  13%|█▎        | 27/203 [00:06<00:41,  4.27it/s]
dann: epoch 2:  14%|█▍        | 28/203 [00:06<00:38,  4.53it/s]
dann: epoch 2:  14%|█▍        | 29/203 [00:06<00:35,  4.87it/s]
dann: epoch 2:  15%|█▍        | 30/203 [00:06<00:33,  5.13it/s]
dann: epoch 2:  15%|█▌        | 31/203 [00:06<00:32,  5.24it/s]
dann: epoch 2:  16%|█▌        | 32/203 [00:07<00:38,  4.47it/s]
dann: epoch 2:  16%|█▋        | 33/203 [00:07<00:35,  4.79it/s]
dann: epoch 2:  17%|█▋        | 34/203 [00:07<00:33,  5.06it/s]
dann: epoch 2:  17%|█▋        | 35/203 [00:07<00:31,  5.36it/s]
dann: epoch 2:  18%|█▊        | 36/203 [00:07<00:31,  5.38it/s]
dann: epoch 2:  18%|█▊        | 37/203 [00:07<00:30,  5.52it/s]
dann: epoch 2:  19%|█▊        | 38/203 [00:08<00:30,  5.41it/s]
dann: epoch 2:  19%|█▉        | 39/203 [00:08<00:29,  5.59it/s]
dann: epoch 2:  20%|█▉        | 40/203 [00:08<00:28,  5.62it/s]
dann: epoch 2:  20%|██        | 41/203 [00:08<00:28,  5.66it/s]
dann: epoch 2:  21%|██        | 42/203 [00:08<00:28,  5.70it/s]
dann: epoch 2:  21%|██        | 43/203 [00:09<00:28,  5.66it/s]
dann: epoch 2:  22%|██▏       | 44/203 [00:09<00:28,  5.63it/s]
dann: epoch 2:  22%|██▏       | 45/203 [00:09<00:27,  5.65it/s]
dann: epoch 2:  23%|██▎       | 46/203 [00:09<00:27,  5.62it/s]
dann: epoch 2:  23%|██▎       | 47/203 [00:09<00:27,  5.68it/s]
dann: epoch 2:  24%|██▎       | 48/203 [00:09<00:27,  5.72it/s]
dann: epoch 2:  24%|██▍       | 49/203 [00:10<00:27,  5.64it/s]
dann: epoch 2:  25%|██▍       | 50/203 [00:10<00:26,  5.71it/s]
dann: epoch 2:  25%|██▌       | 51/203 [00:10<00:26,  5.76it/s]
dann: epoch 2:  26%|██▌       | 52/203 [00:10<00:26,  5.64it/s]
dann: epoch 2:  26%|██▌       | 53/203 [00:10<00:26,  5.60it/s]
dann: epoch 2:  27%|██▋       | 54/203 [00:11<00:27,  5.40it/s]
dann: epoch 2:  27%|██▋       | 55/203 [00:11<00:26,  5.60it/s]
dann: epoch 2:  28%|██▊       | 56/203 [00:11<00:26,  5.57it/s]
dann: epoch 2:  28%|██▊       | 57/203 [00:11<00:25,  5.70it/s]
dann: epoch 2:  29%|██▊       | 58/203 [00:11<00:24,  5.83it/s]
dann: epoch 2:  29%|██▉       | 59/203 [00:11<00:24,  5.90it/s]
dann: epoch 2:  30%|██▉       | 60/203 [00:12<00:24,  5.77it/s]
dann: epoch 2:  30%|███       | 61/203 [00:12<00:24,  5.71it/s]
dann: epoch 2:  31%|███       | 62/203 [00:12<00:24,  5.70it/s]
dann: epoch 2:  31%|███       | 63/203 [00:12<00:24,  5.67it/s]
dann: epoch 2:  32%|███▏      | 64/203 [00:12<00:24,  5.67it/s]
dann: epoch 2:  32%|███▏      | 65/203 [00:12<00:24,  5.64it/s]
dann: epoch 2:  33%|███▎      | 66/203 [00:13<00:24,  5.50it/s]
dann: epoch 2:  33%|███▎      | 67/203 [00:13<00:24,  5.61it/s]
dann: epoch 2:  33%|███▎      | 68/203 [00:13<00:23,  5.73it/s]
dann: epoch 2:  34%|███▍      | 69/203 [00:13<00:23,  5.65it/s]
dann: epoch 2:  34%|███▍      | 70/203 [00:13<00:23,  5.67it/s]
dann: epoch 2:  35%|███▍      | 71/203 [00:13<00:23,  5.71it/s]
dann: epoch 2:  35%|███▌      | 72/203 [00:14<00:22,  5.71it/s]
dann: epoch 2:  36%|███▌      | 73/203 [00:14<00:22,  5.66it/s]
dann: epoch 2:  36%|███▋      | 74/203 [00:14<00:22,  5.62it/s]
dann: epoch 2:  37%|███▋      | 75/203 [00:14<00:22,  5.69it/s]
dann: epoch 2:  37%|███▋      | 76/203 [00:14<00:22,  5.66it/s]
dann: epoch 2:  38%|███▊      | 77/203 [00:15<00:21,  5.76it/s]
dann: epoch 2:  38%|███▊      | 78/203 [00:15<00:22,  5.62it/s]
dann: epoch 2:  39%|███▉      | 79/203 [00:15<00:21,  5.79it/s]
dann: epoch 2:  39%|███▉      | 80/203 [00:15<00:21,  5.69it/s]
dann: epoch 2:  40%|███▉      | 81/203 [00:15<00:20,  5.86it/s]
dann: epoch 2:  40%|████      | 82/203 [00:15<00:20,  5.85it/s]
dann: epoch 2:  41%|████      | 83/203 [00:16<00:21,  5.69it/s]
dann: epoch 2:  41%|████▏     | 84/203 [00:16<00:20,  5.73it/s]
dann: epoch 2:  42%|████▏     | 85/203 [00:16<00:20,  5.64it/s]
dann: epoch 2:  42%|████▏     | 86/203 [00:16<00:21,  5.45it/s]
dann: epoch 2:  43%|████▎     | 87/203 [00:16<00:23,  4.92it/s]
dann: epoch 2:  43%|████▎     | 88/203 [00:17<00:23,  4.81it/s]
dann: epoch 2:  44%|████▍     | 89/203 [00:17<00:24,  4.63it/s]
dann: epoch 2:  44%|████▍     | 90/203 [00:17<00:25,  4.42it/s]
dann: epoch 2:  45%|████▍     | 91/203 [00:17<00:24,  4.51it/s]
dann: epoch 2:  45%|████▌     | 92/203 [00:18<00:26,  4.26it/s]
dann: epoch 2:  46%|████▌     | 93/203 [00:18<00:25,  4.29it/s]
dann: epoch 2:  46%|████▋     | 94/203 [00:18<00:25,  4.24it/s]
dann: epoch 2:  47%|████▋     | 95/203 [00:18<00:26,  4.10it/s]
dann: epoch 2:  47%|████▋     | 96/203 [00:19<00:25,  4.21it/s]
dann: epoch 2:  48%|████▊     | 97/203 [00:19<00:24,  4.33it/s]
dann: epoch 2:  48%|████▊     | 98/203 [00:19<00:24,  4.27it/s]
dann: epoch 2:  49%|████▉     | 99/203 [00:19<00:24,  4.28it/s]
dann: epoch 2:  49%|████▉     | 100/203 [00:19<00:23,  4.33it/s]
dann: epoch 2:  50%|████▉     | 101/203 [00:20<00:22,  4.48it/s]
dann: epoch 2:  50%|█████     | 102/203 [00:20<00:22,  4.42it/s]
dann: epoch 2:  51%|█████     | 103/203 [00:20<00:23,  4.33it/s]
dann: epoch 2:  51%|█████     | 104/203 [00:20<00:22,  4.37it/s]
dann: epoch 2:  52%|█████▏    | 105/203 [00:21<00:24,  4.08it/s]
dann: epoch 2:  52%|█████▏    | 106/203 [00:21<00:21,  4.47it/s]
dann: epoch 2:  53%|█████▎    | 107/203 [00:21<00:21,  4.47it/s]
dann: epoch 2:  53%|█████▎    | 108/203 [00:21<00:20,  4.60it/s]
dann: epoch 2:  54%|█████▎    | 109/203 [00:21<00:19,  4.89it/s]
dann: epoch 2:  54%|█████▍    | 110/203 [00:22<00:17,  5.18it/s]
dann: epoch 2:  55%|█████▍    | 111/203 [00:22<00:17,  5.25it/s]
dann: epoch 2:  55%|█████▌    | 112/203 [00:22<00:17,  5.30it/s]
dann: epoch 2:  56%|█████▌    | 113/203 [00:22<00:16,  5.31it/s]
dann: epoch 2:  56%|█████▌    | 114/203 [00:22<00:16,  5.30it/s]
dann: epoch 2:  57%|█████▋    | 115/203 [00:23<00:16,  5.25it/s]
dann: epoch 2:  57%|█████▋    | 116/203 [00:23<00:15,  5.44it/s]
dann: epoch 2:  58%|█████▊    | 117/203 [00:23<00:15,  5.52it/s]
dann: epoch 2:  58%|█████▊    | 118/203 [00:23<00:14,  5.73it/s]
dann: epoch 2:  59%|█████▊    | 119/203 [00:23<00:14,  5.69it/s]
dann: epoch 2:  59%|█████▉    | 120/203 [00:23<00:14,  5.69it/s]
dann: epoch 2:  60%|█████▉    | 121/203 [00:24<00:14,  5.85it/s]
dann: epoch 2:  60%|██████    | 122/203 [00:24<00:13,  5.95it/s]
dann: epoch 2:  61%|██████    | 123/203 [00:24<00:13,  5.97it/s]
dann: epoch 2:  61%|██████    | 124/203 [00:24<00:17,  4.58it/s]
dann: epoch 2:  62%|██████▏   | 125/203 [00:24<00:15,  4.94it/s]
dann: epoch 2:  62%|██████▏   | 126/203 [00:25<00:15,  5.01it/s]
dann: epoch 2:  63%|██████▎   | 127/203 [00:25<00:14,  5.21it/s]
dann: epoch 2:  63%|██████▎   | 128/203 [00:25<00:13,  5.43it/s]
dann: epoch 2:  64%|██████▎   | 129/203 [00:25<00:13,  5.54it/s]
dann: epoch 2:  64%|██████▍   | 130/203 [00:25<00:12,  5.69it/s]
dann: epoch 2:  65%|██████▍   | 131/203 [00:25<00:12,  5.82it/s]
dann: epoch 2:  65%|██████▌   | 132/203 [00:26<00:13,  5.31it/s]
dann: epoch 2:  66%|██████▌   | 133/203 [00:26<00:13,  5.37it/s]
dann: epoch 2:  66%|██████▌   | 134/203 [00:26<00:12,  5.38it/s]
dann: epoch 2:  67%|██████▋   | 135/203 [00:26<00:12,  5.51it/s]
dann: epoch 2:  67%|██████▋   | 136/203 [00:26<00:12,  5.47it/s]
dann: epoch 2:  67%|██████▋   | 137/203 [00:27<00:12,  5.46it/s]
dann: epoch 2:  68%|██████▊   | 138/203 [00:27<00:11,  5.52it/s]
dann: epoch 2:  68%|██████▊   | 139/203 [00:27<00:11,  5.56it/s]
dann: epoch 2:  69%|██████▉   | 140/203 [00:27<00:11,  5.63it/s]
dann: epoch 2:  69%|██████▉   | 141/203 [00:27<00:11,  5.57it/s]
dann: epoch 2:  70%|██████▉   | 142/203 [00:27<00:10,  5.70it/s]
dann: epoch 2:  70%|███████   | 143/203 [00:28<00:10,  5.75it/s]
dann: epoch 2:  71%|███████   | 144/203 [00:28<00:10,  5.68it/s]
dann: epoch 2:  71%|███████▏  | 145/203 [00:28<00:10,  5.39it/s]
dann: epoch 2:  72%|███████▏  | 146/203 [00:28<00:11,  5.13it/s]
dann: epoch 2:  72%|███████▏  | 147/203 [00:28<00:10,  5.17it/s]
dann: epoch 2:  73%|███████▎  | 148/203 [00:29<00:10,  5.23it/s]
dann: epoch 2:  73%|███████▎  | 149/203 [00:29<00:09,  5.42it/s]
dann: epoch 2:  74%|███████▍  | 150/203 [00:29<00:09,  5.49it/s]
dann: epoch 2:  74%|███████▍  | 151/203 [00:29<00:09,  5.53it/s]
dann: epoch 2:  75%|███████▍  | 152/203 [00:29<00:09,  5.50it/s]
dann: epoch 2:  75%|███████▌  | 153/203 [00:29<00:08,  5.58it/s]
dann: epoch 2:  76%|███████▌  | 154/203 [00:30<00:08,  5.62it/s]
dann: epoch 2:  76%|███████▋  | 155/203 [00:30<00:08,  5.77it/s]
dann: epoch 2:  77%|███████▋  | 156/203 [00:30<00:08,  5.81it/s]
dann: epoch 2:  77%|███████▋  | 157/203 [00:30<00:08,  5.71it/s]
dann: epoch 2:  78%|███████▊  | 158/203 [00:30<00:07,  5.74it/s]
dann: epoch 2:  78%|███████▊  | 159/203 [00:30<00:07,  5.65it/s]
dann: epoch 2:  79%|███████▉  | 160/203 [00:31<00:07,  5.76it/s]
dann: epoch 2:  79%|███████▉  | 161/203 [00:31<00:07,  5.76it/s]
dann: epoch 2:  80%|███████▉  | 162/203 [00:31<00:07,  5.62it/s]
dann: epoch 2:  80%|████████  | 163/203 [00:31<00:07,  5.57it/s]
dann: epoch 2:  81%|████████  | 164/203 [00:31<00:07,  5.38it/s]
dann: epoch 2:  81%|████████▏ | 165/203 [00:32<00:07,  5.30it/s]
dann: epoch 2:  82%|████████▏ | 166/203 [00:32<00:07,  4.94it/s]
dann: epoch 2:  82%|████████▏ | 167/203 [00:32<00:07,  4.75it/s]
dann: epoch 2:  83%|████████▎ | 168/203 [00:32<00:07,  4.69it/s]
dann: epoch 2:  83%|████████▎ | 169/203 [00:32<00:07,  4.60it/s]
dann: epoch 2:  84%|████████▎ | 170/203 [00:33<00:07,  4.47it/s]
dann: epoch 2:  84%|████████▍ | 171/203 [00:33<00:07,  4.45it/s]
dann: epoch 2:  85%|████████▍ | 172/203 [00:33<00:07,  4.35it/s]
dann: epoch 2:  85%|████████▌ | 173/203 [00:33<00:06,  4.40it/s]
dann: epoch 2:  86%|████████▌ | 174/203 [00:34<00:06,  4.73it/s]
dann: epoch 2:  86%|████████▌ | 175/203 [00:34<00:05,  4.68it/s]
dann: epoch 2:  87%|████████▋ | 176/203 [00:34<00:06,  4.43it/s]
dann: epoch 2:  87%|████████▋ | 177/203 [00:34<00:05,  4.52it/s]
dann: epoch 2:  88%|████████▊ | 178/203 [00:35<00:06,  3.91it/s]
dann: epoch 2:  88%|████████▊ | 179/203 [00:35<00:05,  4.23it/s]
dann: epoch 2:  89%|████████▊ | 180/203 [00:35<00:05,  4.13it/s]
dann: epoch 2:  89%|████████▉ | 181/203 [00:35<00:05,  4.36it/s]
dann: epoch 2:  90%|████████▉ | 182/203 [00:36<00:05,  4.10it/s]
dann: epoch 2:  90%|█████████ | 183/203 [00:36<00:04,  4.24it/s]
dann: epoch 2:  91%|█████████ | 184/203 [00:36<00:04,  4.25it/s]
dann: epoch 2:  91%|█████████ | 185/203 [00:36<00:04,  4.47it/s]
dann: epoch 2:  92%|█████████▏| 186/203 [00:37<00:04,  3.90it/s]
dann: epoch 2:  92%|█████████▏| 187/203 [00:37<00:03,  4.15it/s]
dann: epoch 2:  93%|█████████▎| 188/203 [00:37<00:03,  4.48it/s]
dann: epoch 2:  93%|█████████▎| 189/203 [00:37<00:03,  4.59it/s]
dann: epoch 2:  94%|█████████▎| 190/203 [00:37<00:02,  4.77it/s]
dann: epoch 2:  94%|█████████▍| 191/203 [00:37<00:02,  4.87it/s]
dann: epoch 2:  95%|█████████▍| 192/203 [00:38<00:02,  5.15it/s]
dann: epoch 2:  95%|█████████▌| 193/203 [00:38<00:01,  5.24it/s]
dann: epoch 2:  96%|█████████▌| 194/203 [00:38<00:01,  5.50it/s]
dann: epoch 2:  96%|█████████▌| 195/203 [00:38<00:01,  5.70it/s]
dann: epoch 2:  97%|█████████▋| 196/203 [00:38<00:01,  5.63it/s]
dann: epoch 2:  97%|█████████▋| 197/203 [00:39<00:01,  5.54it/s]
dann: epoch 2:  98%|█████████▊| 198/203 [00:39<00:00,  5.70it/s]
dann: epoch 2:  98%|█████████▊| 199/203 [00:39<00:00,  5.86it/s]
dann: epoch 2:  99%|█████████▊| 200/203 [00:39<00:00,  5.86it/s]
dann: epoch 2:  99%|█████████▉| 201/203 [00:39<00:00,  5.80it/s]
dann: epoch 2: 100%|█████████▉| 202/203 [00:39<00:00,  5.78it/s]
dann: epoch 2: 100%|██████████| 203/203 [00:40<00:00,  5.97it/s]
                                                                
dann: epoch 2, source macro-f1=0.0648

dann: epoch 3:   0%|          | 0/203 [00:00<?, ?it/s]
dann: epoch 3:   0%|          | 1/203 [00:00<00:30,  6.56it/s]
dann: epoch 3:   1%|          | 2/203 [00:00<00:31,  6.37it/s]
dann: epoch 3:   1%|▏         | 3/203 [00:00<00:39,  5.05it/s]
dann: epoch 3:   2%|▏         | 4/203 [00:00<00:37,  5.37it/s]
dann: epoch 3:   2%|▏         | 5/203 [00:00<00:36,  5.41it/s]
dann: epoch 3:   3%|▎         | 6/203 [00:01<00:35,  5.55it/s]
dann: epoch 3:   3%|▎         | 7/203 [00:01<00:34,  5.69it/s]
dann: epoch 3:   4%|▍         | 8/203 [00:01<00:35,  5.57it/s]
dann: epoch 3:   4%|▍         | 9/203 [00:01<00:35,  5.43it/s]
dann: epoch 3:   5%|▍         | 10/203 [00:01<00:35,  5.49it/s]
dann: epoch 3:   5%|▌         | 11/203 [00:01<00:33,  5.77it/s]
dann: epoch 3:   6%|▌         | 12/203 [00:02<00:32,  5.88it/s]
dann: epoch 3:   6%|▋         | 13/203 [00:02<00:32,  5.94it/s]
dann: epoch 3:   7%|▋         | 14/203 [00:02<00:32,  5.90it/s]
dann: epoch 3:   7%|▋         | 15/203 [00:02<00:33,  5.69it/s]
dann: epoch 3:   8%|▊         | 16/203 [00:02<00:32,  5.73it/s]
dann: epoch 3:   8%|▊         | 17/203 [00:02<00:32,  5.78it/s]
dann: epoch 3:   9%|▉         | 18/203 [00:03<00:32,  5.74it/s]
dann: epoch 3:   9%|▉         | 19/203 [00:03<00:31,  5.85it/s]
dann: epoch 3:  10%|▉         | 20/203 [00:03<00:31,  5.75it/s]
dann: epoch 3:  10%|█         | 21/203 [00:03<00:32,  5.66it/s]
dann: epoch 3:  11%|█         | 22/203 [00:03<00:32,  5.57it/s]
dann: epoch 3:  11%|█▏        | 23/203 [00:04<00:35,  5.03it/s]
dann: epoch 3:  12%|█▏        | 24/203 [00:04<00:34,  5.12it/s]
dann: epoch 3:  12%|█▏        | 25/203 [00:04<00:36,  4.81it/s]
dann: epoch 3:  13%|█▎        | 26/203 [00:04<00:37,  4.67it/s]
dann: epoch 3:  13%|█▎        | 27/203 [00:04<00:37,  4.72it/s]
dann: epoch 3:  14%|█▍        | 28/203 [00:05<00:37,  4.69it/s]
dann: epoch 3:  14%|█▍        | 29/203 [00:05<00:37,  4.58it/s]
dann: epoch 3:  15%|█▍        | 30/203 [00:05<00:37,  4.57it/s]
dann: epoch 3:  15%|█▌        | 31/203 [00:05<00:38,  4.44it/s]
dann: epoch 3:  16%|█▌        | 32/203 [00:06<00:39,  4.31it/s]
dann: epoch 3:  16%|█▋        | 33/203 [00:06<00:39,  4.34it/s]
dann: epoch 3:  17%|█▋        | 34/203 [00:06<00:37,  4.56it/s]
dann: epoch 3:  17%|█▋        | 35/203 [00:06<00:37,  4.49it/s]
dann: epoch 3:  18%|█▊        | 36/203 [00:07<00:38,  4.31it/s]
dann: epoch 3:  18%|█▊        | 37/203 [00:07<00:37,  4.43it/s]
dann: epoch 3:  19%|█▊        | 38/203 [00:07<00:40,  4.06it/s]
dann: epoch 3:  19%|█▉        | 39/203 [00:07<00:37,  4.32it/s]
dann: epoch 3:  20%|█▉        | 40/203 [00:07<00:37,  4.36it/s]
dann: epoch 3:  20%|██        | 41/203 [00:08<00:35,  4.52it/s]
dann: epoch 3:  21%|██        | 42/203 [00:08<00:37,  4.29it/s]
dann: epoch 3:  21%|██        | 43/203 [00:08<00:37,  4.31it/s]
dann: epoch 3:  22%|██▏       | 44/203 [00:08<00:41,  3.84it/s]
dann: epoch 3:  22%|██▏       | 45/203 [00:09<00:38,  4.11it/s]
dann: epoch 3:  23%|██▎       | 46/203 [00:09<00:35,  4.47it/s]
dann: epoch 3:  23%|██▎       | 47/203 [00:09<00:32,  4.76it/s]
dann: epoch 3:  24%|██▎       | 48/203 [00:09<00:31,  4.86it/s]
dann: epoch 3:  24%|██▍       | 49/203 [00:09<00:30,  5.07it/s]
dann: epoch 3:  25%|██▍       | 50/203 [00:10<00:31,  4.93it/s]
dann: epoch 3:  25%|██▌       | 51/203 [00:10<00:29,  5.09it/s]
dann: epoch 3:  26%|██▌       | 52/203 [00:10<00:29,  5.08it/s]
dann: epoch 3:  26%|██▌       | 53/203 [00:10<00:29,  5.12it/s]
dann: epoch 3:  27%|██▋       | 54/203 [00:10<00:28,  5.21it/s]
dann: epoch 3:  27%|██▋       | 55/203 [00:11<00:27,  5.33it/s]
dann: epoch 3:  28%|██▊       | 56/203 [00:11<00:29,  5.06it/s]
dann: epoch 3:  28%|██▊       | 57/203 [00:11<00:27,  5.24it/s]
dann: epoch 3:  29%|██▊       | 58/203 [00:11<00:27,  5.35it/s]
dann: epoch 3:  29%|██▉       | 59/203 [00:11<00:26,  5.36it/s]
dann: epoch 3:  30%|██▉       | 60/203 [00:12<00:26,  5.44it/s]
dann: epoch 3:  30%|███       | 61/203 [00:12<00:25,  5.48it/s]
dann: epoch 3:  31%|███       | 62/203 [00:12<00:25,  5.43it/s]
dann: epoch 3:  31%|███       | 63/203 [00:12<00:30,  4.59it/s]
dann: epoch 3:  32%|███▏      | 64/203 [00:12<00:28,  4.86it/s]
dann: epoch 3:  32%|███▏      | 65/203 [00:13<00:27,  5.06it/s]
dann: epoch 3:  33%|███▎      | 66/203 [00:13<00:26,  5.19it/s]
dann: epoch 3:  33%|███▎      | 67/203 [00:13<00:27,  5.00it/s]
dann: epoch 3:  33%|███▎      | 68/203 [00:13<00:26,  5.16it/s]
dann: epoch 3:  34%|███▍      | 69/203 [00:13<00:25,  5.27it/s]
dann: epoch 3:  34%|███▍      | 70/203 [00:13<00:24,  5.37it/s]
dann: epoch 3:  35%|███▍      | 71/203 [00:14<00:24,  5.35it/s]
dann: epoch 3:  35%|███▌      | 72/203 [00:14<00:24,  5.30it/s]
dann: epoch 3:  36%|███▌      | 73/203 [00:14<00:24,  5.23it/s]
dann: epoch 3:  36%|███▋      | 74/203 [00:14<00:24,  5.28it/s]
dann: epoch 3:  37%|███▋      | 75/203 [00:14<00:24,  5.32it/s]
dann: epoch 3:  37%|███▋      | 76/203 [00:15<00:23,  5.48it/s]
dann: epoch 3:  38%|███▊      | 77/203 [00:15<00:24,  5.24it/s]
dann: epoch 3:  38%|███▊      | 78/203 [00:15<00:24,  5.13it/s]
dann: epoch 3:  39%|███▉      | 79/203 [00:15<00:23,  5.26it/s]
dann: epoch 3:  39%|███▉      | 80/203 [00:15<00:23,  5.34it/s]
dann: epoch 3:  40%|███▉      | 81/203 [00:16<00:22,  5.50it/s]
dann: epoch 3:  40%|████      | 82/203 [00:16<00:20,  5.78it/s]
dann: epoch 3:  41%|████      | 83/203 [00:16<00:20,  5.80it/s]
dann: epoch 3:  41%|████▏     | 84/203 [00:16<00:27,  4.40it/s]
dann: epoch 3:  42%|████▏     | 85/203 [00:16<00:24,  4.76it/s]
dann: epoch 3:  42%|████▏     | 86/203 [00:17<00:23,  5.06it/s]
dann: epoch 3:  43%|████▎     | 87/203 [00:17<00:22,  5.17it/s]
dann: epoch 3:  43%|████▎     | 88/203 [00:17<00:22,  5.21it/s]
dann: epoch 3:  44%|████▍     | 89/203 [00:17<00:20,  5.45it/s]
dann: epoch 3:  44%|████▍     | 90/203 [00:17<00:20,  5.44it/s]
dann: epoch 3:  45%|████▍     | 91/203 [00:17<00:20,  5.56it/s]
dann: epoch 3:  45%|████▌     | 92/203 [00:18<00:19,  5.72it/s]
dann: epoch 3:  46%|████▌     | 93/203 [00:18<00:19,  5.78it/s]
dann: epoch 3:  46%|████▋     | 94/203 [00:18<00:18,  5.86it/s]
dann: epoch 3:  47%|████▋     | 95/203 [00:18<00:18,  5.97it/s]
dann: epoch 3:  47%|████▋     | 96/203 [00:18<00:19,  5.35it/s]
dann: epoch 3:  48%|████▊     | 97/203 [00:19<00:19,  5.33it/s]
dann: epoch 3:  48%|████▊     | 98/203 [00:19<00:20,  5.12it/s]
dann: epoch 3:  49%|████▉     | 99/203 [00:19<00:20,  5.15it/s]
dann: epoch 3:  49%|████▉     | 100/203 [00:19<00:20,  5.05it/s]
dann: epoch 3:  50%|████▉     | 101/203 [00:19<00:21,  4.68it/s]
dann: epoch 3:  50%|█████     | 102/203 [00:20<00:21,  4.71it/s]
dann: epoch 3:  51%|█████     | 103/203 [00:20<00:22,  4.42it/s]
dann: epoch 3:  51%|█████     | 104/203 [00:20<00:22,  4.34it/s]
dann: epoch 3:  52%|█████▏    | 105/203 [00:20<00:22,  4.35it/s]
dann: epoch 3:  52%|█████▏    | 106/203 [00:21<00:22,  4.38it/s]
dann: epoch 3:  53%|█████▎    | 107/203 [00:21<00:21,  4.39it/s]
dann: epoch 3:  53%|█████▎    | 108/203 [00:21<00:22,  4.30it/s]
dann: epoch 3:  54%|█████▎    | 109/203 [00:21<00:24,  3.90it/s]
dann: epoch 3:  54%|█████▍    | 110/203 [00:22<00:22,  4.18it/s]
dann: epoch 3:  55%|█████▍    | 111/203 [00:22<00:22,  4.00it/s]
dann: epoch 3:  55%|█████▌    | 112/203 [00:22<00:21,  4.16it/s]
dann: epoch 3:  56%|█████▌    | 113/203 [00:22<00:23,  3.91it/s]
dann: epoch 3:  56%|█████▌    | 114/203 [00:23<00:21,  4.09it/s]
dann: epoch 3:  57%|█████▋    | 115/203 [00:23<00:21,  4.13it/s]
dann: epoch 3:  57%|█████▋    | 116/203 [00:23<00:20,  4.27it/s]
dann: epoch 3:  58%|█████▊    | 117/203 [00:23<00:20,  4.10it/s]
dann: epoch 3:  58%|█████▊    | 118/203 [00:23<00:19,  4.29it/s]
dann: epoch 3:  59%|█████▊    | 119/203 [00:24<00:20,  4.19it/s]
dann: epoch 3:  59%|█████▉    | 120/203 [00:24<00:18,  4.44it/s]
dann: epoch 3:  60%|█████▉    | 121/203 [00:24<00:17,  4.79it/s]
dann: epoch 3:  60%|██████    | 122/203 [00:24<00:16,  4.96it/s]
dann: epoch 3:  61%|██████    | 123/203 [00:24<00:15,  5.15it/s]
dann: epoch 3:  61%|██████    | 124/203 [00:25<00:14,  5.36it/s]
dann: epoch 3:  62%|██████▏   | 125/203 [00:25<00:15,  5.17it/s]
dann: epoch 3:  62%|██████▏   | 126/203 [00:25<00:14,  5.33it/s]
dann: epoch 3:  63%|██████▎   | 127/203 [00:25<00:13,  5.49it/s]
dann: epoch 3:  63%|██████▎   | 128/203 [00:25<00:13,  5.45it/s]
dann: epoch 3:  64%|██████▎   | 129/203 [00:26<00:13,  5.48it/s]
dann: epoch 3:  64%|██████▍   | 130/203 [00:26<00:13,  5.44it/s]
dann: epoch 3:  65%|██████▍   | 131/203 [00:26<00:12,  5.61it/s]
dann: epoch 3:  65%|██████▌   | 132/203 [00:26<00:12,  5.59it/s]
dann: epoch 3:  66%|██████▌   | 133/203 [00:26<00:12,  5.64it/s]
dann: epoch 3:  66%|██████▌   | 134/203 [00:26<00:12,  5.62it/s]
dann: epoch 3:  67%|██████▋   | 135/203 [00:27<00:11,  5.68it/s]
dann: epoch 3:  67%|██████▋   | 136/203 [00:27<00:11,  5.59it/s]
dann: epoch 3:  67%|██████▋   | 137/203 [00:27<00:11,  5.58it/s]
dann: epoch 3:  68%|██████▊   | 138/203 [00:27<00:11,  5.74it/s]
dann: epoch 3:  68%|██████▊   | 139/203 [00:27<00:11,  5.73it/s]
dann: epoch 3:  69%|██████▉   | 140/203 [00:27<00:10,  5.90it/s]
dann: epoch 3:  69%|██████▉   | 141/203 [00:28<00:10,  5.94it/s]
dann: epoch 3:  70%|██████▉   | 142/203 [00:28<00:10,  5.89it/s]
dann: epoch 3:  70%|███████   | 143/203 [00:28<00:10,  5.67it/s]
dann: epoch 3:  71%|███████   | 144/203 [00:28<00:10,  5.72it/s]
dann: epoch 3:  71%|███████▏  | 145/203 [00:28<00:10,  5.71it/s]
dann: epoch 3:  72%|███████▏  | 146/203 [00:28<00:09,  5.74it/s]
dann: epoch 3:  72%|███████▏  | 147/203 [00:29<00:09,  5.70it/s]
dann: epoch 3:  73%|███████▎  | 148/203 [00:29<00:09,  5.67it/s]
dann: epoch 3:  73%|███████▎  | 149/203 [00:29<00:09,  5.61it/s]
dann: epoch 3:  74%|███████▍  | 150/203 [00:29<00:09,  5.61it/s]
dann: epoch 3:  74%|███████▍  | 151/203 [00:29<00:09,  5.57it/s]
dann: epoch 3:  75%|███████▍  | 152/203 [00:30<00:09,  5.58it/s]
dann: epoch 3:  75%|███████▌  | 153/203 [00:30<00:08,  5.56it/s]
dann: epoch 3:  76%|███████▌  | 154/203 [00:30<00:08,  5.60it/s]
dann: epoch 3:  76%|███████▋  | 155/203 [00:30<00:08,  5.62it/s]
dann: epoch 3:  77%|███████▋  | 156/203 [00:30<00:08,  5.72it/s]
dann: epoch 3:  77%|███████▋  | 157/203 [00:30<00:08,  5.73it/s]
dann: epoch 3:  78%|███████▊  | 158/203 [00:31<00:07,  5.74it/s]
dann: epoch 3:  78%|███████▊  | 159/203 [00:31<00:07,  5.86it/s]
dann: epoch 3:  79%|███████▉  | 160/203 [00:31<00:07,  5.80it/s]
dann: epoch 3:  79%|███████▉  | 161/203 [00:31<00:07,  5.96it/s]
dann: epoch 3:  80%|███████▉  | 162/203 [00:31<00:06,  5.89it/s]
dann: epoch 3:  80%|████████  | 163/203 [00:31<00:06,  5.82it/s]
dann: epoch 3:  81%|████████  | 164/203 [00:32<00:06,  5.72it/s]
dann: epoch 3:  81%|████████▏ | 165/203 [00:32<00:06,  5.82it/s]
dann: epoch 3:  82%|████████▏ | 166/203 [00:32<00:06,  5.68it/s]
dann: epoch 3:  82%|████████▏ | 167/203 [00:32<00:06,  5.63it/s]
dann: epoch 3:  83%|████████▎ | 168/203 [00:32<00:06,  5.62it/s]
dann: epoch 3:  83%|████████▎ | 169/203 [00:33<00:05,  5.74it/s]
dann: epoch 3:  84%|████████▎ | 170/203 [00:33<00:05,  5.70it/s]
dann: epoch 3:  84%|████████▍ | 171/203 [00:33<00:05,  5.61it/s]
dann: epoch 3:  85%|████████▍ | 172/203 [00:33<00:05,  5.73it/s]
dann: epoch 3:  85%|████████▌ | 173/203 [00:33<00:05,  5.59it/s]
dann: epoch 3:  86%|████████▌ | 174/203 [00:33<00:05,  5.70it/s]
dann: epoch 3:  86%|████████▌ | 175/203 [00:34<00:04,  5.73it/s]
dann: epoch 3:  87%|████████▋ | 176/203 [00:34<00:04,  5.62it/s]
dann: epoch 3:  87%|████████▋ | 177/203 [00:34<00:04,  5.26it/s]
dann: epoch 3:  88%|████████▊ | 178/203 [00:34<00:04,  5.19it/s]
dann: epoch 3:  88%|████████▊ | 179/203 [00:34<00:04,  4.94it/s]
dann: epoch 3:  89%|████████▊ | 180/203 [00:35<00:04,  4.88it/s]
dann: epoch 3:  89%|████████▉ | 181/203 [00:35<00:04,  4.64it/s]
dann: epoch 3:  90%|████████▉ | 182/203 [00:35<00:04,  4.59it/s]
dann: epoch 3:  90%|█████████ | 183/203 [00:35<00:04,  4.51it/s]
dann: epoch 3:  91%|█████████ | 184/203 [00:36<00:04,  4.46it/s]
dann: epoch 3:  91%|█████████ | 185/203 [00:36<00:03,  4.73it/s]
dann: epoch 3:  92%|█████████▏| 186/203 [00:36<00:03,  4.50it/s]
dann: epoch 3:  92%|█████████▏| 187/203 [00:36<00:03,  4.43it/s]
dann: epoch 3:  93%|█████████▎| 188/203 [00:36<00:03,  4.36it/s]
dann: epoch 3:  93%|█████████▎| 189/203 [00:37<00:03,  3.67it/s]
dann: epoch 3:  94%|█████████▎| 190/203 [00:37<00:03,  3.96it/s]
dann: epoch 3:  94%|█████████▍| 191/203 [00:37<00:03,  3.93it/s]
dann: epoch 3:  95%|█████████▍| 192/203 [00:37<00:02,  4.11it/s]
dann: epoch 3:  95%|█████████▌| 193/203 [00:38<00:02,  4.11it/s]
dann: epoch 3:  96%|█████████▌| 194/203 [00:38<00:02,  4.18it/s]
dann: epoch 3:  96%|█████████▌| 195/203 [00:38<00:02,  3.94it/s]
dann: epoch 3:  97%|█████████▋| 196/203 [00:38<00:01,  4.21it/s]
dann: epoch 3:  97%|█████████▋| 197/203 [00:39<00:01,  3.83it/s]
dann: epoch 3:  98%|█████████▊| 198/203 [00:39<00:01,  4.13it/s]
dann: epoch 3:  98%|█████████▊| 199/203 [00:39<00:00,  4.41it/s]
dann: epoch 3:  99%|█████████▊| 200/203 [00:39<00:00,  4.84it/s]
dann: epoch 3:  99%|█████████▉| 201/203 [00:40<00:00,  4.85it/s]
dann: epoch 3: 100%|█████████▉| 202/203 [00:40<00:00,  4.99it/s]
dann: epoch 3: 100%|██████████| 203/203 [00:40<00:00,  5.17it/s]
                                                                
dann: epoch 3, source macro-f1=0.0785

dann: epoch 4:   0%|          | 0/203 [00:00<?, ?it/s]
dann: epoch 4:   0%|          | 1/203 [00:00<00:33,  6.10it/s]
dann: epoch 4:   1%|          | 2/203 [00:00<00:32,  6.14it/s]
dann: epoch 4:   1%|▏         | 3/203 [00:00<00:33,  6.03it/s]
dann: epoch 4:   2%|▏         | 4/203 [00:00<00:37,  5.28it/s]
dann: epoch 4:   2%|▏         | 5/203 [00:00<00:37,  5.21it/s]
dann: epoch 4:   3%|▎         | 6/203 [00:01<00:36,  5.40it/s]
dann: epoch 4:   3%|▎         | 7/203 [00:01<00:35,  5.50it/s]
dann: epoch 4:   4%|▍         | 8/203 [00:01<00:34,  5.72it/s]
dann: epoch 4:   4%|▍         | 9/203 [00:01<00:33,  5.80it/s]
dann: epoch 4:   5%|▍         | 10/203 [00:01<00:35,  5.37it/s]
dann: epoch 4:   5%|▌         | 11/203 [00:01<00:35,  5.35it/s]
dann: epoch 4:   6%|▌         | 12/203 [00:02<00:34,  5.57it/s]
dann: epoch 4:   6%|▋         | 13/203 [00:02<00:34,  5.54it/s]
dann: epoch 4:   7%|▋         | 14/203 [00:02<00:33,  5.58it/s]
dann: epoch 4:   7%|▋         | 15/203 [00:02<00:33,  5.55it/s]
dann: epoch 4:   8%|▊         | 16/203 [00:02<00:34,  5.46it/s]
dann: epoch 4:   8%|▊         | 17/203 [00:03<00:33,  5.62it/s]
dann: epoch 4:   9%|▉         | 18/203 [00:03<00:32,  5.70it/s]
dann: epoch 4:   9%|▉         | 19/203 [00:03<00:32,  5.60it/s]
dann: epoch 4:  10%|▉         | 20/203 [00:03<00:32,  5.65it/s]
dann: epoch 4:  10%|█         | 21/203 [00:03<00:31,  5.75it/s]
dann: epoch 4:  11%|█         | 22/203 [00:03<00:30,  5.95it/s]
dann: epoch 4:  11%|█▏        | 23/203 [00:04<00:30,  5.85it/s]
dann: epoch 4:  12%|█▏        | 24/203 [00:04<00:31,  5.74it/s]
dann: epoch 4:  12%|█▏        | 25/203 [00:04<00:31,  5.63it/s]
dann: epoch 4:  13%|█▎        | 26/203 [00:04<00:30,  5.75it/s]
dann: epoch 4:  13%|█▎        | 27/203 [00:04<00:30,  5.68it/s]
dann: epoch 4:  14%|█▍        | 28/203 [00:04<00:30,  5.75it/s]
dann: epoch 4:  14%|█▍        | 29/203 [00:05<00:30,  5.72it/s]
dann: epoch 4:  15%|█▍        | 30/203 [00:05<00:30,  5.71it/s]
dann: epoch 4:  15%|█▌        | 31/203 [00:05<00:29,  5.75it/s]
dann: epoch 4:  16%|█▌        | 32/203 [00:05<00:31,  5.39it/s]
dann: epoch 4:  16%|█▋        | 33/203 [00:05<00:32,  5.17it/s]
dann: epoch 4:  17%|█▋        | 34/203 [00:06<00:32,  5.21it/s]
dann: epoch 4:  17%|█▋        | 35/203 [00:06<00:32,  5.14it/s]
dann: epoch 4:  18%|█▊        | 36/203 [00:06<00:35,  4.67it/s]
dann: epoch 4:  18%|█▊        | 37/203 [00:06<00:34,  4.79it/s]
dann: epoch 4:  19%|█▊        | 38/203 [00:07<00:37,  4.43it/s]
dann: epoch 4:  19%|█▉        | 39/203 [00:07<00:36,  4.48it/s]
dann: epoch 4:  20%|█▉        | 40/203 [00:07<00:36,  4.42it/s]
dann: epoch 4:  20%|██        | 41/203 [00:07<00:35,  4.62it/s]
dann: epoch 4:  21%|██        | 42/203 [00:07<00:33,  4.80it/s]
dann: epoch 4:  21%|██        | 43/203 [00:08<00:31,  5.00it/s]
dann: epoch 4:  22%|██▏       | 44/203 [00:08<00:44,  3.59it/s]
dann: epoch 4:  22%|██▏       | 45/203 [00:08<00:41,  3.83it/s]
dann: epoch 4:  23%|██▎       | 46/203 [00:08<00:39,  3.93it/s]
dann: epoch 4:  23%|██▎       | 47/203 [00:09<00:38,  4.06it/s]
dann: epoch 4:  24%|██▎       | 48/203 [00:09<00:36,  4.29it/s]
dann: epoch 4:  24%|██▍       | 49/203 [00:09<00:34,  4.49it/s]
dann: epoch 4:  25%|██▍       | 50/203 [00:09<00:38,  3.95it/s]
dann: epoch 4:  25%|██▌       | 51/203 [00:10<00:36,  4.22it/s]
dann: epoch 4:  26%|██▌       | 52/203 [00:10<00:35,  4.25it/s]
dann: epoch 4:  26%|██▌       | 53/203 [00:10<00:34,  4.41it/s]
dann: epoch 4:  27%|██▋       | 54/203 [00:10<00:34,  4.36it/s]
dann: epoch 4:  27%|██▋       | 55/203 [00:10<00:33,  4.48it/s]
dann: epoch 4:  28%|██▊       | 56/203 [00:11<00:34,  4.29it/s]
dann: epoch 4:  28%|██▊       | 57/203 [00:11<00:31,  4.59it/s]
dann: epoch 4:  29%|██▊       | 58/203 [00:11<00:30,  4.76it/s]
dann: epoch 4:  29%|██▉       | 59/203 [00:11<00:28,  4.99it/s]
dann: epoch 4:  30%|██▉       | 60/203 [00:12<00:33,  4.23it/s]
dann: epoch 4:  30%|███       | 61/203 [00:12<00:32,  4.44it/s]
dann: epoch 4:  31%|███       | 62/203 [00:12<00:30,  4.64it/s]
dann: epoch 4:  31%|███       | 63/203 [00:12<00:28,  4.97it/s]
dann: epoch 4:  32%|███▏      | 64/203 [00:12<00:27,  5.03it/s]
dann: epoch 4:  32%|███▏      | 65/203 [00:13<00:27,  5.04it/s]
dann: epoch 4:  33%|███▎      | 66/203 [00:13<00:26,  5.09it/s]
dann: epoch 4:  33%|███▎      | 67/203 [00:13<00:26,  5.05it/s]
dann: epoch 4:  33%|███▎      | 68/203 [00:13<00:26,  5.10it/s]
dann: epoch 4:  34%|███▍      | 69/203 [00:13<00:25,  5.29it/s]
dann: epoch 4:  34%|███▍      | 70/203 [00:14<00:25,  5.28it/s]
dann: epoch 4:  35%|███▍      | 71/203 [00:14<00:25,  5.19it/s]
dann: epoch 4:  35%|███▌      | 72/203 [00:14<00:25,  5.23it/s]
dann: epoch 4:  36%|███▌      | 73/203 [00:14<00:23,  5.49it/s]
dann: epoch 4:  36%|███▋      | 74/203 [00:14<00:23,  5.47it/s]
dann: epoch 4:  37%|███▋      | 75/203 [00:14<00:23,  5.54it/s]
dann: epoch 4:  37%|███▋      | 76/203 [00:15<00:23,  5.45it/s]
dann: epoch 4:  38%|███▊      | 77/203 [00:15<00:22,  5.62it/s]
dann: epoch 4:  38%|███▊      | 78/203 [00:15<00:22,  5.63it/s]
dann: epoch 4:  39%|███▉      | 79/203 [00:15<00:22,  5.59it/s]
dann: epoch 4:  39%|███▉      | 80/203 [00:15<00:21,  5.71it/s]
dann: epoch 4:  40%|███▉      | 81/203 [00:15<00:21,  5.70it/s]
dann: epoch 4:  40%|████      | 82/203 [00:16<00:20,  5.77it/s]
dann: epoch 4:  41%|████      | 83/203 [00:16<00:20,  5.72it/s]
dann: epoch 4:  41%|████▏     | 84/203 [00:16<00:21,  5.61it/s]
dann: epoch 4:  42%|████▏     | 85/203 [00:16<00:20,  5.71it/s]
dann: epoch 4:  42%|████▏     | 86/203 [00:16<00:20,  5.68it/s]
dann: epoch 4:  43%|████▎     | 87/203 [00:17<00:20,  5.65it/s]
dann: epoch 4:  43%|████▎     | 88/203 [00:17<00:20,  5.62it/s]
dann: epoch 4:  44%|████▍     | 89/203 [00:17<00:19,  5.80it/s]
dann: epoch 4:  44%|████▍     | 90/203 [00:17<00:19,  5.88it/s]
dann: epoch 4:  45%|████▍     | 91/203 [00:17<00:19,  5.89it/s]
dann: epoch 4:  45%|████▌     | 92/203 [00:17<00:18,  5.95it/s]
dann: epoch 4:  46%|████▌     | 93/203 [00:18<00:18,  6.10it/s]
dann: epoch 4:  46%|████▋     | 94/203 [00:18<00:21,  5.17it/s]
dann: epoch 4:  47%|████▋     | 95/203 [00:18<00:19,  5.41it/s]
dann: epoch 4:  47%|████▋     | 96/203 [00:18<00:19,  5.40it/s]
dann: epoch 4:  48%|████▊     | 97/203 [00:18<00:19,  5.46it/s]
dann: epoch 4:  48%|████▊     | 98/203 [00:18<00:18,  5.66it/s]
dann: epoch 4:  49%|████▉     | 99/203 [00:19<00:18,  5.75it/s]
dann: epoch 4:  49%|████▉     | 100/203 [00:19<00:18,  5.67it/s]
dann: epoch 4:  50%|████▉     | 101/203 [00:19<00:18,  5.67it/s]
dann: epoch 4:  50%|█████     | 102/203 [00:19<00:17,  5.76it/s]
dann: epoch 4:  51%|█████     | 103/203 [00:19<00:17,  5.71it/s]
dann: epoch 4:  51%|█████     | 104/203 [00:20<00:17,  5.77it/s]
dann: epoch 4:  52%|█████▏    | 105/203 [00:20<00:16,  5.81it/s]
dann: epoch 4:  52%|█████▏    | 106/203 [00:20<00:17,  5.67it/s]
dann: epoch 4:  53%|█████▎    | 107/203 [00:20<00:17,  5.60it/s]
dann: epoch 4:  53%|█████▎    | 108/203 [00:20<00:16,  5.76it/s]
dann: epoch 4:  54%|█████▎    | 109/203 [00:20<00:16,  5.69it/s]
dann: epoch 4:  54%|█████▍    | 110/203 [00:21<00:16,  5.60it/s]
dann: epoch 4:  55%|█████▍    | 111/203 [00:21<00:17,  5.41it/s]
dann: epoch 4:  55%|█████▌    | 112/203 [00:21<00:16,  5.46it/s]
dann: epoch 4:  56%|█████▌    | 113/203 [00:21<00:16,  5.38it/s]
dann: epoch 4:  56%|█████▌    | 114/203 [00:21<00:18,  4.89it/s]
dann: epoch 4:  57%|█████▋    | 115/203 [00:22<00:18,  4.69it/s]
dann: epoch 4:  57%|█████▋    | 116/203 [00:22<00:18,  4.61it/s]
dann: epoch 4:  58%|█████▊    | 117/203 [00:22<00:19,  4.44it/s]
dann: epoch 4:  58%|█████▊    | 118/203 [00:22<00:17,  4.78it/s]
dann: epoch 4:  59%|█████▊    | 119/203 [00:23<00:18,  4.66it/s]
dann: epoch 4:  59%|█████▉    | 120/203 [00:23<00:17,  4.67it/s]
dann: epoch 4:  60%|█████▉    | 121/203 [00:23<00:20,  4.07it/s]
dann: epoch 4:  60%|██████    | 122/203 [00:23<00:20,  4.02it/s]
dann: epoch 4:  61%|██████    | 123/203 [00:24<00:20,  3.97it/s]
dann: epoch 4:  61%|██████    | 124/203 [00:24<00:21,  3.61it/s]
dann: epoch 4:  62%|██████▏   | 125/203 [00:24<00:20,  3.80it/s]
dann: epoch 4:  62%|██████▏   | 126/203 [00:24<00:21,  3.61it/s]
dann: epoch 4:  63%|██████▎   | 127/203 [00:25<00:19,  3.82it/s]
dann: epoch 4:  63%|██████▎   | 128/203 [00:25<00:17,  4.22it/s]
dann: epoch 4:  64%|██████▎   | 129/203 [00:25<00:17,  4.23it/s]
dann: epoch 4:  64%|██████▍   | 130/203 [00:25<00:16,  4.44it/s]
dann: epoch 4:  65%|██████▍   | 131/203 [00:26<00:16,  4.49it/s]
dann: epoch 4:  65%|██████▌   | 132/203 [00:26<00:15,  4.53it/s]
dann: epoch 4:  66%|██████▌   | 133/203 [00:26<00:15,  4.60it/s]
dann: epoch 4:  66%|██████▌   | 134/203 [00:26<00:14,  4.67it/s]
dann: epoch 4:  67%|██████▋   | 135/203 [00:26<00:14,  4.84it/s]
dann: epoch 4:  67%|██████▋   | 136/203 [00:27<00:13,  4.87it/s]
dann: epoch 4:  67%|██████▋   | 137/203 [00:27<00:12,  5.17it/s]
dann: epoch 4:  68%|██████▊   | 138/203 [00:27<00:12,  5.24it/s]
dann: epoch 4:  68%|██████▊   | 139/203 [00:27<00:11,  5.46it/s]
dann: epoch 4:  69%|██████▉   | 140/203 [00:27<00:11,  5.53it/s]
dann: epoch 4:  69%|██████▉   | 141/203 [00:27<00:11,  5.57it/s]
dann: epoch 4:  70%|██████▉   | 142/203 [00:28<00:11,  5.52it/s]
dann: epoch 4:  70%|███████   | 143/203 [00:28<00:10,  5.64it/s]
dann: epoch 4:  71%|███████   | 144/203 [00:28<00:10,  5.54it/s]
dann: epoch 4:  71%|███████▏  | 145/203 [00:28<00:10,  5.51it/s]
dann: epoch 4:  72%|███████▏  | 146/203 [00:28<00:10,  5.67it/s]
dann: epoch 4:  72%|███████▏  | 147/203 [00:28<00:09,  5.75it/s]
dann: epoch 4:  73%|███████▎  | 148/203 [00:29<00:09,  5.79it/s]
dann: epoch 4:  73%|███████▎  | 149/203 [00:29<00:09,  5.76it/s]
dann: epoch 4:  74%|███████▍  | 150/203 [00:29<00:09,  5.75it/s]
dann: epoch 4:  74%|███████▍  | 151/203 [00:29<00:08,  5.79it/s]
dann: epoch 4:  75%|███████▍  | 152/203 [00:29<00:08,  5.85it/s]
dann: epoch 4:  75%|███████▌  | 153/203 [00:29<00:08,  5.73it/s]
dann: epoch 4:  76%|███████▌  | 154/203 [00:30<00:08,  5.89it/s]
dann: epoch 4:  76%|███████▋  | 155/203 [00:30<00:08,  5.82it/s]
dann: epoch 4:  77%|███████▋  | 156/203 [00:30<00:07,  5.88it/s]
dann: epoch 4:  77%|███████▋  | 157/203 [00:30<00:07,  5.78it/s]
dann: epoch 4:  78%|███████▊  | 158/203 [00:30<00:07,  5.87it/s]
dann: epoch 4:  78%|███████▊  | 159/203 [00:30<00:07,  5.94it/s]
dann: epoch 4:  79%|███████▉  | 160/203 [00:31<00:07,  5.91it/s]
dann: epoch 4:  79%|███████▉  | 161/203 [00:31<00:07,  5.82it/s]
dann: epoch 4:  80%|███████▉  | 162/203 [00:31<00:07,  5.74it/s]
dann: epoch 4:  80%|████████  | 163/203 [00:31<00:06,  5.76it/s]
dann: epoch 4:  81%|████████  | 164/203 [00:31<00:06,  5.80it/s]
dann: epoch 4:  81%|████████▏ | 165/203 [00:32<00:06,  5.68it/s]
dann: epoch 4:  82%|████████▏ | 166/203 [00:32<00:06,  5.61it/s]
dann: epoch 4:  82%|████████▏ | 167/203 [00:32<00:06,  5.57it/s]
dann: epoch 4:  83%|████████▎ | 168/203 [00:32<00:06,  5.72it/s]
dann: epoch 4:  83%|████████▎ | 169/203 [00:32<00:05,  5.72it/s]
dann: epoch 4:  84%|████████▎ | 170/203 [00:32<00:05,  5.63it/s]
dann: epoch 4:  84%|████████▍ | 171/203 [00:33<00:05,  5.59it/s]
dann: epoch 4:  85%|████████▍ | 172/203 [00:33<00:05,  5.81it/s]
dann: epoch 4:  85%|████████▌ | 173/203 [00:33<00:05,  5.75it/s]
dann: epoch 4:  86%|████████▌ | 174/203 [00:33<00:05,  5.79it/s]
dann: epoch 4:  86%|████████▌ | 175/203 [00:33<00:04,  5.86it/s]
dann: epoch 4:  87%|████████▋ | 176/203 [00:33<00:04,  5.87it/s]
dann: epoch 4:  87%|████████▋ | 177/203 [00:34<00:04,  5.85it/s]
dann: epoch 4:  88%|████████▊ | 178/203 [00:34<00:04,  5.79it/s]
dann: epoch 4:  88%|████████▊ | 179/203 [00:34<00:04,  5.84it/s]
dann: epoch 4:  89%|████████▊ | 180/203 [00:34<00:03,  5.92it/s]
dann: epoch 4:  89%|████████▉ | 181/203 [00:34<00:03,  5.88it/s]
dann: epoch 4:  90%|████████▉ | 182/203 [00:35<00:03,  5.74it/s]
dann: epoch 4:  90%|█████████ | 183/203 [00:35<00:03,  5.66it/s]
dann: epoch 4:  91%|█████████ | 184/203 [00:35<00:03,  5.74it/s]
dann: epoch 4:  91%|█████████ | 185/203 [00:35<00:03,  5.87it/s]
dann: epoch 4:  92%|█████████▏| 186/203 [00:35<00:02,  5.94it/s]
dann: epoch 4:  92%|█████████▏| 187/203 [00:35<00:02,  5.79it/s]
dann: epoch 4:  93%|█████████▎| 188/203 [00:36<00:02,  5.75it/s]
dann: epoch 4:  93%|█████████▎| 189/203 [00:36<00:02,  5.70it/s]
dann: epoch 4:  94%|█████████▎| 190/203 [00:36<00:02,  5.72it/s]
dann: epoch 4:  94%|█████████▍| 191/203 [00:36<00:02,  5.42it/s]
dann: epoch 4:  95%|█████████▍| 192/203 [00:36<00:02,  5.29it/s]
dann: epoch 4:  95%|█████████▌| 193/203 [00:37<00:02,  4.93it/s]
dann: epoch 4:  96%|█████████▌| 194/203 [00:37<00:01,  4.86it/s]
dann: epoch 4:  96%|█████████▌| 195/203 [00:37<00:01,  4.81it/s]
dann: epoch 4:  97%|█████████▋| 196/203 [00:37<00:01,  4.70it/s]
dann: epoch 4:  97%|█████████▋| 197/203 [00:37<00:01,  4.37it/s]
dann: epoch 4:  98%|█████████▊| 198/203 [00:38<00:01,  4.35it/s]
dann: epoch 4:  98%|█████████▊| 199/203 [00:38<00:00,  4.52it/s]
dann: epoch 4:  99%|█████████▊| 200/203 [00:38<00:00,  4.34it/s]
dann: epoch 4:  99%|█████████▉| 201/203 [00:38<00:00,  4.38it/s]
dann: epoch 4: 100%|█████████▉| 202/203 [00:39<00:00,  4.27it/s]
dann: epoch 4: 100%|██████████| 203/203 [00:39<00:00,  4.30it/s]
                                                                
dann: epoch 4, source macro-f1=0.0507

dann: epoch 5:   0%|          | 0/203 [00:00<?, ?it/s]
dann: epoch 5:   0%|          | 1/203 [00:00<00:30,  6.52it/s]
dann: epoch 5:   1%|          | 2/203 [00:00<00:30,  6.58it/s]
dann: epoch 5:   1%|▏         | 3/203 [00:00<00:30,  6.57it/s]
dann: epoch 5:   2%|▏         | 4/203 [00:00<00:43,  4.58it/s]
dann: epoch 5:   2%|▏         | 5/203 [00:01<00:49,  3.99it/s]
dann: epoch 5:   3%|▎         | 6/203 [00:01<00:44,  4.42it/s]
dann: epoch 5:   3%|▎         | 7/203 [00:01<00:40,  4.81it/s]
dann: epoch 5:   4%|▍         | 8/203 [00:01<00:38,  5.03it/s]
dann: epoch 5:   4%|▍         | 9/203 [00:01<00:37,  5.18it/s]
dann: epoch 5:   5%|▍         | 10/203 [00:01<00:35,  5.37it/s]
dann: epoch 5:   5%|▌         | 11/203 [00:02<00:34,  5.62it/s]
dann: epoch 5:   6%|▌         | 12/203 [00:02<00:34,  5.57it/s]
dann: epoch 5:   6%|▋         | 13/203 [00:02<00:34,  5.50it/s]
dann: epoch 5:   7%|▋         | 14/203 [00:02<00:33,  5.56it/s]
dann: epoch 5:   7%|▋         | 15/203 [00:02<00:33,  5.67it/s]
dann: epoch 5:   8%|▊         | 16/203 [00:03<00:33,  5.53it/s]
dann: epoch 5:   8%|▊         | 17/203 [00:03<00:34,  5.45it/s]
dann: epoch 5:   9%|▉         | 18/203 [00:03<00:33,  5.52it/s]
dann: epoch 5:   9%|▉         | 19/203 [00:03<00:32,  5.65it/s]
dann: epoch 5:  10%|▉         | 20/203 [00:03<00:31,  5.79it/s]
dann: epoch 5:  10%|█         | 21/203 [00:03<00:31,  5.87it/s]
dann: epoch 5:  11%|█         | 22/203 [00:04<00:30,  5.98it/s]
dann: epoch 5:  11%|█▏        | 23/203 [00:04<00:29,  6.01it/s]
dann: epoch 5:  12%|█▏        | 24/203 [00:04<00:32,  5.50it/s]
dann: epoch 5:  12%|█▏        | 25/203 [00:04<00:31,  5.66it/s]
dann: epoch 5:  13%|█▎        | 26/203 [00:04<00:31,  5.68it/s]
dann: epoch 5:  13%|█▎        | 27/203 [00:04<00:30,  5.73it/s]
dann: epoch 5:  14%|█▍        | 28/203 [00:05<00:30,  5.73it/s]
dann: epoch 5:  14%|█▍        | 29/203 [00:05<00:30,  5.63it/s]
dann: epoch 5:  15%|█▍        | 30/203 [00:05<00:30,  5.69it/s]
dann: epoch 5:  15%|█▌        | 31/203 [00:05<00:31,  5.48it/s]
dann: epoch 5:  16%|█▌        | 32/203 [00:05<00:30,  5.68it/s]
dann: epoch 5:  16%|█▋        | 33/203 [00:05<00:28,  5.90it/s]
dann: epoch 5:  17%|█▋        | 34/203 [00:06<00:30,  5.57it/s]
dann: epoch 5:  17%|█▋        | 35/203 [00:06<00:29,  5.62it/s]
dann: epoch 5:  18%|█▊        | 36/203 [00:06<00:28,  5.79it/s]
dann: epoch 5:  18%|█▊        | 37/203 [00:06<00:28,  5.82it/s]
dann: epoch 5:  19%|█▊        | 38/203 [00:06<00:29,  5.68it/s]
dann: epoch 5:  19%|█▉        | 39/203 [00:07<00:28,  5.69it/s]
dann: epoch 5:  20%|█▉        | 40/203 [00:07<00:28,  5.66it/s]
dann: epoch 5:  20%|██        | 41/203 [00:07<00:28,  5.68it/s]
dann: epoch 5:  21%|██        | 42/203 [00:07<00:27,  5.78it/s]
dann: epoch 5:  21%|██        | 43/203 [00:07<00:27,  5.78it/s]
dann: epoch 5:  22%|██▏       | 44/203 [00:07<00:27,  5.85it/s]
dann: epoch 5:  22%|██▏       | 45/203 [00:08<00:27,  5.69it/s]
dann: epoch 5:  23%|██▎       | 46/203 [00:08<00:27,  5.70it/s]
dann: epoch 5:  23%|██▎       | 47/203 [00:08<00:28,  5.55it/s]
dann: epoch 5:  24%|██▎       | 48/203 [00:08<00:29,  5.33it/s]
dann: epoch 5:  24%|██▍       | 49/203 [00:08<00:29,  5.26it/s]
dann: epoch 5:  25%|██▍       | 50/203 [00:09<00:30,  4.97it/s]
dann: epoch 5:  25%|██▌       | 51/203 [00:09<00:32,  4.74it/s]
dann: epoch 5:  26%|██▌       | 52/203 [00:09<00:32,  4.59it/s]
dann: epoch 5:  26%|██▌       | 53/203 [00:09<00:32,  4.58it/s]
dann: epoch 5:  27%|██▋       | 54/203 [00:10<00:34,  4.34it/s]
dann: epoch 5:  27%|██▋       | 55/203 [00:10<00:31,  4.65it/s]
dann: epoch 5:  28%|██▊       | 56/203 [00:10<00:33,  4.37it/s]
dann: epoch 5:  28%|██▊       | 57/203 [00:10<00:33,  4.42it/s]
dann: epoch 5:  29%|██▊       | 58/203 [00:10<00:32,  4.46it/s]
dann: epoch 5:  29%|██▉       | 59/203 [00:11<00:33,  4.27it/s]
dann: epoch 5:  30%|██▉       | 60/203 [00:11<00:35,  4.09it/s]
dann: epoch 5:  30%|███       | 61/203 [00:11<00:38,  3.72it/s]
dann: epoch 5:  31%|███       | 62/203 [00:12<00:36,  3.89it/s]
dann: epoch 5:  31%|███       | 63/203 [00:12<00:38,  3.61it/s]
dann: epoch 5:  32%|███▏      | 64/203 [00:12<00:34,  3.98it/s]
dann: epoch 5:  32%|███▏      | 65/203 [00:12<00:35,  3.90it/s]
dann: epoch 5:  33%|███▎      | 66/203 [00:12<00:32,  4.19it/s]
dann: epoch 5:  33%|███▎      | 67/203 [00:13<00:31,  4.32it/s]
dann: epoch 5:  33%|███▎      | 68/203 [00:13<00:29,  4.55it/s]
dann: epoch 5:  34%|███▍      | 69/203 [00:13<00:31,  4.20it/s]
dann: epoch 5:  34%|███▍      | 70/203 [00:13<00:29,  4.50it/s]
dann: epoch 5:  35%|███▍      | 71/203 [00:14<00:27,  4.72it/s]
dann: epoch 5:  35%|███▌      | 72/203 [00:14<00:26,  4.98it/s]
dann: epoch 5:  36%|███▌      | 73/203 [00:14<00:26,  4.98it/s]
dann: epoch 5:  36%|███▋      | 74/203 [00:14<00:24,  5.22it/s]
dann: epoch 5:  37%|███▋      | 75/203 [00:14<00:24,  5.30it/s]
dann: epoch 5:  37%|███▋      | 76/203 [00:14<00:23,  5.52it/s]
dann: epoch 5:  38%|███▊      | 77/203 [00:15<00:22,  5.55it/s]
dann: epoch 5:  38%|███▊      | 78/203 [00:15<00:22,  5.66it/s]
dann: epoch 5:  39%|███▉      | 79/203 [00:15<00:21,  5.71it/s]
dann: epoch 5:  39%|███▉      | 80/203 [00:15<00:21,  5.73it/s]
dann: epoch 5:  40%|███▉      | 81/203 [00:15<00:22,  5.47it/s]
dann: epoch 5:  40%|████      | 82/203 [00:16<00:22,  5.50it/s]
dann: epoch 5:  41%|████      | 83/203 [00:16<00:21,  5.65it/s]
dann: epoch 5:  41%|████▏     | 84/203 [00:16<00:20,  5.80it/s]
dann: epoch 5:  42%|████▏     | 85/203 [00:16<00:20,  5.82it/s]
dann: epoch 5:  42%|████▏     | 86/203 [00:16<00:20,  5.84it/s]
dann: epoch 5:  43%|████▎     | 87/203 [00:16<00:20,  5.76it/s]
dann: epoch 5:  43%|████▎     | 88/203 [00:17<00:19,  5.82it/s]
dann: epoch 5:  44%|████▍     | 89/203 [00:17<00:19,  5.72it/s]
dann: epoch 5:  44%|████▍     | 90/203 [00:17<00:19,  5.76it/s]
dann: epoch 5:  45%|████▍     | 91/203 [00:17<00:19,  5.74it/s]
dann: epoch 5:  45%|████▌     | 92/203 [00:17<00:19,  5.77it/s]
dann: epoch 5:  46%|████▌     | 93/203 [00:17<00:18,  5.85it/s]
dann: epoch 5:  46%|████▋     | 94/203 [00:18<00:18,  5.77it/s]
dann: epoch 5:  47%|████▋     | 95/203 [00:18<00:19,  5.68it/s]
dann: epoch 5:  47%|████▋     | 96/203 [00:18<00:18,  5.68it/s]
dann: epoch 5:  48%|████▊     | 97/203 [00:18<00:18,  5.77it/s]
dann: epoch 5:  48%|████▊     | 98/203 [00:18<00:18,  5.73it/s]
dann: epoch 5:  49%|████▉     | 99/203 [00:18<00:19,  5.46it/s]
dann: epoch 5:  49%|████▉     | 100/203 [00:19<00:18,  5.56it/s]
dann: epoch 5:  50%|████▉     | 101/203 [00:19<00:18,  5.43it/s]
dann: epoch 5:  50%|█████     | 102/203 [00:19<00:18,  5.52it/s]
dann: epoch 5:  51%|█████     | 103/203 [00:19<00:18,  5.44it/s]
dann: epoch 5:  51%|█████     | 104/203 [00:19<00:18,  5.43it/s]
dann: epoch 5:  52%|█████▏    | 105/203 [00:20<00:17,  5.51it/s]
dann: epoch 5:  52%|█████▏    | 106/203 [00:20<00:16,  5.77it/s]
dann: epoch 5:  53%|█████▎    | 107/203 [00:20<00:16,  5.80it/s]
dann: epoch 5:  53%|█████▎    | 108/203 [00:20<00:16,  5.78it/s]
dann: epoch 5:  54%|█████▎    | 109/203 [00:20<00:16,  5.78it/s]
dann: epoch 5:  54%|█████▍    | 110/203 [00:20<00:16,  5.69it/s]
dann: epoch 5:  55%|█████▍    | 111/203 [00:21<00:15,  5.79it/s]
dann: epoch 5:  55%|█████▌    | 112/203 [00:21<00:15,  5.71it/s]
dann: epoch 5:  56%|█████▌    | 113/203 [00:21<00:16,  5.60it/s]
dann: epoch 5:  56%|█████▌    | 114/203 [00:21<00:15,  5.63it/s]
dann: epoch 5:  57%|█████▋    | 115/203 [00:21<00:15,  5.76it/s]
dann: epoch 5:  57%|█████▋    | 116/203 [00:21<00:15,  5.76it/s]
dann: epoch 5:  58%|█████▊    | 117/203 [00:22<00:15,  5.58it/s]
dann: epoch 5:  58%|█████▊    | 118/203 [00:22<00:15,  5.64it/s]
dann: epoch 5:  59%|█████▊    | 119/203 [00:22<00:15,  5.59it/s]
dann: epoch 5:  59%|█████▉    | 120/203 [00:22<00:14,  5.65it/s]
dann: epoch 5:  60%|█████▉    | 121/203 [00:22<00:14,  5.59it/s]
dann: epoch 5:  60%|██████    | 122/203 [00:23<00:14,  5.76it/s]
dann: epoch 5:  61%|██████    | 123/203 [00:23<00:13,  5.89it/s]
dann: epoch 5:  61%|██████    | 124/203 [00:23<00:13,  5.94it/s]
dann: epoch 5:  62%|██████▏   | 125/203 [00:23<00:14,  5.25it/s]
dann: epoch 5:  62%|██████▏   | 126/203 [00:23<00:15,  5.07it/s]
dann: epoch 5:  63%|██████▎   | 127/203 [00:24<00:15,  4.90it/s]
dann: epoch 5:  63%|██████▎   | 128/203 [00:24<00:16,  4.60it/s]
dann: epoch 5:  64%|██████▎   | 129/203 [00:24<00:16,  4.55it/s]
dann: epoch 5:  64%|██████▍   | 130/203 [00:24<00:15,  4.56it/s]
dann: epoch 5:  65%|██████▍   | 131/203 [00:24<00:16,  4.46it/s]
dann: epoch 5:  65%|██████▌   | 132/203 [00:25<00:15,  4.52it/s]
dann: epoch 5:  66%|██████▌   | 133/203 [00:25<00:15,  4.66it/s]
dann: epoch 5:  66%|██████▌   | 134/203 [00:25<00:15,  4.51it/s]
dann: epoch 5:  67%|██████▋   | 135/203 [00:25<00:16,  4.25it/s]
dann: epoch 5:  67%|██████▋   | 136/203 [00:26<00:15,  4.44it/s]
dann: epoch 5:  67%|██████▋   | 137/203 [00:26<00:16,  4.04it/s]
dann: epoch 5:  68%|██████▊   | 138/203 [00:26<00:15,  4.13it/s]
dann: epoch 5:  68%|██████▊   | 139/203 [00:26<00:17,  3.70it/s]
dann: epoch 5:  69%|██████▉   | 140/203 [00:27<00:15,  4.01it/s]
dann: epoch 5:  69%|██████▉   | 141/203 [00:27<00:17,  3.62it/s]
dann: epoch 5:  70%|██████▉   | 142/203 [00:27<00:15,  3.84it/s]
dann: epoch 5:  70%|███████   | 143/203 [00:27<00:14,  4.15it/s]
dann: epoch 5:  71%|███████   | 144/203 [00:28<00:13,  4.24it/s]
dann: epoch 5:  71%|███████▏  | 145/203 [00:28<00:13,  4.32it/s]
dann: epoch 5:  72%|███████▏  | 146/203 [00:28<00:12,  4.44it/s]
dann: epoch 5:  72%|███████▏  | 147/203 [00:28<00:13,  4.22it/s]
dann: epoch 5:  73%|███████▎  | 148/203 [00:29<00:12,  4.51it/s]
dann: epoch 5:  73%|███████▎  | 149/203 [00:29<00:10,  4.92it/s]
dann: epoch 5:  74%|███████▍  | 150/203 [00:29<00:10,  5.08it/s]
dann: epoch 5:  74%|███████▍  | 151/203 [00:29<00:10,  5.14it/s]
dann: epoch 5:  75%|███████▍  | 152/203 [00:29<00:09,  5.21it/s]
dann: epoch 5:  75%|███████▌  | 153/203 [00:29<00:09,  5.11it/s]
dann: epoch 5:  76%|███████▌  | 154/203 [00:30<00:09,  5.27it/s]
dann: epoch 5:  76%|███████▋  | 155/203 [00:30<00:09,  5.33it/s]
dann: epoch 5:  77%|███████▋  | 156/203 [00:30<00:08,  5.42it/s]
dann: epoch 5:  77%|███████▋  | 157/203 [00:30<00:08,  5.36it/s]
dann: epoch 5:  78%|███████▊  | 158/203 [00:30<00:08,  5.61it/s]
dann: epoch 5:  78%|███████▊  | 159/203 [00:31<00:08,  5.49it/s]
dann: epoch 5:  79%|███████▉  | 160/203 [00:31<00:07,  5.56it/s]
dann: epoch 5:  79%|███████▉  | 161/203 [00:31<00:07,  5.51it/s]
dann: epoch 5:  80%|███████▉  | 162/203 [00:31<00:07,  5.47it/s]
dann: epoch 5:  80%|████████  | 163/203 [00:31<00:07,  5.58it/s]
dann: epoch 5:  81%|████████  | 164/203 [00:31<00:06,  5.67it/s]
dann: epoch 5:  81%|████████▏ | 165/203 [00:32<00:06,  5.81it/s]
dann: epoch 5:  82%|████████▏ | 166/203 [00:32<00:06,  5.93it/s]
dann: epoch 5:  82%|████████▏ | 167/203 [00:32<00:08,  4.44it/s]
dann: epoch 5:  83%|████████▎ | 168/203 [00:32<00:07,  4.74it/s]
dann: epoch 5:  83%|████████▎ | 169/203 [00:32<00:06,  5.00it/s]
dann: epoch 5:  84%|████████▎ | 170/203 [00:33<00:06,  5.12it/s]
dann: epoch 5:  84%|████████▍ | 171/203 [00:33<00:06,  5.16it/s]
dann: epoch 5:  85%|████████▍ | 172/203 [00:33<00:05,  5.31it/s]
dann: epoch 5:  85%|████████▌ | 173/203 [00:33<00:05,  5.38it/s]
dann: epoch 5:  86%|████████▌ | 174/203 [00:33<00:05,  5.58it/s]
dann: epoch 5:  86%|████████▌ | 175/203 [00:33<00:04,  5.64it/s]
dann: epoch 5:  87%|████████▋ | 176/203 [00:34<00:04,  5.73it/s]
dann: epoch 5:  87%|████████▋ | 177/203 [00:34<00:04,  5.69it/s]
dann: epoch 5:  88%|████████▊ | 178/203 [00:34<00:04,  5.68it/s]
dann: epoch 5:  88%|████████▊ | 179/203 [00:34<00:04,  5.74it/s]
dann: epoch 5:  89%|████████▊ | 180/203 [00:34<00:04,  5.74it/s]
dann: epoch 5:  89%|████████▉ | 181/203 [00:35<00:03,  5.70it/s]
dann: epoch 5:  90%|████████▉ | 182/203 [00:35<00:03,  5.59it/s]
dann: epoch 5:  90%|█████████ | 183/203 [00:35<00:03,  5.66it/s]
dann: epoch 5:  91%|█████████ | 184/203 [00:35<00:03,  5.64it/s]
dann: epoch 5:  91%|█████████ | 185/203 [00:35<00:03,  5.56it/s]
dann: epoch 5:  92%|█████████▏| 186/203 [00:35<00:02,  5.69it/s]
dann: epoch 5:  92%|█████████▏| 187/203 [00:36<00:02,  5.71it/s]
dann: epoch 5:  93%|█████████▎| 188/203 [00:36<00:02,  5.78it/s]
dann: epoch 5:  93%|█████████▎| 189/203 [00:36<00:02,  5.89it/s]
dann: epoch 5:  94%|█████████▎| 190/203 [00:36<00:02,  5.86it/s]
dann: epoch 5:  94%|█████████▍| 191/203 [00:36<00:02,  5.30it/s]
dann: epoch 5:  95%|█████████▍| 192/203 [00:36<00:02,  5.49it/s]
dann: epoch 5:  95%|█████████▌| 193/203 [00:37<00:01,  5.54it/s]
dann: epoch 5:  96%|█████████▌| 194/203 [00:37<00:01,  5.66it/s]
dann: epoch 5:  96%|█████████▌| 195/203 [00:37<00:01,  5.70it/s]
dann: epoch 5:  97%|█████████▋| 196/203 [00:37<00:01,  5.73it/s]
dann: epoch 5:  97%|█████████▋| 197/203 [00:37<00:01,  5.58it/s]
dann: epoch 5:  98%|█████████▊| 198/203 [00:38<00:00,  5.68it/s]
dann: epoch 5:  98%|█████████▊| 199/203 [00:38<00:00,  5.68it/s]
dann: epoch 5:  99%|█████████▊| 200/203 [00:38<00:00,  5.63it/s]
dann: epoch 5:  99%|█████████▉| 201/203 [00:38<00:00,  5.59it/s]
dann: epoch 5: 100%|█████████▉| 202/203 [00:38<00:00,  5.58it/s]
dann: epoch 5: 100%|██████████| 203/203 [00:38<00:00,  5.44it/s]
                                                                
dann: epoch 5, source macro-f1=0.0500

dann: epoch 6:   0%|          | 0/203 [00:00<?, ?it/s]
dann: epoch 6:   0%|          | 1/203 [00:00<00:33,  6.00it/s]
dann: epoch 6:   1%|          | 2/203 [00:00<00:33,  5.97it/s]
dann: epoch 6:   1%|▏         | 3/203 [00:00<00:32,  6.18it/s]
dann: epoch 6:   2%|▏         | 4/203 [00:00<00:31,  6.24it/s]
dann: epoch 6:   2%|▏         | 5/203 [00:00<00:32,  6.12it/s]
dann: epoch 6:   3%|▎         | 6/203 [00:01<00:37,  5.23it/s]
dann: epoch 6:   3%|▎         | 7/203 [00:01<00:36,  5.39it/s]
dann: epoch 6:   4%|▍         | 8/203 [00:01<00:35,  5.54it/s]
dann: epoch 6:   4%|▍         | 9/203 [00:01<00:34,  5.58it/s]
dann: epoch 6:   5%|▍         | 10/203 [00:01<00:34,  5.61it/s]
dann: epoch 6:   5%|▌         | 11/203 [00:01<00:33,  5.70it/s]
dann: epoch 6:   6%|▌         | 12/203 [00:02<00:33,  5.66it/s]
dann: epoch 6:   6%|▋         | 13/203 [00:02<00:33,  5.72it/s]
dann: epoch 6:   7%|▋         | 14/203 [00:02<00:32,  5.73it/s]
dann: epoch 6:   7%|▋         | 15/203 [00:02<00:32,  5.75it/s]
dann: epoch 6:   8%|▊         | 16/203 [00:02<00:32,  5.69it/s]
dann: epoch 6:   8%|▊         | 17/203 [00:02<00:32,  5.71it/s]
dann: epoch 6:   9%|▉         | 18/203 [00:03<00:32,  5.68it/s]
dann: epoch 6:   9%|▉         | 19/203 [00:03<00:32,  5.67it/s]
dann: epoch 6:  10%|▉         | 20/203 [00:03<00:32,  5.64it/s]
dann: epoch 6:  10%|█         | 21/203 [00:03<00:31,  5.74it/s]
dann: epoch 6:  11%|█         | 22/203 [00:03<00:31,  5.66it/s]
dann: epoch 6:  11%|█▏        | 23/203 [00:04<00:31,  5.68it/s]
dann: epoch 6:  12%|█▏        | 24/203 [00:04<00:32,  5.58it/s]
dann: epoch 6:  12%|█▏        | 25/203 [00:04<00:30,  5.75it/s]
dann: epoch 6:  13%|█▎        | 26/203 [00:04<00:30,  5.79it/s]
dann: epoch 6:  13%|█▎        | 27/203 [00:04<00:29,  5.91it/s]
dann: epoch 6:  14%|█▍        | 28/203 [00:04<00:30,  5.74it/s]
dann: epoch 6:  14%|█▍        | 29/203 [00:05<00:32,  5.34it/s]
dann: epoch 6:  15%|█▍        | 30/203 [00:05<00:31,  5.44it/s]
dann: epoch 6:  15%|█▌        | 31/203 [00:05<00:31,  5.42it/s]
dann: epoch 6:  16%|█▌        | 32/203 [00:05<00:30,  5.55it/s]
dann: epoch 6:  16%|█▋        | 33/203 [00:05<00:30,  5.56it/s]
dann: epoch 6:  17%|█▋        | 34/203 [00:06<00:30,  5.63it/s]
dann: epoch 6:  17%|█▋        | 35/203 [00:06<00:31,  5.40it/s]
dann: epoch 6:  18%|█▊        | 36/203 [00:06<00:29,  5.57it/s]
dann: epoch 6:  18%|█▊        | 37/203 [00:06<00:29,  5.61it/s]
dann: epoch 6:  19%|█▊        | 38/203 [00:06<00:28,  5.75it/s]
dann: epoch 6:  19%|█▉        | 39/203 [00:06<00:28,  5.85it/s]
dann: epoch 6:  20%|█▉        | 40/203 [00:07<00:28,  5.81it/s]
dann: epoch 6:  20%|██        | 41/203 [00:07<00:27,  5.83it/s]
dann: epoch 6:  21%|██        | 42/203 [00:07<00:27,  5.85it/s]
dann: epoch 6:  21%|██        | 43/203 [00:07<00:27,  5.88it/s]
dann: epoch 6:  22%|██▏       | 44/203 [00:07<00:27,  5.78it/s]
dann: epoch 6:  22%|██▏       | 45/203 [00:07<00:27,  5.79it/s]
dann: epoch 6:  23%|██▎       | 46/203 [00:08<00:26,  5.84it/s]
dann: epoch 6:  23%|██▎       | 47/203 [00:08<00:27,  5.69it/s]
dann: epoch 6:  24%|██▎       | 48/203 [00:08<00:26,  5.78it/s]
dann: epoch 6:  24%|██▍       | 49/203 [00:08<00:26,  5.73it/s]
dann: epoch 6:  25%|██▍       | 50/203 [00:08<00:26,  5.68it/s]
dann: epoch 6:  25%|██▌       | 51/203 [00:08<00:26,  5.84it/s]
dann: epoch 6:  26%|██▌       | 52/203 [00:09<00:26,  5.69it/s]
dann: epoch 6:  26%|██▌       | 53/203 [00:09<00:26,  5.70it/s]
dann: epoch 6:  27%|██▋       | 54/203 [00:09<00:26,  5.64it/s]
dann: epoch 6:  27%|██▋       | 55/203 [00:09<00:27,  5.43it/s]
dann: epoch 6:  28%|██▊       | 56/203 [00:09<00:26,  5.59it/s]
dann: epoch 6:  28%|██▊       | 57/203 [00:10<00:30,  4.80it/s]
dann: epoch 6:  29%|██▊       | 58/203 [00:10<00:29,  4.96it/s]
dann: epoch 6:  29%|██▉       | 59/203 [00:10<00:30,  4.65it/s]
dann: epoch 6:  30%|██▉       | 60/203 [00:10<00:31,  4.60it/s]
dann: epoch 6:  30%|███       | 61/203 [00:11<00:31,  4.52it/s]
dann: epoch 6:  31%|███       | 62/203 [00:11<00:32,  4.29it/s]
dann: epoch 6:  31%|███       | 63/203 [00:11<00:31,  4.43it/s]
dann: epoch 6:  32%|███▏      | 64/203 [00:11<00:31,  4.44it/s]
dann: epoch 6:  32%|███▏      | 65/203 [00:11<00:31,  4.44it/s]
dann: epoch 6:  33%|███▎      | 66/203 [00:12<00:31,  4.38it/s]
dann: epoch 6:  33%|███▎      | 67/203 [00:12<00:32,  4.20it/s]
dann: epoch 6:  33%|███▎      | 68/203 [00:12<00:30,  4.41it/s]
dann: epoch 6:  34%|███▍      | 69/203 [00:12<00:32,  4.12it/s]
dann: epoch 6:  34%|███▍      | 70/203 [00:13<00:31,  4.27it/s]
dann: epoch 6:  35%|███▍      | 71/203 [00:13<00:34,  3.82it/s]
dann: epoch 6:  35%|███▌      | 72/203 [00:13<00:32,  4.04it/s]
dann: epoch 6:  36%|███▌      | 73/203 [00:13<00:30,  4.20it/s]
dann: epoch 6:  36%|███▋      | 74/203 [00:14<00:30,  4.29it/s]
dann: epoch 6:  37%|███▋      | 75/203 [00:14<00:28,  4.55it/s]
dann: epoch 6:  37%|███▋      | 76/203 [00:14<00:34,  3.69it/s]
dann: epoch 6:  38%|███▊      | 77/203 [00:14<00:32,  3.92it/s]
dann: epoch 6:  38%|███▊      | 78/203 [00:15<00:30,  4.11it/s]
dann: epoch 6:  39%|███▉      | 79/203 [00:15<00:26,  4.60it/s]
dann: epoch 6:  39%|███▉      | 80/203 [00:15<00:26,  4.64it/s]
dann: epoch 6:  40%|███▉      | 81/203 [00:15<00:25,  4.81it/s]
dann: epoch 6:  40%|████      | 82/203 [00:15<00:23,  5.10it/s]
dann: epoch 6:  41%|████      | 83/203 [00:16<00:22,  5.22it/s]
dann: epoch 6:  41%|████▏     | 84/203 [00:16<00:22,  5.25it/s]
dann: epoch 6:  42%|████▏     | 85/203 [00:16<00:22,  5.35it/s]
dann: epoch 6:  42%|████▏     | 86/203 [00:16<00:22,  5.31it/s]
dann: epoch 6:  43%|████▎     | 87/203 [00:16<00:20,  5.62it/s]
dann: epoch 6:  43%|████▎     | 88/203 [00:16<00:20,  5.55it/s]
dann: epoch 6:  44%|████▍     | 89/203 [00:17<00:19,  5.78it/s]
dann: epoch 6:  44%|████▍     | 90/203 [00:17<00:20,  5.55it/s]
dann: epoch 6:  45%|████▍     | 91/203 [00:17<00:19,  5.69it/s]
dann: epoch 6:  45%|████▌     | 92/203 [00:17<00:19,  5.81it/s]
dann: epoch 6:  46%|████▌     | 93/203 [00:17<00:19,  5.70it/s]
dann: epoch 6:  46%|████▋     | 94/203 [00:17<00:19,  5.72it/s]
dann: epoch 6:  47%|████▋     | 95/203 [00:18<00:19,  5.60it/s]
dann: epoch 6:  47%|████▋     | 96/203 [00:18<00:19,  5.60it/s]
dann: epoch 6:  48%|████▊     | 97/203 [00:18<00:18,  5.69it/s]
dann: epoch 6:  48%|████▊     | 98/203 [00:18<00:18,  5.78it/s]
dann: epoch 6:  49%|████▉     | 99/203 [00:18<00:17,  5.84it/s]
dann: epoch 6:  49%|████▉     | 100/203 [00:19<00:18,  5.72it/s]
dann: epoch 6:  50%|████▉     | 101/203 [00:19<00:17,  5.72it/s]
dann: epoch 6:  50%|█████     | 102/203 [00:19<00:17,  5.89it/s]
dann: epoch 6:  51%|█████     | 103/203 [00:19<00:17,  5.81it/s]
dann: epoch 6:  51%|█████     | 104/203 [00:19<00:17,  5.73it/s]
dann: epoch 6:  52%|█████▏    | 105/203 [00:19<00:16,  5.82it/s]
dann: epoch 6:  52%|█████▏    | 106/203 [00:20<00:16,  5.73it/s]
dann: epoch 6:  53%|█████▎    | 107/203 [00:20<00:17,  5.62it/s]
dann: epoch 6:  53%|█████▎    | 108/203 [00:20<00:16,  5.65it/s]
dann: epoch 6:  54%|█████▎    | 109/203 [00:20<00:16,  5.67it/s]
dann: epoch 6:  54%|█████▍    | 110/203 [00:20<00:16,  5.65it/s]
dann: epoch 6:  55%|█████▍    | 111/203 [00:20<00:16,  5.67it/s]
dann: epoch 6:  55%|█████▌    | 112/203 [00:21<00:15,  5.78it/s]
dann: epoch 6:  56%|█████▌    | 113/203 [00:21<00:15,  5.92it/s]
dann: epoch 6:  56%|█████▌    | 114/203 [00:21<00:15,  5.89it/s]
dann: epoch 6:  57%|█████▋    | 115/203 [00:21<00:15,  5.70it/s]
dann: epoch 6:  57%|█████▋    | 116/203 [00:21<00:14,  5.87it/s]
dann: epoch 6:  58%|█████▊    | 117/203 [00:21<00:15,  5.72it/s]
dann: epoch 6:  58%|█████▊    | 118/203 [00:22<00:14,  5.69it/s]
dann: epoch 6:  59%|█████▊    | 119/203 [00:22<00:14,  5.69it/s]
dann: epoch 6:  59%|█████▉    | 120/203 [00:22<00:14,  5.61it/s]
dann: epoch 6:  60%|█████▉    | 121/203 [00:22<00:14,  5.74it/s]
dann: epoch 6:  60%|██████    | 122/203 [00:22<00:14,  5.66it/s]
dann: epoch 6:  61%|██████    | 123/203 [00:23<00:14,  5.61it/s]
dann: epoch 6:  61%|██████    | 124/203 [00:23<00:13,  5.75it/s]
dann: epoch 6:  62%|██████▏   | 125/203 [00:23<00:13,  5.84it/s]
dann: epoch 6:  62%|██████▏   | 126/203 [00:23<00:12,  5.96it/s]
dann: epoch 6:  63%|██████▎   | 127/203 [00:23<00:16,  4.57it/s]
dann: epoch 6:  63%|██████▎   | 128/203 [00:24<00:16,  4.69it/s]
dann: epoch 6:  64%|██████▎   | 129/203 [00:24<00:15,  4.88it/s]
dann: epoch 6:  64%|██████▍   | 130/203 [00:24<00:13,  5.22it/s]
dann: epoch 6:  65%|██████▍   | 131/203 [00:24<00:13,  5.41it/s]
dann: epoch 6:  65%|██████▌   | 132/203 [00:24<00:13,  5.39it/s]
dann: epoch 6:  66%|██████▌   | 133/203 [00:24<00:12,  5.56it/s]
dann: epoch 6:  66%|██████▌   | 134/203 [00:25<00:13,  5.22it/s]
dann: epoch 6:  67%|██████▋   | 135/203 [00:25<00:13,  5.09it/s]
dann: epoch 6:  67%|██████▋   | 136/203 [00:25<00:13,  5.07it/s]
dann: epoch 6:  67%|██████▋   | 137/203 [00:25<00:13,  5.05it/s]
dann: epoch 6:  68%|██████▊   | 138/203 [00:25<00:13,  4.94it/s]
dann: epoch 6:  68%|██████▊   | 139/203 [00:26<00:13,  4.80it/s]
dann: epoch 6:  69%|██████▉   | 140/203 [00:26<00:13,  4.52it/s]
dann: epoch 6:  69%|██████▉   | 141/203 [00:26<00:13,  4.55it/s]
dann: epoch 6:  70%|██████▉   | 142/203 [00:26<00:13,  4.49it/s]
dann: epoch 6:  70%|███████   | 143/203 [00:27<00:13,  4.51it/s]
dann: epoch 6:  71%|███████   | 144/203 [00:27<00:13,  4.51it/s]
dann: epoch 6:  71%|███████▏  | 145/203 [00:27<00:12,  4.53it/s]
dann: epoch 6:  72%|███████▏  | 146/203 [00:27<00:12,  4.48it/s]
dann: epoch 6:  72%|███████▏  | 147/203 [00:28<00:13,  4.03it/s]
dann: epoch 6:  73%|███████▎  | 148/203 [00:28<00:13,  4.20it/s]
dann: epoch 6:  73%|███████▎  | 149/203 [00:28<00:12,  4.48it/s]
dann: epoch 6:  74%|███████▍  | 150/203 [00:28<00:11,  4.51it/s]
dann: epoch 6:  74%|███████▍  | 151/203 [00:28<00:12,  4.17it/s]
dann: epoch 6:  75%|███████▍  | 152/203 [00:29<00:11,  4.45it/s]
dann: epoch 6:  75%|███████▌  | 153/203 [00:29<00:11,  4.23it/s]
dann: epoch 6:  76%|███████▌  | 154/203 [00:29<00:10,  4.57it/s]
dann: epoch 6:  76%|███████▋  | 155/203 [00:30<00:13,  3.56it/s]
dann: epoch 6:  77%|███████▋  | 156/203 [00:30<00:14,  3.22it/s]
dann: epoch 6:  77%|███████▋  | 157/203 [00:30<00:12,  3.61it/s]
dann: epoch 6:  78%|███████▊  | 158/203 [00:30<00:11,  3.99it/s]
dann: epoch 6:  78%|███████▊  | 159/203 [00:30<00:09,  4.41it/s]
dann: epoch 6:  79%|███████▉  | 160/203 [00:31<00:08,  4.84it/s]
dann: epoch 6:  79%|███████▉  | 161/203 [00:31<00:08,  5.11it/s]
dann: epoch 6:  80%|███████▉  | 162/203 [00:31<00:07,  5.33it/s]
dann: epoch 6:  80%|████████  | 163/203 [00:31<00:07,  5.44it/s]
dann: epoch 6:  81%|████████  | 164/203 [00:31<00:07,  5.43it/s]
dann: epoch 6:  81%|████████▏ | 165/203 [00:32<00:06,  5.47it/s]
dann: epoch 6:  82%|████████▏ | 166/203 [00:32<00:06,  5.47it/s]
dann: epoch 6:  82%|████████▏ | 167/203 [00:32<00:06,  5.44it/s]
dann: epoch 6:  83%|████████▎ | 168/203 [00:32<00:06,  5.56it/s]
dann: epoch 6:  83%|████████▎ | 169/203 [00:32<00:05,  5.69it/s]
dann: epoch 6:  84%|████████▎ | 170/203 [00:32<00:05,  5.78it/s]
dann: epoch 6:  84%|████████▍ | 171/203 [00:33<00:05,  5.84it/s]
dann: epoch 6:  85%|████████▍ | 172/203 [00:33<00:05,  5.66it/s]
dann: epoch 6:  85%|████████▌ | 173/203 [00:33<00:05,  5.83it/s]
dann: epoch 6:  86%|████████▌ | 174/203 [00:33<00:05,  5.75it/s]
dann: epoch 6:  86%|████████▌ | 175/203 [00:33<00:04,  5.64it/s]
dann: epoch 6:  87%|████████▋ | 176/203 [00:33<00:04,  5.69it/s]
dann: epoch 6:  87%|████████▋ | 177/203 [00:34<00:04,  5.86it/s]
dann: epoch 6:  88%|████████▊ | 178/203 [00:34<00:04,  5.72it/s]
dann: epoch 6:  88%|████████▊ | 179/203 [00:34<00:04,  5.82it/s]
dann: epoch 6:  89%|████████▊ | 180/203 [00:34<00:04,  5.68it/s]
dann: epoch 6:  89%|████████▉ | 181/203 [00:34<00:03,  5.77it/s]
dann: epoch 6:  90%|████████▉ | 182/203 [00:34<00:03,  5.82it/s]
dann: epoch 6:  90%|█████████ | 183/203 [00:35<00:03,  5.88it/s]
dann: epoch 6:  91%|█████████ | 184/203 [00:35<00:03,  5.85it/s]
dann: epoch 6:  91%|█████████ | 185/203 [00:35<00:03,  5.68it/s]
dann: epoch 6:  92%|█████████▏| 186/203 [00:35<00:03,  5.47it/s]
dann: epoch 6:  92%|█████████▏| 187/203 [00:35<00:02,  5.60it/s]
dann: epoch 6:  93%|█████████▎| 188/203 [00:36<00:02,  5.70it/s]
dann: epoch 6:  93%|█████████▎| 189/203 [00:36<00:02,  5.65it/s]
dann: epoch 6:  94%|█████████▎| 190/203 [00:36<00:02,  5.51it/s]
dann: epoch 6:  94%|█████████▍| 191/203 [00:36<00:02,  5.56it/s]
dann: epoch 6:  95%|█████████▍| 192/203 [00:36<00:01,  5.55it/s]
dann: epoch 6:  95%|█████████▌| 193/203 [00:36<00:01,  5.74it/s]
dann: epoch 6:  96%|█████████▌| 194/203 [00:37<00:01,  5.73it/s]
dann: epoch 6:  96%|█████████▌| 195/203 [00:37<00:01,  5.84it/s]
dann: epoch 6:  97%|█████████▋| 196/203 [00:37<00:01,  5.89it/s]
dann: epoch 6:  97%|█████████▋| 197/203 [00:37<00:01,  5.85it/s]
dann: epoch 6:  98%|█████████▊| 198/203 [00:37<00:00,  5.64it/s]
dann: epoch 6:  98%|█████████▊| 199/203 [00:37<00:00,  5.83it/s]
dann: epoch 6:  99%|█████████▊| 200/203 [00:38<00:00,  5.84it/s]
dann: epoch 6:  99%|█████████▉| 201/203 [00:38<00:00,  5.88it/s]
dann: epoch 6: 100%|█████████▉| 202/203 [00:38<00:00,  5.77it/s]
dann: epoch 6: 100%|██████████| 203/203 [00:38<00:00,  5.69it/s]
                                                                
dann: epoch 6, source macro-f1=0.0517

dann: epoch 7:   0%|          | 0/203 [00:00<?, ?it/s]
dann: epoch 7:   0%|          | 1/203 [00:00<00:34,  5.93it/s]
dann: epoch 7:   1%|          | 2/203 [00:00<00:34,  5.86it/s]
dann: epoch 7:   1%|▏         | 3/203 [00:00<00:39,  5.11it/s]
dann: epoch 7:   2%|▏         | 4/203 [00:00<00:39,  5.05it/s]
dann: epoch 7:   2%|▏         | 5/203 [00:00<00:41,  4.77it/s]
dann: epoch 7:   3%|▎         | 6/203 [00:01<00:40,  4.90it/s]
dann: epoch 7:   3%|▎         | 7/203 [00:01<00:54,  3.63it/s]
dann: epoch 7:   4%|▍         | 8/203 [00:01<00:49,  3.92it/s]
dann: epoch 7:   4%|▍         | 9/203 [00:02<00:47,  4.07it/s]
dann: epoch 7:   5%|▍         | 10/203 [00:02<00:44,  4.32it/s]
dann: epoch 7:   5%|▌         | 11/203 [00:02<00:42,  4.47it/s]
dann: epoch 7:   6%|▌         | 12/203 [00:02<00:44,  4.25it/s]
dann: epoch 7:   6%|▋         | 13/203 [00:02<00:44,  4.26it/s]
dann: epoch 7:   7%|▋         | 14/203 [00:03<00:42,  4.47it/s]
dann: epoch 7:   7%|▋         | 15/203 [00:03<00:40,  4.63it/s]
dann: epoch 7:   8%|▊         | 16/203 [00:03<00:39,  4.75it/s]
dann: epoch 7:   8%|▊         | 17/203 [00:03<00:39,  4.77it/s]
dann: epoch 7:   9%|▉         | 18/203 [00:03<00:36,  5.02it/s]
dann: epoch 7:   9%|▉         | 19/203 [00:04<00:34,  5.26it/s]
dann: epoch 7:  10%|▉         | 20/203 [00:04<00:33,  5.41it/s]
dann: epoch 7:  10%|█         | 21/203 [00:04<00:33,  5.37it/s]
dann: epoch 7:  11%|█         | 22/203 [00:04<00:32,  5.53it/s]
dann: epoch 7:  11%|█▏        | 23/203 [00:04<00:31,  5.71it/s]
dann: epoch 7:  12%|█▏        | 24/203 [00:04<00:30,  5.79it/s]
dann: epoch 7:  12%|█▏        | 25/203 [00:05<00:30,  5.78it/s]
dann: epoch 7:  13%|█▎        | 26/203 [00:05<00:31,  5.63it/s]
dann: epoch 7:  13%|█▎        | 27/203 [00:05<00:31,  5.56it/s]
dann: epoch 7:  14%|█▍        | 28/203 [00:05<00:31,  5.61it/s]
dann: epoch 7:  14%|█▍        | 29/203 [00:05<00:31,  5.52it/s]
dann: epoch 7:  15%|█▍        | 30/203 [00:06<00:31,  5.53it/s]
dann: epoch 7:  15%|█▌        | 31/203 [00:06<00:30,  5.67it/s]
dann: epoch 7:  16%|█▌        | 32/203 [00:06<00:30,  5.67it/s]
dann: epoch 7:  16%|█▋        | 33/203 [00:06<00:30,  5.60it/s]
dann: epoch 7:  17%|█▋        | 34/203 [00:06<00:29,  5.70it/s]
dann: epoch 7:  17%|█▋        | 35/203 [00:06<00:29,  5.65it/s]
dann: epoch 7:  18%|█▊        | 36/203 [00:07<00:29,  5.66it/s]
dann: epoch 7:  18%|█▊        | 37/203 [00:07<00:29,  5.60it/s]
dann: epoch 7:  19%|█▊        | 38/203 [00:07<00:29,  5.59it/s]
dann: epoch 7:  19%|█▉        | 39/203 [00:07<00:29,  5.64it/s]
dann: epoch 7:  20%|█▉        | 40/203 [00:07<00:29,  5.59it/s]
dann: epoch 7:  20%|██        | 41/203 [00:08<00:30,  5.37it/s]
dann: epoch 7:  21%|██        | 42/203 [00:08<00:28,  5.61it/s]
dann: epoch 7:  21%|██        | 43/203 [00:08<00:27,  5.77it/s]
dann: epoch 7:  22%|██▏       | 44/203 [00:08<00:27,  5.87it/s]
dann: epoch 7:  22%|██▏       | 45/203 [00:08<00:26,  5.96it/s]
dann: epoch 7:  23%|██▎       | 46/203 [00:08<00:26,  5.84it/s]
dann: epoch 7:  23%|██▎       | 47/203 [00:09<00:26,  5.80it/s]
dann: epoch 7:  24%|██▎       | 48/203 [00:09<00:26,  5.82it/s]
dann: epoch 7:  24%|██▍       | 49/203 [00:09<00:26,  5.73it/s]
dann: epoch 7:  25%|██▍       | 50/203 [00:09<00:27,  5.63it/s]
dann: epoch 7:  25%|██▌       | 51/203 [00:09<00:27,  5.54it/s]
dann: epoch 7:  26%|██▌       | 52/203 [00:09<00:26,  5.68it/s]
dann: epoch 7:  26%|██▌       | 53/203 [00:10<00:25,  5.84it/s]
dann: epoch 7:  27%|██▋       | 54/203 [00:10<00:26,  5.70it/s]
dann: epoch 7:  27%|██▋       | 55/203 [00:10<00:25,  5.85it/s]
dann: epoch 7:  28%|██▊       | 56/203 [00:10<00:25,  5.78it/s]
dann: epoch 7:  28%|██▊       | 57/203 [00:10<00:24,  5.86it/s]
dann: epoch 7:  29%|██▊       | 58/203 [00:10<00:24,  5.83it/s]
dann: epoch 7:  29%|██▉       | 59/203 [00:11<00:24,  5.84it/s]
dann: epoch 7:  30%|██▉       | 60/203 [00:11<00:25,  5.70it/s]
dann: epoch 7:  30%|███       | 61/203 [00:11<00:25,  5.62it/s]
dann: epoch 7:  31%|███       | 62/203 [00:11<00:24,  5.69it/s]
dann: epoch 7:  31%|███       | 63/203 [00:11<00:24,  5.82it/s]
dann: epoch 7:  32%|███▏      | 64/203 [00:11<00:24,  5.70it/s]
dann: epoch 7:  32%|███▏      | 65/203 [00:12<00:24,  5.74it/s]
dann: epoch 7:  33%|███▎      | 66/203 [00:12<00:24,  5.62it/s]
dann: epoch 7:  33%|███▎      | 67/203 [00:12<00:24,  5.57it/s]
dann: epoch 7:  33%|███▎      | 68/203 [00:12<00:24,  5.59it/s]
dann: epoch 7:  34%|███▍      | 69/203 [00:12<00:23,  5.81it/s]
dann: epoch 7:  34%|███▍      | 70/203 [00:13<00:23,  5.63it/s]
dann: epoch 7:  35%|███▍      | 71/203 [00:13<00:24,  5.43it/s]
dann: epoch 7:  35%|███▌      | 72/203 [00:13<00:24,  5.29it/s]
dann: epoch 7:  36%|███▌      | 73/203 [00:13<00:25,  5.13it/s]
dann: epoch 7:  36%|███▋      | 74/203 [00:13<00:25,  5.15it/s]
dann: epoch 7:  37%|███▋      | 75/203 [00:14<00:27,  4.69it/s]
dann: epoch 7:  37%|███▋      | 76/203 [00:14<00:27,  4.66it/s]
dann: epoch 7:  38%|███▊      | 77/203 [00:14<00:27,  4.55it/s]
dann: epoch 7:  38%|███▊      | 78/203 [00:14<00:28,  4.34it/s]
dann: epoch 7:  39%|███▉      | 79/203 [00:15<00:27,  4.44it/s]
dann: epoch 7:  39%|███▉      | 80/203 [00:15<00:27,  4.45it/s]
dann: epoch 7:  40%|███▉      | 81/203 [00:15<00:26,  4.56it/s]
dann: epoch 7:  40%|████      | 82/203 [00:15<00:26,  4.65it/s]
dann: epoch 7:  41%|████      | 83/203 [00:15<00:25,  4.63it/s]
dann: epoch 7:  41%|████▏     | 84/203 [00:16<00:27,  4.32it/s]
dann: epoch 7:  42%|████▏     | 85/203 [00:16<00:27,  4.34it/s]
dann: epoch 7:  42%|████▏     | 86/203 [00:16<00:28,  4.10it/s]
dann: epoch 7:  43%|████▎     | 87/203 [00:17<00:37,  3.11it/s]
dann: epoch 7:  43%|████▎     | 88/203 [00:17<00:33,  3.43it/s]
dann: epoch 7:  44%|████▍     | 89/203 [00:17<00:32,  3.56it/s]
dann: epoch 7:  44%|████▍     | 90/203 [00:17<00:29,  3.79it/s]
dann: epoch 7:  45%|████▍     | 91/203 [00:18<00:28,  3.94it/s]
dann: epoch 7:  45%|████▌     | 92/203 [00:18<00:27,  4.01it/s]
dann: epoch 7:  46%|████▌     | 93/203 [00:18<00:25,  4.40it/s]
dann: epoch 7:  46%|████▋     | 94/203 [00:18<00:24,  4.36it/s]
dann: epoch 7:  47%|████▋     | 95/203 [00:18<00:23,  4.64it/s]
dann: epoch 7:  47%|████▋     | 96/203 [00:19<00:22,  4.86it/s]
dann: epoch 7:  48%|████▊     | 97/203 [00:19<00:20,  5.06it/s]
dann: epoch 7:  48%|████▊     | 98/203 [00:19<00:20,  5.12it/s]
dann: epoch 7:  49%|████▉     | 99/203 [00:19<00:19,  5.33it/s]
dann: epoch 7:  49%|████▉     | 100/203 [00:19<00:18,  5.53it/s]
dann: epoch 7:  50%|████▉     | 101/203 [00:19<00:18,  5.58it/s]
dann: epoch 7:  50%|█████     | 102/203 [00:20<00:17,  5.64it/s]
dann: epoch 7:  51%|█████     | 103/203 [00:20<00:17,  5.72it/s]
dann: epoch 7:  51%|█████     | 104/203 [00:20<00:17,  5.64it/s]
dann: epoch 7:  52%|█████▏    | 105/203 [00:20<00:17,  5.61it/s]
dann: epoch 7:  52%|█████▏    | 106/203 [00:20<00:17,  5.67it/s]
dann: epoch 7:  53%|█████▎    | 107/203 [00:21<00:16,  5.66it/s]
dann: epoch 7:  53%|█████▎    | 108/203 [00:21<00:16,  5.77it/s]
dann: epoch 7:  54%|█████▎    | 109/203 [00:21<00:16,  5.71it/s]
dann: epoch 7:  54%|█████▍    | 110/203 [00:21<00:16,  5.75it/s]
dann: epoch 7:  55%|█████▍    | 111/203 [00:21<00:15,  5.83it/s]
dann: epoch 7:  55%|█████▌    | 112/203 [00:21<00:16,  5.67it/s]
dann: epoch 7:  56%|█████▌    | 113/203 [00:22<00:15,  5.73it/s]
dann: epoch 7:  56%|█████▌    | 114/203 [00:22<00:15,  5.67it/s]
dann: epoch 7:  57%|█████▋    | 115/203 [00:22<00:15,  5.78it/s]
dann: epoch 7:  57%|█████▋    | 116/203 [00:22<00:14,  5.88it/s]
dann: epoch 7:  58%|█████▊    | 117/203 [00:22<00:14,  6.00it/s]
dann: epoch 7:  58%|█████▊    | 118/203 [00:22<00:14,  6.00it/s]
dann: epoch 7:  59%|█████▊    | 119/203 [00:23<00:17,  4.84it/s]
dann: epoch 7:  59%|█████▉    | 120/203 [00:23<00:16,  4.97it/s]
dann: epoch 7:  60%|█████▉    | 121/203 [00:23<00:16,  5.02it/s]
dann: epoch 7:  60%|██████    | 122/203 [00:23<00:15,  5.30it/s]
dann: epoch 7:  61%|██████    | 123/203 [00:23<00:14,  5.36it/s]
dann: epoch 7:  61%|██████    | 124/203 [00:24<00:14,  5.41it/s]
dann: epoch 7:  62%|██████▏   | 125/203 [00:24<00:14,  5.44it/s]
dann: epoch 7:  62%|██████▏   | 126/203 [00:24<00:13,  5.62it/s]
dann: epoch 7:  63%|██████▎   | 127/203 [00:24<00:13,  5.69it/s]
dann: epoch 7:  63%|██████▎   | 128/203 [00:24<00:13,  5.65it/s]
dann: epoch 7:  64%|██████▎   | 129/203 [00:25<00:13,  5.57it/s]
dann: epoch 7:  64%|██████▍   | 130/203 [00:25<00:13,  5.55it/s]
dann: epoch 7:  65%|██████▍   | 131/203 [00:25<00:12,  5.58it/s]
dann: epoch 7:  65%|██████▌   | 132/203 [00:25<00:12,  5.65it/s]
dann: epoch 7:  66%|██████▌   | 133/203 [00:25<00:12,  5.56it/s]
dann: epoch 7:  66%|██████▌   | 134/203 [00:25<00:12,  5.57it/s]
dann: epoch 7:  67%|██████▋   | 135/203 [00:26<00:12,  5.59it/s]
dann: epoch 7:  67%|██████▋   | 136/203 [00:26<00:11,  5.64it/s]
dann: epoch 7:  67%|██████▋   | 137/203 [00:26<00:11,  5.57it/s]
dann: epoch 7:  68%|██████▊   | 138/203 [00:26<00:11,  5.57it/s]
dann: epoch 7:  68%|██████▊   | 139/203 [00:26<00:11,  5.72it/s]
dann: epoch 7:  69%|██████▉   | 140/203 [00:26<00:10,  5.82it/s]
dann: epoch 7:  69%|██████▉   | 141/203 [00:27<00:10,  5.71it/s]
dann: epoch 7:  70%|██████▉   | 142/203 [00:27<00:10,  5.71it/s]
dann: epoch 7:  70%|███████   | 143/203 [00:27<00:10,  5.64it/s]
dann: epoch 7:  71%|███████   | 144/203 [00:27<00:10,  5.70it/s]
dann: epoch 7:  71%|███████▏  | 145/203 [00:27<00:09,  5.82it/s]
dann: epoch 7:  72%|███████▏  | 146/203 [00:28<00:09,  5.72it/s]
dann: epoch 7:  72%|███████▏  | 147/203 [00:28<00:09,  5.76it/s]
dann: epoch 7:  73%|███████▎  | 148/203 [00:28<00:09,  5.61it/s]
dann: epoch 7:  73%|███████▎  | 149/203 [00:28<00:09,  5.79it/s]
dann: epoch 7:  74%|███████▍  | 150/203 [00:28<00:09,  5.78it/s]
dann: epoch 7:  74%|███████▍  | 151/203 [00:28<00:09,  5.29it/s]
dann: epoch 7:  75%|███████▍  | 152/203 [00:29<00:10,  5.07it/s]
dann: epoch 7:  75%|███████▌  | 153/203 [00:29<00:09,  5.15it/s]
dann: epoch 7:  76%|███████▌  | 154/203 [00:29<00:10,  4.67it/s]
dann: epoch 7:  76%|███████▋  | 155/203 [00:29<00:10,  4.58it/s]
dann: epoch 7:  77%|███████▋  | 156/203 [00:30<00:09,  4.77it/s]
dann: epoch 7:  77%|███████▋  | 157/203 [00:30<00:10,  4.48it/s]
dann: epoch 7:  78%|███████▊  | 158/203 [00:30<00:09,  4.52it/s]
dann: epoch 7:  78%|███████▊  | 159/203 [00:30<00:09,  4.56it/s]
dann: epoch 7:  79%|███████▉  | 160/203 [00:30<00:08,  4.79it/s]
dann: epoch 7:  79%|███████▉  | 161/203 [00:31<00:08,  4.70it/s]
dann: epoch 7:  80%|███████▉  | 162/203 [00:31<00:09,  4.21it/s]
dann: epoch 7:  80%|████████  | 163/203 [00:31<00:09,  4.19it/s]
dann: epoch 7:  81%|████████  | 164/203 [00:32<00:10,  3.55it/s]
dann: epoch 7:  81%|████████▏ | 165/203 [00:32<00:09,  3.83it/s]
dann: epoch 7:  82%|████████▏ | 166/203 [00:32<00:09,  3.90it/s]
dann: epoch 7:  82%|████████▏ | 167/203 [00:32<00:09,  3.90it/s]
dann: epoch 7:  83%|████████▎ | 168/203 [00:32<00:08,  4.15it/s]
dann: epoch 7:  83%|████████▎ | 169/203 [00:33<00:08,  4.16it/s]
dann: epoch 7:  84%|████████▎ | 170/203 [00:33<00:07,  4.23it/s]
dann: epoch 7:  84%|████████▍ | 171/203 [00:33<00:07,  4.10it/s]
dann: epoch 7:  85%|████████▍ | 172/203 [00:33<00:07,  4.02it/s]
dann: epoch 7:  85%|████████▌ | 173/203 [00:34<00:07,  4.27it/s]
dann: epoch 7:  86%|████████▌ | 174/203 [00:34<00:06,  4.64it/s]
dann: epoch 7:  86%|████████▌ | 175/203 [00:34<00:05,  4.90it/s]
dann: epoch 7:  87%|████████▋ | 176/203 [00:34<00:05,  5.24it/s]
dann: epoch 7:  87%|████████▋ | 177/203 [00:34<00:04,  5.28it/s]
dann: epoch 7:  88%|████████▊ | 178/203 [00:35<00:04,  5.28it/s]
dann: epoch 7:  88%|████████▊ | 179/203 [00:35<00:04,  5.56it/s]
dann: epoch 7:  89%|████████▊ | 180/203 [00:35<00:04,  5.41it/s]
dann: epoch 7:  89%|████████▉ | 181/203 [00:35<00:04,  5.48it/s]
dann: epoch 7:  90%|████████▉ | 182/203 [00:35<00:03,  5.51it/s]
dann: epoch 7:  90%|█████████ | 183/203 [00:35<00:03,  5.63it/s]
dann: epoch 7:  91%|█████████ | 184/203 [00:36<00:03,  5.81it/s]
dann: epoch 7:  91%|█████████ | 185/203 [00:36<00:03,  5.85it/s]
dann: epoch 7:  92%|█████████▏| 186/203 [00:36<00:02,  6.00it/s]
dann: epoch 7:  92%|█████████▏| 187/203 [00:36<00:03,  5.19it/s]
dann: epoch 7:  93%|█████████▎| 188/203 [00:36<00:02,  5.31it/s]
dann: epoch 7:  93%|█████████▎| 189/203 [00:36<00:02,  5.35it/s]
dann: epoch 7:  94%|█████████▎| 190/203 [00:37<00:02,  5.33it/s]
dann: epoch 7:  94%|█████████▍| 191/203 [00:37<00:02,  5.54it/s]
dann: epoch 7:  95%|█████████▍| 192/203 [00:37<00:02,  5.46it/s]
dann: epoch 7:  95%|█████████▌| 193/203 [00:37<00:01,  5.50it/s]
dann: epoch 7:  96%|█████████▌| 194/203 [00:37<00:01,  5.52it/s]
dann: epoch 7:  96%|█████████▌| 195/203 [00:38<00:01,  5.60it/s]
dann: epoch 7:  97%|█████████▋| 196/203 [00:38<00:01,  5.65it/s]
dann: epoch 7:  97%|█████████▋| 197/203 [00:38<00:01,  5.65it/s]
dann: epoch 7:  98%|█████████▊| 198/203 [00:38<00:00,  5.78it/s]
dann: epoch 7:  98%|█████████▊| 199/203 [00:38<00:00,  5.68it/s]
dann: epoch 7:  99%|█████████▊| 200/203 [00:38<00:00,  5.75it/s]
dann: epoch 7:  99%|█████████▉| 201/203 [00:39<00:00,  5.44it/s]
dann: epoch 7: 100%|█████████▉| 202/203 [00:39<00:00,  5.48it/s]
dann: epoch 7: 100%|██████████| 203/203 [00:39<00:00,  5.50it/s]
                                                                
dann: epoch 7, source macro-f1=0.0881

dann: epoch 8:   0%|          | 0/203 [00:00<?, ?it/s]
dann: epoch 8:   0%|          | 1/203 [00:00<00:34,  5.77it/s]
dann: epoch 8:   1%|          | 2/203 [00:00<00:39,  5.09it/s]
dann: epoch 8:   1%|▏         | 3/203 [00:00<00:37,  5.38it/s]
dann: epoch 8:   2%|▏         | 4/203 [00:00<00:35,  5.61it/s]
dann: epoch 8:   2%|▏         | 5/203 [00:00<00:34,  5.71it/s]
dann: epoch 8:   3%|▎         | 6/203 [00:01<00:33,  5.80it/s]
dann: epoch 8:   3%|▎         | 7/203 [00:01<00:34,  5.70it/s]
dann: epoch 8:   4%|▍         | 8/203 [00:01<00:44,  4.33it/s]
dann: epoch 8:   4%|▍         | 9/203 [00:01<00:41,  4.65it/s]
dann: epoch 8:   5%|▍         | 10/203 [00:02<00:44,  4.30it/s]
dann: epoch 8:   5%|▌         | 11/203 [00:02<00:44,  4.31it/s]
dann: epoch 8:   6%|▌         | 12/203 [00:02<00:46,  4.15it/s]
dann: epoch 8:   6%|▋         | 13/203 [00:02<00:44,  4.28it/s]
dann: epoch 8:   7%|▋         | 14/203 [00:02<00:44,  4.30it/s]
dann: epoch 8:   7%|▋         | 15/203 [00:03<00:45,  4.18it/s]
dann: epoch 8:   8%|▊         | 16/203 [00:03<00:44,  4.22it/s]
dann: epoch 8:   8%|▊         | 17/203 [00:03<00:43,  4.28it/s]
dann: epoch 8:   9%|▉         | 18/203 [00:03<00:43,  4.23it/s]
dann: epoch 8:   9%|▉         | 19/203 [00:04<00:44,  4.17it/s]
dann: epoch 8:  10%|▉         | 20/203 [00:04<00:41,  4.37it/s]
dann: epoch 8:  10%|█         | 21/203 [00:04<00:49,  3.70it/s]
dann: epoch 8:  11%|█         | 22/203 [00:04<00:44,  4.11it/s]
dann: epoch 8:  11%|█▏        | 23/203 [00:05<00:43,  4.17it/s]
dann: epoch 8:  12%|█▏        | 24/203 [00:05<00:41,  4.31it/s]
dann: epoch 8:  12%|█▏        | 25/203 [00:05<00:41,  4.29it/s]
dann: epoch 8:  13%|█▎        | 26/203 [00:05<00:41,  4.30it/s]
dann: epoch 8:  13%|█▎        | 27/203 [00:06<00:44,  3.97it/s]
dann: epoch 8:  14%|█▍        | 28/203 [00:06<00:42,  4.16it/s]
dann: epoch 8:  14%|█▍        | 29/203 [00:06<00:41,  4.24it/s]
dann: epoch 8:  15%|█▍        | 30/203 [00:06<00:38,  4.54it/s]
dann: epoch 8:  15%|█▌        | 31/203 [00:06<00:35,  4.80it/s]
dann: epoch 8:  16%|█▌        | 32/203 [00:07<00:34,  4.93it/s]
dann: epoch 8:  16%|█▋        | 33/203 [00:07<00:34,  4.93it/s]
dann: epoch 8:  17%|█▋        | 34/203 [00:07<00:34,  4.85it/s]
dann: epoch 8:  17%|█▋        | 35/203 [00:07<00:34,  4.87it/s]
dann: epoch 8:  18%|█▊        | 36/203 [00:07<00:32,  5.07it/s]
dann: epoch 8:  18%|█▊        | 37/203 [00:08<00:31,  5.24it/s]
dann: epoch 8:  19%|█▊        | 38/203 [00:08<00:31,  5.22it/s]
dann: epoch 8:  19%|█▉        | 39/203 [00:08<00:30,  5.29it/s]
dann: epoch 8:  20%|█▉        | 40/203 [00:08<00:30,  5.30it/s]
dann: epoch 8:  20%|██        | 41/203 [00:08<00:29,  5.46it/s]
dann: epoch 8:  21%|██        | 42/203 [00:09<00:32,  5.01it/s]
dann: epoch 8:  21%|██        | 43/203 [00:09<00:31,  5.13it/s]
dann: epoch 8:  22%|██▏       | 44/203 [00:09<00:30,  5.29it/s]
dann: epoch 8:  22%|██▏       | 45/203 [00:09<00:29,  5.39it/s]
dann: epoch 8:  23%|██▎       | 46/203 [00:09<00:28,  5.55it/s]
dann: epoch 8:  23%|██▎       | 47/203 [00:10<00:38,  4.02it/s]
dann: epoch 8:  24%|██▎       | 48/203 [00:10<00:35,  4.33it/s]
dann: epoch 8:  24%|██▍       | 49/203 [00:10<00:34,  4.42it/s]
dann: epoch 8:  25%|██▍       | 50/203 [00:10<00:32,  4.70it/s]
dann: epoch 8:  25%|██▌       | 51/203 [00:10<00:31,  4.88it/s]
dann: epoch 8:  26%|██▌       | 52/203 [00:11<00:30,  4.99it/s]
dann: epoch 8:  26%|██▌       | 53/203 [00:11<00:28,  5.24it/s]
dann: epoch 8:  27%|██▋       | 54/203 [00:11<00:27,  5.36it/s]
dann: epoch 8:  27%|██▋       | 55/203 [00:11<00:27,  5.29it/s]
dann: epoch 8:  28%|██▊       | 56/203 [00:11<00:26,  5.51it/s]
dann: epoch 8:  28%|██▊       | 57/203 [00:12<00:26,  5.51it/s]
dann: epoch 8:  29%|██▊       | 58/203 [00:12<00:26,  5.53it/s]
dann: epoch 8:  29%|██▉       | 59/203 [00:12<00:25,  5.62it/s]
dann: epoch 8:  30%|██▉       | 60/203 [00:12<00:25,  5.67it/s]
dann: epoch 8:  30%|███       | 61/203 [00:12<00:24,  5.70it/s]
dann: epoch 8:  31%|███       | 62/203 [00:12<00:24,  5.67it/s]
dann: epoch 8:  31%|███       | 63/203 [00:13<00:25,  5.57it/s]
dann: epoch 8:  32%|███▏      | 64/203 [00:13<00:23,  5.81it/s]
dann: epoch 8:  32%|███▏      | 65/203 [00:13<00:24,  5.73it/s]
dann: epoch 8:  33%|███▎      | 66/203 [00:13<00:23,  5.79it/s]
dann: epoch 8:  33%|███▎      | 67/203 [00:13<00:23,  5.81it/s]
dann: epoch 8:  33%|███▎      | 68/203 [00:13<00:23,  5.70it/s]
dann: epoch 8:  34%|███▍      | 69/203 [00:14<00:23,  5.79it/s]
dann: epoch 8:  34%|███▍      | 70/203 [00:14<00:23,  5.71it/s]
dann: epoch 8:  35%|███▍      | 71/203 [00:14<00:23,  5.68it/s]
dann: epoch 8:  35%|███▌      | 72/203 [00:14<00:23,  5.56it/s]
dann: epoch 8:  36%|███▌      | 73/203 [00:14<00:23,  5.54it/s]
dann: epoch 8:  36%|███▋      | 74/203 [00:15<00:22,  5.66it/s]
dann: epoch 8:  37%|███▋      | 75/203 [00:15<00:22,  5.64it/s]
dann: epoch 8:  37%|███▋      | 76/203 [00:15<00:22,  5.66it/s]
dann: epoch 8:  38%|███▊      | 77/203 [00:15<00:21,  5.79it/s]
dann: epoch 8:  38%|███▊      | 78/203 [00:15<00:21,  5.76it/s]
dann: epoch 8:  39%|███▉      | 79/203 [00:15<00:21,  5.84it/s]
dann: epoch 8:  39%|███▉      | 80/203 [00:16<00:20,  5.98it/s]
dann: epoch 8:  40%|███▉      | 81/203 [00:16<00:20,  6.01it/s]
dann: epoch 8:  40%|████      | 82/203 [00:16<00:20,  6.02it/s]
dann: epoch 8:  41%|████      | 83/203 [00:16<00:22,  5.26it/s]
dann: epoch 8:  41%|████▏     | 84/203 [00:16<00:23,  5.04it/s]
dann: epoch 8:  42%|████▏     | 85/203 [00:17<00:23,  4.98it/s]
dann: epoch 8:  42%|████▏     | 86/203 [00:17<00:23,  4.90it/s]
dann: epoch 8:  43%|████▎     | 87/203 [00:17<00:24,  4.64it/s]
dann: epoch 8:  43%|████▎     | 88/203 [00:17<00:25,  4.48it/s]
dann: epoch 8:  44%|████▍     | 89/203 [00:17<00:24,  4.61it/s]
dann: epoch 8:  44%|████▍     | 90/203 [00:18<00:25,  4.48it/s]
dann: epoch 8:  45%|████▍     | 91/203 [00:18<00:24,  4.61it/s]
dann: epoch 8:  45%|████▌     | 92/203 [00:18<00:23,  4.74it/s]
dann: epoch 8:  46%|████▌     | 93/203 [00:18<00:24,  4.53it/s]
dann: epoch 8:  46%|████▋     | 94/203 [00:19<00:24,  4.42it/s]
dann: epoch 8:  47%|████▋     | 95/203 [00:19<00:26,  4.08it/s]
dann: epoch 8:  47%|████▋     | 96/203 [00:19<00:25,  4.20it/s]
dann: epoch 8:  48%|████▊     | 97/203 [00:19<00:24,  4.25it/s]
dann: epoch 8:  48%|████▊     | 98/203 [00:20<00:24,  4.20it/s]
dann: epoch 8:  49%|████▉     | 99/203 [00:20<00:26,  3.90it/s]
dann: epoch 8:  49%|████▉     | 100/203 [00:20<00:25,  4.02it/s]
dann: epoch 8:  50%|████▉     | 101/203 [00:20<00:25,  4.00it/s]
dann: epoch 8:  50%|█████     | 102/203 [00:21<00:23,  4.25it/s]
dann: epoch 8:  51%|█████     | 103/203 [00:21<00:24,  4.09it/s]
dann: epoch 8:  51%|█████     | 104/203 [00:21<00:23,  4.23it/s]
dann: epoch 8:  52%|█████▏    | 105/203 [00:21<00:23,  4.08it/s]
dann: epoch 8:  52%|█████▏    | 106/203 [00:21<00:22,  4.33it/s]
dann: epoch 8:  53%|█████▎    | 107/203 [00:22<00:22,  4.32it/s]
dann: epoch 8:  53%|█████▎    | 108/203 [00:22<00:20,  4.59it/s]
dann: epoch 8:  54%|█████▎    | 109/203 [00:22<00:19,  4.82it/s]
dann: epoch 8:  54%|█████▍    | 110/203 [00:22<00:18,  5.09it/s]
dann: epoch 8:  55%|█████▍    | 111/203 [00:22<00:17,  5.20it/s]
dann: epoch 8:  55%|█████▌    | 112/203 [00:23<00:17,  5.30it/s]
dann: epoch 8:  56%|█████▌    | 113/203 [00:23<00:16,  5.37it/s]
dann: epoch 8:  56%|█████▌    | 114/203 [00:23<00:16,  5.47it/s]
dann: epoch 8:  57%|█████▋    | 115/203 [00:23<00:15,  5.63it/s]
dann: epoch 8:  57%|█████▋    | 116/203 [00:23<00:15,  5.52it/s]
dann: epoch 8:  58%|█████▊    | 117/203 [00:24<00:15,  5.57it/s]
dann: epoch 8:  58%|█████▊    | 118/203 [00:24<00:14,  5.80it/s]
dann: epoch 8:  59%|█████▊    | 119/203 [00:24<00:14,  5.87it/s]
dann: epoch 8:  59%|█████▉    | 120/203 [00:24<00:14,  5.91it/s]
dann: epoch 8:  60%|█████▉    | 121/203 [00:24<00:13,  5.93it/s]
dann: epoch 8:  60%|██████    | 122/203 [00:24<00:13,  5.91it/s]
dann: epoch 8:  61%|██████    | 123/203 [00:25<00:13,  5.73it/s]
dann: epoch 8:  61%|██████    | 124/203 [00:25<00:13,  5.85it/s]
dann: epoch 8:  62%|██████▏   | 125/203 [00:25<00:13,  5.73it/s]
dann: epoch 8:  62%|██████▏   | 126/203 [00:25<00:13,  5.66it/s]
dann: epoch 8:  63%|██████▎   | 127/203 [00:25<00:13,  5.73it/s]
dann: epoch 8:  63%|██████▎   | 128/203 [00:25<00:13,  5.66it/s]
dann: epoch 8:  64%|██████▎   | 129/203 [00:26<00:13,  5.65it/s]
dann: epoch 8:  64%|██████▍   | 130/203 [00:26<00:12,  5.77it/s]
dann: epoch 8:  65%|██████▍   | 131/203 [00:26<00:12,  5.76it/s]
dann: epoch 8:  65%|██████▌   | 132/203 [00:26<00:12,  5.76it/s]
dann: epoch 8:  66%|██████▌   | 133/203 [00:26<00:12,  5.71it/s]
dann: epoch 8:  66%|██████▌   | 134/203 [00:26<00:12,  5.70it/s]
dann: epoch 8:  67%|██████▋   | 135/203 [00:27<00:12,  5.65it/s]
dann: epoch 8:  67%|██████▋   | 136/203 [00:27<00:11,  5.81it/s]
dann: epoch 8:  67%|██████▋   | 137/203 [00:27<00:11,  5.80it/s]
dann: epoch 8:  68%|██████▊   | 138/203 [00:27<00:10,  5.93it/s]
dann: epoch 8:  68%|██████▊   | 139/203 [00:27<00:11,  5.70it/s]
dann: epoch 8:  69%|██████▉   | 140/203 [00:27<00:11,  5.62it/s]
dann: epoch 8:  69%|██████▉   | 141/203 [00:28<00:10,  5.75it/s]
dann: epoch 8:  70%|██████▉   | 142/203 [00:28<00:10,  5.61it/s]
dann: epoch 8:  70%|███████   | 143/203 [00:28<00:10,  5.52it/s]
dann: epoch 8:  71%|███████   | 144/203 [00:28<00:10,  5.67it/s]
dann: epoch 8:  71%|███████▏  | 145/203 [00:28<00:10,  5.64it/s]
dann: epoch 8:  72%|███████▏  | 146/203 [00:29<00:10,  5.64it/s]
dann: epoch 8:  72%|███████▏  | 147/203 [00:29<00:09,  5.67it/s]
dann: epoch 8:  73%|███████▎  | 148/203 [00:29<00:09,  5.53it/s]
dann: epoch 8:  73%|███████▎  | 149/203 [00:29<00:09,  5.55it/s]
dann: epoch 8:  74%|███████▍  | 150/203 [00:29<00:09,  5.51it/s]
dann: epoch 8:  74%|███████▍  | 151/203 [00:29<00:09,  5.66it/s]
dann: epoch 8:  75%|███████▍  | 152/203 [00:30<00:08,  5.67it/s]
dann: epoch 8:  75%|███████▌  | 153/203 [00:30<00:08,  5.57it/s]
dann: epoch 8:  76%|███████▌  | 154/203 [00:30<00:08,  5.59it/s]
dann: epoch 8:  76%|███████▋  | 155/203 [00:30<00:08,  5.50it/s]
dann: epoch 8:  77%|███████▋  | 156/203 [00:30<00:08,  5.65it/s]
dann: epoch 8:  77%|███████▋  | 157/203 [00:31<00:08,  5.62it/s]
dann: epoch 8:  78%|███████▊  | 158/203 [00:31<00:08,  5.57it/s]
dann: epoch 8:  78%|███████▊  | 159/203 [00:31<00:07,  5.72it/s]
dann: epoch 8:  79%|███████▉  | 160/203 [00:31<00:07,  5.54it/s]
dann: epoch 8:  79%|███████▉  | 161/203 [00:31<00:07,  5.49it/s]
dann: epoch 8:  80%|███████▉  | 162/203 [00:31<00:07,  5.64it/s]
dann: epoch 8:  80%|████████  | 163/203 [00:32<00:07,  5.58it/s]
dann: epoch 8:  81%|████████  | 164/203 [00:32<00:07,  5.50it/s]
dann: epoch 8:  81%|████████▏ | 165/203 [00:32<00:06,  5.45it/s]
dann: epoch 8:  82%|████████▏ | 166/203 [00:32<00:07,  4.95it/s]
dann: epoch 8:  82%|████████▏ | 167/203 [00:32<00:07,  4.85it/s]
dann: epoch 8:  83%|████████▎ | 168/203 [00:33<00:07,  4.63it/s]
dann: epoch 8:  83%|████████▎ | 169/203 [00:33<00:07,  4.62it/s]
dann: epoch 8:  84%|████████▎ | 170/203 [00:33<00:07,  4.42it/s]
dann: epoch 8:  84%|████████▍ | 171/203 [00:33<00:06,  4.69it/s]
dann: epoch 8:  85%|████████▍ | 172/203 [00:34<00:06,  4.57it/s]
dann: epoch 8:  85%|████████▌ | 173/203 [00:34<00:06,  4.67it/s]
dann: epoch 8:  86%|████████▌ | 174/203 [00:34<00:06,  4.43it/s]
dann: epoch 8:  86%|████████▌ | 175/203 [00:34<00:06,  4.59it/s]
dann: epoch 8:  87%|████████▋ | 176/203 [00:34<00:06,  4.37it/s]
dann: epoch 8:  87%|████████▋ | 177/203 [00:35<00:05,  4.42it/s]
dann: epoch 8:  88%|████████▊ | 178/203 [00:35<00:05,  4.59it/s]
dann: epoch 8:  88%|████████▊ | 179/203 [00:35<00:05,  4.36it/s]
dann: epoch 8:  89%|████████▊ | 180/203 [00:35<00:05,  4.40it/s]
dann: epoch 8:  89%|████████▉ | 181/203 [00:36<00:05,  3.74it/s]
dann: epoch 8:  90%|████████▉ | 182/203 [00:36<00:05,  4.10it/s]
dann: epoch 8:  90%|█████████ | 183/203 [00:36<00:04,  4.08it/s]
dann: epoch 8:  91%|█████████ | 184/203 [00:36<00:04,  4.37it/s]
dann: epoch 8:  91%|█████████ | 185/203 [00:37<00:04,  4.32it/s]
dann: epoch 8:  92%|█████████▏| 186/203 [00:37<00:03,  4.53it/s]
dann: epoch 8:  92%|█████████▏| 187/203 [00:37<00:03,  4.67it/s]
dann: epoch 8:  93%|█████████▎| 188/203 [00:37<00:03,  4.61it/s]
dann: epoch 8:  93%|█████████▎| 189/203 [00:37<00:03,  4.37it/s]
dann: epoch 8:  94%|█████████▎| 190/203 [00:38<00:02,  4.59it/s]
dann: epoch 8:  94%|█████████▍| 191/203 [00:38<00:02,  4.75it/s]
dann: epoch 8:  95%|█████████▍| 192/203 [00:38<00:02,  4.87it/s]
dann: epoch 8:  95%|█████████▌| 193/203 [00:38<00:01,  5.06it/s]
dann: epoch 8:  96%|█████████▌| 194/203 [00:38<00:01,  5.23it/s]
dann: epoch 8:  96%|█████████▌| 195/203 [00:39<00:01,  5.45it/s]
dann: epoch 8:  97%|█████████▋| 196/203 [00:39<00:01,  5.63it/s]
dann: epoch 8:  97%|█████████▋| 197/203 [00:39<00:01,  5.59it/s]
dann: epoch 8:  98%|█████████▊| 198/203 [00:39<00:00,  5.43it/s]
dann: epoch 8:  98%|█████████▊| 199/203 [00:39<00:00,  5.57it/s]
dann: epoch 8:  99%|█████████▊| 200/203 [00:39<00:00,  5.51it/s]
dann: epoch 8:  99%|█████████▉| 201/203 [00:40<00:00,  5.62it/s]
dann: epoch 8: 100%|█████████▉| 202/203 [00:40<00:00,  5.79it/s]
dann: epoch 8: 100%|██████████| 203/203 [00:40<00:00,  5.68it/s]
                                                                
dann: epoch 8, source macro-f1=0.0942

dann: epoch 9:   0%|          | 0/203 [00:00<?, ?it/s]
dann: epoch 9:   0%|          | 1/203 [00:00<00:32,  6.19it/s]
dann: epoch 9:   1%|          | 2/203 [00:00<00:33,  6.06it/s]
dann: epoch 9:   1%|▏         | 3/203 [00:00<00:34,  5.74it/s]
dann: epoch 9:   2%|▏         | 4/203 [00:00<00:34,  5.74it/s]
dann: epoch 9:   2%|▏         | 5/203 [00:00<00:33,  5.89it/s]
dann: epoch 9:   3%|▎         | 6/203 [00:01<00:32,  6.11it/s]
dann: epoch 9:   3%|▎         | 7/203 [00:01<00:42,  4.66it/s]
dann: epoch 9:   4%|▍         | 8/203 [00:01<00:40,  4.86it/s]
dann: epoch 9:   4%|▍         | 9/203 [00:01<00:42,  4.52it/s]
dann: epoch 9:   5%|▍         | 10/203 [00:01<00:39,  4.84it/s]
dann: epoch 9:   5%|▌         | 11/203 [00:02<00:36,  5.24it/s]
dann: epoch 9:   6%|▌         | 12/203 [00:02<00:34,  5.46it/s]
dann: epoch 9:   6%|▋         | 13/203 [00:02<00:34,  5.52it/s]
dann: epoch 9:   7%|▋         | 14/203 [00:02<00:33,  5.73it/s]
dann: epoch 9:   7%|▋         | 15/203 [00:02<00:37,  5.03it/s]
dann: epoch 9:   8%|▊         | 16/203 [00:03<00:35,  5.31it/s]
dann: epoch 9:   8%|▊         | 17/203 [00:03<00:34,  5.33it/s]
dann: epoch 9:   9%|▉         | 18/203 [00:03<00:33,  5.55it/s]
dann: epoch 9:   9%|▉         | 19/203 [00:03<00:32,  5.68it/s]
dann: epoch 9:  10%|▉         | 20/203 [00:03<00:33,  5.48it/s]
dann: epoch 9:  10%|█         | 21/203 [00:03<00:34,  5.31it/s]
dann: epoch 9:  11%|█         | 22/203 [00:04<00:35,  5.03it/s]
dann: epoch 9:  11%|█▏        | 23/203 [00:04<00:37,  4.83it/s]
dann: epoch 9:  12%|█▏        | 24/203 [00:04<00:38,  4.65it/s]
dann: epoch 9:  12%|█▏        | 25/203 [00:04<00:36,  4.88it/s]
dann: epoch 9:  13%|█▎        | 26/203 [00:05<00:39,  4.51it/s]
dann: epoch 9:  13%|█▎        | 27/203 [00:05<00:39,  4.47it/s]
dann: epoch 9:  14%|█▍        | 28/203 [00:05<00:38,  4.53it/s]
dann: epoch 9:  14%|█▍        | 29/203 [00:05<00:42,  4.13it/s]
dann: epoch 9:  15%|█▍        | 30/203 [00:05<00:39,  4.43it/s]
dann: epoch 9:  15%|█▌        | 31/203 [00:06<00:41,  4.13it/s]
dann: epoch 9:  16%|█▌        | 32/203 [00:06<00:39,  4.29it/s]
dann: epoch 9:  16%|█▋        | 33/203 [00:06<00:43,  3.94it/s]
dann: epoch 9:  17%|█▋        | 34/203 [00:06<00:40,  4.16it/s]
dann: epoch 9:  17%|█▋        | 35/203 [00:07<00:44,  3.74it/s]
dann: epoch 9:  18%|█▊        | 36/203 [00:07<00:40,  4.17it/s]
dann: epoch 9:  18%|█▊        | 37/203 [00:07<00:39,  4.22it/s]
dann: epoch 9:  19%|█▊        | 38/203 [00:07<00:40,  4.11it/s]
dann: epoch 9:  19%|█▉        | 39/203 [00:08<00:44,  3.68it/s]
dann: epoch 9:  20%|█▉        | 40/203 [00:08<00:43,  3.79it/s]
dann: epoch 9:  20%|██        | 41/203 [00:08<00:40,  3.97it/s]
dann: epoch 9:  21%|██        | 42/203 [00:09<00:39,  4.10it/s]
dann: epoch 9:  21%|██        | 43/203 [00:09<00:39,  4.00it/s]
dann: epoch 9:  22%|██▏       | 44/203 [00:09<00:36,  4.32it/s]
dann: epoch 9:  22%|██▏       | 45/203 [00:09<00:33,  4.65it/s]
dann: epoch 9:  23%|██▎       | 46/203 [00:09<00:31,  5.01it/s]
dann: epoch 9:  23%|██▎       | 47/203 [00:10<00:37,  4.18it/s]
dann: epoch 9:  24%|██▎       | 48/203 [00:10<00:35,  4.39it/s]
dann: epoch 9:  24%|██▍       | 49/203 [00:10<00:33,  4.58it/s]
dann: epoch 9:  25%|██▍       | 50/203 [00:10<00:31,  4.79it/s]
dann: epoch 9:  25%|██▌       | 51/203 [00:10<00:30,  4.94it/s]
dann: epoch 9:  26%|██▌       | 52/203 [00:11<00:30,  4.89it/s]
dann: epoch 9:  26%|██▌       | 53/203 [00:11<00:29,  5.09it/s]
dann: epoch 9:  27%|██▋       | 54/203 [00:11<00:29,  5.11it/s]
dann: epoch 9:  27%|██▋       | 55/203 [00:11<00:27,  5.29it/s]
dann: epoch 9:  28%|██▊       | 56/203 [00:11<00:27,  5.34it/s]
dann: epoch 9:  28%|██▊       | 57/203 [00:12<00:27,  5.39it/s]
dann: epoch 9:  29%|██▊       | 58/203 [00:12<00:26,  5.42it/s]
dann: epoch 9:  29%|██▉       | 59/203 [00:12<00:25,  5.56it/s]
dann: epoch 9:  30%|██▉       | 60/203 [00:12<00:25,  5.61it/s]
dann: epoch 9:  30%|███       | 61/203 [00:12<00:24,  5.80it/s]
dann: epoch 9:  31%|███       | 62/203 [00:12<00:24,  5.86it/s]
dann: epoch 9:  31%|███       | 63/203 [00:13<00:23,  5.85it/s]
dann: epoch 9:  32%|███▏      | 64/203 [00:13<00:24,  5.66it/s]
dann: epoch 9:  32%|███▏      | 65/203 [00:13<00:24,  5.66it/s]
dann: epoch 9:  33%|███▎      | 66/203 [00:13<00:23,  5.81it/s]
dann: epoch 9:  33%|███▎      | 67/203 [00:13<00:23,  5.78it/s]
dann: epoch 9:  33%|███▎      | 68/203 [00:13<00:23,  5.82it/s]
dann: epoch 9:  34%|███▍      | 69/203 [00:14<00:22,  5.87it/s]
dann: epoch 9:  34%|███▍      | 70/203 [00:14<00:22,  5.90it/s]
dann: epoch 9:  35%|███▍      | 71/203 [00:14<00:22,  5.95it/s]
dann: epoch 9:  35%|███▌      | 72/203 [00:14<00:22,  5.91it/s]
dann: epoch 9:  36%|███▌      | 73/203 [00:14<00:22,  5.79it/s]
dann: epoch 9:  36%|███▋      | 74/203 [00:14<00:22,  5.80it/s]
dann: epoch 9:  37%|███▋      | 75/203 [00:15<00:22,  5.75it/s]
dann: epoch 9:  37%|███▋      | 76/203 [00:15<00:21,  5.79it/s]
dann: epoch 9:  38%|███▊      | 77/203 [00:15<00:21,  5.81it/s]
dann: epoch 9:  38%|███▊      | 78/203 [00:15<00:21,  5.80it/s]
dann: epoch 9:  39%|███▉      | 79/203 [00:15<00:20,  5.92it/s]
dann: epoch 9:  39%|███▉      | 80/203 [00:15<00:20,  5.97it/s]
dann: epoch 9:  40%|███▉      | 81/203 [00:16<00:20,  5.84it/s]
dann: epoch 9:  40%|████      | 82/203 [00:16<00:20,  5.93it/s]
dann: epoch 9:  41%|████      | 83/203 [00:16<00:20,  5.75it/s]
dann: epoch 9:  41%|████▏     | 84/203 [00:16<00:20,  5.71it/s]
dann: epoch 9:  42%|████▏     | 85/203 [00:16<00:20,  5.65it/s]
dann: epoch 9:  42%|████▏     | 86/203 [00:17<00:20,  5.77it/s]
dann: epoch 9:  43%|████▎     | 87/203 [00:17<00:20,  5.73it/s]
dann: epoch 9:  43%|████▎     | 88/203 [00:17<00:19,  5.78it/s]
dann: epoch 9:  44%|████▍     | 89/203 [00:17<00:19,  5.74it/s]
dann: epoch 9:  44%|████▍     | 90/203 [00:17<00:19,  5.69it/s]
dann: epoch 9:  45%|████▍     | 91/203 [00:17<00:19,  5.80it/s]
dann: epoch 9:  45%|████▌     | 92/203 [00:18<00:19,  5.70it/s]
dann: epoch 9:  46%|████▌     | 93/203 [00:18<00:18,  5.92it/s]
dann: epoch 9:  46%|████▋     | 94/203 [00:18<00:18,  5.83it/s]
dann: epoch 9:  47%|████▋     | 95/203 [00:18<00:18,  5.96it/s]
dann: epoch 9:  47%|████▋     | 96/203 [00:18<00:17,  5.96it/s]
dann: epoch 9:  48%|████▊     | 97/203 [00:18<00:18,  5.68it/s]
dann: epoch 9:  48%|████▊     | 98/203 [00:19<00:18,  5.67it/s]
dann: epoch 9:  49%|████▉     | 99/203 [00:19<00:18,  5.60it/s]
dann: epoch 9:  49%|████▉     | 100/203 [00:19<00:19,  5.36it/s]
dann: epoch 9:  50%|████▉     | 101/203 [00:19<00:19,  5.26it/s]
dann: epoch 9:  50%|█████     | 102/203 [00:19<00:19,  5.09it/s]
dann: epoch 9:  51%|█████     | 103/203 [00:20<00:19,  5.01it/s]
dann: epoch 9:  51%|█████     | 104/203 [00:20<00:21,  4.63it/s]
dann: epoch 9:  52%|█████▏    | 105/203 [00:20<00:20,  4.81it/s]
dann: epoch 9:  52%|█████▏    | 106/203 [00:20<00:20,  4.79it/s]
dann: epoch 9:  53%|█████▎    | 107/203 [00:20<00:21,  4.56it/s]
dann: epoch 9:  53%|█████▎    | 108/203 [00:21<00:20,  4.53it/s]
dann: epoch 9:  54%|█████▎    | 109/203 [00:21<00:19,  4.76it/s]
dann: epoch 9:  54%|█████▍    | 110/203 [00:21<00:19,  4.66it/s]
dann: epoch 9:  55%|█████▍    | 111/203 [00:21<00:20,  4.54it/s]
dann: epoch 9:  55%|█████▌    | 112/203 [00:22<00:20,  4.54it/s]
dann: epoch 9:  56%|█████▌    | 113/203 [00:22<00:20,  4.29it/s]
dann: epoch 9:  56%|█████▌    | 114/203 [00:22<00:19,  4.49it/s]
dann: epoch 9:  57%|█████▋    | 115/203 [00:22<00:19,  4.42it/s]
dann: epoch 9:  57%|█████▋    | 116/203 [00:23<00:21,  4.11it/s]
dann: epoch 9:  58%|█████▊    | 117/203 [00:23<00:19,  4.31it/s]
dann: epoch 9:  58%|█████▊    | 118/203 [00:23<00:19,  4.38it/s]
dann: epoch 9:  59%|█████▊    | 119/203 [00:23<00:18,  4.57it/s]
dann: epoch 9:  59%|█████▉    | 120/203 [00:23<00:19,  4.30it/s]
dann: epoch 9:  60%|█████▉    | 121/203 [00:24<00:18,  4.33it/s]
dann: epoch 9:  60%|██████    | 122/203 [00:24<00:18,  4.30it/s]
dann: epoch 9:  61%|██████    | 123/203 [00:24<00:18,  4.36it/s]
dann: epoch 9:  61%|██████    | 124/203 [00:24<00:17,  4.49it/s]
dann: epoch 9:  62%|██████▏   | 125/203 [00:25<00:17,  4.55it/s]
dann: epoch 9:  62%|██████▏   | 126/203 [00:25<00:16,  4.80it/s]
dann: epoch 9:  63%|██████▎   | 127/203 [00:25<00:15,  5.00it/s]
dann: epoch 9:  63%|██████▎   | 128/203 [00:25<00:14,  5.22it/s]
dann: epoch 9:  64%|██████▎   | 129/203 [00:25<00:14,  5.20it/s]
dann: epoch 9:  64%|██████▍   | 130/203 [00:25<00:13,  5.36it/s]
dann: epoch 9:  65%|██████▍   | 131/203 [00:26<00:13,  5.41it/s]
dann: epoch 9:  65%|██████▌   | 132/203 [00:26<00:12,  5.57it/s]
dann: epoch 9:  66%|██████▌   | 133/203 [00:26<00:12,  5.65it/s]
dann: epoch 9:  66%|██████▌   | 134/203 [00:26<00:12,  5.57it/s]
dann: epoch 9:  67%|██████▋   | 135/203 [00:26<00:11,  5.70it/s]
dann: epoch 9:  67%|██████▋   | 136/203 [00:27<00:12,  5.49it/s]
dann: epoch 9:  67%|██████▋   | 137/203 [00:27<00:12,  5.23it/s]
dann: epoch 9:  68%|██████▊   | 138/203 [00:27<00:12,  5.32it/s]
dann: epoch 9:  68%|██████▊   | 139/203 [00:27<00:11,  5.42it/s]
dann: epoch 9:  69%|██████▉   | 140/203 [00:27<00:11,  5.51it/s]
dann: epoch 9:  69%|██████▉   | 141/203 [00:27<00:11,  5.57it/s]
dann: epoch 9:  70%|██████▉   | 142/203 [00:28<00:10,  5.72it/s]
dann: epoch 9:  70%|███████   | 143/203 [00:28<00:10,  5.63it/s]
dann: epoch 9:  71%|███████   | 144/203 [00:28<00:10,  5.69it/s]
dann: epoch 9:  71%|███████▏  | 145/203 [00:28<00:10,  5.48it/s]
dann: epoch 9:  72%|███████▏  | 146/203 [00:28<00:10,  5.58it/s]
dann: epoch 9:  72%|███████▏  | 147/203 [00:29<00:10,  5.57it/s]
dann: epoch 9:  73%|███████▎  | 148/203 [00:29<00:09,  5.73it/s]
dann: epoch 9:  73%|███████▎  | 149/203 [00:29<00:09,  5.64it/s]
dann: epoch 9:  74%|███████▍  | 150/203 [00:29<00:09,  5.75it/s]
dann: epoch 9:  74%|███████▍  | 151/203 [00:29<00:09,  5.74it/s]
dann: epoch 9:  75%|███████▍  | 152/203 [00:29<00:09,  5.63it/s]
dann: epoch 9:  75%|███████▌  | 153/203 [00:30<00:08,  5.78it/s]
dann: epoch 9:  76%|███████▌  | 154/203 [00:30<00:08,  5.86it/s]
dann: epoch 9:  76%|███████▋  | 155/203 [00:30<00:08,  5.61it/s]
dann: epoch 9:  77%|███████▋  | 156/203 [00:30<00:08,  5.75it/s]
dann: epoch 9:  77%|███████▋  | 157/203 [00:30<00:08,  5.63it/s]
dann: epoch 9:  78%|███████▊  | 158/203 [00:30<00:07,  5.72it/s]
dann: epoch 9:  78%|███████▊  | 159/203 [00:31<00:07,  5.72it/s]
dann: epoch 9:  79%|███████▉  | 160/203 [00:31<00:07,  5.86it/s]
dann: epoch 9:  79%|███████▉  | 161/203 [00:31<00:07,  5.93it/s]
dann: epoch 9:  80%|███████▉  | 162/203 [00:31<00:06,  5.92it/s]
dann: epoch 9:  80%|████████  | 163/203 [00:31<00:06,  5.76it/s]
dann: epoch 9:  81%|████████  | 164/203 [00:31<00:06,  5.89it/s]
dann: epoch 9:  81%|████████▏ | 165/203 [00:32<00:06,  5.90it/s]
dann: epoch 9:  82%|████████▏ | 166/203 [00:32<00:06,  5.81it/s]
dann: epoch 9:  82%|████████▏ | 167/203 [00:32<00:06,  5.98it/s]
dann: epoch 9:  83%|████████▎ | 168/203 [00:32<00:05,  5.92it/s]
dann: epoch 9:  83%|████████▎ | 169/203 [00:32<00:05,  5.97it/s]
dann: epoch 9:  84%|████████▎ | 170/203 [00:33<00:07,  4.54it/s]
dann: epoch 9:  84%|████████▍ | 171/203 [00:33<00:06,  4.88it/s]
dann: epoch 9:  85%|████████▍ | 172/203 [00:33<00:06,  5.11it/s]
dann: epoch 9:  85%|████████▌ | 173/203 [00:33<00:05,  5.36it/s]
dann: epoch 9:  86%|████████▌ | 174/203 [00:33<00:05,  5.42it/s]
dann: epoch 9:  86%|████████▌ | 175/203 [00:33<00:05,  5.45it/s]
dann: epoch 9:  87%|████████▋ | 176/203 [00:34<00:04,  5.48it/s]
dann: epoch 9:  87%|████████▋ | 177/203 [00:34<00:04,  5.61it/s]
dann: epoch 9:  88%|████████▊ | 178/203 [00:34<00:04,  5.57it/s]
dann: epoch 9:  88%|████████▊ | 179/203 [00:34<00:04,  5.57it/s]
dann: epoch 9:  89%|████████▊ | 180/203 [00:34<00:04,  5.50it/s]
dann: epoch 9:  89%|████████▉ | 181/203 [00:35<00:03,  5.61it/s]
dann: epoch 9:  90%|████████▉ | 182/203 [00:35<00:04,  5.05it/s]
dann: epoch 9:  90%|█████████ | 183/203 [00:35<00:04,  4.97it/s]
dann: epoch 9:  91%|█████████ | 184/203 [00:35<00:04,  4.60it/s]
dann: epoch 9:  91%|█████████ | 185/203 [00:35<00:03,  4.60it/s]
dann: epoch 9:  92%|█████████▏| 186/203 [00:36<00:03,  4.43it/s]
dann: epoch 9:  92%|█████████▏| 187/203 [00:36<00:03,  4.53it/s]
dann: epoch 9:  93%|█████████▎| 188/203 [00:36<00:03,  4.79it/s]
dann: epoch 9:  93%|█████████▎| 189/203 [00:36<00:02,  4.85it/s]
dann: epoch 9:  94%|█████████▎| 190/203 [00:37<00:02,  4.90it/s]
dann: epoch 9:  94%|█████████▍| 191/203 [00:37<00:02,  4.86it/s]
dann: epoch 9:  95%|█████████▍| 192/203 [00:37<00:02,  4.60it/s]
dann: epoch 9:  95%|█████████▌| 193/203 [00:37<00:02,  4.17it/s]
dann: epoch 9:  96%|█████████▌| 194/203 [00:37<00:02,  4.25it/s]
dann: epoch 9:  96%|█████████▌| 195/203 [00:38<00:01,  4.33it/s]
dann: epoch 9:  97%|█████████▋| 196/203 [00:38<00:01,  3.75it/s]
dann: epoch 9:  97%|█████████▋| 197/203 [00:38<00:01,  4.04it/s]
dann: epoch 9:  98%|█████████▊| 198/203 [00:38<00:01,  4.12it/s]
dann: epoch 9:  98%|█████████▊| 199/203 [00:39<00:00,  4.40it/s]
dann: epoch 9:  99%|█████████▊| 200/203 [00:39<00:00,  4.12it/s]
dann: epoch 9:  99%|█████████▉| 201/203 [00:39<00:00,  4.24it/s]
dann: epoch 9: 100%|█████████▉| 202/203 [00:39<00:00,  4.14it/s]
dann: epoch 9: 100%|██████████| 203/203 [00:40<00:00,  4.30it/s]
                                                                
dann: epoch 9, source macro-f1=0.0556

dann: epoch 10:   0%|          | 0/203 [00:00<?, ?it/s]
dann: epoch 10:   0%|          | 1/203 [00:00<00:33,  5.98it/s]
dann: epoch 10:   1%|          | 2/203 [00:00<00:34,  5.85it/s]
dann: epoch 10:   1%|▏         | 3/203 [00:00<00:35,  5.66it/s]
dann: epoch 10:   2%|▏         | 4/203 [00:00<00:34,  5.79it/s]
dann: epoch 10:   2%|▏         | 5/203 [00:00<00:34,  5.69it/s]
dann: epoch 10:   3%|▎         | 6/203 [00:01<00:33,  5.84it/s]
dann: epoch 10:   3%|▎         | 7/203 [00:01<00:32,  5.96it/s]
dann: epoch 10:   4%|▍         | 8/203 [00:01<00:31,  6.10it/s]
dann: epoch 10:   4%|▍         | 9/203 [00:01<00:31,  6.24it/s]
dann: epoch 10:   5%|▍         | 10/203 [00:01<00:36,  5.34it/s]
dann: epoch 10:   5%|▌         | 11/203 [00:01<00:37,  5.09it/s]
dann: epoch 10:   6%|▌         | 12/203 [00:02<00:36,  5.23it/s]
dann: epoch 10:   6%|▋         | 13/203 [00:02<00:35,  5.34it/s]
dann: epoch 10:   7%|▋         | 14/203 [00:02<00:33,  5.65it/s]
dann: epoch 10:   7%|▋         | 15/203 [00:02<00:32,  5.71it/s]
dann: epoch 10:   8%|▊         | 16/203 [00:02<00:33,  5.65it/s]
dann: epoch 10:   8%|▊         | 17/203 [00:03<00:32,  5.65it/s]
dann: epoch 10:   9%|▉         | 18/203 [00:03<00:33,  5.59it/s]
dann: epoch 10:   9%|▉         | 19/203 [00:03<00:32,  5.67it/s]
dann: epoch 10:  10%|▉         | 20/203 [00:03<00:31,  5.73it/s]
dann: epoch 10:  10%|█         | 21/203 [00:03<00:31,  5.87it/s]
dann: epoch 10:  11%|█         | 22/203 [00:03<00:30,  5.92it/s]
dann: epoch 10:  11%|█▏        | 23/203 [00:04<00:30,  5.81it/s]
dann: epoch 10:  12%|█▏        | 24/203 [00:04<00:31,  5.76it/s]
dann: epoch 10:  12%|█▏        | 25/203 [00:04<00:30,  5.81it/s]
dann: epoch 10:  13%|█▎        | 26/203 [00:04<00:30,  5.74it/s]
dann: epoch 10:  13%|█▎        | 27/203 [00:04<00:29,  5.90it/s]
dann: epoch 10:  14%|█▍        | 28/203 [00:04<00:30,  5.67it/s]
dann: epoch 10:  14%|█▍        | 29/203 [00:05<00:29,  5.85it/s]
dann: epoch 10:  15%|█▍        | 30/203 [00:05<00:29,  5.93it/s]
dann: epoch 10:  15%|█▌        | 31/203 [00:05<00:29,  5.90it/s]
dann: epoch 10:  16%|█▌        | 32/203 [00:05<00:29,  5.88it/s]
dann: epoch 10:  16%|█▋        | 33/203 [00:05<00:28,  5.89it/s]
dann: epoch 10:  17%|█▋        | 34/203 [00:05<00:30,  5.61it/s]
dann: epoch 10:  17%|█▋        | 35/203 [00:06<00:29,  5.79it/s]
dann: epoch 10:  18%|█▊        | 36/203 [00:06<00:29,  5.73it/s]
dann: epoch 10:  18%|█▊        | 37/203 [00:06<00:28,  5.84it/s]
dann: epoch 10:  19%|█▊        | 38/203 [00:06<00:29,  5.59it/s]
dann: epoch 10:  19%|█▉        | 39/203 [00:06<00:29,  5.60it/s]
dann: epoch 10:  20%|█▉        | 40/203 [00:07<00:32,  5.05it/s]
dann: epoch 10:  20%|██        | 41/203 [00:07<00:33,  4.78it/s]
dann: epoch 10:  21%|██        | 42/203 [00:07<00:33,  4.74it/s]
dann: epoch 10:  21%|██        | 43/203 [00:07<00:33,  4.77it/s]
dann: epoch 10:  22%|██▏       | 44/203 [00:07<00:32,  4.87it/s]
dann: epoch 10:  22%|██▏       | 45/203 [00:08<00:32,  4.83it/s]
dann: epoch 10:  23%|██▎       | 46/203 [00:08<00:42,  3.73it/s]
dann: epoch 10:  23%|██▎       | 47/203 [00:08<00:37,  4.19it/s]
dann: epoch 10:  24%|██▎       | 48/203 [00:08<00:37,  4.08it/s]
dann: epoch 10:  24%|██▍       | 49/203 [00:09<00:37,  4.15it/s]
dann: epoch 10:  25%|██▍       | 50/203 [00:09<00:36,  4.18it/s]
dann: epoch 10:  25%|██▌       | 51/203 [00:09<00:35,  4.30it/s]
dann: epoch 10:  26%|██▌       | 52/203 [00:09<00:35,  4.25it/s]
dann: epoch 10:  26%|██▌       | 53/203 [00:10<00:35,  4.23it/s]
dann: epoch 10:  27%|██▋       | 54/203 [00:10<00:34,  4.38it/s]
dann: epoch 10:  27%|██▋       | 55/203 [00:10<00:31,  4.70it/s]
dann: epoch 10:  28%|██▊       | 56/203 [00:10<00:32,  4.59it/s]
dann: epoch 10:  28%|██▊       | 57/203 [00:10<00:31,  4.71it/s]
dann: epoch 10:  29%|██▊       | 58/203 [00:11<00:31,  4.66it/s]
dann: epoch 10:  29%|██▉       | 59/203 [00:11<00:31,  4.52it/s]
dann: epoch 10:  30%|██▉       | 60/203 [00:11<00:29,  4.78it/s]
dann: epoch 10:  30%|███       | 61/203 [00:11<00:35,  4.02it/s]
dann: epoch 10:  31%|███       | 62/203 [00:12<00:33,  4.17it/s]
dann: epoch 10:  31%|███       | 63/203 [00:12<00:31,  4.49it/s]
dann: epoch 10:  32%|███▏      | 64/203 [00:12<00:28,  4.86it/s]
dann: epoch 10:  32%|███▏      | 65/203 [00:12<00:27,  5.04it/s]
dann: epoch 10:  33%|███▎      | 66/203 [00:12<00:26,  5.18it/s]
dann: epoch 10:  33%|███▎      | 67/203 [00:13<00:25,  5.33it/s]
dann: epoch 10:  33%|███▎      | 68/203 [00:13<00:25,  5.38it/s]
dann: epoch 10:  34%|███▍      | 69/203 [00:13<00:24,  5.57it/s]
dann: epoch 10:  34%|███▍      | 70/203 [00:13<00:23,  5.68it/s]
dann: epoch 10:  35%|███▍      | 71/203 [00:13<00:24,  5.35it/s]
dann: epoch 10:  35%|███▌      | 72/203 [00:13<00:24,  5.27it/s]
dann: epoch 10:  36%|███▌      | 73/203 [00:14<00:24,  5.38it/s]
dann: epoch 10:  36%|███▋      | 74/203 [00:14<00:23,  5.51it/s]
dann: epoch 10:  37%|███▋      | 75/203 [00:14<00:22,  5.57it/s]
dann: epoch 10:  37%|███▋      | 76/203 [00:14<00:22,  5.54it/s]
dann: epoch 10:  38%|███▊      | 77/203 [00:14<00:22,  5.70it/s]
dann: epoch 10:  38%|███▊      | 78/203 [00:14<00:21,  5.80it/s]
dann: epoch 10:  39%|███▉      | 79/203 [00:15<00:21,  5.75it/s]
dann: epoch 10:  39%|███▉      | 80/203 [00:15<00:21,  5.80it/s]
dann: epoch 10:  40%|███▉      | 81/203 [00:15<00:21,  5.77it/s]
dann: epoch 10:  40%|████      | 82/203 [00:15<00:21,  5.65it/s]
dann: epoch 10:  41%|████      | 83/203 [00:15<00:21,  5.64it/s]
dann: epoch 10:  41%|████▏     | 84/203 [00:16<00:21,  5.60it/s]
dann: epoch 10:  42%|████▏     | 85/203 [00:16<00:20,  5.62it/s]
dann: epoch 10:  42%|████▏     | 86/203 [00:16<00:20,  5.82it/s]
dann: epoch 10:  43%|████▎     | 87/203 [00:16<00:19,  5.81it/s]
dann: epoch 10:  43%|████▎     | 88/203 [00:16<00:19,  5.82it/s]
dann: epoch 10:  44%|████▍     | 89/203 [00:16<00:19,  5.75it/s]
dann: epoch 10:  44%|████▍     | 90/203 [00:17<00:19,  5.90it/s]
dann: epoch 10:  45%|████▍     | 91/203 [00:17<00:19,  5.76it/s]
dann: epoch 10:  45%|████▌     | 92/203 [00:17<00:19,  5.76it/s]
dann: epoch 10:  46%|████▌     | 93/203 [00:17<00:19,  5.60it/s]
dann: epoch 10:  46%|████▋     | 94/203 [00:17<00:19,  5.58it/s]
dann: epoch 10:  47%|████▋     | 95/203 [00:17<00:18,  5.84it/s]
dann: epoch 10:  47%|████▋     | 96/203 [00:18<00:18,  5.82it/s]
dann: epoch 10:  48%|████▊     | 97/203 [00:18<00:18,  5.83it/s]
dann: epoch 10:  48%|████▊     | 98/203 [00:18<00:18,  5.80it/s]
dann: epoch 10:  49%|████▉     | 99/203 [00:18<00:18,  5.72it/s]
dann: epoch 10:  49%|████▉     | 100/203 [00:18<00:18,  5.58it/s]
dann: epoch 10:  50%|████▉     | 101/203 [00:19<00:18,  5.52it/s]
dann: epoch 10:  50%|█████     | 102/203 [00:19<00:18,  5.60it/s]
dann: epoch 10:  51%|█████     | 103/203 [00:19<00:17,  5.76it/s]
dann: epoch 10:  51%|█████     | 104/203 [00:19<00:17,  5.67it/s]
dann: epoch 10:  52%|█████▏    | 105/203 [00:19<00:16,  5.82it/s]
dann: epoch 10:  52%|█████▏    | 106/203 [00:19<00:16,  5.89it/s]
dann: epoch 10:  53%|█████▎    | 107/203 [00:20<00:17,  5.55it/s]
dann: epoch 10:  53%|█████▎    | 108/203 [00:20<00:16,  5.76it/s]
dann: epoch 10:  54%|█████▎    | 109/203 [00:20<00:16,  5.77it/s]
dann: epoch 10:  54%|█████▍    | 110/203 [00:20<00:16,  5.73it/s]
dann: epoch 10:  55%|█████▍    | 111/203 [00:20<00:15,  5.88it/s]
dann: epoch 10:  55%|█████▌    | 112/203 [00:20<00:15,  5.88it/s]
dann: epoch 10:  56%|█████▌    | 113/203 [00:21<00:15,  5.90it/s]
dann: epoch 10:  56%|█████▌    | 114/203 [00:21<00:14,  5.96it/s]
dann: epoch 10:  57%|█████▋    | 115/203 [00:21<00:15,  5.85it/s]
dann: epoch 10:  57%|█████▋    | 116/203 [00:21<00:14,  5.83it/s]
dann: epoch 10:  58%|█████▊    | 117/203 [00:21<00:15,  5.73it/s]
dann: epoch 10:  58%|█████▊    | 118/203 [00:21<00:14,  5.67it/s]
dann: epoch 10:  59%|█████▊    | 119/203 [00:22<00:15,  5.52it/s]
dann: epoch 10:  59%|█████▉    | 120/203 [00:22<00:15,  5.28it/s]
dann: epoch 10:  60%|█████▉    | 121/203 [00:22<00:16,  4.88it/s]
dann: epoch 10:  60%|██████    | 122/203 [00:22<00:16,  4.96it/s]
dann: epoch 10:  61%|██████    | 123/203 [00:23<00:17,  4.69it/s]
dann: epoch 10:  61%|██████    | 124/203 [00:23<00:16,  4.91it/s]
dann: epoch 10:  62%|██████▏   | 125/203 [00:23<00:17,  4.59it/s]
dann: epoch 10:  62%|██████▏   | 126/203 [00:23<00:16,  4.67it/s]
dann: epoch 10:  63%|██████▎   | 127/203 [00:23<00:17,  4.45it/s]
dann: epoch 10:  63%|██████▎   | 128/203 [00:24<00:15,  4.76it/s]
dann: epoch 10:  64%|██████▎   | 129/203 [00:24<00:14,  5.01it/s]
dann: epoch 10:  64%|██████▍   | 130/203 [00:24<00:20,  3.56it/s]
dann: epoch 10:  65%|██████▍   | 131/203 [00:24<00:18,  3.92it/s]
dann: epoch 10:  65%|██████▌   | 132/203 [00:25<00:17,  4.05it/s]
dann: epoch 10:  66%|██████▌   | 133/203 [00:25<00:17,  4.08it/s]
dann: epoch 10:  66%|██████▌   | 134/203 [00:25<00:18,  3.83it/s]
dann: epoch 10:  67%|██████▋   | 135/203 [00:25<00:16,  4.24it/s]
dann: epoch 10:  67%|██████▋   | 136/203 [00:26<00:15,  4.20it/s]
dann: epoch 10:  67%|██████▋   | 137/203 [00:26<00:14,  4.41it/s]
dann: epoch 10:  68%|██████▊   | 138/203 [00:26<00:14,  4.36it/s]
dann: epoch 10:  68%|██████▊   | 139/203 [00:26<00:14,  4.50it/s]
dann: epoch 10:  69%|██████▉   | 140/203 [00:26<00:13,  4.58it/s]
dann: epoch 10:  69%|██████▉   | 141/203 [00:27<00:13,  4.49it/s]
dann: epoch 10:  70%|██████▉   | 142/203 [00:27<00:13,  4.45it/s]
dann: epoch 10:  70%|███████   | 143/203 [00:27<00:13,  4.55it/s]
dann: epoch 10:  71%|███████   | 144/203 [00:27<00:12,  4.83it/s]
dann: epoch 10:  71%|███████▏  | 145/203 [00:28<00:11,  4.90it/s]
dann: epoch 10:  72%|███████▏  | 146/203 [00:28<00:11,  5.05it/s]
dann: epoch 10:  72%|███████▏  | 147/203 [00:28<00:10,  5.19it/s]
dann: epoch 10:  73%|███████▎  | 148/203 [00:28<00:10,  5.33it/s]
dann: epoch 10:  73%|███████▎  | 149/203 [00:28<00:10,  5.34it/s]
dann: epoch 10:  74%|███████▍  | 150/203 [00:28<00:09,  5.43it/s]
dann: epoch 10:  74%|███████▍  | 151/203 [00:29<00:09,  5.44it/s]
dann: epoch 10:  75%|███████▍  | 152/203 [00:29<00:09,  5.57it/s]
dann: epoch 10:  75%|███████▌  | 153/203 [00:29<00:08,  5.69it/s]
dann: epoch 10:  76%|███████▌  | 154/203 [00:29<00:08,  5.76it/s]
dann: epoch 10:  76%|███████▋  | 155/203 [00:29<00:08,  5.77it/s]
dann: epoch 10:  77%|███████▋  | 156/203 [00:29<00:08,  5.77it/s]
dann: epoch 10:  77%|███████▋  | 157/203 [00:30<00:08,  5.57it/s]
dann: epoch 10:  78%|███████▊  | 158/203 [00:30<00:07,  5.74it/s]
dann: epoch 10:  78%|███████▊  | 159/203 [00:30<00:07,  5.69it/s]
dann: epoch 10:  79%|███████▉  | 160/203 [00:30<00:07,  5.63it/s]
dann: epoch 10:  79%|███████▉  | 161/203 [00:30<00:07,  5.89it/s]
dann: epoch 10:  80%|███████▉  | 162/203 [00:31<00:07,  5.77it/s]
dann: epoch 10:  80%|████████  | 163/203 [00:31<00:07,  5.59it/s]
dann: epoch 10:  81%|████████  | 164/203 [00:31<00:06,  5.74it/s]
dann: epoch 10:  81%|████████▏ | 165/203 [00:31<00:06,  5.68it/s]
dann: epoch 10:  82%|████████▏ | 166/203 [00:31<00:06,  5.59it/s]
dann: epoch 10:  82%|████████▏ | 167/203 [00:31<00:06,  5.51it/s]
dann: epoch 10:  83%|████████▎ | 168/203 [00:32<00:06,  5.72it/s]
dann: epoch 10:  83%|████████▎ | 169/203 [00:32<00:05,  5.85it/s]
dann: epoch 10:  84%|████████▎ | 170/203 [00:32<00:05,  5.90it/s]
dann: epoch 10:  84%|████████▍ | 171/203 [00:32<00:05,  5.90it/s]
dann: epoch 10:  85%|████████▍ | 172/203 [00:32<00:05,  5.72it/s]
dann: epoch 10:  85%|████████▌ | 173/203 [00:32<00:05,  5.83it/s]
dann: epoch 10:  86%|████████▌ | 174/203 [00:33<00:04,  5.90it/s]
dann: epoch 10:  86%|████████▌ | 175/203 [00:33<00:04,  5.97it/s]
dann: epoch 10:  87%|████████▋ | 176/203 [00:33<00:04,  6.02it/s]
dann: epoch 10:  87%|████████▋ | 177/203 [00:33<00:04,  6.08it/s]
dann: epoch 10:  88%|████████▊ | 178/203 [00:33<00:04,  5.37it/s]
dann: epoch 10:  88%|████████▊ | 179/203 [00:33<00:04,  5.42it/s]
dann: epoch 10:  89%|████████▊ | 180/203 [00:34<00:04,  5.60it/s]
dann: epoch 10:  89%|████████▉ | 181/203 [00:34<00:03,  5.74it/s]
dann: epoch 10:  90%|████████▉ | 182/203 [00:34<00:03,  5.76it/s]
dann: epoch 10:  90%|█████████ | 183/203 [00:34<00:03,  5.78it/s]
dann: epoch 10:  91%|█████████ | 184/203 [00:34<00:03,  5.58it/s]
dann: epoch 10:  91%|█████████ | 185/203 [00:35<00:03,  5.75it/s]
dann: epoch 10:  92%|█████████▏| 186/203 [00:35<00:02,  5.69it/s]
dann: epoch 10:  92%|█████████▏| 187/203 [00:35<00:02,  5.69it/s]
dann: epoch 10:  93%|█████████▎| 188/203 [00:35<00:02,  5.62it/s]
dann: epoch 10:  93%|█████████▎| 189/203 [00:35<00:02,  5.67it/s]
dann: epoch 10:  94%|█████████▎| 190/203 [00:35<00:02,  5.68it/s]
dann: epoch 10:  94%|█████████▍| 191/203 [00:36<00:02,  5.68it/s]
dann: epoch 10:  95%|█████████▍| 192/203 [00:36<00:01,  5.80it/s]
dann: epoch 10:  95%|█████████▌| 193/203 [00:36<00:01,  5.66it/s]
dann: epoch 10:  96%|█████████▌| 194/203 [00:36<00:01,  5.70it/s]
dann: epoch 10:  96%|█████████▌| 195/203 [00:36<00:01,  5.79it/s]
dann: epoch 10:  97%|█████████▋| 196/203 [00:36<00:01,  5.64it/s]
dann: epoch 10:  97%|█████████▋| 197/203 [00:37<00:01,  5.68it/s]
dann: epoch 10:  98%|█████████▊| 198/203 [00:37<00:00,  5.56it/s]
dann: epoch 10:  98%|█████████▊| 199/203 [00:37<00:00,  5.63it/s]
dann: epoch 10:  99%|█████████▊| 200/203 [00:37<00:00,  5.72it/s]
dann: epoch 10:  99%|█████████▉| 201/203 [00:37<00:00,  5.47it/s]
dann: epoch 10: 100%|█████████▉| 202/203 [00:38<00:00,  5.13it/s]
dann: epoch 10: 100%|██████████| 203/203 [00:38<00:00,  5.31it/s]
                                                                 
dann: epoch 10, source macro-f1=0.1438

dann: epoch 11:   0%|          | 0/203 [00:00<?, ?it/s]
dann: epoch 11:   0%|          | 1/203 [00:00<00:35,  5.75it/s]
dann: epoch 11:   1%|          | 2/203 [00:00<00:33,  6.02it/s]
dann: epoch 11:   1%|▏         | 3/203 [00:00<00:34,  5.72it/s]
dann: epoch 11:   2%|▏         | 4/203 [00:00<00:36,  5.40it/s]
dann: epoch 11:   2%|▏         | 5/203 [00:00<00:35,  5.57it/s]
dann: epoch 11:   3%|▎         | 6/203 [00:01<00:35,  5.62it/s]
dann: epoch 11:   3%|▎         | 7/203 [00:01<00:34,  5.70it/s]
dann: epoch 11:   4%|▍         | 8/203 [00:01<00:33,  5.91it/s]
dann: epoch 11:   4%|▍         | 9/203 [00:01<00:32,  5.97it/s]
dann: epoch 11:   5%|▍         | 10/203 [00:01<00:31,  6.17it/s]
dann: epoch 11:   5%|▌         | 11/203 [00:01<00:37,  5.11it/s]
dann: epoch 11:   6%|▌         | 12/203 [00:02<00:35,  5.37it/s]
dann: epoch 11:   6%|▋         | 13/203 [00:02<00:34,  5.44it/s]
dann: epoch 11:   7%|▋         | 14/203 [00:02<00:34,  5.54it/s]
dann: epoch 11:   7%|▋         | 15/203 [00:02<00:33,  5.59it/s]
dann: epoch 11:   8%|▊         | 16/203 [00:02<00:33,  5.59it/s]
dann: epoch 11:   8%|▊         | 17/203 [00:03<00:32,  5.69it/s]
dann: epoch 11:   9%|▉         | 18/203 [00:03<00:33,  5.53it/s]
dann: epoch 11:   9%|▉         | 19/203 [00:03<00:32,  5.58it/s]
dann: epoch 11:  10%|▉         | 20/203 [00:03<00:32,  5.65it/s]
dann: epoch 11:  10%|█         | 21/203 [00:03<00:32,  5.63it/s]
dann: epoch 11:  11%|█         | 22/203 [00:03<00:31,  5.68it/s]
dann: epoch 11:  11%|█▏        | 23/203 [00:04<00:31,  5.67it/s]
dann: epoch 11:  12%|█▏        | 24/203 [00:04<00:31,  5.76it/s]
dann: epoch 11:  12%|█▏        | 25/203 [00:04<00:30,  5.86it/s]
dann: epoch 11:  13%|█▎        | 26/203 [00:04<00:30,  5.72it/s]
dann: epoch 11:  13%|█▎        | 27/203 [00:04<00:30,  5.86it/s]
dann: epoch 11:  14%|█▍        | 28/203 [00:04<00:30,  5.79it/s]
dann: epoch 11:  14%|█▍        | 29/203 [00:05<00:29,  5.87it/s]
dann: epoch 11:  15%|█▍        | 30/203 [00:05<00:29,  5.77it/s]
dann: epoch 11:  15%|█▌        | 31/203 [00:05<00:30,  5.73it/s]
dann: epoch 11:  16%|█▌        | 32/203 [00:05<00:29,  5.81it/s]
dann: epoch 11:  16%|█▋        | 33/203 [00:05<00:29,  5.67it/s]
dann: epoch 11:  17%|█▋        | 34/203 [00:05<00:29,  5.68it/s]
dann: epoch 11:  17%|█▋        | 35/203 [00:06<00:28,  5.83it/s]
dann: epoch 11:  18%|█▊        | 36/203 [00:06<00:29,  5.74it/s]
dann: epoch 11:  18%|█▊        | 37/203 [00:06<00:29,  5.68it/s]
dann: epoch 11:  19%|█▊        | 38/203 [00:06<00:28,  5.72it/s]
dann: epoch 11:  19%|█▉        | 39/203 [00:06<00:29,  5.50it/s]
dann: epoch 11:  20%|█▉        | 40/203 [00:07<00:28,  5.62it/s]
dann: epoch 11:  20%|██        | 41/203 [00:07<00:28,  5.73it/s]
dann: epoch 11:  21%|██        | 42/203 [00:07<00:27,  5.88it/s]
dann: epoch 11:  21%|██        | 43/203 [00:07<00:27,  5.89it/s]
dann: epoch 11:  22%|██▏       | 44/203 [00:07<00:26,  5.93it/s]
dann: epoch 11:  22%|██▏       | 45/203 [00:07<00:26,  5.86it/s]
dann: epoch 11:  23%|██▎       | 46/203 [00:08<00:26,  5.98it/s]
dann: epoch 11:  23%|██▎       | 47/203 [00:08<00:26,  5.88it/s]
dann: epoch 11:  24%|██▎       | 48/203 [00:08<00:27,  5.71it/s]
dann: epoch 11:  24%|██▍       | 49/203 [00:08<00:27,  5.53it/s]
dann: epoch 11:  25%|██▍       | 50/203 [00:08<00:27,  5.55it/s]
dann: epoch 11:  25%|██▌       | 51/203 [00:08<00:27,  5.54it/s]
dann: epoch 11:  26%|██▌       | 52/203 [00:09<00:26,  5.64it/s]
dann: epoch 11:  26%|██▌       | 53/203 [00:09<00:25,  5.78it/s]
dann: epoch 11:  27%|██▋       | 54/203 [00:09<00:27,  5.33it/s]
dann: epoch 11:  27%|██▋       | 55/203 [00:09<00:27,  5.37it/s]
dann: epoch 11:  28%|██▊       | 56/203 [00:09<00:29,  4.96it/s]
dann: epoch 11:  28%|██▊       | 57/203 [00:10<00:31,  4.69it/s]
dann: epoch 11:  29%|██▊       | 58/203 [00:10<00:32,  4.48it/s]
dann: epoch 11:  29%|██▉       | 59/203 [00:10<00:31,  4.54it/s]
dann: epoch 11:  30%|██▉       | 60/203 [00:10<00:31,  4.49it/s]
dann: epoch 11:  30%|███       | 61/203 [00:11<00:31,  4.47it/s]
dann: epoch 11:  31%|███       | 62/203 [00:11<00:30,  4.58it/s]
dann: epoch 11:  31%|███       | 63/203 [00:11<00:37,  3.75it/s]
dann: epoch 11:  32%|███▏      | 64/203 [00:11<00:35,  3.90it/s]
dann: epoch 11:  32%|███▏      | 65/203 [00:12<00:38,  3.55it/s]
dann: epoch 11:  33%|███▎      | 66/203 [00:12<00:36,  3.72it/s]
dann: epoch 11:  33%|███▎      | 67/203 [00:12<00:41,  3.28it/s]
dann: epoch 11:  33%|███▎      | 68/203 [00:13<00:36,  3.68it/s]
dann: epoch 11:  34%|███▍      | 69/203 [00:13<00:36,  3.71it/s]
dann: epoch 11:  34%|███▍      | 70/203 [00:13<00:34,  3.87it/s]
dann: epoch 11:  35%|███▍      | 71/203 [00:13<00:38,  3.43it/s]
dann: epoch 11:  35%|███▌      | 72/203 [00:14<00:38,  3.41it/s]
dann: epoch 11:  36%|███▌      | 73/203 [00:14<00:34,  3.82it/s]
dann: epoch 11:  36%|███▋      | 74/203 [00:14<00:31,  4.15it/s]
dann: epoch 11:  37%|███▋      | 75/203 [00:14<00:28,  4.49it/s]
dann: epoch 11:  37%|███▋      | 76/203 [00:15<00:28,  4.44it/s]
dann: epoch 11:  38%|███▊      | 77/203 [00:15<00:32,  3.86it/s]
dann: epoch 11:  38%|███▊      | 78/203 [00:15<00:29,  4.20it/s]
dann: epoch 11:  39%|███▉      | 79/203 [00:15<00:28,  4.41it/s]
dann: epoch 11:  39%|███▉      | 80/203 [00:15<00:26,  4.61it/s]
dann: epoch 11:  40%|███▉      | 81/203 [00:16<00:25,  4.76it/s]
dann: epoch 11:  40%|████      | 82/203 [00:16<00:24,  5.01it/s]
dann: epoch 11:  41%|████      | 83/203 [00:16<00:22,  5.28it/s]
dann: epoch 11:  41%|████▏     | 84/203 [00:16<00:21,  5.42it/s]
dann: epoch 11:  42%|████▏     | 85/203 [00:16<00:21,  5.38it/s]
dann: epoch 11:  42%|████▏     | 86/203 [00:17<00:21,  5.36it/s]
dann: epoch 11:  43%|████▎     | 87/203 [00:17<00:20,  5.67it/s]
dann: epoch 11:  43%|████▎     | 88/203 [00:17<00:20,  5.74it/s]
dann: epoch 11:  44%|████▍     | 89/203 [00:17<00:19,  5.84it/s]
dann: epoch 11:  44%|████▍     | 90/203 [00:17<00:25,  4.44it/s]
dann: epoch 11:  45%|████▍     | 91/203 [00:18<00:23,  4.75it/s]
dann: epoch 11:  45%|████▌     | 92/203 [00:18<00:23,  4.83it/s]
dann: epoch 11:  46%|████▌     | 93/203 [00:18<00:21,  5.08it/s]
dann: epoch 11:  46%|████▋     | 94/203 [00:18<00:20,  5.33it/s]
dann: epoch 11:  47%|████▋     | 95/203 [00:18<00:19,  5.46it/s]
dann: epoch 11:  47%|████▋     | 96/203 [00:18<00:19,  5.57it/s]
dann: epoch 11:  48%|████▊     | 97/203 [00:19<00:18,  5.63it/s]
dann: epoch 11:  48%|████▊     | 98/203 [00:19<00:19,  5.49it/s]
dann: epoch 11:  49%|████▉     | 99/203 [00:19<00:18,  5.60it/s]
dann: epoch 11:  49%|████▉     | 100/203 [00:19<00:18,  5.61it/s]
dann: epoch 11:  50%|████▉     | 101/203 [00:19<00:17,  5.75it/s]
dann: epoch 11:  50%|█████     | 102/203 [00:19<00:17,  5.78it/s]
dann: epoch 11:  51%|█████     | 103/203 [00:20<00:16,  5.96it/s]
dann: epoch 11:  51%|█████     | 104/203 [00:20<00:16,  5.87it/s]
dann: epoch 11:  52%|█████▏    | 105/203 [00:20<00:16,  5.98it/s]
dann: epoch 11:  52%|█████▏    | 106/203 [00:20<00:16,  5.85it/s]
dann: epoch 11:  53%|█████▎    | 107/203 [00:20<00:16,  5.86it/s]
dann: epoch 11:  53%|█████▎    | 108/203 [00:20<00:16,  5.82it/s]
dann: epoch 11:  54%|█████▎    | 109/203 [00:21<00:16,  5.82it/s]
dann: epoch 11:  54%|█████▍    | 110/203 [00:21<00:16,  5.68it/s]
dann: epoch 11:  55%|█████▍    | 111/203 [00:21<00:15,  5.77it/s]
dann: epoch 11:  55%|█████▌    | 112/203 [00:21<00:15,  5.75it/s]
dann: epoch 11:  56%|█████▌    | 113/203 [00:21<00:15,  5.78it/s]
dann: epoch 11:  56%|█████▌    | 114/203 [00:22<00:15,  5.81it/s]
dann: epoch 11:  57%|█████▋    | 115/203 [00:22<00:14,  5.90it/s]
dann: epoch 11:  57%|█████▋    | 116/203 [00:22<00:14,  5.93it/s]
dann: epoch 11:  58%|█████▊    | 117/203 [00:22<00:14,  5.77it/s]
dann: epoch 11:  58%|█████▊    | 118/203 [00:22<00:15,  5.66it/s]
dann: epoch 11:  59%|█████▊    | 119/203 [00:22<00:14,  5.67it/s]
dann: epoch 11:  59%|█████▉    | 120/203 [00:23<00:14,  5.70it/s]
dann: epoch 11:  60%|█████▉    | 121/203 [00:23<00:14,  5.80it/s]
dann: epoch 11:  60%|██████    | 122/203 [00:23<00:14,  5.78it/s]
dann: epoch 11:  61%|██████    | 123/203 [00:23<00:13,  5.75it/s]
dann: epoch 11:  61%|██████    | 124/203 [00:23<00:13,  5.93it/s]
dann: epoch 11:  62%|██████▏   | 125/203 [00:23<00:13,  5.88it/s]
dann: epoch 11:  62%|██████▏   | 126/203 [00:24<00:13,  5.89it/s]
dann: epoch 11:  63%|██████▎   | 127/203 [00:24<00:12,  5.97it/s]
dann: epoch 11:  63%|██████▎   | 128/203 [00:24<00:13,  5.72it/s]
dann: epoch 11:  64%|██████▎   | 129/203 [00:24<00:13,  5.62it/s]
dann: epoch 11:  64%|██████▍   | 130/203 [00:24<00:13,  5.38it/s]
dann: epoch 11:  65%|██████▍   | 131/203 [00:25<00:14,  5.13it/s]
dann: epoch 11:  65%|██████▌   | 132/203 [00:25<00:14,  5.01it/s]
dann: epoch 11:  66%|██████▌   | 133/203 [00:25<00:15,  4.55it/s]
dann: epoch 11:  66%|██████▌   | 134/203 [00:25<00:14,  4.84it/s]
dann: epoch 11:  67%|██████▋   | 135/203 [00:25<00:14,  4.66it/s]
dann: epoch 11:  67%|██████▋   | 136/203 [00:26<00:14,  4.52it/s]
dann: epoch 11:  67%|██████▋   | 137/203 [00:26<00:13,  4.80it/s]
dann: epoch 11:  68%|██████▊   | 138/203 [00:26<00:13,  4.87it/s]
dann: epoch 11:  68%|██████▊   | 139/203 [00:26<00:12,  5.00it/s]
dann: epoch 11:  69%|██████▉   | 140/203 [00:26<00:12,  5.06it/s]
dann: epoch 11:  69%|██████▉   | 141/203 [00:27<00:12,  5.04it/s]
dann: epoch 11:  70%|██████▉   | 142/203 [00:27<00:15,  3.87it/s]
dann: epoch 11:  70%|███████   | 143/203 [00:27<00:15,  3.89it/s]
dann: epoch 11:  71%|███████   | 144/203 [00:27<00:14,  4.15it/s]
dann: epoch 11:  71%|███████▏  | 145/203 [00:28<00:13,  4.15it/s]
dann: epoch 11:  72%|███████▏  | 146/203 [00:28<00:13,  4.24it/s]
dann: epoch 11:  72%|███████▏  | 147/203 [00:28<00:12,  4.42it/s]
dann: epoch 11:  73%|███████▎  | 148/203 [00:28<00:13,  4.19it/s]
dann: epoch 11:  73%|███████▎  | 149/203 [00:29<00:12,  4.37it/s]
dann: epoch 11:  74%|███████▍  | 150/203 [00:29<00:12,  4.24it/s]
dann: epoch 11:  74%|███████▍  | 151/203 [00:29<00:11,  4.51it/s]
dann: epoch 11:  75%|███████▍  | 152/203 [00:29<00:12,  4.17it/s]
dann: epoch 11:  75%|███████▌  | 153/203 [00:30<00:11,  4.42it/s]
dann: epoch 11:  76%|███████▌  | 154/203 [00:30<00:10,  4.64it/s]
dann: epoch 11:  76%|███████▋  | 155/203 [00:30<00:10,  4.77it/s]
dann: epoch 11:  77%|███████▋  | 156/203 [00:30<00:09,  4.96it/s]
dann: epoch 11:  77%|███████▋  | 157/203 [00:30<00:10,  4.49it/s]
dann: epoch 11:  78%|███████▊  | 158/203 [00:31<00:09,  4.56it/s]
dann: epoch 11:  78%|███████▊  | 159/203 [00:31<00:08,  4.90it/s]
dann: epoch 11:  79%|███████▉  | 160/203 [00:31<00:08,  5.21it/s]
dann: epoch 11:  79%|███████▉  | 161/203 [00:31<00:07,  5.32it/s]
dann: epoch 11:  80%|███████▉  | 162/203 [00:31<00:07,  5.29it/s]
dann: epoch 11:  80%|████████  | 163/203 [00:31<00:07,  5.47it/s]
dann: epoch 11:  81%|████████  | 164/203 [00:32<00:06,  5.61it/s]
dann: epoch 11:  81%|████████▏ | 165/203 [00:32<00:06,  5.73it/s]
dann: epoch 11:  82%|████████▏ | 166/203 [00:32<00:06,  5.83it/s]
dann: epoch 11:  82%|████████▏ | 167/203 [00:32<00:06,  5.94it/s]
dann: epoch 11:  83%|████████▎ | 168/203 [00:32<00:05,  5.99it/s]
dann: epoch 11:  83%|████████▎ | 169/203 [00:32<00:05,  6.05it/s]
dann: epoch 11:  84%|████████▎ | 170/203 [00:33<00:05,  5.94it/s]
dann: epoch 11:  84%|████████▍ | 171/203 [00:33<00:05,  5.97it/s]
dann: epoch 11:  85%|████████▍ | 172/203 [00:33<00:05,  6.01it/s]
dann: epoch 11:  85%|████████▌ | 173/203 [00:33<00:05,  5.84it/s]
dann: epoch 11:  86%|████████▌ | 174/203 [00:33<00:05,  5.77it/s]
dann: epoch 11:  86%|████████▌ | 175/203 [00:34<00:04,  5.61it/s]
dann: epoch 11:  87%|████████▋ | 176/203 [00:34<00:04,  5.86it/s]
dann: epoch 11:  87%|████████▋ | 177/203 [00:34<00:04,  5.73it/s]
dann: epoch 11:  88%|████████▊ | 178/203 [00:34<00:04,  5.84it/s]
dann: epoch 11:  88%|████████▊ | 179/203 [00:34<00:04,  5.69it/s]
dann: epoch 11:  89%|████████▊ | 180/203 [00:34<00:04,  5.61it/s]
dann: epoch 11:  89%|████████▉ | 181/203 [00:35<00:03,  5.58it/s]
dann: epoch 11:  90%|████████▉ | 182/203 [00:35<00:03,  5.72it/s]
dann: epoch 11:  90%|█████████ | 183/203 [00:35<00:03,  5.77it/s]
dann: epoch 11:  91%|█████████ | 184/203 [00:35<00:03,  5.78it/s]
dann: epoch 11:  91%|█████████ | 185/203 [00:35<00:03,  5.65it/s]
dann: epoch 11:  92%|█████████▏| 186/203 [00:35<00:02,  5.75it/s]
dann: epoch 11:  92%|█████████▏| 187/203 [00:36<00:02,  5.71it/s]
dann: epoch 11:  93%|█████████▎| 188/203 [00:36<00:02,  5.83it/s]
dann: epoch 11:  93%|█████████▎| 189/203 [00:36<00:02,  5.86it/s]
dann: epoch 11:  94%|█████████▎| 190/203 [00:36<00:02,  5.85it/s]
dann: epoch 11:  94%|█████████▍| 191/203 [00:36<00:02,  5.85it/s]
dann: epoch 11:  95%|█████████▍| 192/203 [00:36<00:01,  5.73it/s]
dann: epoch 11:  95%|█████████▌| 193/203 [00:37<00:01,  5.72it/s]
dann: epoch 11:  96%|█████████▌| 194/203 [00:37<00:01,  5.87it/s]
dann: epoch 11:  96%|█████████▌| 195/203 [00:37<00:01,  5.92it/s]
dann: epoch 11:  97%|█████████▋| 196/203 [00:37<00:01,  5.86it/s]
dann: epoch 11:  97%|█████████▋| 197/203 [00:37<00:01,  5.84it/s]
dann: epoch 11:  98%|█████████▊| 198/203 [00:37<00:00,  5.77it/s]
dann: epoch 11:  98%|█████████▊| 199/203 [00:38<00:00,  5.91it/s]
dann: epoch 11:  99%|█████████▊| 200/203 [00:38<00:00,  5.67it/s]
dann: epoch 11:  99%|█████████▉| 201/203 [00:38<00:00,  5.66it/s]
dann: epoch 11: 100%|█████████▉| 202/203 [00:38<00:00,  5.60it/s]
dann: epoch 11: 100%|██████████| 203/203 [00:38<00:00,  5.73it/s]
                                                                 
dann: epoch 11, source macro-f1=0.1561

dann: epoch 12:   0%|          | 0/203 [00:00<?, ?it/s]
dann: epoch 12:   0%|          | 1/203 [00:00<00:36,  5.60it/s]
dann: epoch 12:   1%|          | 2/203 [00:00<00:40,  5.01it/s]
dann: epoch 12:   1%|▏         | 3/203 [00:00<00:40,  4.93it/s]
dann: epoch 12:   2%|▏         | 4/203 [00:00<00:43,  4.61it/s]
dann: epoch 12:   2%|▏         | 5/203 [00:01<00:42,  4.61it/s]
dann: epoch 12:   3%|▎         | 6/203 [00:01<00:45,  4.30it/s]
dann: epoch 12:   3%|▎         | 7/203 [00:01<00:42,  4.58it/s]
dann: epoch 12:   4%|▍         | 8/203 [00:01<00:41,  4.75it/s]
dann: epoch 12:   4%|▍         | 9/203 [00:01<00:39,  4.94it/s]
dann: epoch 12:   5%|▍         | 10/203 [00:02<00:36,  5.25it/s]
dann: epoch 12:   5%|▌         | 11/203 [00:02<00:36,  5.33it/s]
dann: epoch 12:   6%|▌         | 12/203 [00:02<00:41,  4.60it/s]
dann: epoch 12:   6%|▋         | 13/203 [00:02<00:38,  4.94it/s]
dann: epoch 12:   7%|▋         | 14/203 [00:02<00:35,  5.25it/s]
dann: epoch 12:   7%|▋         | 15/203 [00:03<00:34,  5.48it/s]
dann: epoch 12:   8%|▊         | 16/203 [00:03<00:33,  5.55it/s]
dann: epoch 12:   8%|▊         | 17/203 [00:03<00:33,  5.52it/s]
dann: epoch 12:   9%|▉         | 18/203 [00:03<00:33,  5.54it/s]
dann: epoch 12:   9%|▉         | 19/203 [00:03<00:31,  5.75it/s]
dann: epoch 12:  10%|▉         | 20/203 [00:03<00:31,  5.88it/s]
dann: epoch 12:  10%|█         | 21/203 [00:04<00:31,  5.81it/s]
dann: epoch 12:  11%|█         | 22/203 [00:04<00:32,  5.65it/s]
dann: epoch 12:  11%|█▏        | 23/203 [00:04<00:31,  5.63it/s]
dann: epoch 12:  12%|█▏        | 24/203 [00:04<00:31,  5.73it/s]
dann: epoch 12:  12%|█▏        | 25/203 [00:04<00:30,  5.77it/s]
dann: epoch 12:  13%|█▎        | 26/203 [00:04<00:30,  5.80it/s]
dann: epoch 12:  13%|█▎        | 27/203 [00:05<00:30,  5.84it/s]
dann: epoch 12:  14%|█▍        | 28/203 [00:05<00:30,  5.65it/s]
dann: epoch 12:  14%|█▍        | 29/203 [00:05<00:30,  5.75it/s]
dann: epoch 12:  15%|█▍        | 30/203 [00:05<00:30,  5.66it/s]
dann: epoch 12:  15%|█▌        | 31/203 [00:05<00:30,  5.64it/s]
dann: epoch 12:  16%|█▌        | 32/203 [00:05<00:29,  5.78it/s]
dann: epoch 12:  16%|█▋        | 33/203 [00:06<00:29,  5.69it/s]
dann: epoch 12:  17%|█▋        | 34/203 [00:06<00:30,  5.59it/s]
dann: epoch 12:  17%|█▋        | 35/203 [00:06<00:29,  5.64it/s]
dann: epoch 12:  18%|█▊        | 36/203 [00:06<00:29,  5.60it/s]
dann: epoch 12:  18%|█▊        | 37/203 [00:06<00:28,  5.76it/s]
dann: epoch 12:  19%|█▊        | 38/203 [00:07<00:28,  5.75it/s]
dann: epoch 12:  19%|█▉        | 39/203 [00:07<00:28,  5.74it/s]
dann: epoch 12:  20%|█▉        | 40/203 [00:07<00:28,  5.69it/s]
dann: epoch 12:  20%|██        | 41/203 [00:07<00:28,  5.73it/s]
dann: epoch 12:  21%|██        | 42/203 [00:07<00:29,  5.47it/s]
dann: epoch 12:  21%|██        | 43/203 [00:07<00:28,  5.59it/s]
dann: epoch 12:  22%|██▏       | 44/203 [00:08<00:29,  5.35it/s]
dann: epoch 12:  22%|██▏       | 45/203 [00:08<00:30,  5.17it/s]
dann: epoch 12:  23%|██▎       | 46/203 [00:08<00:30,  5.22it/s]
dann: epoch 12:  23%|██▎       | 47/203 [00:08<00:30,  5.12it/s]
dann: epoch 12:  24%|██▎       | 48/203 [00:08<00:28,  5.37it/s]
dann: epoch 12:  24%|██▍       | 49/203 [00:09<00:28,  5.47it/s]
dann: epoch 12:  25%|██▍       | 50/203 [00:09<00:39,  3.92it/s]
dann: epoch 12:  25%|██▌       | 51/203 [00:09<00:35,  4.30it/s]
dann: epoch 12:  26%|██▌       | 52/203 [00:09<00:32,  4.63it/s]
dann: epoch 12:  26%|██▌       | 53/203 [00:10<00:30,  4.84it/s]
dann: epoch 12:  27%|██▋       | 54/203 [00:10<00:29,  5.12it/s]
dann: epoch 12:  27%|██▋       | 55/203 [00:10<00:28,  5.27it/s]
dann: epoch 12:  28%|██▊       | 56/203 [00:10<00:27,  5.33it/s]
dann: epoch 12:  28%|██▊       | 57/203 [00:10<00:26,  5.47it/s]
dann: epoch 12:  29%|██▊       | 58/203 [00:10<00:26,  5.40it/s]
dann: epoch 12:  29%|██▉       | 59/203 [00:11<00:25,  5.57it/s]
dann: epoch 12:  30%|██▉       | 60/203 [00:11<00:25,  5.64it/s]
dann: epoch 12:  30%|███       | 61/203 [00:11<00:25,  5.67it/s]
dann: epoch 12:  31%|███       | 62/203 [00:11<00:24,  5.81it/s]
dann: epoch 12:  31%|███       | 63/203 [00:11<00:23,  5.89it/s]
dann: epoch 12:  32%|███▏      | 64/203 [00:11<00:24,  5.67it/s]
dann: epoch 12:  32%|███▏      | 65/203 [00:12<00:24,  5.53it/s]
dann: epoch 12:  33%|███▎      | 66/203 [00:12<00:26,  5.22it/s]
dann: epoch 12:  33%|███▎      | 67/203 [00:12<00:27,  5.04it/s]
dann: epoch 12:  33%|███▎      | 68/203 [00:12<00:28,  4.77it/s]
dann: epoch 12:  34%|███▍      | 69/203 [00:13<00:28,  4.69it/s]
dann: epoch 12:  34%|███▍      | 70/203 [00:13<00:29,  4.57it/s]
dann: epoch 12:  35%|███▍      | 71/203 [00:13<00:29,  4.53it/s]
dann: epoch 12:  35%|███▌      | 72/203 [00:13<00:29,  4.47it/s]
dann: epoch 12:  36%|███▌      | 73/203 [00:13<00:27,  4.73it/s]
dann: epoch 12:  36%|███▋      | 74/203 [00:14<00:28,  4.53it/s]
dann: epoch 12:  37%|███▋      | 75/203 [00:14<00:28,  4.46it/s]
dann: epoch 12:  37%|███▋      | 76/203 [00:14<00:27,  4.67it/s]
dann: epoch 12:  38%|███▊      | 77/203 [00:14<00:28,  4.43it/s]
dann: epoch 12:  38%|███▊      | 78/203 [00:15<00:27,  4.62it/s]
dann: epoch 12:  39%|███▉      | 79/203 [00:15<00:28,  4.35it/s]
dann: epoch 12:  39%|███▉      | 80/203 [00:15<00:32,  3.84it/s]
dann: epoch 12:  40%|███▉      | 81/203 [00:15<00:29,  4.15it/s]
dann: epoch 12:  40%|████      | 82/203 [00:16<00:30,  4.02it/s]
dann: epoch 12:  41%|████      | 83/203 [00:16<00:28,  4.27it/s]
dann: epoch 12:  41%|████▏     | 84/203 [00:16<00:27,  4.32it/s]
dann: epoch 12:  42%|████▏     | 85/203 [00:16<00:25,  4.54it/s]
dann: epoch 12:  42%|████▏     | 86/203 [00:17<00:31,  3.72it/s]
dann: epoch 12:  43%|████▎     | 87/203 [00:17<00:28,  4.02it/s]
dann: epoch 12:  43%|████▎     | 88/203 [00:17<00:26,  4.40it/s]
dann: epoch 12:  44%|████▍     | 89/203 [00:17<00:24,  4.58it/s]
dann: epoch 12:  44%|████▍     | 90/203 [00:17<00:23,  4.80it/s]
dann: epoch 12:  45%|████▍     | 91/203 [00:18<00:23,  4.87it/s]
dann: epoch 12:  45%|████▌     | 92/203 [00:18<00:22,  4.91it/s]
dann: epoch 12:  46%|████▌     | 93/203 [00:18<00:21,  5.04it/s]
dann: epoch 12:  46%|████▋     | 94/203 [00:18<00:20,  5.36it/s]
dann: epoch 12:  47%|████▋     | 95/203 [00:18<00:19,  5.40it/s]
dann: epoch 12:  47%|████▋     | 96/203 [00:18<00:19,  5.55it/s]
dann: epoch 12:  48%|████▊     | 97/203 [00:19<00:18,  5.69it/s]
dann: epoch 12:  48%|████▊     | 98/203 [00:19<00:18,  5.76it/s]
dann: epoch 12:  49%|████▉     | 99/203 [00:19<00:17,  5.81it/s]
dann: epoch 12:  49%|████▉     | 100/203 [00:19<00:17,  5.91it/s]
dann: epoch 12:  50%|████▉     | 101/203 [00:19<00:17,  5.86it/s]
dann: epoch 12:  50%|█████     | 102/203 [00:19<00:17,  5.87it/s]
dann: epoch 12:  51%|█████     | 103/203 [00:20<00:16,  5.97it/s]
dann: epoch 12:  51%|█████     | 104/203 [00:20<00:16,  6.09it/s]
dann: epoch 12:  52%|█████▏    | 105/203 [00:20<00:15,  6.17it/s]
dann: epoch 12:  52%|█████▏    | 106/203 [00:20<00:17,  5.54it/s]
dann: epoch 12:  53%|█████▎    | 107/203 [00:20<00:16,  5.70it/s]
dann: epoch 12:  53%|█████▎    | 108/203 [00:21<00:19,  4.93it/s]
dann: epoch 12:  54%|█████▎    | 109/203 [00:21<00:17,  5.25it/s]
dann: epoch 12:  54%|█████▍    | 110/203 [00:21<00:17,  5.39it/s]
dann: epoch 12:  55%|█████▍    | 111/203 [00:21<00:16,  5.65it/s]
dann: epoch 12:  55%|█████▌    | 112/203 [00:21<00:16,  5.56it/s]
dann: epoch 12:  56%|█████▌    | 113/203 [00:21<00:15,  5.78it/s]
dann: epoch 12:  56%|█████▌    | 114/203 [00:22<00:15,  5.83it/s]
dann: epoch 12:  57%|█████▋    | 115/203 [00:22<00:14,  5.92it/s]
dann: epoch 12:  57%|█████▋    | 116/203 [00:22<00:14,  5.95it/s]
dann: epoch 12:  58%|█████▊    | 117/203 [00:22<00:14,  5.95it/s]
dann: epoch 12:  58%|█████▊    | 118/203 [00:22<00:14,  5.83it/s]
dann: epoch 12:  59%|█████▊    | 119/203 [00:22<00:14,  5.84it/s]
dann: epoch 12:  59%|█████▉    | 120/203 [00:23<00:14,  5.84it/s]
dann: epoch 12:  60%|█████▉    | 121/203 [00:23<00:13,  5.93it/s]
dann: epoch 12:  60%|██████    | 122/203 [00:23<00:14,  5.71it/s]
dann: epoch 12:  61%|██████    | 123/203 [00:23<00:13,  5.78it/s]
dann: epoch 12:  61%|██████    | 124/203 [00:23<00:13,  5.81it/s]
dann: epoch 12:  62%|██████▏   | 125/203 [00:23<00:13,  5.76it/s]
dann: epoch 12:  62%|██████▏   | 126/203 [00:24<00:13,  5.77it/s]
dann: epoch 12:  63%|██████▎   | 127/203 [00:24<00:13,  5.72it/s]
dann: epoch 12:  63%|██████▎   | 128/203 [00:24<00:13,  5.74it/s]
dann: epoch 12:  64%|██████▎   | 129/203 [00:24<00:12,  5.70it/s]
dann: epoch 12:  64%|██████▍   | 130/203 [00:24<00:13,  5.54it/s]
dann: epoch 12:  65%|██████▍   | 131/203 [00:25<00:12,  5.71it/s]
dann: epoch 12:  65%|██████▌   | 132/203 [00:25<00:12,  5.75it/s]
dann: epoch 12:  66%|██████▌   | 133/203 [00:25<00:12,  5.73it/s]
dann: epoch 12:  66%|██████▌   | 134/203 [00:25<00:12,  5.66it/s]
dann: epoch 12:  67%|██████▋   | 135/203 [00:25<00:11,  5.80it/s]
dann: epoch 12:  67%|██████▋   | 136/203 [00:25<00:11,  5.67it/s]
dann: epoch 12:  67%|██████▋   | 137/203 [00:26<00:11,  5.90it/s]
dann: epoch 12:  68%|██████▊   | 138/203 [00:26<00:11,  5.80it/s]
dann: epoch 12:  68%|██████▊   | 139/203 [00:26<00:10,  5.87it/s]
dann: epoch 12:  69%|██████▉   | 140/203 [00:26<00:10,  5.96it/s]
dann: epoch 12:  69%|██████▉   | 141/203 [00:26<00:10,  5.72it/s]
dann: epoch 12:  70%|██████▉   | 142/203 [00:26<00:10,  5.59it/s]
dann: epoch 12:  70%|███████   | 143/203 [00:27<00:10,  5.68it/s]
dann: epoch 12:  71%|███████   | 144/203 [00:27<00:10,  5.68it/s]
dann: epoch 12:  71%|███████▏  | 145/203 [00:27<00:10,  5.55it/s]
dann: epoch 12:  72%|███████▏  | 146/203 [00:27<00:10,  5.35it/s]
dann: epoch 12:  72%|███████▏  | 147/203 [00:27<00:11,  5.05it/s]
dann: epoch 12:  73%|███████▎  | 148/203 [00:28<00:11,  4.77it/s]
dann: epoch 12:  73%|███████▎  | 149/203 [00:28<00:11,  4.63it/s]
dann: epoch 12:  74%|███████▍  | 150/203 [00:28<00:11,  4.58it/s]
dann: epoch 12:  74%|███████▍  | 151/203 [00:28<00:11,  4.35it/s]
dann: epoch 12:  75%|███████▍  | 152/203 [00:29<00:11,  4.27it/s]
dann: epoch 12:  75%|███████▌  | 153/203 [00:29<00:11,  4.52it/s]
dann: epoch 12:  76%|███████▌  | 154/203 [00:29<00:10,  4.48it/s]
dann: epoch 12:  76%|███████▋  | 155/203 [00:29<00:11,  4.23it/s]
dann: epoch 12:  77%|███████▋  | 156/203 [00:29<00:10,  4.39it/s]
dann: epoch 12:  77%|███████▋  | 157/203 [00:30<00:11,  4.18it/s]
dann: epoch 12:  78%|███████▊  | 158/203 [00:30<00:10,  4.39it/s]
dann: epoch 12:  78%|███████▊  | 159/203 [00:30<00:10,  4.30it/s]
dann: epoch 12:  79%|███████▉  | 160/203 [00:30<00:10,  4.22it/s]
dann: epoch 12:  79%|███████▉  | 161/203 [00:31<00:09,  4.24it/s]
dann: epoch 12:  80%|███████▉  | 162/203 [00:31<00:09,  4.17it/s]
dann: epoch 12:  80%|████████  | 163/203 [00:31<00:09,  4.27it/s]
dann: epoch 12:  81%|████████  | 164/203 [00:31<00:09,  4.33it/s]
dann: epoch 12:  81%|████████▏ | 165/203 [00:32<00:08,  4.47it/s]
dann: epoch 12:  82%|████████▏ | 166/203 [00:32<00:08,  4.29it/s]
dann: epoch 12:  82%|████████▏ | 167/203 [00:32<00:07,  4.60it/s]
dann: epoch 12:  83%|████████▎ | 168/203 [00:32<00:07,  4.52it/s]
dann: epoch 12:  83%|████████▎ | 169/203 [00:32<00:07,  4.66it/s]
dann: epoch 12:  84%|████████▎ | 170/203 [00:33<00:06,  4.89it/s]
dann: epoch 12:  84%|████████▍ | 171/203 [00:33<00:06,  5.11it/s]
dann: epoch 12:  85%|████████▍ | 172/203 [00:33<00:06,  5.14it/s]
dann: epoch 12:  85%|████████▌ | 173/203 [00:33<00:05,  5.25it/s]
dann: epoch 12:  86%|████████▌ | 174/203 [00:33<00:05,  5.43it/s]
dann: epoch 12:  86%|████████▌ | 175/203 [00:34<00:05,  5.48it/s]
dann: epoch 12:  87%|████████▋ | 176/203 [00:34<00:04,  5.50it/s]
dann: epoch 12:  87%|████████▋ | 177/203 [00:34<00:04,  5.65it/s]
dann: epoch 12:  88%|████████▊ | 178/203 [00:34<00:04,  5.89it/s]
dann: epoch 12:  88%|████████▊ | 179/203 [00:34<00:04,  5.83it/s]
dann: epoch 12:  89%|████████▊ | 180/203 [00:34<00:03,  5.81it/s]
dann: epoch 12:  89%|████████▉ | 181/203 [00:35<00:03,  5.79it/s]
dann: epoch 12:  90%|████████▉ | 182/203 [00:35<00:03,  5.67it/s]
dann: epoch 12:  90%|█████████ | 183/203 [00:35<00:03,  5.60it/s]
dann: epoch 12:  91%|█████████ | 184/203 [00:35<00:03,  5.64it/s]
dann: epoch 12:  91%|█████████ | 185/203 [00:35<00:03,  5.73it/s]
dann: epoch 12:  92%|█████████▏| 186/203 [00:35<00:03,  5.58it/s]
dann: epoch 12:  92%|█████████▏| 187/203 [00:36<00:02,  5.69it/s]
dann: epoch 12:  93%|█████████▎| 188/203 [00:36<00:02,  5.57it/s]
dann: epoch 12:  93%|█████████▎| 189/203 [00:36<00:02,  5.72it/s]
dann: epoch 12:  94%|█████████▎| 190/203 [00:36<00:02,  5.78it/s]
dann: epoch 12:  94%|█████████▍| 191/203 [00:36<00:02,  5.79it/s]
dann: epoch 12:  95%|█████████▍| 192/203 [00:36<00:01,  5.76it/s]
dann: epoch 12:  95%|█████████▌| 193/203 [00:37<00:01,  5.71it/s]
dann: epoch 12:  96%|█████████▌| 194/203 [00:37<00:01,  5.91it/s]
dann: epoch 12:  96%|█████████▌| 195/203 [00:37<00:01,  5.90it/s]
dann: epoch 12:  97%|█████████▋| 196/203 [00:37<00:01,  5.64it/s]
dann: epoch 12:  97%|█████████▋| 197/203 [00:37<00:01,  5.76it/s]
dann: epoch 12:  98%|█████████▊| 198/203 [00:38<00:00,  5.72it/s]
dann: epoch 12:  98%|█████████▊| 199/203 [00:38<00:00,  5.86it/s]
dann: epoch 12:  99%|█████████▊| 200/203 [00:38<00:00,  5.67it/s]
dann: epoch 12:  99%|█████████▉| 201/203 [00:38<00:00,  5.67it/s]
dann: epoch 12: 100%|█████████▉| 202/203 [00:38<00:00,  5.88it/s]
dann: epoch 12: 100%|██████████| 203/203 [00:38<00:00,  5.90it/s]
                                                                 
dann: epoch 12, source macro-f1=0.2028

dann: epoch 13:   0%|          | 0/203 [00:00<?, ?it/s]
dann: epoch 13:   0%|          | 1/203 [00:00<00:33,  5.95it/s]
dann: epoch 13:   1%|          | 2/203 [00:00<00:34,  5.75it/s]
dann: epoch 13:   1%|▏         | 3/203 [00:00<00:35,  5.67it/s]
dann: epoch 13:   2%|▏         | 4/203 [00:00<00:36,  5.52it/s]
dann: epoch 13:   2%|▏         | 5/203 [00:00<00:36,  5.39it/s]
dann: epoch 13:   3%|▎         | 6/203 [00:01<00:38,  5.10it/s]
dann: epoch 13:   3%|▎         | 7/203 [00:01<00:38,  5.04it/s]
dann: epoch 13:   4%|▍         | 8/203 [00:01<00:38,  5.04it/s]
dann: epoch 13:   4%|▍         | 9/203 [00:01<00:37,  5.24it/s]
dann: epoch 13:   5%|▍         | 10/203 [00:02<00:54,  3.54it/s]
dann: epoch 13:   5%|▌         | 11/203 [00:02<00:49,  3.89it/s]
dann: epoch 13:   6%|▌         | 12/203 [00:02<00:46,  4.13it/s]
dann: epoch 13:   6%|▋         | 13/203 [00:03<00:56,  3.37it/s]
dann: epoch 13:   7%|▋         | 14/203 [00:03<00:51,  3.67it/s]
dann: epoch 13:   7%|▋         | 15/203 [00:03<00:51,  3.64it/s]
dann: epoch 13:   8%|▊         | 16/203 [00:03<00:47,  3.92it/s]
dann: epoch 13:   8%|▊         | 17/203 [00:03<00:46,  3.98it/s]
dann: epoch 13:   9%|▉         | 18/203 [00:04<00:45,  4.10it/s]
dann: epoch 13:   9%|▉         | 19/203 [00:04<00:41,  4.38it/s]
dann: epoch 13:  10%|▉         | 20/203 [00:04<00:40,  4.51it/s]
dann: epoch 13:  10%|█         | 21/203 [00:04<00:40,  4.46it/s]
dann: epoch 13:  11%|█         | 22/203 [00:05<00:42,  4.29it/s]
dann: epoch 13:  11%|█▏        | 23/203 [00:05<00:40,  4.40it/s]
dann: epoch 13:  12%|█▏        | 24/203 [00:05<00:45,  3.96it/s]
dann: epoch 13:  12%|█▏        | 25/203 [00:05<00:41,  4.26it/s]
dann: epoch 13:  13%|█▎        | 26/203 [00:06<00:45,  3.90it/s]
dann: epoch 13:  13%|█▎        | 27/203 [00:06<00:41,  4.23it/s]
dann: epoch 13:  14%|█▍        | 28/203 [00:06<00:39,  4.47it/s]
dann: epoch 13:  14%|█▍        | 29/203 [00:06<00:36,  4.77it/s]
dann: epoch 13:  15%|█▍        | 30/203 [00:06<00:34,  5.05it/s]
dann: epoch 13:  15%|█▌        | 31/203 [00:07<00:33,  5.20it/s]
dann: epoch 13:  16%|█▌        | 32/203 [00:07<00:31,  5.36it/s]
dann: epoch 13:  16%|█▋        | 33/203 [00:07<00:30,  5.58it/s]
dann: epoch 13:  17%|█▋        | 34/203 [00:07<00:30,  5.55it/s]
dann: epoch 13:  17%|█▋        | 35/203 [00:07<00:29,  5.71it/s]
dann: epoch 13:  18%|█▊        | 36/203 [00:07<00:29,  5.62it/s]
dann: epoch 13:  18%|█▊        | 37/203 [00:08<00:28,  5.78it/s]
dann: epoch 13:  19%|█▊        | 38/203 [00:08<00:28,  5.88it/s]
dann: epoch 13:  19%|█▉        | 39/203 [00:08<00:28,  5.68it/s]
dann: epoch 13:  20%|█▉        | 40/203 [00:08<00:28,  5.82it/s]
dann: epoch 13:  20%|██        | 41/203 [00:08<00:27,  5.81it/s]
dann: epoch 13:  21%|██        | 42/203 [00:08<00:28,  5.68it/s]
dann: epoch 13:  21%|██        | 43/203 [00:09<00:27,  5.81it/s]
dann: epoch 13:  22%|██▏       | 44/203 [00:09<00:27,  5.87it/s]
dann: epoch 13:  22%|██▏       | 45/203 [00:09<00:27,  5.66it/s]
dann: epoch 13:  23%|██▎       | 46/203 [00:09<00:27,  5.72it/s]
dann: epoch 13:  23%|██▎       | 47/203 [00:09<00:27,  5.73it/s]
dann: epoch 13:  24%|██▎       | 48/203 [00:09<00:28,  5.46it/s]
dann: epoch 13:  24%|██▍       | 49/203 [00:10<00:28,  5.39it/s]
dann: epoch 13:  25%|██▍       | 50/203 [00:10<00:28,  5.40it/s]
dann: epoch 13:  25%|██▌       | 51/203 [00:10<00:27,  5.43it/s]
dann: epoch 13:  26%|██▌       | 52/203 [00:10<00:28,  5.22it/s]
dann: epoch 13:  26%|██▌       | 53/203 [00:10<00:27,  5.39it/s]
dann: epoch 13:  27%|██▋       | 54/203 [00:11<00:29,  5.14it/s]
dann: epoch 13:  27%|██▋       | 55/203 [00:11<00:28,  5.11it/s]
dann: epoch 13:  28%|██▊       | 56/203 [00:11<00:28,  5.11it/s]
dann: epoch 13:  28%|██▊       | 57/203 [00:11<00:27,  5.30it/s]
dann: epoch 13:  29%|██▊       | 58/203 [00:11<00:26,  5.41it/s]
dann: epoch 13:  29%|██▉       | 59/203 [00:12<00:27,  5.30it/s]
dann: epoch 13:  30%|██▉       | 60/203 [00:12<00:28,  5.03it/s]
dann: epoch 13:  30%|███       | 61/203 [00:12<00:27,  5.10it/s]
dann: epoch 13:  31%|███       | 62/203 [00:12<00:28,  5.01it/s]
dann: epoch 13:  31%|███       | 63/203 [00:12<00:26,  5.35it/s]
dann: epoch 13:  32%|███▏      | 64/203 [00:13<00:25,  5.38it/s]
dann: epoch 13:  32%|███▏      | 65/203 [00:13<00:25,  5.50it/s]
dann: epoch 13:  33%|███▎      | 66/203 [00:13<00:24,  5.51it/s]
dann: epoch 13:  33%|███▎      | 67/203 [00:13<00:24,  5.65it/s]
dann: epoch 13:  33%|███▎      | 68/203 [00:13<00:23,  5.79it/s]
dann: epoch 13:  34%|███▍      | 69/203 [00:13<00:22,  5.96it/s]
dann: epoch 13:  34%|███▍      | 70/203 [00:14<00:24,  5.50it/s]
dann: epoch 13:  35%|███▍      | 71/203 [00:14<00:24,  5.37it/s]
dann: epoch 13:  35%|███▌      | 72/203 [00:14<00:25,  5.22it/s]
dann: epoch 13:  36%|███▌      | 73/203 [00:14<00:23,  5.45it/s]
dann: epoch 13:  36%|███▋      | 74/203 [00:14<00:23,  5.58it/s]
dann: epoch 13:  37%|███▋      | 75/203 [00:14<00:22,  5.71it/s]
dann: epoch 13:  37%|███▋      | 76/203 [00:15<00:22,  5.73it/s]
dann: epoch 13:  38%|███▊      | 77/203 [00:15<00:21,  5.75it/s]
dann: epoch 13:  38%|███▊      | 78/203 [00:15<00:22,  5.62it/s]
dann: epoch 13:  39%|███▉      | 79/203 [00:15<00:22,  5.62it/s]
dann: epoch 13:  39%|███▉      | 80/203 [00:15<00:21,  5.64it/s]
dann: epoch 13:  40%|███▉      | 81/203 [00:16<00:21,  5.56it/s]
dann: epoch 13:  40%|████      | 82/203 [00:16<00:21,  5.66it/s]
dann: epoch 13:  41%|████      | 83/203 [00:16<00:21,  5.59it/s]
dann: epoch 13:  41%|████▏     | 84/203 [00:16<00:23,  5.08it/s]
dann: epoch 13:  42%|████▏     | 85/203 [00:16<00:24,  4.91it/s]
dann: epoch 13:  42%|████▏     | 86/203 [00:17<00:22,  5.09it/s]
dann: epoch 13:  43%|████▎     | 87/203 [00:17<00:25,  4.54it/s]
dann: epoch 13:  43%|████▎     | 88/203 [00:17<00:25,  4.56it/s]
dann: epoch 13:  44%|████▍     | 89/203 [00:17<00:24,  4.59it/s]
dann: epoch 13:  44%|████▍     | 90/203 [00:17<00:25,  4.50it/s]
dann: epoch 13:  45%|████▍     | 91/203 [00:18<00:24,  4.64it/s]
dann: epoch 13:  45%|████▌     | 92/203 [00:18<00:24,  4.56it/s]
dann: epoch 13:  46%|████▌     | 93/203 [00:18<00:23,  4.78it/s]
dann: epoch 13:  46%|████▋     | 94/203 [00:18<00:24,  4.42it/s]
dann: epoch 13:  47%|████▋     | 95/203 [00:19<00:25,  4.30it/s]
dann: epoch 13:  47%|████▋     | 96/203 [00:19<00:24,  4.40it/s]
dann: epoch 13:  48%|████▊     | 97/203 [00:19<00:24,  4.36it/s]
dann: epoch 13:  48%|████▊     | 98/203 [00:19<00:25,  4.05it/s]
dann: epoch 13:  49%|████▉     | 99/203 [00:20<00:26,  3.90it/s]
dann: epoch 13:  49%|████▉     | 100/203 [00:20<00:24,  4.28it/s]
dann: epoch 13:  50%|████▉     | 101/203 [00:20<00:24,  4.14it/s]
dann: epoch 13:  50%|█████     | 102/203 [00:20<00:23,  4.30it/s]
dann: epoch 13:  51%|█████     | 103/203 [00:21<00:25,  3.96it/s]
dann: epoch 13:  51%|█████     | 104/203 [00:21<00:24,  4.10it/s]
dann: epoch 13:  52%|█████▏    | 105/203 [00:21<00:23,  4.25it/s]
dann: epoch 13:  52%|█████▏    | 106/203 [00:21<00:22,  4.37it/s]
dann: epoch 13:  53%|█████▎    | 107/203 [00:21<00:21,  4.37it/s]
dann: epoch 13:  53%|█████▎    | 108/203 [00:22<00:20,  4.69it/s]
dann: epoch 13:  54%|█████▎    | 109/203 [00:22<00:18,  5.01it/s]
dann: epoch 13:  54%|█████▍    | 110/203 [00:22<00:17,  5.19it/s]
dann: epoch 13:  55%|█████▍    | 111/203 [00:22<00:17,  5.33it/s]
dann: epoch 13:  55%|█████▌    | 112/203 [00:22<00:16,  5.46it/s]
dann: epoch 13:  56%|█████▌    | 113/203 [00:23<00:16,  5.42it/s]
dann: epoch 13:  56%|█████▌    | 114/203 [00:23<00:16,  5.47it/s]
dann: epoch 13:  57%|█████▋    | 115/203 [00:23<00:15,  5.67it/s]
dann: epoch 13:  57%|█████▋    | 116/203 [00:23<00:15,  5.80it/s]
dann: epoch 13:  58%|█████▊    | 117/203 [00:23<00:14,  5.82it/s]
dann: epoch 13:  58%|█████▊    | 118/203 [00:23<00:14,  5.76it/s]
dann: epoch 13:  59%|█████▊    | 119/203 [00:24<00:14,  5.74it/s]
dann: epoch 13:  59%|█████▉    | 120/203 [00:24<00:14,  5.83it/s]
dann: epoch 13:  60%|█████▉    | 121/203 [00:24<00:14,  5.80it/s]
dann: epoch 13:  60%|██████    | 122/203 [00:24<00:14,  5.67it/s]
dann: epoch 13:  61%|██████    | 123/203 [00:24<00:14,  5.55it/s]
dann: epoch 13:  61%|██████    | 124/203 [00:24<00:14,  5.64it/s]
dann: epoch 13:  62%|██████▏   | 125/203 [00:25<00:13,  5.62it/s]
dann: epoch 13:  62%|██████▏   | 126/203 [00:25<00:13,  5.51it/s]
dann: epoch 13:  63%|██████▎   | 127/203 [00:25<00:13,  5.71it/s]
dann: epoch 13:  63%|██████▎   | 128/203 [00:25<00:13,  5.64it/s]
dann: epoch 13:  64%|██████▎   | 129/203 [00:25<00:12,  5.73it/s]
dann: epoch 13:  64%|██████▍   | 130/203 [00:25<00:12,  5.69it/s]
dann: epoch 13:  65%|██████▍   | 131/203 [00:26<00:12,  5.67it/s]
dann: epoch 13:  65%|██████▌   | 132/203 [00:26<00:12,  5.81it/s]
dann: epoch 13:  66%|██████▌   | 133/203 [00:26<00:12,  5.82it/s]
dann: epoch 13:  66%|██████▌   | 134/203 [00:26<00:11,  5.89it/s]
dann: epoch 13:  67%|██████▋   | 135/203 [00:26<00:11,  5.96it/s]
dann: epoch 13:  67%|██████▋   | 136/203 [00:26<00:11,  6.01it/s]
dann: epoch 13:  67%|██████▋   | 137/203 [00:27<00:10,  6.06it/s]
dann: epoch 13:  68%|██████▊   | 138/203 [00:27<00:10,  6.07it/s]
dann: epoch 13:  68%|██████▊   | 139/203 [00:27<00:12,  5.18it/s]
dann: epoch 13:  69%|██████▉   | 140/203 [00:27<00:11,  5.41it/s]
dann: epoch 13:  69%|██████▉   | 141/203 [00:27<00:10,  5.64it/s]
dann: epoch 13:  70%|██████▉   | 142/203 [00:28<00:10,  5.58it/s]
dann: epoch 13:  70%|███████   | 143/203 [00:28<00:10,  5.74it/s]
dann: epoch 13:  71%|███████   | 144/203 [00:28<00:10,  5.87it/s]
dann: epoch 13:  71%|███████▏  | 145/203 [00:28<00:10,  5.77it/s]
dann: epoch 13:  72%|███████▏  | 146/203 [00:28<00:09,  5.87it/s]
dann: epoch 13:  72%|███████▏  | 147/203 [00:28<00:09,  5.84it/s]
dann: epoch 13:  73%|███████▎  | 148/203 [00:29<00:09,  5.82it/s]
dann: epoch 13:  73%|███████▎  | 149/203 [00:29<00:09,  5.60it/s]
dann: epoch 13:  74%|███████▍  | 150/203 [00:29<00:09,  5.66it/s]
dann: epoch 13:  74%|███████▍  | 151/203 [00:29<00:09,  5.62it/s]
dann: epoch 13:  75%|███████▍  | 152/203 [00:29<00:09,  5.64it/s]
dann: epoch 13:  75%|███████▌  | 153/203 [00:30<00:08,  5.62it/s]
dann: epoch 13:  76%|███████▌  | 154/203 [00:30<00:08,  5.69it/s]
dann: epoch 13:  76%|███████▋  | 155/203 [00:30<00:08,  5.83it/s]
dann: epoch 13:  77%|███████▋  | 156/203 [00:30<00:07,  5.91it/s]
dann: epoch 13:  77%|███████▋  | 157/203 [00:30<00:07,  5.92it/s]
dann: epoch 13:  78%|███████▊  | 158/203 [00:30<00:07,  5.71it/s]
dann: epoch 13:  78%|███████▊  | 159/203 [00:31<00:07,  5.73it/s]
dann: epoch 13:  79%|███████▉  | 160/203 [00:31<00:07,  5.84it/s]
dann: epoch 13:  79%|███████▉  | 161/203 [00:31<00:07,  5.72it/s]
dann: epoch 13:  80%|███████▉  | 162/203 [00:31<00:06,  5.92it/s]
dann: epoch 13:  80%|████████  | 163/203 [00:31<00:06,  5.75it/s]
dann: epoch 13:  81%|████████  | 164/203 [00:31<00:06,  5.73it/s]
dann: epoch 13:  81%|████████▏ | 165/203 [00:32<00:06,  5.65it/s]
dann: epoch 13:  82%|████████▏ | 166/203 [00:32<00:07,  5.26it/s]
dann: epoch 13:  82%|████████▏ | 167/203 [00:32<00:07,  5.01it/s]
dann: epoch 13:  83%|████████▎ | 168/203 [00:32<00:07,  4.81it/s]
dann: epoch 13:  83%|████████▎ | 169/203 [00:32<00:07,  4.66it/s]
dann: epoch 13:  84%|████████▎ | 170/203 [00:33<00:07,  4.60it/s]
dann: epoch 13:  84%|████████▍ | 171/203 [00:33<00:06,  4.76it/s]
dann: epoch 13:  85%|████████▍ | 172/203 [00:33<00:06,  4.87it/s]
dann: epoch 13:  85%|████████▌ | 173/203 [00:34<00:08,  3.47it/s]
dann: epoch 13:  86%|████████▌ | 174/203 [00:34<00:07,  3.68it/s]
dann: epoch 13:  86%|████████▌ | 175/203 [00:34<00:07,  3.91it/s]
dann: epoch 13:  87%|████████▋ | 176/203 [00:34<00:06,  3.99it/s]
dann: epoch 13:  87%|████████▋ | 177/203 [00:34<00:06,  4.13it/s]
dann: epoch 13:  88%|████████▊ | 178/203 [00:35<00:05,  4.25it/s]
dann: epoch 13:  88%|████████▊ | 179/203 [00:35<00:06,  3.96it/s]
dann: epoch 13:  89%|████████▊ | 180/203 [00:35<00:05,  4.28it/s]
dann: epoch 13:  89%|████████▉ | 181/203 [00:35<00:05,  4.08it/s]
dann: epoch 13:  90%|████████▉ | 182/203 [00:36<00:05,  4.16it/s]
dann: epoch 13:  90%|█████████ | 183/203 [00:36<00:04,  4.15it/s]
dann: epoch 13:  91%|█████████ | 184/203 [00:36<00:04,  4.45it/s]
dann: epoch 13:  91%|█████████ | 185/203 [00:36<00:04,  3.79it/s]
dann: epoch 13:  92%|█████████▏| 186/203 [00:37<00:04,  3.85it/s]
dann: epoch 13:  92%|█████████▏| 187/203 [00:37<00:03,  4.09it/s]
dann: epoch 13:  93%|█████████▎| 188/203 [00:37<00:03,  4.44it/s]
dann: epoch 13:  93%|█████████▎| 189/203 [00:37<00:03,  4.56it/s]
dann: epoch 13:  94%|█████████▎| 190/203 [00:37<00:02,  4.85it/s]
dann: epoch 13:  94%|█████████▍| 191/203 [00:38<00:02,  5.08it/s]
dann: epoch 13:  95%|█████████▍| 192/203 [00:38<00:02,  5.33it/s]
dann: epoch 13:  95%|█████████▌| 193/203 [00:38<00:01,  5.53it/s]
dann: epoch 13:  96%|█████████▌| 194/203 [00:38<00:01,  5.59it/s]
dann: epoch 13:  96%|█████████▌| 195/203 [00:38<00:01,  5.54it/s]
dann: epoch 13:  97%|█████████▋| 196/203 [00:39<00:01,  5.70it/s]
dann: epoch 13:  97%|█████████▋| 197/203 [00:39<00:01,  5.67it/s]
dann: epoch 13:  98%|█████████▊| 198/203 [00:39<00:00,  5.65it/s]
dann: epoch 13:  98%|█████████▊| 199/203 [00:39<00:00,  5.71it/s]
dann: epoch 13:  99%|█████████▊| 200/203 [00:39<00:00,  5.73it/s]
dann: epoch 13:  99%|█████████▉| 201/203 [00:39<00:00,  5.84it/s]
dann: epoch 13: 100%|█████████▉| 202/203 [00:40<00:00,  5.78it/s]
dann: epoch 13: 100%|██████████| 203/203 [00:40<00:00,  5.69it/s]
                                                                 
dann: epoch 13, source macro-f1=0.2230

dann: epoch 14:   0%|          | 0/203 [00:00<?, ?it/s]
dann: epoch 14:   0%|          | 1/203 [00:00<00:33,  5.95it/s]
dann: epoch 14:   1%|          | 2/203 [00:00<00:31,  6.30it/s]
dann: epoch 14:   1%|▏         | 3/203 [00:00<00:32,  6.17it/s]
dann: epoch 14:   2%|▏         | 4/203 [00:00<00:33,  5.87it/s]
dann: epoch 14:   2%|▏         | 5/203 [00:00<00:33,  5.96it/s]
dann: epoch 14:   3%|▎         | 6/203 [00:01<00:33,  5.87it/s]
dann: epoch 14:   3%|▎         | 7/203 [00:01<00:33,  5.88it/s]
dann: epoch 14:   4%|▍         | 8/203 [00:01<00:32,  5.91it/s]
dann: epoch 14:   4%|▍         | 9/203 [00:01<00:33,  5.81it/s]
dann: epoch 14:   5%|▍         | 10/203 [00:01<00:32,  5.87it/s]
dann: epoch 14:   5%|▌         | 11/203 [00:01<00:32,  5.94it/s]
dann: epoch 14:   6%|▌         | 12/203 [00:02<00:31,  5.97it/s]
dann: epoch 14:   6%|▋         | 13/203 [00:02<00:31,  6.03it/s]
dann: epoch 14:   7%|▋         | 14/203 [00:02<00:36,  5.22it/s]
dann: epoch 14:   7%|▋         | 15/203 [00:02<00:35,  5.27it/s]
dann: epoch 14:   8%|▊         | 16/203 [00:02<00:34,  5.38it/s]
dann: epoch 14:   8%|▊         | 17/203 [00:02<00:34,  5.39it/s]
dann: epoch 14:   9%|▉         | 18/203 [00:03<00:33,  5.44it/s]
dann: epoch 14:   9%|▉         | 19/203 [00:03<00:32,  5.59it/s]
dann: epoch 14:  10%|▉         | 20/203 [00:03<00:31,  5.75it/s]
dann: epoch 14:  10%|█         | 21/203 [00:03<00:31,  5.75it/s]
dann: epoch 14:  11%|█         | 22/203 [00:03<00:33,  5.45it/s]
dann: epoch 14:  11%|█▏        | 23/203 [00:04<00:35,  5.13it/s]
dann: epoch 14:  12%|█▏        | 24/203 [00:04<00:36,  4.93it/s]
dann: epoch 14:  12%|█▏        | 25/203 [00:04<00:37,  4.78it/s]
dann: epoch 14:  13%|█▎        | 26/203 [00:04<00:37,  4.68it/s]
dann: epoch 14:  13%|█▎        | 27/203 [00:04<00:37,  4.70it/s]
dann: epoch 14:  14%|█▍        | 28/203 [00:05<00:40,  4.28it/s]
dann: epoch 14:  14%|█▍        | 29/203 [00:05<00:39,  4.43it/s]
dann: epoch 14:  15%|█▍        | 30/203 [00:05<00:36,  4.76it/s]
dann: epoch 14:  15%|█▌        | 31/203 [00:05<00:34,  4.98it/s]
dann: epoch 14:  16%|█▌        | 32/203 [00:06<00:36,  4.66it/s]
dann: epoch 14:  16%|█▋        | 33/203 [00:06<00:37,  4.57it/s]
dann: epoch 14:  17%|█▋        | 34/203 [00:06<00:45,  3.71it/s]
dann: epoch 14:  17%|█▋        | 35/203 [00:06<00:44,  3.75it/s]
dann: epoch 14:  18%|█▊        | 36/203 [00:07<00:43,  3.87it/s]
dann: epoch 14:  18%|█▊        | 37/203 [00:07<00:41,  3.96it/s]
dann: epoch 14:  19%|█▊        | 38/203 [00:07<00:39,  4.17it/s]
dann: epoch 14:  19%|█▉        | 39/203 [00:07<00:37,  4.32it/s]
dann: epoch 14:  20%|█▉        | 40/203 [00:08<00:38,  4.25it/s]
dann: epoch 14:  20%|██        | 41/203 [00:08<00:37,  4.31it/s]
dann: epoch 14:  21%|██        | 42/203 [00:08<00:35,  4.53it/s]
dann: epoch 14:  21%|██        | 43/203 [00:08<00:36,  4.40it/s]
dann: epoch 14:  22%|██▏       | 44/203 [00:08<00:35,  4.46it/s]
dann: epoch 14:  22%|██▏       | 45/203 [00:09<00:35,  4.48it/s]
dann: epoch 14:  23%|██▎       | 46/203 [00:09<00:33,  4.75it/s]
dann: epoch 14:  23%|██▎       | 47/203 [00:09<00:30,  5.09it/s]
dann: epoch 14:  24%|██▎       | 48/203 [00:09<00:29,  5.28it/s]
dann: epoch 14:  24%|██▍       | 49/203 [00:09<00:28,  5.39it/s]
dann: epoch 14:  25%|██▍       | 50/203 [00:10<00:28,  5.43it/s]
dann: epoch 14:  25%|██▌       | 51/203 [00:10<00:27,  5.48it/s]
dann: epoch 14:  26%|██▌       | 52/203 [00:10<00:26,  5.63it/s]
dann: epoch 14:  26%|██▌       | 53/203 [00:10<00:26,  5.61it/s]
dann: epoch 14:  27%|██▋       | 54/203 [00:10<00:26,  5.56it/s]
dann: epoch 14:  27%|██▋       | 55/203 [00:10<00:26,  5.61it/s]
dann: epoch 14:  28%|██▊       | 56/203 [00:11<00:26,  5.63it/s]
dann: epoch 14:  28%|██▊       | 57/203 [00:11<00:28,  5.19it/s]
dann: epoch 14:  29%|██▊       | 58/203 [00:11<00:27,  5.26it/s]
dann: epoch 14:  29%|██▉       | 59/203 [00:11<00:26,  5.48it/s]
dann: epoch 14:  30%|██▉       | 60/203 [00:11<00:26,  5.34it/s]
dann: epoch 14:  30%|███       | 61/203 [00:12<00:27,  5.23it/s]
dann: epoch 14:  31%|███       | 62/203 [00:12<00:26,  5.39it/s]
dann: epoch 14:  31%|███       | 63/203 [00:12<00:25,  5.43it/s]
dann: epoch 14:  32%|███▏      | 64/203 [00:12<00:25,  5.38it/s]
dann: epoch 14:  32%|███▏      | 65/203 [00:12<00:25,  5.36it/s]
dann: epoch 14:  33%|███▎      | 66/203 [00:13<00:26,  5.20it/s]
dann: epoch 14:  33%|███▎      | 67/203 [00:13<00:25,  5.41it/s]
dann: epoch 14:  33%|███▎      | 68/203 [00:13<00:25,  5.28it/s]
dann: epoch 14:  34%|███▍      | 69/203 [00:13<00:25,  5.23it/s]
dann: epoch 14:  34%|███▍      | 70/203 [00:13<00:25,  5.13it/s]
dann: epoch 14:  35%|███▍      | 71/203 [00:13<00:24,  5.32it/s]
dann: epoch 14:  35%|███▌      | 72/203 [00:14<00:24,  5.30it/s]
dann: epoch 14:  36%|███▌      | 73/203 [00:14<00:23,  5.42it/s]
dann: epoch 14:  36%|███▋      | 74/203 [00:14<00:23,  5.38it/s]
dann: epoch 14:  37%|███▋      | 75/203 [00:14<00:22,  5.66it/s]
dann: epoch 14:  37%|███▋      | 76/203 [00:14<00:23,  5.37it/s]
dann: epoch 14:  38%|███▊      | 77/203 [00:15<00:23,  5.47it/s]
dann: epoch 14:  38%|███▊      | 78/203 [00:15<00:22,  5.55it/s]
dann: epoch 14:  39%|███▉      | 79/203 [00:15<00:22,  5.46it/s]
dann: epoch 14:  39%|███▉      | 80/203 [00:15<00:22,  5.46it/s]
dann: epoch 14:  40%|███▉      | 81/203 [00:15<00:21,  5.63it/s]
dann: epoch 14:  40%|████      | 82/203 [00:15<00:21,  5.53it/s]
dann: epoch 14:  41%|████      | 83/203 [00:16<00:20,  5.79it/s]
dann: epoch 14:  41%|████▏     | 84/203 [00:16<00:21,  5.62it/s]
dann: epoch 14:  42%|████▏     | 85/203 [00:16<00:20,  5.75it/s]
dann: epoch 14:  42%|████▏     | 86/203 [00:16<00:21,  5.49it/s]
dann: epoch 14:  43%|████▎     | 87/203 [00:16<00:21,  5.52it/s]
dann: epoch 14:  43%|████▎     | 88/203 [00:17<00:20,  5.57it/s]
dann: epoch 14:  44%|████▍     | 89/203 [00:17<00:20,  5.57it/s]
dann: epoch 14:  44%|████▍     | 90/203 [00:17<00:19,  5.74it/s]
dann: epoch 14:  45%|████▍     | 91/203 [00:17<00:19,  5.84it/s]
dann: epoch 14:  45%|████▌     | 92/203 [00:17<00:19,  5.63it/s]
dann: epoch 14:  46%|████▌     | 93/203 [00:17<00:19,  5.68it/s]
dann: epoch 14:  46%|████▋     | 94/203 [00:18<00:18,  5.74it/s]
dann: epoch 14:  47%|████▋     | 95/203 [00:18<00:18,  5.83it/s]
dann: epoch 14:  47%|████▋     | 96/203 [00:18<00:18,  5.73it/s]
dann: epoch 14:  48%|████▊     | 97/203 [00:18<00:18,  5.80it/s]
dann: epoch 14:  48%|████▊     | 98/203 [00:18<00:18,  5.59it/s]
dann: epoch 14:  49%|████▉     | 99/203 [00:18<00:18,  5.64it/s]
dann: epoch 14:  49%|████▉     | 100/203 [00:19<00:17,  5.78it/s]
dann: epoch 14:  50%|████▉     | 101/203 [00:19<00:18,  5.64it/s]
dann: epoch 14:  50%|█████     | 102/203 [00:19<00:17,  5.85it/s]
dann: epoch 14:  51%|█████     | 103/203 [00:19<00:18,  5.49it/s]
dann: epoch 14:  51%|█████     | 104/203 [00:19<00:20,  4.91it/s]
dann: epoch 14:  52%|█████▏    | 105/203 [00:20<00:20,  4.78it/s]
dann: epoch 14:  52%|█████▏    | 106/203 [00:20<00:20,  4.72it/s]
dann: epoch 14:  53%|█████▎    | 107/203 [00:20<00:21,  4.52it/s]
dann: epoch 14:  53%|█████▎    | 108/203 [00:20<00:20,  4.61it/s]
dann: epoch 14:  54%|█████▎    | 109/203 [00:21<00:20,  4.51it/s]
dann: epoch 14:  54%|█████▍    | 110/203 [00:21<00:19,  4.74it/s]
dann: epoch 14:  55%|█████▍    | 111/203 [00:21<00:19,  4.76it/s]
dann: epoch 14:  55%|█████▌    | 112/203 [00:21<00:22,  4.02it/s]
dann: epoch 14:  56%|█████▌    | 113/203 [00:21<00:21,  4.28it/s]
dann: epoch 14:  56%|█████▌    | 114/203 [00:22<00:21,  4.17it/s]
dann: epoch 14:  57%|█████▋    | 115/203 [00:22<00:20,  4.32it/s]
dann: epoch 14:  57%|█████▋    | 116/203 [00:22<00:21,  3.97it/s]
dann: epoch 14:  58%|█████▊    | 117/203 [00:22<00:21,  4.06it/s]
dann: epoch 14:  58%|█████▊    | 118/203 [00:23<00:22,  3.84it/s]
dann: epoch 14:  59%|█████▊    | 119/203 [00:23<00:19,  4.25it/s]
dann: epoch 14:  59%|█████▉    | 120/203 [00:23<00:19,  4.19it/s]
dann: epoch 14:  60%|█████▉    | 121/203 [00:23<00:18,  4.52it/s]
dann: epoch 14:  60%|██████    | 122/203 [00:24<00:18,  4.28it/s]
dann: epoch 14:  61%|██████    | 123/203 [00:24<00:17,  4.46it/s]
dann: epoch 14:  61%|██████    | 124/203 [00:24<00:20,  3.92it/s]
dann: epoch 14:  62%|██████▏   | 125/203 [00:24<00:18,  4.29it/s]
dann: epoch 14:  62%|██████▏   | 126/203 [00:25<00:16,  4.55it/s]
dann: epoch 14:  63%|██████▎   | 127/203 [00:25<00:15,  4.89it/s]
dann: epoch 14:  63%|██████▎   | 128/203 [00:25<00:15,  4.90it/s]
dann: epoch 14:  64%|██████▎   | 129/203 [00:25<00:14,  5.14it/s]
dann: epoch 14:  64%|██████▍   | 130/203 [00:25<00:13,  5.49it/s]
dann: epoch 14:  65%|██████▍   | 131/203 [00:25<00:12,  5.62it/s]
dann: epoch 14:  65%|██████▌   | 132/203 [00:26<00:12,  5.78it/s]
dann: epoch 14:  66%|██████▌   | 133/203 [00:26<00:16,  4.35it/s]
dann: epoch 14:  66%|██████▌   | 134/203 [00:26<00:14,  4.74it/s]
dann: epoch 14:  67%|██████▋   | 135/203 [00:26<00:13,  5.02it/s]
dann: epoch 14:  67%|██████▋   | 136/203 [00:26<00:12,  5.21it/s]
dann: epoch 14:  67%|██████▋   | 137/203 [00:27<00:12,  5.31it/s]
dann: epoch 14:  68%|██████▊   | 138/203 [00:27<00:12,  5.37it/s]
dann: epoch 14:  68%|██████▊   | 139/203 [00:27<00:11,  5.49it/s]
dann: epoch 14:  69%|██████▉   | 140/203 [00:27<00:11,  5.59it/s]
dann: epoch 14:  69%|██████▉   | 141/203 [00:27<00:11,  5.47it/s]
dann: epoch 14:  70%|██████▉   | 142/203 [00:28<00:10,  5.55it/s]
dann: epoch 14:  70%|███████   | 143/203 [00:28<00:10,  5.56it/s]
dann: epoch 14:  71%|███████   | 144/203 [00:28<00:10,  5.82it/s]
dann: epoch 14:  71%|███████▏  | 145/203 [00:28<00:10,  5.77it/s]
dann: epoch 14:  72%|███████▏  | 146/203 [00:28<00:09,  5.76it/s]
dann: epoch 14:  72%|███████▏  | 147/203 [00:28<00:09,  5.78it/s]
dann: epoch 14:  73%|███████▎  | 148/203 [00:29<00:09,  5.68it/s]
dann: epoch 14:  73%|███████▎  | 149/203 [00:29<00:09,  5.67it/s]
dann: epoch 14:  74%|███████▍  | 150/203 [00:29<00:09,  5.73it/s]
dann: epoch 14:  74%|███████▍  | 151/203 [00:29<00:09,  5.54it/s]
dann: epoch 14:  75%|███████▍  | 152/203 [00:29<00:09,  5.55it/s]
dann: epoch 14:  75%|███████▌  | 153/203 [00:29<00:08,  5.64it/s]
dann: epoch 14:  76%|███████▌  | 154/203 [00:30<00:08,  5.58it/s]
dann: epoch 14:  76%|███████▋  | 155/203 [00:30<00:08,  5.68it/s]
dann: epoch 14:  77%|███████▋  | 156/203 [00:30<00:08,  5.86it/s]
dann: epoch 14:  77%|███████▋  | 157/203 [00:30<00:08,  5.67it/s]
dann: epoch 14:  78%|███████▊  | 158/203 [00:30<00:07,  5.75it/s]
dann: epoch 14:  78%|███████▊  | 159/203 [00:30<00:07,  5.67it/s]
dann: epoch 14:  79%|███████▉  | 160/203 [00:31<00:07,  5.74it/s]
dann: epoch 14:  79%|███████▉  | 161/203 [00:31<00:07,  5.87it/s]
dann: epoch 14:  80%|███████▉  | 162/203 [00:31<00:07,  5.81it/s]
dann: epoch 14:  80%|████████  | 163/203 [00:31<00:06,  5.87it/s]
dann: epoch 14:  81%|████████  | 164/203 [00:31<00:06,  5.84it/s]
dann: epoch 14:  81%|████████▏ | 165/203 [00:31<00:06,  5.98it/s]
dann: epoch 14:  82%|████████▏ | 166/203 [00:32<00:06,  5.99it/s]
dann: epoch 14:  82%|████████▏ | 167/203 [00:32<00:06,  5.91it/s]
dann: epoch 14:  83%|████████▎ | 168/203 [00:32<00:05,  5.98it/s]
dann: epoch 14:  83%|████████▎ | 169/203 [00:32<00:05,  6.07it/s]
dann: epoch 14:  84%|████████▎ | 170/203 [00:32<00:06,  4.98it/s]
dann: epoch 14:  84%|████████▍ | 171/203 [00:33<00:06,  5.18it/s]
dann: epoch 14:  85%|████████▍ | 172/203 [00:33<00:05,  5.44it/s]
dann: epoch 14:  85%|████████▌ | 173/203 [00:33<00:05,  5.46it/s]
dann: epoch 14:  86%|████████▌ | 174/203 [00:33<00:05,  5.57it/s]
dann: epoch 14:  86%|████████▌ | 175/203 [00:33<00:04,  5.71it/s]
dann: epoch 14:  87%|████████▋ | 176/203 [00:33<00:04,  5.61it/s]
dann: epoch 14:  87%|████████▋ | 177/203 [00:34<00:04,  5.54it/s]
dann: epoch 14:  88%|████████▊ | 178/203 [00:34<00:04,  5.60it/s]
dann: epoch 14:  88%|████████▊ | 179/203 [00:34<00:04,  5.56it/s]
dann: epoch 14:  89%|████████▊ | 180/203 [00:34<00:04,  5.72it/s]
dann: epoch 14:  89%|████████▉ | 181/203 [00:34<00:03,  5.77it/s]
dann: epoch 14:  90%|████████▉ | 182/203 [00:35<00:03,  5.42it/s]
dann: epoch 14:  90%|█████████ | 183/203 [00:35<00:03,  5.28it/s]
dann: epoch 14:  91%|█████████ | 184/203 [00:35<00:03,  5.20it/s]
dann: epoch 14:  91%|█████████ | 185/203 [00:35<00:03,  4.90it/s]
dann: epoch 14:  92%|█████████▏| 186/203 [00:35<00:03,  4.73it/s]
dann: epoch 14:  92%|█████████▏| 187/203 [00:36<00:03,  4.60it/s]
dann: epoch 14:  93%|█████████▎| 188/203 [00:36<00:03,  4.66it/s]
dann: epoch 14:  93%|█████████▎| 189/203 [00:36<00:03,  4.51it/s]
dann: epoch 14:  94%|█████████▎| 190/203 [00:36<00:02,  4.60it/s]
dann: epoch 14:  94%|█████████▍| 191/203 [00:36<00:02,  4.76it/s]
dann: epoch 14:  95%|█████████▍| 192/203 [00:37<00:02,  4.68it/s]
dann: epoch 14:  95%|█████████▌| 193/203 [00:37<00:02,  4.56it/s]
dann: epoch 14:  96%|█████████▌| 194/203 [00:37<00:02,  4.37it/s]
dann: epoch 14:  96%|█████████▌| 195/203 [00:37<00:01,  4.51it/s]
dann: epoch 14:  97%|█████████▋| 196/203 [00:38<00:01,  3.74it/s]
dann: epoch 14:  97%|█████████▋| 197/203 [00:38<00:01,  4.01it/s]
dann: epoch 14:  98%|█████████▊| 198/203 [00:38<00:01,  4.37it/s]
dann: epoch 14:  98%|█████████▊| 199/203 [00:38<00:00,  4.60it/s]
dann: epoch 14:  99%|█████████▊| 200/203 [00:39<00:00,  4.73it/s]
dann: epoch 14:  99%|█████████▉| 201/203 [00:39<00:00,  3.93it/s]
dann: epoch 14: 100%|█████████▉| 202/203 [00:39<00:00,  4.05it/s]
dann: epoch 14: 100%|██████████| 203/203 [00:39<00:00,  4.11it/s]
                                                                 
dann: epoch 14, source macro-f1=0.2903

dann: epoch 15:   0%|          | 0/203 [00:00<?, ?it/s]
dann: epoch 15:   0%|          | 1/203 [00:00<00:35,  5.73it/s]
dann: epoch 15:   1%|          | 2/203 [00:00<00:33,  6.03it/s]
dann: epoch 15:   1%|▏         | 3/203 [00:00<00:34,  5.80it/s]
dann: epoch 15:   2%|▏         | 4/203 [00:00<00:34,  5.77it/s]
dann: epoch 15:   2%|▏         | 5/203 [00:00<00:35,  5.52it/s]
dann: epoch 15:   3%|▎         | 6/203 [00:01<00:33,  5.84it/s]
dann: epoch 15:   3%|▎         | 7/203 [00:01<00:33,  5.88it/s]
dann: epoch 15:   4%|▍         | 8/203 [00:01<00:34,  5.71it/s]
dann: epoch 15:   4%|▍         | 9/203 [00:01<00:34,  5.56it/s]
dann: epoch 15:   5%|▍         | 10/203 [00:01<00:34,  5.57it/s]
dann: epoch 15:   5%|▌         | 11/203 [00:01<00:34,  5.65it/s]
dann: epoch 15:   6%|▌         | 12/203 [00:02<00:33,  5.77it/s]
dann: epoch 15:   6%|▋         | 13/203 [00:02<00:31,  5.99it/s]
dann: epoch 15:   7%|▋         | 14/203 [00:02<00:31,  6.04it/s]
dann: epoch 15:   7%|▋         | 15/203 [00:02<00:34,  5.44it/s]
dann: epoch 15:   8%|▊         | 16/203 [00:02<00:34,  5.49it/s]
dann: epoch 15:   8%|▊         | 17/203 [00:02<00:33,  5.49it/s]
dann: epoch 15:   9%|▉         | 18/203 [00:03<00:32,  5.64it/s]
dann: epoch 15:   9%|▉         | 19/203 [00:03<00:33,  5.55it/s]
dann: epoch 15:  10%|▉         | 20/203 [00:03<00:32,  5.63it/s]
dann: epoch 15:  10%|█         | 21/203 [00:03<00:31,  5.70it/s]
dann: epoch 15:  11%|█         | 22/203 [00:03<00:31,  5.69it/s]
dann: epoch 15:  11%|█▏        | 23/203 [00:04<00:30,  5.83it/s]
dann: epoch 15:  12%|█▏        | 24/203 [00:04<00:31,  5.68it/s]
dann: epoch 15:  12%|█▏        | 25/203 [00:04<00:31,  5.67it/s]
dann: epoch 15:  13%|█▎        | 26/203 [00:04<00:31,  5.66it/s]
dann: epoch 15:  13%|█▎        | 27/203 [00:04<00:30,  5.76it/s]
dann: epoch 15:  14%|█▍        | 28/203 [00:04<00:29,  5.85it/s]
dann: epoch 15:  14%|█▍        | 29/203 [00:05<00:30,  5.70it/s]
dann: epoch 15:  15%|█▍        | 30/203 [00:05<00:31,  5.56it/s]
dann: epoch 15:  15%|█▌        | 31/203 [00:05<00:30,  5.59it/s]
dann: epoch 15:  16%|█▌        | 32/203 [00:05<00:30,  5.68it/s]
dann: epoch 15:  16%|█▋        | 33/203 [00:05<00:29,  5.69it/s]
dann: epoch 15:  17%|█▋        | 34/203 [00:05<00:28,  5.85it/s]
dann: epoch 15:  17%|█▋        | 35/203 [00:06<00:28,  5.92it/s]
dann: epoch 15:  18%|█▊        | 36/203 [00:06<00:28,  5.90it/s]
dann: epoch 15:  18%|█▊        | 37/203 [00:06<00:28,  5.88it/s]
dann: epoch 15:  19%|█▊        | 38/203 [00:06<00:28,  5.75it/s]
dann: epoch 15:  19%|█▉        | 39/203 [00:06<00:29,  5.47it/s]
dann: epoch 15:  20%|█▉        | 40/203 [00:07<00:31,  5.21it/s]
dann: epoch 15:  20%|██        | 41/203 [00:07<00:32,  5.06it/s]
dann: epoch 15:  21%|██        | 42/203 [00:07<00:36,  4.45it/s]
dann: epoch 15:  21%|██        | 43/203 [00:07<00:36,  4.42it/s]
dann: epoch 15:  22%|██▏       | 44/203 [00:08<00:38,  4.09it/s]
dann: epoch 15:  22%|██▏       | 45/203 [00:08<00:37,  4.21it/s]
dann: epoch 15:  23%|██▎       | 46/203 [00:08<00:37,  4.15it/s]
dann: epoch 15:  23%|██▎       | 47/203 [00:08<00:37,  4.19it/s]
dann: epoch 15:  24%|██▎       | 48/203 [00:08<00:35,  4.43it/s]
dann: epoch 15:  24%|██▍       | 49/203 [00:09<00:38,  4.05it/s]
dann: epoch 15:  25%|██▍       | 50/203 [00:09<00:36,  4.18it/s]
dann: epoch 15:  25%|██▌       | 51/203 [00:09<00:44,  3.42it/s]
dann: epoch 15:  26%|██▌       | 52/203 [00:10<00:41,  3.65it/s]
dann: epoch 15:  26%|██▌       | 53/203 [00:10<00:46,  3.21it/s]
dann: epoch 15:  27%|██▋       | 54/203 [00:10<00:42,  3.51it/s]
dann: epoch 15:  27%|██▋       | 55/203 [00:11<00:44,  3.30it/s]
dann: epoch 15:  28%|██▊       | 56/203 [00:11<00:41,  3.56it/s]
dann: epoch 15:  28%|██▊       | 57/203 [00:11<00:40,  3.61it/s]
dann: epoch 15:  29%|██▊       | 58/203 [00:11<00:40,  3.62it/s]
dann: epoch 15:  29%|██▉       | 59/203 [00:12<00:36,  3.93it/s]
dann: epoch 15:  30%|██▉       | 60/203 [00:12<00:36,  3.96it/s]
dann: epoch 15:  30%|███       | 61/203 [00:12<00:36,  3.89it/s]
dann: epoch 15:  31%|███       | 62/203 [00:12<00:35,  4.01it/s]
dann: epoch 15:  31%|███       | 63/203 [00:13<00:32,  4.32it/s]
dann: epoch 15:  32%|███▏      | 64/203 [00:13<00:31,  4.37it/s]
dann: epoch 15:  32%|███▏      | 65/203 [00:13<00:30,  4.55it/s]
dann: epoch 15:  33%|███▎      | 66/203 [00:13<00:29,  4.72it/s]
dann: epoch 15:  33%|███▎      | 67/203 [00:13<00:27,  5.00it/s]
dann: epoch 15:  33%|███▎      | 68/203 [00:13<00:26,  5.16it/s]
dann: epoch 15:  34%|███▍      | 69/203 [00:14<00:25,  5.30it/s]
dann: epoch 15:  34%|███▍      | 70/203 [00:14<00:24,  5.46it/s]
dann: epoch 15:  35%|███▍      | 71/203 [00:14<00:24,  5.41it/s]
dann: epoch 15:  35%|███▌      | 72/203 [00:14<00:23,  5.64it/s]
dann: epoch 15:  36%|███▌      | 73/203 [00:14<00:23,  5.65it/s]
dann: epoch 15:  36%|███▋      | 74/203 [00:15<00:22,  5.72it/s]
dann: epoch 15:  37%|███▋      | 75/203 [00:15<00:22,  5.68it/s]
dann: epoch 15:  37%|███▋      | 76/203 [00:15<00:22,  5.68it/s]
dann: epoch 15:  38%|███▊      | 77/203 [00:15<00:21,  5.77it/s]
dann: epoch 15:  38%|███▊      | 78/203 [00:15<00:21,  5.94it/s]
dann: epoch 15:  39%|███▉      | 79/203 [00:15<00:21,  5.75it/s]
dann: epoch 15:  39%|███▉      | 80/203 [00:16<00:21,  5.60it/s]
dann: epoch 15:  40%|███▉      | 81/203 [00:16<00:21,  5.67it/s]
dann: epoch 15:  40%|████      | 82/203 [00:16<00:20,  5.90it/s]
dann: epoch 15:  41%|████      | 83/203 [00:16<00:20,  5.92it/s]
dann: epoch 15:  41%|████▏     | 84/203 [00:16<00:20,  5.94it/s]
dann: epoch 15:  42%|████▏     | 85/203 [00:16<00:19,  5.93it/s]
dann: epoch 15:  42%|████▏     | 86/203 [00:17<00:19,  6.03it/s]
dann: epoch 15:  43%|████▎     | 87/203 [00:17<00:19,  6.03it/s]
dann: epoch 15:  43%|████▎     | 88/203 [00:17<00:19,  5.93it/s]
dann: epoch 15:  44%|████▍     | 89/203 [00:17<00:19,  5.98it/s]
dann: epoch 15:  44%|████▍     | 90/203 [00:17<00:19,  5.95it/s]
dann: epoch 15:  45%|████▍     | 91/203 [00:17<00:18,  5.92it/s]
dann: epoch 15:  45%|████▌     | 92/203 [00:18<00:18,  5.97it/s]
dann: epoch 15:  46%|████▌     | 93/203 [00:18<00:24,  4.55it/s]
dann: epoch 15:  46%|████▋     | 94/203 [00:18<00:22,  4.78it/s]
dann: epoch 15:  47%|████▋     | 95/203 [00:18<00:21,  5.04it/s]
dann: epoch 15:  47%|████▋     | 96/203 [00:18<00:20,  5.25it/s]
dann: epoch 15:  48%|████▊     | 97/203 [00:19<00:19,  5.33it/s]
dann: epoch 15:  48%|████▊     | 98/203 [00:19<00:19,  5.41it/s]
dann: epoch 15:  49%|████▉     | 99/203 [00:19<00:19,  5.38it/s]
dann: epoch 15:  49%|████▉     | 100/203 [00:19<00:18,  5.50it/s]
dann: epoch 15:  50%|████▉     | 101/203 [00:19<00:18,  5.61it/s]
dann: epoch 15:  50%|█████     | 102/203 [00:20<00:18,  5.56it/s]
dann: epoch 15:  51%|█████     | 103/203 [00:20<00:17,  5.59it/s]
dann: epoch 15:  51%|█████     | 104/203 [00:20<00:17,  5.57it/s]
dann: epoch 15:  52%|█████▏    | 105/203 [00:20<00:17,  5.70it/s]
dann: epoch 15:  52%|█████▏    | 106/203 [00:20<00:17,  5.66it/s]
dann: epoch 15:  53%|█████▎    | 107/203 [00:20<00:16,  5.79it/s]
dann: epoch 15:  53%|█████▎    | 108/203 [00:21<00:16,  5.76it/s]
dann: epoch 15:  54%|█████▎    | 109/203 [00:21<00:16,  5.81it/s]
dann: epoch 15:  54%|█████▍    | 110/203 [00:21<00:16,  5.80it/s]
dann: epoch 15:  55%|█████▍    | 111/203 [00:21<00:16,  5.74it/s]
dann: epoch 15:  55%|█████▌    | 112/203 [00:21<00:15,  5.74it/s]
dann: epoch 15:  56%|█████▌    | 113/203 [00:21<00:16,  5.56it/s]
dann: epoch 15:  56%|█████▌    | 114/203 [00:22<00:15,  5.65it/s]
dann: epoch 15:  57%|█████▋    | 115/203 [00:22<00:15,  5.63it/s]
dann: epoch 15:  57%|█████▋    | 116/203 [00:22<00:15,  5.62it/s]
dann: epoch 15:  58%|█████▊    | 117/203 [00:22<00:14,  5.75it/s]
dann: epoch 15:  58%|█████▊    | 118/203 [00:22<00:14,  5.85it/s]
dann: epoch 15:  59%|█████▊    | 119/203 [00:23<00:15,  5.49it/s]
dann: epoch 15:  59%|█████▉    | 120/203 [00:23<00:16,  4.98it/s]
dann: epoch 15:  60%|█████▉    | 121/203 [00:23<00:15,  5.14it/s]
dann: epoch 15:  60%|██████    | 122/203 [00:23<00:16,  4.98it/s]
dann: epoch 15:  61%|██████    | 123/203 [00:23<00:16,  4.86it/s]
dann: epoch 15:  61%|██████    | 124/203 [00:24<00:16,  4.83it/s]
dann: epoch 15:  62%|██████▏   | 125/203 [00:24<00:17,  4.55it/s]
dann: epoch 15:  62%|██████▏   | 126/203 [00:24<00:17,  4.48it/s]
dann: epoch 15:  63%|██████▎   | 127/203 [00:24<00:17,  4.39it/s]
dann: epoch 15:  63%|██████▎   | 128/203 [00:25<00:16,  4.48it/s]
dann: epoch 15:  64%|██████▎   | 129/203 [00:25<00:16,  4.54it/s]
dann: epoch 15:  64%|██████▍   | 130/203 [00:25<00:16,  4.51it/s]
dann: epoch 15:  65%|██████▍   | 131/203 [00:25<00:15,  4.51it/s]
dann: epoch 15:  65%|██████▌   | 132/203 [00:25<00:15,  4.50it/s]
dann: epoch 15:  66%|██████▌   | 133/203 [00:26<00:16,  4.20it/s]
dann: epoch 15:  66%|██████▌   | 134/203 [00:26<00:15,  4.41it/s]
dann: epoch 15:  67%|██████▋   | 135/203 [00:26<00:17,  3.90it/s]
dann: epoch 15:  67%|██████▋   | 136/203 [00:26<00:16,  4.12it/s]
dann: epoch 15:  67%|██████▋   | 137/203 [00:27<00:15,  4.19it/s]
dann: epoch 15:  68%|██████▊   | 138/203 [00:27<00:14,  4.42it/s]
dann: epoch 15:  68%|██████▊   | 139/203 [00:27<00:14,  4.38it/s]
dann: epoch 15:  69%|██████▉   | 140/203 [00:27<00:13,  4.59it/s]
dann: epoch 15:  69%|██████▉   | 141/203 [00:28<00:14,  4.22it/s]
dann: epoch 15:  70%|██████▉   | 142/203 [00:28<00:13,  4.46it/s]
dann: epoch 15:  70%|███████   | 143/203 [00:28<00:13,  4.60it/s]
dann: epoch 15:  71%|███████   | 144/203 [00:28<00:12,  4.78it/s]
dann: epoch 15:  71%|███████▏  | 145/203 [00:28<00:12,  4.75it/s]
dann: epoch 15:  72%|███████▏  | 146/203 [00:29<00:11,  5.07it/s]
dann: epoch 15:  72%|███████▏  | 147/203 [00:29<00:10,  5.13it/s]
dann: epoch 15:  73%|███████▎  | 148/203 [00:29<00:10,  5.30it/s]
dann: epoch 15:  73%|███████▎  | 149/203 [00:29<00:09,  5.53it/s]
dann: epoch 15:  74%|███████▍  | 150/203 [00:29<00:09,  5.47it/s]
dann: epoch 15:  74%|███████▍  | 151/203 [00:29<00:09,  5.44it/s]
dann: epoch 15:  75%|███████▍  | 152/203 [00:30<00:09,  5.54it/s]
dann: epoch 15:  75%|███████▌  | 153/203 [00:30<00:08,  5.68it/s]
dann: epoch 15:  76%|███████▌  | 154/203 [00:30<00:08,  5.62it/s]
dann: epoch 15:  76%|███████▋  | 155/203 [00:30<00:08,  5.78it/s]
dann: epoch 15:  77%|███████▋  | 156/203 [00:30<00:08,  5.84it/s]
dann: epoch 15:  77%|███████▋  | 157/203 [00:30<00:07,  5.81it/s]
dann: epoch 15:  78%|███████▊  | 158/203 [00:31<00:07,  5.82it/s]
dann: epoch 15:  78%|███████▊  | 159/203 [00:31<00:07,  5.96it/s]
dann: epoch 15:  79%|███████▉  | 160/203 [00:31<00:07,  5.86it/s]
dann: epoch 15:  79%|███████▉  | 161/203 [00:31<00:07,  5.96it/s]
dann: epoch 15:  80%|███████▉  | 162/203 [00:31<00:06,  5.99it/s]
dann: epoch 15:  80%|████████  | 163/203 [00:31<00:06,  6.11it/s]
dann: epoch 15:  81%|████████  | 164/203 [00:32<00:06,  6.10it/s]
dann: epoch 15:  81%|████████▏ | 165/203 [00:32<00:06,  5.46it/s]
dann: epoch 15:  82%|████████▏ | 166/203 [00:32<00:06,  5.48it/s]
dann: epoch 15:  82%|████████▏ | 167/203 [00:32<00:06,  5.54it/s]
dann: epoch 15:  83%|████████▎ | 168/203 [00:32<00:06,  5.55it/s]
dann: epoch 15:  83%|████████▎ | 169/203 [00:33<00:05,  5.70it/s]
dann: epoch 15:  84%|████████▎ | 170/203 [00:33<00:05,  5.87it/s]
dann: epoch 15:  84%|████████▍ | 171/203 [00:33<00:05,  5.90it/s]
dann: epoch 15:  85%|████████▍ | 172/203 [00:33<00:05,  5.75it/s]
dann: epoch 15:  85%|████████▌ | 173/203 [00:33<00:05,  5.75it/s]
dann: epoch 15:  86%|████████▌ | 174/203 [00:33<00:04,  5.84it/s]
dann: epoch 15:  86%|████████▌ | 175/203 [00:34<00:04,  5.90it/s]
dann: epoch 15:  87%|████████▋ | 176/203 [00:34<00:04,  5.91it/s]
dann: epoch 15:  87%|████████▋ | 177/203 [00:34<00:04,  5.74it/s]
dann: epoch 15:  88%|████████▊ | 178/203 [00:34<00:04,  5.71it/s]
dann: epoch 15:  88%|████████▊ | 179/203 [00:34<00:04,  5.64it/s]
dann: epoch 15:  89%|████████▊ | 180/203 [00:34<00:04,  5.72it/s]
dann: epoch 15:  89%|████████▉ | 181/203 [00:35<00:03,  5.72it/s]
dann: epoch 15:  90%|████████▉ | 182/203 [00:35<00:03,  5.74it/s]
dann: epoch 15:  90%|█████████ | 183/203 [00:35<00:03,  5.76it/s]
dann: epoch 15:  91%|█████████ | 184/203 [00:35<00:03,  5.83it/s]
dann: epoch 15:  91%|█████████ | 185/203 [00:35<00:03,  5.76it/s]
dann: epoch 15:  92%|█████████▏| 186/203 [00:35<00:02,  5.82it/s]
dann: epoch 15:  92%|█████████▏| 187/203 [00:36<00:02,  5.89it/s]
dann: epoch 15:  93%|█████████▎| 188/203 [00:36<00:02,  5.80it/s]
dann: epoch 15:  93%|█████████▎| 189/203 [00:36<00:02,  5.78it/s]
dann: epoch 15:  94%|█████████▎| 190/203 [00:36<00:02,  5.72it/s]
dann: epoch 15:  94%|█████████▍| 191/203 [00:36<00:02,  5.76it/s]
dann: epoch 15:  95%|█████████▍| 192/203 [00:36<00:01,  5.91it/s]
dann: epoch 15:  95%|█████████▌| 193/203 [00:37<00:01,  5.87it/s]
dann: epoch 15:  96%|█████████▌| 194/203 [00:37<00:01,  5.69it/s]
dann: epoch 15:  96%|█████████▌| 195/203 [00:37<00:01,  5.78it/s]
dann: epoch 15:  97%|█████████▋| 196/203 [00:37<00:01,  5.75it/s]
dann: epoch 15:  97%|█████████▋| 197/203 [00:37<00:01,  5.91it/s]
dann: epoch 15:  98%|█████████▊| 198/203 [00:38<00:00,  5.92it/s]
dann: epoch 15:  98%|█████████▊| 199/203 [00:38<00:00,  5.99it/s]
dann: epoch 15:  99%|█████████▊| 200/203 [00:38<00:00,  5.89it/s]
dann: epoch 15:  99%|█████████▉| 201/203 [00:38<00:00,  5.06it/s]
dann: epoch 15: 100%|█████████▉| 202/203 [00:38<00:00,  5.10it/s]
dann: epoch 15: 100%|██████████| 203/203 [00:39<00:00,  4.91it/s]
                                                                 
dann: epoch 15, source macro-f1=0.2955

dann: epoch 16:   0%|          | 0/203 [00:00<?, ?it/s]
dann: epoch 16:   0%|          | 1/203 [00:00<00:31,  6.33it/s]
dann: epoch 16:   1%|          | 2/203 [00:00<00:35,  5.72it/s]
dann: epoch 16:   1%|▏         | 3/203 [00:00<00:35,  5.65it/s]
dann: epoch 16:   2%|▏         | 4/203 [00:00<00:34,  5.77it/s]
dann: epoch 16:   2%|▏         | 5/203 [00:00<00:34,  5.69it/s]
dann: epoch 16:   3%|▎         | 6/203 [00:01<00:35,  5.61it/s]
dann: epoch 16:   3%|▎         | 7/203 [00:01<00:33,  5.79it/s]
dann: epoch 16:   4%|▍         | 8/203 [00:01<00:33,  5.79it/s]
dann: epoch 16:   4%|▍         | 9/203 [00:01<00:33,  5.83it/s]
dann: epoch 16:   5%|▍         | 10/203 [00:01<00:32,  5.96it/s]
dann: epoch 16:   5%|▌         | 11/203 [00:01<00:32,  5.92it/s]
dann: epoch 16:   6%|▌         | 12/203 [00:02<00:31,  6.03it/s]
dann: epoch 16:   6%|▋         | 13/203 [00:02<00:31,  6.01it/s]
dann: epoch 16:   7%|▋         | 14/203 [00:02<00:31,  6.02it/s]
dann: epoch 16:   7%|▋         | 15/203 [00:02<00:31,  5.99it/s]
dann: epoch 16:   8%|▊         | 16/203 [00:02<00:35,  5.25it/s]
dann: epoch 16:   8%|▊         | 17/203 [00:02<00:34,  5.39it/s]
dann: epoch 16:   9%|▉         | 18/203 [00:03<00:33,  5.51it/s]
dann: epoch 16:   9%|▉         | 19/203 [00:03<00:33,  5.56it/s]
dann: epoch 16:  10%|▉         | 20/203 [00:03<00:31,  5.75it/s]
dann: epoch 16:  10%|█         | 21/203 [00:03<00:32,  5.62it/s]
dann: epoch 16:  11%|█         | 22/203 [00:03<00:31,  5.76it/s]
dann: epoch 16:  11%|█▏        | 23/203 [00:04<00:31,  5.71it/s]
dann: epoch 16:  12%|█▏        | 24/203 [00:04<00:30,  5.92it/s]
dann: epoch 16:  12%|█▏        | 25/203 [00:04<00:30,  5.75it/s]
dann: epoch 16:  13%|█▎        | 26/203 [00:04<00:30,  5.79it/s]
dann: epoch 16:  13%|█▎        | 27/203 [00:04<00:30,  5.85it/s]
dann: epoch 16:  14%|█▍        | 28/203 [00:04<00:28,  6.05it/s]
dann: epoch 16:  14%|█▍        | 29/203 [00:05<00:28,  6.02it/s]
dann: epoch 16:  15%|█▍        | 30/203 [00:05<00:28,  6.04it/s]
dann: epoch 16:  15%|█▌        | 31/203 [00:05<00:29,  5.90it/s]
dann: epoch 16:  16%|█▌        | 32/203 [00:05<00:29,  5.87it/s]
dann: epoch 16:  16%|█▋        | 33/203 [00:05<00:30,  5.56it/s]
dann: epoch 16:  17%|█▋        | 34/203 [00:05<00:29,  5.72it/s]
dann: epoch 16:  17%|█▋        | 35/203 [00:06<00:29,  5.73it/s]
dann: epoch 16:  18%|█▊        | 36/203 [00:06<00:28,  5.88it/s]
dann: epoch 16:  18%|█▊        | 37/203 [00:06<00:28,  5.88it/s]
dann: epoch 16:  19%|█▊        | 38/203 [00:06<00:28,  5.87it/s]
dann: epoch 16:  19%|█▉        | 39/203 [00:06<00:29,  5.61it/s]
dann: epoch 16:  20%|█▉        | 40/203 [00:06<00:29,  5.52it/s]
dann: epoch 16:  20%|██        | 41/203 [00:07<00:28,  5.67it/s]
dann: epoch 16:  21%|██        | 42/203 [00:07<00:28,  5.64it/s]
dann: epoch 16:  21%|██        | 43/203 [00:07<00:28,  5.56it/s]
dann: epoch 16:  22%|██▏       | 44/203 [00:07<00:27,  5.81it/s]
dann: epoch 16:  22%|██▏       | 45/203 [00:07<00:27,  5.76it/s]
dann: epoch 16:  23%|██▎       | 46/203 [00:08<00:28,  5.50it/s]
dann: epoch 16:  23%|██▎       | 47/203 [00:08<00:28,  5.50it/s]
dann: epoch 16:  24%|██▎       | 48/203 [00:08<00:28,  5.50it/s]
dann: epoch 16:  24%|██▍       | 49/203 [00:08<00:27,  5.60it/s]
dann: epoch 16:  25%|██▍       | 50/203 [00:08<00:27,  5.62it/s]
dann: epoch 16:  25%|██▌       | 51/203 [00:08<00:26,  5.66it/s]
dann: epoch 16:  26%|██▌       | 52/203 [00:09<00:26,  5.75it/s]
dann: epoch 16:  26%|██▌       | 53/203 [00:09<00:42,  3.57it/s]
dann: epoch 16:  27%|██▋       | 54/203 [00:09<00:38,  3.87it/s]
dann: epoch 16:  27%|██▋       | 55/203 [00:10<00:38,  3.81it/s]
dann: epoch 16:  28%|██▊       | 56/203 [00:10<00:37,  3.89it/s]
dann: epoch 16:  28%|██▊       | 57/203 [00:10<00:45,  3.24it/s]
dann: epoch 16:  29%|██▊       | 58/203 [00:10<00:40,  3.54it/s]
dann: epoch 16:  29%|██▉       | 59/203 [00:11<00:42,  3.38it/s]
dann: epoch 16:  30%|██▉       | 60/203 [00:11<00:39,  3.61it/s]
dann: epoch 16:  30%|███       | 61/203 [00:11<00:39,  3.59it/s]
dann: epoch 16:  31%|███       | 62/203 [00:12<00:36,  3.85it/s]
dann: epoch 16:  31%|███       | 63/203 [00:12<00:38,  3.60it/s]
dann: epoch 16:  32%|███▏      | 64/203 [00:12<00:35,  3.97it/s]
dann: epoch 16:  32%|███▏      | 65/203 [00:12<00:39,  3.46it/s]
dann: epoch 16:  33%|███▎      | 66/203 [00:13<00:36,  3.80it/s]
dann: epoch 16:  33%|███▎      | 67/203 [00:13<00:34,  3.95it/s]
dann: epoch 16:  33%|███▎      | 68/203 [00:13<00:32,  4.20it/s]
dann: epoch 16:  34%|███▍      | 69/203 [00:13<00:31,  4.25it/s]
dann: epoch 16:  34%|███▍      | 70/203 [00:13<00:29,  4.53it/s]
dann: epoch 16:  35%|███▍      | 71/203 [00:14<00:29,  4.54it/s]
dann: epoch 16:  35%|███▌      | 72/203 [00:14<00:29,  4.44it/s]
dann: epoch 16:  36%|███▌      | 73/203 [00:14<00:31,  4.19it/s]
dann: epoch 16:  36%|███▋      | 74/203 [00:14<00:28,  4.45it/s]
dann: epoch 16:  37%|███▋      | 75/203 [00:15<00:27,  4.64it/s]
dann: epoch 16:  37%|███▋      | 76/203 [00:15<00:26,  4.80it/s]
dann: epoch 16:  38%|███▊      | 77/203 [00:15<00:25,  4.91it/s]
dann: epoch 16:  38%|███▊      | 78/203 [00:15<00:24,  5.12it/s]
dann: epoch 16:  39%|███▉      | 79/203 [00:15<00:22,  5.40it/s]
dann: epoch 16:  39%|███▉      | 80/203 [00:15<00:21,  5.60it/s]
dann: epoch 16:  40%|███▉      | 81/203 [00:16<00:21,  5.61it/s]
dann: epoch 16:  40%|████      | 82/203 [00:16<00:21,  5.70it/s]
dann: epoch 16:  41%|████      | 83/203 [00:16<00:21,  5.62it/s]
dann: epoch 16:  41%|████▏     | 84/203 [00:16<00:21,  5.49it/s]
dann: epoch 16:  42%|████▏     | 85/203 [00:16<00:21,  5.53it/s]
dann: epoch 16:  42%|████▏     | 86/203 [00:17<00:20,  5.61it/s]
dann: epoch 16:  43%|████▎     | 87/203 [00:17<00:20,  5.75it/s]
dann: epoch 16:  43%|████▎     | 88/203 [00:17<00:19,  5.87it/s]
dann: epoch 16:  44%|████▍     | 89/203 [00:17<00:19,  5.74it/s]
dann: epoch 16:  44%|████▍     | 90/203 [00:17<00:19,  5.73it/s]
dann: epoch 16:  45%|████▍     | 91/203 [00:17<00:19,  5.79it/s]
dann: epoch 16:  45%|████▌     | 92/203 [00:18<00:19,  5.72it/s]
dann: epoch 16:  46%|████▌     | 93/203 [00:18<00:18,  5.91it/s]
dann: epoch 16:  46%|████▋     | 94/203 [00:18<00:19,  5.70it/s]
dann: epoch 16:  47%|████▋     | 95/203 [00:18<00:18,  5.78it/s]
dann: epoch 16:  47%|████▋     | 96/203 [00:18<00:18,  5.70it/s]
dann: epoch 16:  48%|████▊     | 97/203 [00:18<00:18,  5.60it/s]
dann: epoch 16:  48%|████▊     | 98/203 [00:19<00:18,  5.74it/s]
dann: epoch 16:  49%|████▉     | 99/203 [00:19<00:18,  5.76it/s]
dann: epoch 16:  49%|████▉     | 100/203 [00:19<00:17,  5.84it/s]
dann: epoch 16:  50%|████▉     | 101/203 [00:19<00:17,  5.73it/s]
dann: epoch 16:  50%|█████     | 102/203 [00:19<00:17,  5.92it/s]
dann: epoch 16:  51%|█████     | 103/203 [00:19<00:17,  5.80it/s]
dann: epoch 16:  51%|█████     | 104/203 [00:20<00:17,  5.78it/s]
dann: epoch 16:  52%|█████▏    | 105/203 [00:20<00:16,  5.89it/s]
dann: epoch 16:  52%|█████▏    | 106/203 [00:20<00:16,  5.96it/s]
dann: epoch 16:  53%|█████▎    | 107/203 [00:20<00:16,  6.00it/s]
dann: epoch 16:  53%|█████▎    | 108/203 [00:20<00:16,  5.86it/s]
dann: epoch 16:  54%|█████▎    | 109/203 [00:20<00:15,  5.89it/s]
dann: epoch 16:  54%|█████▍    | 110/203 [00:21<00:16,  5.75it/s]
dann: epoch 16:  55%|█████▍    | 111/203 [00:21<00:16,  5.66it/s]
dann: epoch 16:  55%|█████▌    | 112/203 [00:21<00:15,  5.76it/s]
dann: epoch 16:  56%|█████▌    | 113/203 [00:21<00:15,  5.68it/s]
dann: epoch 16:  56%|█████▌    | 114/203 [00:21<00:15,  5.67it/s]
dann: epoch 16:  57%|█████▋    | 115/203 [00:22<00:15,  5.71it/s]
dann: epoch 16:  57%|█████▋    | 116/203 [00:22<00:15,  5.77it/s]
dann: epoch 16:  58%|█████▊    | 117/203 [00:22<00:15,  5.72it/s]
dann: epoch 16:  58%|█████▊    | 118/203 [00:22<00:14,  5.75it/s]
dann: epoch 16:  59%|█████▊    | 119/203 [00:22<00:14,  5.74it/s]
dann: epoch 16:  59%|█████▉    | 120/203 [00:22<00:14,  5.79it/s]
dann: epoch 16:  60%|█████▉    | 121/203 [00:23<00:13,  5.87it/s]
dann: epoch 16:  60%|██████    | 122/203 [00:23<00:13,  5.80it/s]
dann: epoch 16:  61%|██████    | 123/203 [00:23<00:13,  5.99it/s]
dann: epoch 16:  61%|██████    | 124/203 [00:23<00:13,  5.70it/s]
dann: epoch 16:  62%|██████▏   | 125/203 [00:23<00:13,  5.82it/s]
dann: epoch 16:  62%|██████▏   | 126/203 [00:23<00:13,  5.81it/s]
dann: epoch 16:  63%|██████▎   | 127/203 [00:24<00:12,  5.92it/s]
dann: epoch 16:  63%|██████▎   | 128/203 [00:24<00:12,  6.02it/s]
dann: epoch 16:  64%|██████▎   | 129/203 [00:24<00:13,  5.43it/s]
dann: epoch 16:  64%|██████▍   | 130/203 [00:24<00:12,  5.63it/s]
dann: epoch 16:  65%|██████▍   | 131/203 [00:24<00:12,  5.77it/s]
dann: epoch 16:  65%|██████▌   | 132/203 [00:24<00:12,  5.76it/s]
dann: epoch 16:  66%|██████▌   | 133/203 [00:25<00:12,  5.74it/s]
dann: epoch 16:  66%|██████▌   | 134/203 [00:25<00:13,  5.22it/s]
dann: epoch 16:  67%|██████▋   | 135/203 [00:25<00:12,  5.28it/s]
dann: epoch 16:  67%|██████▋   | 136/203 [00:25<00:12,  5.25it/s]
dann: epoch 16:  67%|██████▋   | 137/203 [00:26<00:13,  4.79it/s]
dann: epoch 16:  68%|██████▊   | 138/203 [00:26<00:14,  4.63it/s]
dann: epoch 16:  68%|██████▊   | 139/203 [00:26<00:13,  4.71it/s]
dann: epoch 16:  69%|██████▉   | 140/203 [00:26<00:15,  3.97it/s]
dann: epoch 16:  69%|██████▉   | 141/203 [00:27<00:14,  4.16it/s]
dann: epoch 16:  70%|██████▉   | 142/203 [00:27<00:15,  3.99it/s]
dann: epoch 16:  70%|███████   | 143/203 [00:27<00:13,  4.30it/s]
dann: epoch 16:  71%|███████   | 144/203 [00:27<00:13,  4.23it/s]
dann: epoch 16:  71%|███████▏  | 145/203 [00:27<00:13,  4.42it/s]
dann: epoch 16:  72%|███████▏  | 146/203 [00:28<00:14,  4.05it/s]
dann: epoch 16:  72%|███████▏  | 147/203 [00:28<00:13,  4.20it/s]
dann: epoch 16:  73%|███████▎  | 148/203 [00:28<00:15,  3.66it/s]
dann: epoch 16:  73%|███████▎  | 149/203 [00:28<00:13,  3.92it/s]
dann: epoch 16:  74%|███████▍  | 150/203 [00:29<00:12,  4.23it/s]
dann: epoch 16:  74%|███████▍  | 151/203 [00:29<00:12,  4.24it/s]
dann: epoch 16:  75%|███████▍  | 152/203 [00:29<00:11,  4.31it/s]
dann: epoch 16:  75%|███████▌  | 153/203 [00:29<00:10,  4.57it/s]
dann: epoch 16:  76%|███████▌  | 154/203 [00:30<00:10,  4.50it/s]
dann: epoch 16:  76%|███████▋  | 155/203 [00:30<00:10,  4.48it/s]
dann: epoch 16:  77%|███████▋  | 156/203 [00:30<00:10,  4.62it/s]
dann: epoch 16:  77%|███████▋  | 157/203 [00:30<00:09,  4.74it/s]
dann: epoch 16:  78%|███████▊  | 158/203 [00:30<00:09,  4.93it/s]
dann: epoch 16:  78%|███████▊  | 159/203 [00:31<00:08,  5.11it/s]
dann: epoch 16:  79%|███████▉  | 160/203 [00:31<00:08,  5.03it/s]
dann: epoch 16:  79%|███████▉  | 161/203 [00:31<00:08,  5.08it/s]
dann: epoch 16:  80%|███████▉  | 162/203 [00:31<00:07,  5.22it/s]
dann: epoch 16:  80%|████████  | 163/203 [00:31<00:07,  5.29it/s]
dann: epoch 16:  81%|████████  | 164/203 [00:31<00:07,  5.42it/s]
dann: epoch 16:  81%|████████▏ | 165/203 [00:32<00:06,  5.59it/s]
dann: epoch 16:  82%|████████▏ | 166/203 [00:32<00:06,  5.70it/s]
dann: epoch 16:  82%|████████▏ | 167/203 [00:32<00:06,  5.80it/s]
dann: epoch 16:  83%|████████▎ | 168/203 [00:32<00:06,  5.68it/s]
dann: epoch 16:  83%|████████▎ | 169/203 [00:32<00:05,  5.74it/s]
dann: epoch 16:  84%|████████▎ | 170/203 [00:33<00:05,  5.59it/s]
dann: epoch 16:  84%|████████▍ | 171/203 [00:33<00:05,  5.72it/s]
dann: epoch 16:  85%|████████▍ | 172/203 [00:33<00:05,  5.65it/s]
dann: epoch 16:  85%|████████▌ | 173/203 [00:33<00:05,  5.77it/s]
dann: epoch 16:  86%|████████▌ | 174/203 [00:33<00:05,  5.77it/s]
dann: epoch 16:  86%|████████▌ | 175/203 [00:33<00:04,  5.90it/s]
dann: epoch 16:  87%|████████▋ | 176/203 [00:34<00:04,  5.69it/s]
dann: epoch 16:  87%|████████▋ | 177/203 [00:34<00:04,  5.68it/s]
dann: epoch 16:  88%|████████▊ | 178/203 [00:34<00:04,  5.81it/s]
dann: epoch 16:  88%|████████▊ | 179/203 [00:34<00:04,  5.87it/s]
dann: epoch 16:  89%|████████▊ | 180/203 [00:34<00:03,  5.83it/s]
dann: epoch 16:  89%|████████▉ | 181/203 [00:34<00:03,  5.78it/s]
dann: epoch 16:  90%|████████▉ | 182/203 [00:35<00:03,  5.62it/s]
dann: epoch 16:  90%|█████████ | 183/203 [00:35<00:03,  5.71it/s]
dann: epoch 16:  91%|█████████ | 184/203 [00:35<00:03,  5.66it/s]
dann: epoch 16:  91%|█████████ | 185/203 [00:35<00:03,  5.61it/s]
dann: epoch 16:  92%|█████████▏| 186/203 [00:35<00:03,  5.54it/s]
dann: epoch 16:  92%|█████████▏| 187/203 [00:36<00:02,  5.60it/s]
dann: epoch 16:  93%|█████████▎| 188/203 [00:36<00:02,  5.57it/s]
dann: epoch 16:  93%|█████████▎| 189/203 [00:36<00:02,  5.74it/s]
dann: epoch 16:  94%|█████████▎| 190/203 [00:36<00:02,  5.79it/s]
dann: epoch 16:  94%|█████████▍| 191/203 [00:36<00:02,  5.69it/s]
dann: epoch 16:  95%|█████████▍| 192/203 [00:36<00:01,  5.68it/s]
dann: epoch 16:  95%|█████████▌| 193/203 [00:37<00:01,  5.61it/s]
dann: epoch 16:  96%|█████████▌| 194/203 [00:37<00:01,  5.73it/s]
dann: epoch 16:  96%|█████████▌| 195/203 [00:37<00:01,  5.81it/s]
dann: epoch 16:  97%|█████████▋| 196/203 [00:37<00:01,  5.79it/s]
dann: epoch 16:  97%|█████████▋| 197/203 [00:37<00:01,  5.73it/s]
dann: epoch 16:  98%|█████████▊| 198/203 [00:37<00:00,  5.54it/s]
dann: epoch 16:  98%|█████████▊| 199/203 [00:38<00:00,  5.59it/s]
dann: epoch 16:  99%|█████████▊| 200/203 [00:38<00:00,  5.76it/s]
dann: epoch 16:  99%|█████████▉| 201/203 [00:38<00:00,  5.85it/s]
dann: epoch 16: 100%|█████████▉| 202/203 [00:38<00:00,  6.03it/s]
dann: epoch 16: 100%|██████████| 203/203 [00:38<00:00,  5.98it/s]
                                                                 
dann: epoch 16, source macro-f1=0.3321

dann: epoch 17:   0%|          | 0/203 [00:00<?, ?it/s]
dann: epoch 17:   0%|          | 1/203 [00:00<00:37,  5.35it/s]
dann: epoch 17:   1%|          | 2/203 [00:00<00:40,  4.99it/s]
dann: epoch 17:   1%|▏         | 3/203 [00:00<00:39,  5.12it/s]
dann: epoch 17:   2%|▏         | 4/203 [00:00<00:42,  4.70it/s]
dann: epoch 17:   2%|▏         | 5/203 [00:01<00:44,  4.49it/s]
dann: epoch 17:   3%|▎         | 6/203 [00:01<00:43,  4.49it/s]
dann: epoch 17:   3%|▎         | 7/203 [00:01<00:41,  4.71it/s]
dann: epoch 17:   4%|▍         | 8/203 [00:01<00:39,  4.88it/s]
dann: epoch 17:   4%|▍         | 9/203 [00:01<00:43,  4.50it/s]
dann: epoch 17:   5%|▍         | 10/203 [00:02<00:42,  4.54it/s]
dann: epoch 17:   5%|▌         | 11/203 [00:02<00:40,  4.77it/s]
dann: epoch 17:   6%|▌         | 12/203 [00:02<00:37,  5.05it/s]
dann: epoch 17:   6%|▋         | 13/203 [00:02<00:47,  3.96it/s]
dann: epoch 17:   7%|▋         | 14/203 [00:03<00:42,  4.44it/s]
dann: epoch 17:   7%|▋         | 15/203 [00:03<00:39,  4.72it/s]
dann: epoch 17:   8%|▊         | 16/203 [00:03<00:37,  4.94it/s]
dann: epoch 17:   8%|▊         | 17/203 [00:03<00:40,  4.65it/s]
dann: epoch 17:   9%|▉         | 18/203 [00:03<00:36,  5.00it/s]
dann: epoch 17:   9%|▉         | 19/203 [00:03<00:35,  5.20it/s]
dann: epoch 17:  10%|▉         | 20/203 [00:04<00:33,  5.43it/s]
dann: epoch 17:  10%|█         | 21/203 [00:04<00:32,  5.63it/s]
dann: epoch 17:  11%|█         | 22/203 [00:04<00:32,  5.55it/s]
dann: epoch 17:  11%|█▏        | 23/203 [00:04<00:33,  5.40it/s]
dann: epoch 17:  12%|█▏        | 24/203 [00:04<00:32,  5.53it/s]
dann: epoch 17:  12%|█▏        | 25/203 [00:05<00:30,  5.76it/s]
dann: epoch 17:  13%|█▎        | 26/203 [00:05<00:30,  5.81it/s]
dann: epoch 17:  13%|█▎        | 27/203 [00:05<00:29,  5.95it/s]
dann: epoch 17:  14%|█▍        | 28/203 [00:05<00:29,  5.98it/s]
dann: epoch 17:  14%|█▍        | 29/203 [00:05<00:33,  5.15it/s]
dann: epoch 17:  15%|█▍        | 30/203 [00:05<00:32,  5.37it/s]
dann: epoch 17:  15%|█▌        | 31/203 [00:06<00:31,  5.43it/s]
dann: epoch 17:  16%|█▌        | 32/203 [00:06<00:31,  5.42it/s]
dann: epoch 17:  16%|█▋        | 33/203 [00:06<00:31,  5.44it/s]
dann: epoch 17:  17%|█▋        | 34/203 [00:06<00:30,  5.53it/s]
dann: epoch 17:  17%|█▋        | 35/203 [00:06<00:29,  5.71it/s]
dann: epoch 17:  18%|█▊        | 36/203 [00:07<00:29,  5.64it/s]
dann: epoch 17:  18%|█▊        | 37/203 [00:07<00:28,  5.78it/s]
dann: epoch 17:  19%|█▊        | 38/203 [00:07<00:28,  5.76it/s]
dann: epoch 17:  19%|█▉        | 39/203 [00:07<00:28,  5.72it/s]
dann: epoch 17:  20%|█▉        | 40/203 [00:07<00:29,  5.57it/s]
dann: epoch 17:  20%|██        | 41/203 [00:07<00:29,  5.50it/s]
dann: epoch 17:  21%|██        | 42/203 [00:08<00:28,  5.65it/s]
dann: epoch 17:  21%|██        | 43/203 [00:08<00:28,  5.57it/s]
dann: epoch 17:  22%|██▏       | 44/203 [00:08<00:28,  5.66it/s]
dann: epoch 17:  22%|██▏       | 45/203 [00:08<00:27,  5.71it/s]
dann: epoch 17:  23%|██▎       | 46/203 [00:08<00:26,  5.83it/s]
dann: epoch 17:  23%|██▎       | 47/203 [00:08<00:27,  5.59it/s]
dann: epoch 17:  24%|██▎       | 48/203 [00:09<00:28,  5.49it/s]
dann: epoch 17:  24%|██▍       | 49/203 [00:09<00:27,  5.57it/s]
dann: epoch 17:  25%|██▍       | 50/203 [00:09<00:26,  5.70it/s]
dann: epoch 17:  25%|██▌       | 51/203 [00:09<00:27,  5.50it/s]
dann: epoch 17:  26%|██▌       | 52/203 [00:09<00:27,  5.52it/s]
dann: epoch 17:  26%|██▌       | 53/203 [00:10<00:28,  5.20it/s]
dann: epoch 17:  27%|██▋       | 54/203 [00:10<00:27,  5.37it/s]
dann: epoch 17:  27%|██▋       | 55/203 [00:10<00:27,  5.45it/s]
dann: epoch 17:  28%|██▊       | 56/203 [00:10<00:27,  5.44it/s]
dann: epoch 17:  28%|██▊       | 57/203 [00:10<00:28,  5.17it/s]
dann: epoch 17:  29%|██▊       | 58/203 [00:11<00:27,  5.26it/s]
dann: epoch 17:  29%|██▉       | 59/203 [00:11<00:27,  5.24it/s]
dann: epoch 17:  30%|██▉       | 60/203 [00:11<00:26,  5.35it/s]
dann: epoch 17:  30%|███       | 61/203 [00:11<00:26,  5.26it/s]
dann: epoch 17:  31%|███       | 62/203 [00:11<00:25,  5.52it/s]
dann: epoch 17:  31%|███       | 63/203 [00:11<00:26,  5.37it/s]
dann: epoch 17:  32%|███▏      | 64/203 [00:12<00:26,  5.29it/s]
dann: epoch 17:  32%|███▏      | 65/203 [00:12<00:25,  5.36it/s]
dann: epoch 17:  33%|███▎      | 66/203 [00:12<00:25,  5.30it/s]
dann: epoch 17:  33%|███▎      | 67/203 [00:12<00:25,  5.36it/s]
dann: epoch 17:  33%|███▎      | 68/203 [00:12<00:27,  4.98it/s]
dann: epoch 17:  34%|███▍      | 69/203 [00:13<00:27,  4.82it/s]
dann: epoch 17:  34%|███▍      | 70/203 [00:13<00:28,  4.72it/s]
dann: epoch 17:  35%|███▍      | 71/203 [00:13<00:27,  4.83it/s]
dann: epoch 17:  35%|███▌      | 72/203 [00:13<00:29,  4.48it/s]
dann: epoch 17:  36%|███▌      | 73/203 [00:14<00:29,  4.35it/s]
dann: epoch 17:  36%|███▋      | 74/203 [00:14<00:30,  4.22it/s]
dann: epoch 17:  37%|███▋      | 75/203 [00:14<00:30,  4.20it/s]
dann: epoch 17:  37%|███▋      | 76/203 [00:14<00:31,  4.02it/s]
dann: epoch 17:  38%|███▊      | 77/203 [00:15<00:29,  4.28it/s]
dann: epoch 17:  38%|███▊      | 78/203 [00:15<00:28,  4.41it/s]
dann: epoch 17:  39%|███▉      | 79/203 [00:15<00:27,  4.46it/s]
dann: epoch 17:  39%|███▉      | 80/203 [00:15<00:29,  4.19it/s]
dann: epoch 17:  40%|███▉      | 81/203 [00:15<00:29,  4.07it/s]
dann: epoch 17:  40%|████      | 82/203 [00:16<00:28,  4.31it/s]
dann: epoch 17:  41%|████      | 83/203 [00:16<00:33,  3.63it/s]
dann: epoch 17:  41%|████▏     | 84/203 [00:16<00:30,  3.88it/s]
dann: epoch 17:  42%|████▏     | 85/203 [00:17<00:30,  3.88it/s]
dann: epoch 17:  42%|████▏     | 86/203 [00:17<00:27,  4.28it/s]
dann: epoch 17:  43%|████▎     | 87/203 [00:17<00:27,  4.20it/s]
dann: epoch 17:  43%|████▎     | 88/203 [00:17<00:28,  4.09it/s]
dann: epoch 17:  44%|████▍     | 89/203 [00:17<00:26,  4.31it/s]
dann: epoch 17:  44%|████▍     | 90/203 [00:18<00:25,  4.50it/s]
dann: epoch 17:  45%|████▍     | 91/203 [00:18<00:22,  4.87it/s]
dann: epoch 17:  45%|████▌     | 92/203 [00:18<00:23,  4.68it/s]
dann: epoch 17:  46%|████▌     | 93/203 [00:18<00:27,  4.06it/s]
dann: epoch 17:  46%|████▋     | 94/203 [00:19<00:25,  4.35it/s]
dann: epoch 17:  47%|████▋     | 95/203 [00:19<00:23,  4.60it/s]
dann: epoch 17:  47%|████▋     | 96/203 [00:19<00:21,  4.91it/s]
dann: epoch 17:  48%|████▊     | 97/203 [00:19<00:20,  5.19it/s]
dann: epoch 17:  48%|████▊     | 98/203 [00:19<00:19,  5.50it/s]
dann: epoch 17:  49%|████▉     | 99/203 [00:19<00:18,  5.68it/s]
dann: epoch 17:  49%|████▉     | 100/203 [00:20<00:17,  5.74it/s]
dann: epoch 17:  50%|████▉     | 101/203 [00:20<00:17,  5.85it/s]
dann: epoch 17:  50%|█████     | 102/203 [00:20<00:17,  5.82it/s]
dann: epoch 17:  51%|█████     | 103/203 [00:20<00:17,  5.75it/s]
dann: epoch 17:  51%|█████     | 104/203 [00:20<00:17,  5.75it/s]
dann: epoch 17:  52%|█████▏    | 105/203 [00:20<00:16,  5.89it/s]
dann: epoch 17:  52%|█████▏    | 106/203 [00:21<00:16,  5.84it/s]
dann: epoch 17:  53%|█████▎    | 107/203 [00:21<00:17,  5.57it/s]
dann: epoch 17:  53%|█████▎    | 108/203 [00:21<00:16,  5.70it/s]
dann: epoch 17:  54%|█████▎    | 109/203 [00:21<00:16,  5.66it/s]
dann: epoch 17:  54%|█████▍    | 110/203 [00:21<00:16,  5.64it/s]
dann: epoch 17:  55%|█████▍    | 111/203 [00:22<00:16,  5.55it/s]
dann: epoch 17:  55%|█████▌    | 112/203 [00:22<00:16,  5.61it/s]
dann: epoch 17:  56%|█████▌    | 113/203 [00:22<00:15,  5.64it/s]
dann: epoch 17:  56%|█████▌    | 114/203 [00:22<00:15,  5.69it/s]
dann: epoch 17:  57%|█████▋    | 115/203 [00:22<00:15,  5.81it/s]
dann: epoch 17:  57%|█████▋    | 116/203 [00:22<00:14,  5.84it/s]
dann: epoch 17:  58%|█████▊    | 117/203 [00:23<00:14,  5.78it/s]
dann: epoch 17:  58%|█████▊    | 118/203 [00:23<00:14,  5.70it/s]
dann: epoch 17:  59%|█████▊    | 119/203 [00:23<00:14,  5.74it/s]
dann: epoch 17:  59%|█████▉    | 120/203 [00:23<00:14,  5.65it/s]
dann: epoch 17:  60%|█████▉    | 121/203 [00:23<00:14,  5.68it/s]
dann: epoch 17:  60%|██████    | 122/203 [00:23<00:14,  5.51it/s]
dann: epoch 17:  61%|██████    | 123/203 [00:24<00:14,  5.53it/s]
dann: epoch 17:  61%|██████    | 124/203 [00:24<00:13,  5.76it/s]
dann: epoch 17:  62%|██████▏   | 125/203 [00:24<00:13,  5.69it/s]
dann: epoch 17:  62%|██████▏   | 126/203 [00:24<00:13,  5.69it/s]
dann: epoch 17:  63%|██████▎   | 127/203 [00:24<00:13,  5.62it/s]
dann: epoch 17:  63%|██████▎   | 128/203 [00:24<00:13,  5.72it/s]
dann: epoch 17:  64%|██████▎   | 129/203 [00:25<00:12,  5.70it/s]
dann: epoch 17:  64%|██████▍   | 130/203 [00:25<00:13,  5.60it/s]
dann: epoch 17:  65%|██████▍   | 131/203 [00:25<00:12,  5.64it/s]
dann: epoch 17:  65%|██████▌   | 132/203 [00:25<00:12,  5.79it/s]
dann: epoch 17:  66%|██████▌   | 133/203 [00:25<00:12,  5.82it/s]
dann: epoch 17:  66%|██████▌   | 134/203 [00:26<00:11,  5.78it/s]
dann: epoch 17:  67%|██████▋   | 135/203 [00:26<00:11,  5.75it/s]
dann: epoch 17:  67%|██████▋   | 136/203 [00:26<00:11,  5.71it/s]
dann: epoch 17:  67%|██████▋   | 137/203 [00:26<00:11,  5.80it/s]
dann: epoch 17:  68%|██████▊   | 138/203 [00:26<00:11,  5.83it/s]
dann: epoch 17:  68%|██████▊   | 139/203 [00:26<00:10,  5.93it/s]
dann: epoch 17:  69%|██████▉   | 140/203 [00:27<00:10,  5.90it/s]
dann: epoch 17:  69%|██████▉   | 141/203 [00:27<00:10,  5.91it/s]
dann: epoch 17:  70%|██████▉   | 142/203 [00:27<00:10,  5.99it/s]
dann: epoch 17:  70%|███████   | 143/203 [00:27<00:09,  6.02it/s]
dann: epoch 17:  71%|███████   | 144/203 [00:27<00:09,  5.98it/s]
dann: epoch 17:  71%|███████▏  | 145/203 [00:27<00:09,  6.13it/s]
dann: epoch 17:  72%|███████▏  | 146/203 [00:28<00:09,  5.97it/s]
dann: epoch 17:  72%|███████▏  | 147/203 [00:28<00:09,  6.10it/s]
dann: epoch 17:  73%|███████▎  | 148/203 [00:28<00:09,  5.97it/s]
dann: epoch 17:  73%|███████▎  | 149/203 [00:28<00:09,  5.97it/s]
dann: epoch 17:  74%|███████▍  | 150/203 [00:28<00:09,  5.84it/s]
dann: epoch 17:  74%|███████▍  | 151/203 [00:28<00:09,  5.58it/s]
dann: epoch 17:  75%|███████▍  | 152/203 [00:29<00:09,  5.40it/s]
dann: epoch 17:  75%|███████▌  | 153/203 [00:29<00:09,  5.15it/s]
dann: epoch 17:  76%|███████▌  | 154/203 [00:29<00:10,  4.70it/s]
dann: epoch 17:  76%|███████▋  | 155/203 [00:29<00:10,  4.79it/s]
dann: epoch 17:  77%|███████▋  | 156/203 [00:30<00:10,  4.52it/s]
dann: epoch 17:  77%|███████▋  | 157/203 [00:30<00:10,  4.38it/s]
dann: epoch 17:  78%|███████▊  | 158/203 [00:30<00:10,  4.47it/s]
dann: epoch 17:  78%|███████▊  | 159/203 [00:30<00:09,  4.64it/s]
dann: epoch 17:  79%|███████▉  | 160/203 [00:30<00:09,  4.65it/s]
dann: epoch 17:  79%|███████▉  | 161/203 [00:31<00:09,  4.61it/s]
dann: epoch 17:  80%|███████▉  | 162/203 [00:31<00:09,  4.34it/s]
dann: epoch 17:  80%|████████  | 163/203 [00:31<00:09,  4.12it/s]
dann: epoch 17:  81%|████████  | 164/203 [00:31<00:09,  4.01it/s]
dann: epoch 17:  81%|████████▏ | 165/203 [00:32<00:10,  3.75it/s]
dann: epoch 17:  82%|████████▏ | 166/203 [00:32<00:09,  4.01it/s]
dann: epoch 17:  82%|████████▏ | 167/203 [00:32<00:09,  3.96it/s]
dann: epoch 17:  83%|████████▎ | 168/203 [00:32<00:08,  4.13it/s]
dann: epoch 17:  83%|████████▎ | 169/203 [00:33<00:07,  4.38it/s]
dann: epoch 17:  84%|████████▎ | 170/203 [00:33<00:07,  4.39it/s]
dann: epoch 17:  84%|████████▍ | 171/203 [00:33<00:07,  4.44it/s]
dann: epoch 17:  85%|████████▍ | 172/203 [00:33<00:06,  4.54it/s]
dann: epoch 17:  85%|████████▌ | 173/203 [00:33<00:06,  4.58it/s]
dann: epoch 17:  86%|████████▌ | 174/203 [00:34<00:06,  4.83it/s]
dann: epoch 17:  86%|████████▌ | 175/203 [00:34<00:05,  5.16it/s]
dann: epoch 17:  87%|████████▋ | 176/203 [00:34<00:06,  4.16it/s]
dann: epoch 17:  87%|████████▋ | 177/203 [00:34<00:05,  4.47it/s]
dann: epoch 17:  88%|████████▊ | 178/203 [00:35<00:05,  4.72it/s]
dann: epoch 17:  88%|████████▊ | 179/203 [00:35<00:04,  5.06it/s]
dann: epoch 17:  89%|████████▊ | 180/203 [00:35<00:04,  5.30it/s]
dann: epoch 17:  89%|████████▉ | 181/203 [00:35<00:04,  5.35it/s]
dann: epoch 17:  90%|████████▉ | 182/203 [00:35<00:03,  5.49it/s]
dann: epoch 17:  90%|█████████ | 183/203 [00:35<00:03,  5.63it/s]
dann: epoch 17:  91%|█████████ | 184/203 [00:36<00:03,  5.58it/s]
dann: epoch 17:  91%|█████████ | 185/203 [00:36<00:03,  5.70it/s]
dann: epoch 17:  92%|█████████▏| 186/203 [00:36<00:02,  5.68it/s]
dann: epoch 17:  92%|█████████▏| 187/203 [00:36<00:02,  5.70it/s]
dann: epoch 17:  93%|█████████▎| 188/203 [00:36<00:02,  5.66it/s]
dann: epoch 17:  93%|█████████▎| 189/203 [00:36<00:02,  5.67it/s]
dann: epoch 17:  94%|█████████▎| 190/203 [00:37<00:02,  5.57it/s]
dann: epoch 17:  94%|█████████▍| 191/203 [00:37<00:02,  5.64it/s]
dann: epoch 17:  95%|█████████▍| 192/203 [00:37<00:01,  5.71it/s]
dann: epoch 17:  95%|█████████▌| 193/203 [00:37<00:01,  5.72it/s]
dann: epoch 17:  96%|█████████▌| 194/203 [00:37<00:01,  5.62it/s]
dann: epoch 17:  96%|█████████▌| 195/203 [00:38<00:01,  5.65it/s]
dann: epoch 17:  97%|█████████▋| 196/203 [00:38<00:01,  5.62it/s]
dann: epoch 17:  97%|█████████▋| 197/203 [00:38<00:01,  5.62it/s]
dann: epoch 17:  98%|█████████▊| 198/203 [00:38<00:00,  5.76it/s]
dann: epoch 17:  98%|█████████▊| 199/203 [00:38<00:00,  5.64it/s]
dann: epoch 17:  99%|█████████▊| 200/203 [00:38<00:00,  5.46it/s]
dann: epoch 17:  99%|█████████▉| 201/203 [00:39<00:00,  5.58it/s]
dann: epoch 17: 100%|█████████▉| 202/203 [00:39<00:00,  5.77it/s]
dann: epoch 17: 100%|██████████| 203/203 [00:39<00:00,  5.68it/s]
                                                                 
dann: epoch 17, source macro-f1=0.3431

dann: epoch 18:   0%|          | 0/203 [00:00<?, ?it/s]
dann: epoch 18:   0%|          | 1/203 [00:00<00:32,  6.16it/s]
dann: epoch 18:   1%|          | 2/203 [00:00<00:33,  6.05it/s]
dann: epoch 18:   1%|▏         | 3/203 [00:00<00:32,  6.13it/s]
dann: epoch 18:   2%|▏         | 4/203 [00:00<00:32,  6.06it/s]
dann: epoch 18:   2%|▏         | 5/203 [00:00<00:33,  5.84it/s]
dann: epoch 18:   3%|▎         | 6/203 [00:01<00:34,  5.72it/s]
dann: epoch 18:   3%|▎         | 7/203 [00:01<00:36,  5.37it/s]
dann: epoch 18:   4%|▍         | 8/203 [00:01<00:37,  5.22it/s]
dann: epoch 18:   4%|▍         | 9/203 [00:01<00:36,  5.33it/s]
dann: epoch 18:   5%|▍         | 10/203 [00:01<00:42,  4.55it/s]
dann: epoch 18:   5%|▌         | 11/203 [00:02<00:40,  4.74it/s]
dann: epoch 18:   6%|▌         | 12/203 [00:02<00:39,  4.89it/s]
dann: epoch 18:   6%|▋         | 13/203 [00:02<00:40,  4.68it/s]
dann: epoch 18:   7%|▋         | 14/203 [00:02<00:39,  4.77it/s]
dann: epoch 18:   7%|▋         | 15/203 [00:02<00:39,  4.73it/s]
dann: epoch 18:   8%|▊         | 16/203 [00:03<00:38,  4.90it/s]
dann: epoch 18:   8%|▊         | 17/203 [00:03<00:38,  4.88it/s]
dann: epoch 18:   9%|▉         | 18/203 [00:03<00:48,  3.80it/s]
dann: epoch 18:   9%|▉         | 19/203 [00:03<00:47,  3.88it/s]
dann: epoch 18:  10%|▉         | 20/203 [00:04<00:47,  3.87it/s]
dann: epoch 18:  10%|█         | 21/203 [00:04<00:43,  4.17it/s]
dann: epoch 18:  11%|█         | 22/203 [00:04<00:42,  4.29it/s]
dann: epoch 18:  11%|█▏        | 23/203 [00:04<00:40,  4.44it/s]
dann: epoch 18:  12%|█▏        | 24/203 [00:05<00:43,  4.09it/s]
dann: epoch 18:  12%|█▏        | 25/203 [00:05<00:44,  4.03it/s]
dann: epoch 18:  13%|█▎        | 26/203 [00:05<00:41,  4.31it/s]
dann: epoch 18:  13%|█▎        | 27/203 [00:05<00:40,  4.37it/s]
dann: epoch 18:  14%|█▍        | 28/203 [00:06<00:39,  4.42it/s]
dann: epoch 18:  14%|█▍        | 29/203 [00:06<00:39,  4.42it/s]
dann: epoch 18:  15%|█▍        | 30/203 [00:06<00:39,  4.41it/s]
dann: epoch 18:  15%|█▌        | 31/203 [00:06<00:41,  4.18it/s]
dann: epoch 18:  16%|█▌        | 32/203 [00:06<00:36,  4.66it/s]
dann: epoch 18:  16%|█▋        | 33/203 [00:07<00:36,  4.72it/s]
dann: epoch 18:  17%|█▋        | 34/203 [00:07<00:33,  5.03it/s]
dann: epoch 18:  17%|█▋        | 35/203 [00:07<00:32,  5.14it/s]
dann: epoch 18:  18%|█▊        | 36/203 [00:07<00:31,  5.33it/s]
dann: epoch 18:  18%|█▊        | 37/203 [00:07<00:31,  5.24it/s]
dann: epoch 18:  19%|█▊        | 38/203 [00:08<00:30,  5.37it/s]
dann: epoch 18:  19%|█▉        | 39/203 [00:08<00:29,  5.53it/s]
dann: epoch 18:  20%|█▉        | 40/203 [00:08<00:28,  5.69it/s]
dann: epoch 18:  20%|██        | 41/203 [00:08<00:28,  5.69it/s]
dann: epoch 18:  21%|██        | 42/203 [00:08<00:28,  5.63it/s]
dann: epoch 18:  21%|██        | 43/203 [00:08<00:29,  5.52it/s]
dann: epoch 18:  22%|██▏       | 44/203 [00:09<00:28,  5.53it/s]
dann: epoch 18:  22%|██▏       | 45/203 [00:09<00:28,  5.61it/s]
dann: epoch 18:  23%|██▎       | 46/203 [00:09<00:27,  5.68it/s]
dann: epoch 18:  23%|██▎       | 47/203 [00:09<00:26,  5.79it/s]
dann: epoch 18:  24%|██▎       | 48/203 [00:09<00:27,  5.58it/s]
dann: epoch 18:  24%|██▍       | 49/203 [00:09<00:27,  5.50it/s]
dann: epoch 18:  25%|██▍       | 50/203 [00:10<00:27,  5.66it/s]
dann: epoch 18:  25%|██▌       | 51/203 [00:10<00:27,  5.62it/s]
dann: epoch 18:  26%|██▌       | 52/203 [00:10<00:27,  5.59it/s]
dann: epoch 18:  26%|██▌       | 53/203 [00:10<00:26,  5.76it/s]
dann: epoch 18:  27%|██▋       | 54/203 [00:10<00:25,  5.78it/s]
dann: epoch 18:  27%|██▋       | 55/203 [00:10<00:25,  5.88it/s]
dann: epoch 18:  28%|██▊       | 56/203 [00:11<00:24,  6.07it/s]
dann: epoch 18:  28%|██▊       | 57/203 [00:11<00:26,  5.42it/s]
dann: epoch 18:  29%|██▊       | 58/203 [00:11<00:26,  5.53it/s]
dann: epoch 18:  29%|██▉       | 59/203 [00:11<00:25,  5.71it/s]
dann: epoch 18:  30%|██▉       | 60/203 [00:12<00:32,  4.42it/s]
dann: epoch 18:  30%|███       | 61/203 [00:12<00:30,  4.61it/s]
dann: epoch 18:  31%|███       | 62/203 [00:12<00:29,  4.83it/s]
dann: epoch 18:  31%|███       | 63/203 [00:12<00:27,  5.06it/s]
dann: epoch 18:  32%|███▏      | 64/203 [00:12<00:27,  5.10it/s]
dann: epoch 18:  32%|███▏      | 65/203 [00:13<00:27,  5.06it/s]
dann: epoch 18:  33%|███▎      | 66/203 [00:13<00:26,  5.11it/s]
dann: epoch 18:  33%|███▎      | 67/203 [00:13<00:26,  5.22it/s]
dann: epoch 18:  33%|███▎      | 68/203 [00:13<00:25,  5.24it/s]
dann: epoch 18:  34%|███▍      | 69/203 [00:13<00:25,  5.17it/s]
dann: epoch 18:  34%|███▍      | 70/203 [00:13<00:26,  5.04it/s]
dann: epoch 18:  35%|███▍      | 71/203 [00:14<00:26,  4.99it/s]
dann: epoch 18:  35%|███▌      | 72/203 [00:14<00:24,  5.26it/s]
dann: epoch 18:  36%|███▌      | 73/203 [00:14<00:24,  5.32it/s]
dann: epoch 18:  36%|███▋      | 74/203 [00:14<00:23,  5.54it/s]
dann: epoch 18:  37%|███▋      | 75/203 [00:14<00:23,  5.56it/s]
dann: epoch 18:  37%|███▋      | 76/203 [00:15<00:24,  5.17it/s]
dann: epoch 18:  38%|███▊      | 77/203 [00:15<00:24,  5.23it/s]
dann: epoch 18:  38%|███▊      | 78/203 [00:15<00:23,  5.38it/s]
dann: epoch 18:  39%|███▉      | 79/203 [00:15<00:22,  5.54it/s]
dann: epoch 18:  39%|███▉      | 80/203 [00:15<00:22,  5.40it/s]
dann: epoch 18:  40%|███▉      | 81/203 [00:15<00:21,  5.57it/s]
dann: epoch 18:  40%|████      | 82/203 [00:16<00:22,  5.47it/s]
dann: epoch 18:  41%|████      | 83/203 [00:16<00:21,  5.57it/s]
dann: epoch 18:  41%|████▏     | 84/203 [00:16<00:20,  5.67it/s]
dann: epoch 18:  42%|████▏     | 85/203 [00:16<00:20,  5.69it/s]
dann: epoch 18:  42%|████▏     | 86/203 [00:16<00:20,  5.77it/s]
dann: epoch 18:  43%|████▎     | 87/203 [00:17<00:20,  5.55it/s]
dann: epoch 18:  43%|████▎     | 88/203 [00:17<00:23,  4.97it/s]
dann: epoch 18:  44%|████▍     | 89/203 [00:17<00:23,  4.84it/s]
dann: epoch 18:  44%|████▍     | 90/203 [00:17<00:24,  4.65it/s]
dann: epoch 18:  45%|████▍     | 91/203 [00:17<00:24,  4.66it/s]
dann: epoch 18:  45%|████▌     | 92/203 [00:18<00:23,  4.75it/s]
dann: epoch 18:  46%|████▌     | 93/203 [00:18<00:24,  4.52it/s]
dann: epoch 18:  46%|████▋     | 94/203 [00:18<00:23,  4.70it/s]
dann: epoch 18:  47%|████▋     | 95/203 [00:18<00:23,  4.64it/s]
dann: epoch 18:  47%|████▋     | 96/203 [00:19<00:22,  4.67it/s]
dann: epoch 18:  48%|████▊     | 97/203 [00:19<00:22,  4.76it/s]
dann: epoch 18:  48%|████▊     | 98/203 [00:19<00:22,  4.69it/s]
dann: epoch 18:  49%|████▉     | 99/203 [00:19<00:22,  4.58it/s]
dann: epoch 18:  49%|████▉     | 100/203 [00:19<00:22,  4.58it/s]
dann: epoch 18:  50%|████▉     | 101/203 [00:20<00:22,  4.52it/s]
dann: epoch 18:  50%|█████     | 102/203 [00:20<00:22,  4.44it/s]
dann: epoch 18:  51%|█████     | 103/203 [00:20<00:25,  3.92it/s]
dann: epoch 18:  51%|█████     | 104/203 [00:20<00:23,  4.21it/s]
dann: epoch 18:  52%|█████▏    | 105/203 [00:21<00:24,  3.94it/s]
dann: epoch 18:  52%|█████▏    | 106/203 [00:21<00:21,  4.42it/s]
dann: epoch 18:  53%|█████▎    | 107/203 [00:21<00:23,  4.02it/s]
dann: epoch 18:  53%|█████▎    | 108/203 [00:21<00:21,  4.38it/s]
dann: epoch 18:  54%|█████▎    | 109/203 [00:22<00:21,  4.33it/s]
dann: epoch 18:  54%|█████▍    | 110/203 [00:22<00:20,  4.48it/s]
dann: epoch 18:  55%|█████▍    | 111/203 [00:22<00:20,  4.48it/s]
dann: epoch 18:  55%|█████▌    | 112/203 [00:22<00:18,  4.80it/s]
dann: epoch 18:  56%|█████▌    | 113/203 [00:22<00:18,  4.82it/s]
dann: epoch 18:  56%|█████▌    | 114/203 [00:23<00:17,  5.22it/s]
dann: epoch 18:  57%|█████▋    | 115/203 [00:23<00:16,  5.40it/s]
dann: epoch 18:  57%|█████▋    | 116/203 [00:23<00:15,  5.51it/s]
dann: epoch 18:  58%|█████▊    | 117/203 [00:23<00:15,  5.47it/s]
dann: epoch 18:  58%|█████▊    | 118/203 [00:23<00:14,  5.68it/s]
dann: epoch 18:  59%|█████▊    | 119/203 [00:23<00:15,  5.58it/s]
dann: epoch 18:  59%|█████▉    | 120/203 [00:24<00:14,  5.64it/s]
dann: epoch 18:  60%|█████▉    | 121/203 [00:24<00:14,  5.79it/s]
dann: epoch 18:  60%|██████    | 122/203 [00:24<00:14,  5.76it/s]
dann: epoch 18:  61%|██████    | 123/203 [00:24<00:14,  5.64it/s]
dann: epoch 18:  61%|██████    | 124/203 [00:24<00:14,  5.52it/s]
dann: epoch 18:  62%|██████▏   | 125/203 [00:24<00:14,  5.45it/s]
dann: epoch 18:  62%|██████▏   | 126/203 [00:25<00:13,  5.55it/s]
dann: epoch 18:  63%|██████▎   | 127/203 [00:25<00:13,  5.76it/s]
dann: epoch 18:  63%|██████▎   | 128/203 [00:25<00:12,  5.80it/s]
dann: epoch 18:  64%|██████▎   | 129/203 [00:25<00:13,  5.62it/s]
dann: epoch 18:  64%|██████▍   | 130/203 [00:25<00:13,  5.61it/s]
dann: epoch 18:  65%|██████▍   | 131/203 [00:26<00:12,  5.64it/s]
dann: epoch 18:  65%|██████▌   | 132/203 [00:26<00:12,  5.81it/s]
dann: epoch 18:  66%|██████▌   | 133/203 [00:26<00:11,  5.85it/s]
dann: epoch 18:  66%|██████▌   | 134/203 [00:26<00:11,  5.96it/s]
dann: epoch 18:  67%|██████▋   | 135/203 [00:26<00:11,  6.06it/s]
dann: epoch 18:  67%|██████▋   | 136/203 [00:27<00:15,  4.45it/s]
dann: epoch 18:  67%|██████▋   | 137/203 [00:27<00:14,  4.68it/s]
dann: epoch 18:  68%|██████▊   | 138/203 [00:27<00:13,  4.92it/s]
dann: epoch 18:  68%|██████▊   | 139/203 [00:27<00:12,  5.13it/s]
dann: epoch 18:  69%|██████▉   | 140/203 [00:27<00:12,  5.03it/s]
dann: epoch 18:  69%|██████▉   | 141/203 [00:27<00:11,  5.37it/s]
dann: epoch 18:  70%|██████▉   | 142/203 [00:28<00:11,  5.52it/s]
dann: epoch 18:  70%|███████   | 143/203 [00:28<00:10,  5.60it/s]
dann: epoch 18:  71%|███████   | 144/203 [00:28<00:10,  5.57it/s]
dann: epoch 18:  71%|███████▏  | 145/203 [00:28<00:10,  5.49it/s]
dann: epoch 18:  72%|███████▏  | 146/203 [00:28<00:10,  5.49it/s]
dann: epoch 18:  72%|███████▏  | 147/203 [00:29<00:10,  5.51it/s]
dann: epoch 18:  73%|███████▎  | 148/203 [00:29<00:09,  5.52it/s]
dann: epoch 18:  73%|███████▎  | 149/203 [00:29<00:09,  5.62it/s]
dann: epoch 18:  74%|███████▍  | 150/203 [00:29<00:09,  5.59it/s]
dann: epoch 18:  74%|███████▍  | 151/203 [00:29<00:09,  5.64it/s]
dann: epoch 18:  75%|███████▍  | 152/203 [00:29<00:08,  5.72it/s]
dann: epoch 18:  75%|███████▌  | 153/203 [00:30<00:08,  5.56it/s]
dann: epoch 18:  76%|███████▌  | 154/203 [00:30<00:08,  5.63it/s]
dann: epoch 18:  76%|███████▋  | 155/203 [00:30<00:08,  5.65it/s]
dann: epoch 18:  77%|███████▋  | 156/203 [00:30<00:08,  5.72it/s]
dann: epoch 18:  77%|███████▋  | 157/203 [00:30<00:08,  5.68it/s]
dann: epoch 18:  78%|███████▊  | 158/203 [00:30<00:08,  5.58it/s]
dann: epoch 18:  78%|███████▊  | 159/203 [00:31<00:07,  5.56it/s]
dann: epoch 18:  79%|███████▉  | 160/203 [00:31<00:07,  5.62it/s]
dann: epoch 18:  79%|███████▉  | 161/203 [00:31<00:07,  5.70it/s]
dann: epoch 18:  80%|███████▉  | 162/203 [00:31<00:07,  5.81it/s]
dann: epoch 18:  80%|████████  | 163/203 [00:31<00:06,  5.73it/s]
dann: epoch 18:  81%|████████  | 164/203 [00:32<00:06,  5.66it/s]
dann: epoch 18:  81%|████████▏ | 165/203 [00:32<00:06,  5.65it/s]
dann: epoch 18:  82%|████████▏ | 166/203 [00:32<00:06,  5.39it/s]
dann: epoch 18:  82%|████████▏ | 167/203 [00:32<00:07,  4.96it/s]
dann: epoch 18:  83%|████████▎ | 168/203 [00:32<00:07,  4.91it/s]
dann: epoch 18:  83%|████████▎ | 169/203 [00:33<00:06,  5.04it/s]
dann: epoch 18:  84%|████████▎ | 170/203 [00:33<00:07,  4.50it/s]
dann: epoch 18:  84%|████████▍ | 171/203 [00:33<00:06,  4.63it/s]
dann: epoch 18:  85%|████████▍ | 172/203 [00:33<00:06,  4.65it/s]
dann: epoch 18:  85%|████████▌ | 173/203 [00:33<00:06,  4.52it/s]
dann: epoch 18:  86%|████████▌ | 174/203 [00:34<00:06,  4.29it/s]
dann: epoch 18:  86%|████████▌ | 175/203 [00:34<00:06,  4.28it/s]
dann: epoch 18:  87%|████████▋ | 176/203 [00:34<00:06,  4.31it/s]
dann: epoch 18:  87%|████████▋ | 177/203 [00:34<00:05,  4.52it/s]
dann: epoch 18:  88%|████████▊ | 178/203 [00:35<00:05,  4.46it/s]
dann: epoch 18:  88%|████████▊ | 179/203 [00:35<00:05,  4.46it/s]
dann: epoch 18:  89%|████████▊ | 180/203 [00:35<00:05,  4.36it/s]
dann: epoch 18:  89%|████████▉ | 181/203 [00:35<00:04,  4.72it/s]
dann: epoch 18:  90%|████████▉ | 182/203 [00:36<00:04,  4.40it/s]
dann: epoch 18:  90%|█████████ | 183/203 [00:36<00:05,  3.76it/s]
dann: epoch 18:  91%|█████████ | 184/203 [00:36<00:04,  3.97it/s]
dann: epoch 18:  91%|█████████ | 185/203 [00:36<00:04,  4.01it/s]
dann: epoch 18:  92%|█████████▏| 186/203 [00:37<00:03,  4.30it/s]
dann: epoch 18:  92%|█████████▏| 187/203 [00:37<00:03,  4.46it/s]
dann: epoch 18:  93%|█████████▎| 188/203 [00:37<00:03,  4.27it/s]
dann: epoch 18:  93%|█████████▎| 189/203 [00:37<00:03,  4.30it/s]
dann: epoch 18:  94%|█████████▎| 190/203 [00:37<00:02,  4.33it/s]
dann: epoch 18:  94%|█████████▍| 191/203 [00:38<00:03,  3.93it/s]
dann: epoch 18:  95%|█████████▍| 192/203 [00:38<00:02,  4.44it/s]
dann: epoch 18:  95%|█████████▌| 193/203 [00:38<00:02,  4.76it/s]
dann: epoch 18:  96%|█████████▌| 194/203 [00:38<00:01,  4.77it/s]
dann: epoch 18:  96%|█████████▌| 195/203 [00:38<00:01,  5.11it/s]
dann: epoch 18:  97%|█████████▋| 196/203 [00:39<00:01,  5.37it/s]
dann: epoch 18:  97%|█████████▋| 197/203 [00:39<00:01,  5.64it/s]
dann: epoch 18:  98%|█████████▊| 198/203 [00:39<00:00,  5.75it/s]
dann: epoch 18:  98%|█████████▊| 199/203 [00:39<00:00,  5.82it/s]
dann: epoch 18:  99%|█████████▊| 200/203 [00:39<00:00,  5.69it/s]
dann: epoch 18:  99%|█████████▉| 201/203 [00:39<00:00,  5.72it/s]
dann: epoch 18: 100%|█████████▉| 202/203 [00:40<00:00,  5.83it/s]
dann: epoch 18: 100%|██████████| 203/203 [00:40<00:00,  5.91it/s]
                                                                 
dann: epoch 18, source macro-f1=0.0736

dann: epoch 19:   0%|          | 0/203 [00:00<?, ?it/s]
dann: epoch 19:   0%|          | 1/203 [00:00<00:34,  5.81it/s]
dann: epoch 19:   1%|          | 2/203 [00:00<00:33,  5.92it/s]
dann: epoch 19:   1%|▏         | 3/203 [00:00<00:33,  5.98it/s]
dann: epoch 19:   2%|▏         | 4/203 [00:00<00:34,  5.73it/s]
dann: epoch 19:   2%|▏         | 5/203 [00:00<00:33,  5.92it/s]
dann: epoch 19:   3%|▎         | 6/203 [00:01<00:33,  5.88it/s]
dann: epoch 19:   3%|▎         | 7/203 [00:01<00:34,  5.75it/s]
dann: epoch 19:   4%|▍         | 8/203 [00:01<00:34,  5.72it/s]
dann: epoch 19:   4%|▍         | 9/203 [00:01<00:34,  5.61it/s]
dann: epoch 19:   5%|▍         | 10/203 [00:01<00:33,  5.76it/s]
dann: epoch 19:   5%|▌         | 11/203 [00:01<00:33,  5.76it/s]
dann: epoch 19:   6%|▌         | 12/203 [00:02<00:33,  5.62it/s]
dann: epoch 19:   6%|▋         | 13/203 [00:02<00:34,  5.56it/s]
dann: epoch 19:   7%|▋         | 14/203 [00:02<00:33,  5.57it/s]
dann: epoch 19:   7%|▋         | 15/203 [00:02<00:33,  5.69it/s]
dann: epoch 19:   8%|▊         | 16/203 [00:02<00:32,  5.81it/s]
dann: epoch 19:   8%|▊         | 17/203 [00:02<00:31,  5.98it/s]
dann: epoch 19:   9%|▉         | 18/203 [00:03<00:30,  6.07it/s]
dann: epoch 19:   9%|▉         | 19/203 [00:03<00:33,  5.42it/s]
dann: epoch 19:  10%|▉         | 20/203 [00:03<00:33,  5.50it/s]
dann: epoch 19:  10%|█         | 21/203 [00:03<00:34,  5.27it/s]
dann: epoch 19:  11%|█         | 22/203 [00:03<00:34,  5.32it/s]
dann: epoch 19:  11%|█▏        | 23/203 [00:04<00:33,  5.38it/s]
dann: epoch 19:  12%|█▏        | 24/203 [00:04<00:32,  5.54it/s]
dann: epoch 19:  12%|█▏        | 25/203 [00:04<00:31,  5.64it/s]
dann: epoch 19:  13%|█▎        | 26/203 [00:04<00:31,  5.67it/s]
dann: epoch 19:  13%|█▎        | 27/203 [00:04<00:32,  5.44it/s]
dann: epoch 19:  14%|█▍        | 28/203 [00:05<00:35,  4.96it/s]
dann: epoch 19:  14%|█▍        | 29/203 [00:05<00:36,  4.81it/s]
dann: epoch 19:  15%|█▍        | 30/203 [00:05<00:37,  4.59it/s]
dann: epoch 19:  15%|█▌        | 31/203 [00:05<00:39,  4.38it/s]
dann: epoch 19:  16%|█▌        | 32/203 [00:05<00:39,  4.37it/s]
dann: epoch 19:  16%|█▋        | 33/203 [00:06<00:39,  4.25it/s]
dann: epoch 19:  17%|█▋        | 34/203 [00:06<00:38,  4.38it/s]
dann: epoch 19:  17%|█▋        | 35/203 [00:06<00:38,  4.39it/s]
dann: epoch 19:  18%|█▊        | 36/203 [00:06<00:39,  4.27it/s]
dann: epoch 19:  18%|█▊        | 37/203 [00:07<00:36,  4.50it/s]
dann: epoch 19:  19%|█▊        | 38/203 [00:07<00:37,  4.44it/s]
dann: epoch 19:  19%|█▉        | 39/203 [00:07<00:37,  4.40it/s]
dann: epoch 19:  20%|█▉        | 40/203 [00:07<00:38,  4.27it/s]
dann: epoch 19:  20%|██        | 41/203 [00:08<00:40,  4.01it/s]
dann: epoch 19:  21%|██        | 42/203 [00:08<00:39,  4.07it/s]
dann: epoch 19:  21%|██        | 43/203 [00:08<00:37,  4.29it/s]
dann: epoch 19:  22%|██▏       | 44/203 [00:08<00:36,  4.31it/s]
dann: epoch 19:  22%|██▏       | 45/203 [00:09<00:37,  4.17it/s]
dann: epoch 19:  23%|██▎       | 46/203 [00:09<00:36,  4.29it/s]
dann: epoch 19:  23%|██▎       | 47/203 [00:09<00:35,  4.38it/s]
dann: epoch 19:  24%|██▎       | 48/203 [00:09<00:33,  4.61it/s]
dann: epoch 19:  24%|██▍       | 49/203 [00:09<00:34,  4.45it/s]
dann: epoch 19:  25%|██▍       | 50/203 [00:10<00:34,  4.40it/s]
dann: epoch 19:  25%|██▌       | 51/203 [00:10<00:32,  4.68it/s]
dann: epoch 19:  26%|██▌       | 52/203 [00:10<00:30,  5.01it/s]
dann: epoch 19:  26%|██▌       | 53/203 [00:10<00:28,  5.23it/s]
dann: epoch 19:  27%|██▋       | 54/203 [00:10<00:27,  5.39it/s]
dann: epoch 19:  27%|██▋       | 55/203 [00:10<00:26,  5.62it/s]
dann: epoch 19:  28%|██▊       | 56/203 [00:11<00:26,  5.55it/s]
dann: epoch 19:  28%|██▊       | 57/203 [00:11<00:26,  5.60it/s]
dann: epoch 19:  29%|██▊       | 58/203 [00:11<00:25,  5.69it/s]
dann: epoch 19:  29%|██▉       | 59/203 [00:11<00:25,  5.68it/s]
dann: epoch 19:  30%|██▉       | 60/203 [00:11<00:24,  5.78it/s]
dann: epoch 19:  30%|███       | 61/203 [00:12<00:24,  5.75it/s]
dann: epoch 19:  31%|███       | 62/203 [00:12<00:24,  5.85it/s]
dann: epoch 19:  31%|███       | 63/203 [00:12<00:24,  5.79it/s]
dann: epoch 19:  32%|███▏      | 64/203 [00:12<00:23,  5.96it/s]
dann: epoch 19:  32%|███▏      | 65/203 [00:12<00:23,  5.95it/s]
dann: epoch 19:  33%|███▎      | 66/203 [00:12<00:23,  5.80it/s]
dann: epoch 19:  33%|███▎      | 67/203 [00:13<00:23,  5.76it/s]
dann: epoch 19:  33%|███▎      | 68/203 [00:13<00:23,  5.67it/s]
dann: epoch 19:  34%|███▍      | 69/203 [00:13<00:23,  5.72it/s]
dann: epoch 19:  34%|███▍      | 70/203 [00:13<00:23,  5.75it/s]
dann: epoch 19:  35%|███▍      | 71/203 [00:13<00:23,  5.68it/s]
dann: epoch 19:  35%|███▌      | 72/203 [00:13<00:22,  5.82it/s]
dann: epoch 19:  36%|███▌      | 73/203 [00:14<00:22,  5.83it/s]
dann: epoch 19:  36%|███▋      | 74/203 [00:14<00:22,  5.65it/s]
dann: epoch 19:  37%|███▋      | 75/203 [00:14<00:22,  5.67it/s]
dann: epoch 19:  37%|███▋      | 76/203 [00:14<00:22,  5.65it/s]
dann: epoch 19:  38%|███▊      | 77/203 [00:14<00:21,  5.76it/s]
dann: epoch 19:  38%|███▊      | 78/203 [00:14<00:21,  5.77it/s]
dann: epoch 19:  39%|███▉      | 79/203 [00:15<00:21,  5.78it/s]
dann: epoch 19:  39%|███▉      | 80/203 [00:15<00:21,  5.81it/s]
dann: epoch 19:  40%|███▉      | 81/203 [00:15<00:21,  5.75it/s]
dann: epoch 19:  40%|████      | 82/203 [00:15<00:20,  5.83it/s]
dann: epoch 19:  41%|████      | 83/203 [00:15<00:19,  6.00it/s]
dann: epoch 19:  41%|████▏     | 84/203 [00:16<00:19,  5.97it/s]
dann: epoch 19:  42%|████▏     | 85/203 [00:16<00:20,  5.87it/s]
dann: epoch 19:  42%|████▏     | 86/203 [00:16<00:19,  5.87it/s]
dann: epoch 19:  43%|████▎     | 87/203 [00:16<00:19,  5.81it/s]
dann: epoch 19:  43%|████▎     | 88/203 [00:16<00:19,  5.89it/s]
dann: epoch 19:  44%|████▍     | 89/203 [00:16<00:19,  5.95it/s]
dann: epoch 19:  44%|████▍     | 90/203 [00:17<00:18,  5.98it/s]
dann: epoch 19:  45%|████▍     | 91/203 [00:17<00:21,  5.18it/s]
dann: epoch 19:  45%|████▌     | 92/203 [00:17<00:20,  5.40it/s]
dann: epoch 19:  46%|████▌     | 93/203 [00:17<00:19,  5.56it/s]
dann: epoch 19:  46%|████▋     | 94/203 [00:17<00:18,  5.85it/s]
dann: epoch 19:  47%|████▋     | 95/203 [00:17<00:18,  6.00it/s]
dann: epoch 19:  47%|████▋     | 96/203 [00:18<00:22,  4.66it/s]
dann: epoch 19:  48%|████▊     | 97/203 [00:18<00:21,  5.02it/s]
dann: epoch 19:  48%|████▊     | 98/203 [00:18<00:20,  5.16it/s]
dann: epoch 19:  49%|████▉     | 99/203 [00:18<00:19,  5.28it/s]
dann: epoch 19:  49%|████▉     | 100/203 [00:18<00:18,  5.43it/s]
dann: epoch 19:  50%|████▉     | 101/203 [00:19<00:20,  5.10it/s]
dann: epoch 19:  50%|█████     | 102/203 [00:19<00:19,  5.25it/s]
dann: epoch 19:  51%|█████     | 103/203 [00:19<00:18,  5.40it/s]
dann: epoch 19:  51%|█████     | 104/203 [00:19<00:17,  5.50it/s]
dann: epoch 19:  52%|█████▏    | 105/203 [00:19<00:17,  5.67it/s]
dann: epoch 19:  52%|█████▏    | 106/203 [00:20<00:16,  5.72it/s]
dann: epoch 19:  53%|█████▎    | 107/203 [00:20<00:17,  5.46it/s]
dann: epoch 19:  53%|█████▎    | 108/203 [00:20<00:18,  5.12it/s]
dann: epoch 19:  54%|█████▎    | 109/203 [00:20<00:18,  5.00it/s]
dann: epoch 19:  54%|█████▍    | 110/203 [00:20<00:19,  4.79it/s]
dann: epoch 19:  55%|█████▍    | 111/203 [00:21<00:19,  4.70it/s]
dann: epoch 19:  55%|█████▌    | 112/203 [00:21<00:19,  4.64it/s]
dann: epoch 19:  56%|█████▌    | 113/203 [00:21<00:19,  4.65it/s]
dann: epoch 19:  56%|█████▌    | 114/203 [00:21<00:21,  4.23it/s]
dann: epoch 19:  57%|█████▋    | 115/203 [00:22<00:19,  4.48it/s]
dann: epoch 19:  57%|█████▋    | 116/203 [00:22<00:19,  4.56it/s]
dann: epoch 19:  58%|█████▊    | 117/203 [00:22<00:18,  4.60it/s]
dann: epoch 19:  58%|█████▊    | 118/203 [00:22<00:18,  4.60it/s]
dann: epoch 19:  59%|█████▊    | 119/203 [00:22<00:19,  4.38it/s]
dann: epoch 19:  59%|█████▉    | 120/203 [00:23<00:20,  4.15it/s]
dann: epoch 19:  60%|█████▉    | 121/203 [00:23<00:19,  4.30it/s]
dann: epoch 19:  60%|██████    | 122/203 [00:23<00:18,  4.28it/s]
dann: epoch 19:  61%|██████    | 123/203 [00:23<00:18,  4.31it/s]
dann: epoch 19:  61%|██████    | 124/203 [00:24<00:18,  4.31it/s]
dann: epoch 19:  62%|██████▏   | 125/203 [00:24<00:19,  4.09it/s]
dann: epoch 19:  62%|██████▏   | 126/203 [00:24<00:17,  4.30it/s]
dann: epoch 19:  63%|██████▎   | 127/203 [00:24<00:17,  4.33it/s]
dann: epoch 19:  63%|██████▎   | 128/203 [00:25<00:16,  4.48it/s]
dann: epoch 19:  64%|██████▎   | 129/203 [00:25<00:18,  3.97it/s]
dann: epoch 19:  64%|██████▍   | 130/203 [00:25<00:18,  4.05it/s]
dann: epoch 19:  65%|██████▍   | 131/203 [00:25<00:16,  4.36it/s]
dann: epoch 19:  65%|██████▌   | 132/203 [00:25<00:15,  4.51it/s]
dann: epoch 19:  66%|██████▌   | 133/203 [00:26<00:14,  4.72it/s]
dann: epoch 19:  66%|██████▌   | 134/203 [00:26<00:14,  4.82it/s]
dann: epoch 19:  67%|██████▋   | 135/203 [00:26<00:13,  5.22it/s]
dann: epoch 19:  67%|██████▋   | 136/203 [00:26<00:12,  5.51it/s]
dann: epoch 19:  67%|██████▋   | 137/203 [00:26<00:11,  5.56it/s]
dann: epoch 19:  68%|██████▊   | 138/203 [00:27<00:11,  5.55it/s]
dann: epoch 19:  68%|██████▊   | 139/203 [00:27<00:11,  5.46it/s]
dann: epoch 19:  69%|██████▉   | 140/203 [00:27<00:11,  5.42it/s]
dann: epoch 19:  69%|██████▉   | 141/203 [00:27<00:11,  5.52it/s]
dann: epoch 19:  70%|██████▉   | 142/203 [00:27<00:10,  5.62it/s]
dann: epoch 19:  70%|███████   | 143/203 [00:27<00:10,  5.86it/s]
dann: epoch 19:  71%|███████   | 144/203 [00:28<00:10,  5.88it/s]
dann: epoch 19:  71%|███████▏  | 145/203 [00:28<00:09,  5.85it/s]
dann: epoch 19:  72%|███████▏  | 146/203 [00:28<00:09,  5.88it/s]
dann: epoch 19:  72%|███████▏  | 147/203 [00:28<00:09,  5.95it/s]
dann: epoch 19:  73%|███████▎  | 148/203 [00:28<00:09,  5.77it/s]
dann: epoch 19:  73%|███████▎  | 149/203 [00:28<00:09,  5.58it/s]
dann: epoch 19:  74%|███████▍  | 150/203 [00:29<00:09,  5.69it/s]
dann: epoch 19:  74%|███████▍  | 151/203 [00:29<00:08,  5.82it/s]
dann: epoch 19:  75%|███████▍  | 152/203 [00:29<00:08,  5.81it/s]
dann: epoch 19:  75%|███████▌  | 153/203 [00:29<00:08,  5.75it/s]
dann: epoch 19:  76%|███████▌  | 154/203 [00:29<00:08,  5.74it/s]
dann: epoch 19:  76%|███████▋  | 155/203 [00:29<00:08,  5.80it/s]
dann: epoch 19:  77%|███████▋  | 156/203 [00:30<00:08,  5.72it/s]
dann: epoch 19:  77%|███████▋  | 157/203 [00:30<00:07,  5.82it/s]
dann: epoch 19:  78%|███████▊  | 158/203 [00:30<00:07,  5.68it/s]
dann: epoch 19:  78%|███████▊  | 159/203 [00:30<00:07,  5.71it/s]
dann: epoch 19:  79%|███████▉  | 160/203 [00:30<00:07,  5.84it/s]
dann: epoch 19:  79%|███████▉  | 161/203 [00:31<00:07,  5.68it/s]
dann: epoch 19:  80%|███████▉  | 162/203 [00:31<00:07,  5.72it/s]
dann: epoch 19:  80%|████████  | 163/203 [00:31<00:07,  5.71it/s]
dann: epoch 19:  81%|████████  | 164/203 [00:31<00:06,  5.81it/s]
dann: epoch 19:  81%|████████▏ | 165/203 [00:31<00:06,  5.77it/s]
dann: epoch 19:  82%|████████▏ | 166/203 [00:31<00:06,  5.76it/s]
dann: epoch 19:  82%|████████▏ | 167/203 [00:32<00:06,  5.83it/s]
dann: epoch 19:  83%|████████▎ | 168/203 [00:32<00:05,  5.93it/s]
dann: epoch 19:  83%|████████▎ | 169/203 [00:32<00:05,  5.98it/s]
dann: epoch 19:  84%|████████▎ | 170/203 [00:32<00:05,  5.71it/s]
dann: epoch 19:  84%|████████▍ | 171/203 [00:32<00:05,  5.78it/s]
dann: epoch 19:  85%|████████▍ | 172/203 [00:32<00:05,  5.84it/s]
dann: epoch 19:  85%|████████▌ | 173/203 [00:33<00:05,  5.93it/s]
dann: epoch 19:  86%|████████▌ | 174/203 [00:33<00:05,  5.73it/s]
dann: epoch 19:  86%|████████▌ | 175/203 [00:33<00:04,  5.86it/s]
dann: epoch 19:  87%|████████▋ | 176/203 [00:33<00:04,  5.70it/s]
dann: epoch 19:  87%|████████▋ | 177/203 [00:33<00:04,  5.77it/s]
dann: epoch 19:  88%|████████▊ | 178/203 [00:33<00:04,  5.69it/s]
dann: epoch 19:  88%|████████▊ | 179/203 [00:34<00:04,  5.83it/s]
dann: epoch 19:  89%|████████▊ | 180/203 [00:34<00:03,  5.76it/s]
dann: epoch 19:  89%|████████▉ | 181/203 [00:34<00:03,  5.79it/s]
dann: epoch 19:  90%|████████▉ | 182/203 [00:34<00:03,  5.86it/s]
dann: epoch 19:  90%|█████████ | 183/203 [00:34<00:03,  5.80it/s]
dann: epoch 19:  91%|█████████ | 184/203 [00:34<00:03,  5.93it/s]
dann: epoch 19:  91%|█████████ | 185/203 [00:35<00:02,  6.01it/s]
dann: epoch 19:  92%|█████████▏| 186/203 [00:35<00:02,  6.01it/s]
dann: epoch 19:  92%|█████████▏| 187/203 [00:35<00:02,  6.01it/s]
dann: epoch 19:  93%|█████████▎| 188/203 [00:35<00:02,  5.34it/s]
dann: epoch 19:  93%|█████████▎| 189/203 [00:35<00:02,  5.39it/s]
dann: epoch 19:  94%|█████████▎| 190/203 [00:36<00:02,  5.28it/s]
dann: epoch 19:  94%|█████████▍| 191/203 [00:36<00:02,  5.36it/s]
dann: epoch 19:  95%|█████████▍| 192/203 [00:36<00:02,  4.70it/s]
dann: epoch 19:  95%|█████████▌| 193/203 [00:36<00:02,  4.81it/s]
dann: epoch 19:  96%|█████████▌| 194/203 [00:36<00:01,  4.64it/s]
dann: epoch 19:  96%|█████████▌| 195/203 [00:37<00:01,  4.58it/s]
dann: epoch 19:  97%|█████████▋| 196/203 [00:37<00:01,  4.46it/s]
dann: epoch 19:  97%|█████████▋| 197/203 [00:37<00:01,  4.68it/s]
dann: epoch 19:  98%|█████████▊| 198/203 [00:37<00:01,  4.63it/s]
dann: epoch 19:  98%|█████████▊| 199/203 [00:38<00:00,  4.51it/s]
dann: epoch 19:  99%|█████████▊| 200/203 [00:38<00:00,  4.68it/s]
dann: epoch 19:  99%|█████████▉| 201/203 [00:38<00:00,  4.56it/s]
dann: epoch 19: 100%|█████████▉| 202/203 [00:38<00:00,  4.42it/s]
dann: epoch 19: 100%|██████████| 203/203 [00:38<00:00,  4.45it/s]
                                                                 
dann: epoch 19, source macro-f1=0.0698

dann: epoch 20:   0%|          | 0/203 [00:00<?, ?it/s]
dann: epoch 20:   0%|          | 1/203 [00:00<00:31,  6.41it/s]
dann: epoch 20:   1%|          | 2/203 [00:00<00:33,  5.97it/s]
dann: epoch 20:   1%|▏         | 3/203 [00:00<00:33,  5.97it/s]
dann: epoch 20:   2%|▏         | 4/203 [00:00<00:34,  5.73it/s]
dann: epoch 20:   2%|▏         | 5/203 [00:00<00:34,  5.68it/s]
dann: epoch 20:   3%|▎         | 6/203 [00:01<00:34,  5.63it/s]
dann: epoch 20:   3%|▎         | 7/203 [00:01<00:33,  5.81it/s]
dann: epoch 20:   4%|▍         | 8/203 [00:01<00:33,  5.83it/s]
dann: epoch 20:   4%|▍         | 9/203 [00:01<00:33,  5.75it/s]
dann: epoch 20:   5%|▍         | 10/203 [00:01<00:33,  5.85it/s]
dann: epoch 20:   5%|▌         | 11/203 [00:01<00:33,  5.81it/s]
dann: epoch 20:   6%|▌         | 12/203 [00:02<00:34,  5.51it/s]
dann: epoch 20:   6%|▋         | 13/203 [00:02<00:33,  5.68it/s]
dann: epoch 20:   7%|▋         | 14/203 [00:02<00:32,  5.88it/s]
dann: epoch 20:   7%|▋         | 15/203 [00:02<00:32,  5.78it/s]
dann: epoch 20:   8%|▊         | 16/203 [00:02<00:32,  5.82it/s]
dann: epoch 20:   8%|▊         | 17/203 [00:02<00:31,  5.90it/s]
dann: epoch 20:   9%|▉         | 18/203 [00:03<00:30,  5.98it/s]
dann: epoch 20:   9%|▉         | 19/203 [00:03<00:30,  5.99it/s]
dann: epoch 20:  10%|▉         | 20/203 [00:03<00:35,  5.23it/s]
dann: epoch 20:  10%|█         | 21/203 [00:03<00:34,  5.35it/s]
dann: epoch 20:  11%|█         | 22/203 [00:03<00:32,  5.49it/s]
dann: epoch 20:  11%|█▏        | 23/203 [00:04<00:32,  5.53it/s]
dann: epoch 20:  12%|█▏        | 24/203 [00:04<00:31,  5.60it/s]
dann: epoch 20:  12%|█▏        | 25/203 [00:04<00:32,  5.55it/s]
dann: epoch 20:  13%|█▎        | 26/203 [00:04<00:31,  5.55it/s]
dann: epoch 20:  13%|█▎        | 27/203 [00:04<00:31,  5.54it/s]
dann: epoch 20:  14%|█▍        | 28/203 [00:04<00:30,  5.69it/s]
dann: epoch 20:  14%|█▍        | 29/203 [00:05<00:29,  5.82it/s]
dann: epoch 20:  15%|█▍        | 30/203 [00:05<00:29,  5.90it/s]
dann: epoch 20:  15%|█▌        | 31/203 [00:05<00:29,  5.83it/s]
dann: epoch 20:  16%|█▌        | 32/203 [00:05<00:30,  5.62it/s]
dann: epoch 20:  16%|█▋        | 33/203 [00:05<00:30,  5.63it/s]
dann: epoch 20:  17%|█▋        | 34/203 [00:05<00:30,  5.56it/s]
dann: epoch 20:  17%|█▋        | 35/203 [00:06<00:29,  5.70it/s]
dann: epoch 20:  18%|█▊        | 36/203 [00:06<00:30,  5.42it/s]
dann: epoch 20:  18%|█▊        | 37/203 [00:06<00:29,  5.54it/s]
dann: epoch 20:  19%|█▊        | 38/203 [00:06<00:29,  5.65it/s]
dann: epoch 20:  19%|█▉        | 39/203 [00:06<00:28,  5.75it/s]
dann: epoch 20:  20%|█▉        | 40/203 [00:07<00:28,  5.71it/s]
dann: epoch 20:  20%|██        | 41/203 [00:07<00:29,  5.48it/s]
dann: epoch 20:  21%|██        | 42/203 [00:07<00:29,  5.50it/s]
dann: epoch 20:  21%|██        | 43/203 [00:07<00:28,  5.53it/s]
dann: epoch 20:  22%|██▏       | 44/203 [00:07<00:27,  5.69it/s]
dann: epoch 20:  22%|██▏       | 45/203 [00:07<00:27,  5.80it/s]
dann: epoch 20:  23%|██▎       | 46/203 [00:08<00:29,  5.38it/s]
dann: epoch 20:  23%|██▎       | 47/203 [00:08<00:30,  5.19it/s]
dann: epoch 20:  24%|██▎       | 48/203 [00:08<00:31,  4.85it/s]
dann: epoch 20:  24%|██▍       | 49/203 [00:08<00:30,  5.02it/s]
dann: epoch 20:  25%|██▍       | 50/203 [00:09<00:33,  4.54it/s]
dann: epoch 20:  25%|██▌       | 51/203 [00:09<00:33,  4.49it/s]
dann: epoch 20:  26%|██▌       | 52/203 [00:09<00:33,  4.47it/s]
dann: epoch 20:  26%|██▌       | 53/203 [00:09<00:33,  4.44it/s]
dann: epoch 20:  27%|██▋       | 54/203 [00:09<00:31,  4.73it/s]
dann: epoch 20:  27%|██▋       | 55/203 [00:10<00:31,  4.72it/s]
dann: epoch 20:  28%|██▊       | 56/203 [00:10<00:45,  3.22it/s]
dann: epoch 20:  28%|██▊       | 57/203 [00:10<00:41,  3.50it/s]
dann: epoch 20:  29%|██▊       | 58/203 [00:11<00:38,  3.78it/s]
dann: epoch 20:  29%|██▉       | 59/203 [00:11<00:36,  3.96it/s]
dann: epoch 20:  30%|██▉       | 60/203 [00:11<00:35,  3.98it/s]
dann: epoch 20:  30%|███       | 61/203 [00:11<00:34,  4.09it/s]
dann: epoch 20:  31%|███       | 62/203 [00:12<00:39,  3.53it/s]
dann: epoch 20:  31%|███       | 63/203 [00:12<00:35,  3.91it/s]
dann: epoch 20:  32%|███▏      | 64/203 [00:12<00:33,  4.15it/s]
dann: epoch 20:  32%|███▏      | 65/203 [00:12<00:33,  4.13it/s]
dann: epoch 20:  33%|███▎      | 66/203 [00:13<00:34,  4.02it/s]
dann: epoch 20:  33%|███▎      | 67/203 [00:13<00:31,  4.28it/s]
dann: epoch 20:  33%|███▎      | 68/203 [00:13<00:29,  4.61it/s]
dann: epoch 20:  34%|███▍      | 69/203 [00:13<00:27,  4.81it/s]
dann: epoch 20:  34%|███▍      | 70/203 [00:13<00:27,  4.91it/s]
dann: epoch 20:  35%|███▍      | 71/203 [00:14<00:25,  5.14it/s]
dann: epoch 20:  35%|███▌      | 72/203 [00:14<00:24,  5.40it/s]
dann: epoch 20:  36%|███▌      | 73/203 [00:14<00:23,  5.42it/s]
dann: epoch 20:  36%|███▋      | 74/203 [00:14<00:23,  5.59it/s]
dann: epoch 20:  37%|███▋      | 75/203 [00:14<00:23,  5.56it/s]
dann: epoch 20:  37%|███▋      | 76/203 [00:14<00:22,  5.58it/s]
dann: epoch 20:  38%|███▊      | 77/203 [00:15<00:22,  5.62it/s]
dann: epoch 20:  38%|███▊      | 78/203 [00:15<00:22,  5.63it/s]
dann: epoch 20:  39%|███▉      | 79/203 [00:15<00:22,  5.58it/s]
dann: epoch 20:  39%|███▉      | 80/203 [00:15<00:21,  5.73it/s]
dann: epoch 20:  40%|███▉      | 81/203 [00:15<00:21,  5.79it/s]
dann: epoch 20:  40%|████      | 82/203 [00:15<00:21,  5.75it/s]
dann: epoch 20:  41%|████      | 83/203 [00:16<00:21,  5.69it/s]
dann: epoch 20:  41%|████▏     | 84/203 [00:16<00:21,  5.64it/s]
dann: epoch 20:  42%|████▏     | 85/203 [00:16<00:21,  5.55it/s]
dann: epoch 20:  42%|████▏     | 86/203 [00:16<00:20,  5.66it/s]
dann: epoch 20:  43%|████▎     | 87/203 [00:16<00:20,  5.76it/s]
dann: epoch 20:  43%|████▎     | 88/203 [00:16<00:19,  5.90it/s]
dann: epoch 20:  44%|████▍     | 89/203 [00:17<00:19,  5.95it/s]
dann: epoch 20:  44%|████▍     | 90/203 [00:17<00:19,  5.85it/s]
dann: epoch 20:  45%|████▍     | 91/203 [00:17<00:18,  5.90it/s]
dann: epoch 20:  45%|████▌     | 92/203 [00:17<00:19,  5.81it/s]
dann: epoch 20:  46%|████▌     | 93/203 [00:17<00:19,  5.71it/s]
dann: epoch 20:  46%|████▋     | 94/203 [00:17<00:18,  5.80it/s]
dann: epoch 20:  47%|████▋     | 95/203 [00:18<00:18,  5.69it/s]
dann: epoch 20:  47%|████▋     | 96/203 [00:18<00:19,  5.49it/s]
dann: epoch 20:  48%|████▊     | 97/203 [00:18<00:19,  5.56it/s]
dann: epoch 20:  48%|████▊     | 98/203 [00:18<00:18,  5.55it/s]
dann: epoch 20:  49%|████▉     | 99/203 [00:18<00:18,  5.63it/s]
dann: epoch 20:  49%|████▉     | 100/203 [00:19<00:18,  5.69it/s]
dann: epoch 20:  50%|████▉     | 101/203 [00:19<00:17,  5.68it/s]
dann: epoch 20:  50%|█████     | 102/203 [00:19<00:17,  5.68it/s]
dann: epoch 20:  51%|█████     | 103/203 [00:19<00:17,  5.85it/s]
dann: epoch 20:  51%|█████     | 104/203 [00:19<00:17,  5.75it/s]
dann: epoch 20:  52%|█████▏    | 105/203 [00:19<00:16,  5.87it/s]
dann: epoch 20:  52%|█████▏    | 106/203 [00:20<00:16,  5.77it/s]
dann: epoch 20:  53%|█████▎    | 107/203 [00:20<00:16,  5.76it/s]
dann: epoch 20:  53%|█████▎    | 108/203 [00:20<00:16,  5.61it/s]
dann: epoch 20:  54%|█████▎    | 109/203 [00:20<00:16,  5.82it/s]
dann: epoch 20:  54%|█████▍    | 110/203 [00:20<00:16,  5.76it/s]
dann: epoch 20:  55%|█████▍    | 111/203 [00:20<00:16,  5.71it/s]
dann: epoch 20:  55%|█████▌    | 112/203 [00:21<00:15,  5.72it/s]
dann: epoch 20:  56%|█████▌    | 113/203 [00:21<00:15,  5.70it/s]
dann: epoch 20:  56%|█████▌    | 114/203 [00:21<00:15,  5.66it/s]
dann: epoch 20:  57%|█████▋    | 115/203 [00:21<00:15,  5.77it/s]
dann: epoch 20:  57%|█████▋    | 116/203 [00:21<00:15,  5.70it/s]
dann: epoch 20:  58%|█████▊    | 117/203 [00:22<00:14,  5.82it/s]
dann: epoch 20:  58%|█████▊    | 118/203 [00:22<00:14,  5.80it/s]
dann: epoch 20:  59%|█████▊    | 119/203 [00:22<00:14,  5.88it/s]
dann: epoch 20:  59%|█████▉    | 120/203 [00:22<00:13,  6.05it/s]
dann: epoch 20:  60%|█████▉    | 121/203 [00:22<00:13,  6.17it/s]
dann: epoch 20:  60%|██████    | 122/203 [00:22<00:15,  5.18it/s]
dann: epoch 20:  61%|██████    | 123/203 [00:23<00:14,  5.40it/s]
dann: epoch 20:  61%|██████    | 124/203 [00:23<00:14,  5.52it/s]
dann: epoch 20:  62%|██████▏   | 125/203 [00:23<00:14,  5.41it/s]
dann: epoch 20:  62%|██████▏   | 126/203 [00:23<00:14,  5.34it/s]
dann: epoch 20:  63%|██████▎   | 127/203 [00:23<00:14,  5.42it/s]
dann: epoch 20:  63%|██████▎   | 128/203 [00:24<00:15,  4.71it/s]
dann: epoch 20:  64%|██████▎   | 129/203 [00:24<00:15,  4.74it/s]
dann: epoch 20:  64%|██████▍   | 130/203 [00:24<00:15,  4.61it/s]
dann: epoch 20:  65%|██████▍   | 131/203 [00:24<00:16,  4.34it/s]
dann: epoch 20:  65%|██████▌   | 132/203 [00:25<00:16,  4.27it/s]
dann: epoch 20:  66%|██████▌   | 133/203 [00:25<00:16,  4.29it/s]
dann: epoch 20:  66%|██████▌   | 134/203 [00:25<00:15,  4.51it/s]
dann: epoch 20:  67%|██████▋   | 135/203 [00:25<00:15,  4.42it/s]
dann: epoch 20:  67%|██████▋   | 136/203 [00:25<00:14,  4.63it/s]
dann: epoch 20:  67%|██████▋   | 137/203 [00:26<00:15,  4.28it/s]
dann: epoch 20:  68%|██████▊   | 138/203 [00:26<00:14,  4.45it/s]
dann: epoch 20:  68%|██████▊   | 139/203 [00:26<00:15,  4.04it/s]
dann: epoch 20:  69%|██████▉   | 140/203 [00:26<00:15,  4.17it/s]
dann: epoch 20:  69%|██████▉   | 141/203 [00:27<00:16,  3.70it/s]
dann: epoch 20:  70%|██████▉   | 142/203 [00:27<00:15,  3.83it/s]
dann: epoch 20:  70%|███████   | 143/203 [00:27<00:15,  3.99it/s]
dann: epoch 20:  71%|███████   | 144/203 [00:27<00:14,  4.09it/s]
dann: epoch 20:  71%|███████▏  | 145/203 [00:28<00:13,  4.24it/s]
dann: epoch 20:  72%|███████▏  | 146/203 [00:28<00:12,  4.48it/s]
dann: epoch 20:  72%|███████▏  | 147/203 [00:28<00:13,  4.09it/s]
dann: epoch 20:  73%|███████▎  | 148/203 [00:28<00:12,  4.55it/s]
dann: epoch 20:  73%|███████▎  | 149/203 [00:28<00:11,  4.88it/s]
dann: epoch 20:  74%|███████▍  | 150/203 [00:29<00:10,  5.20it/s]
dann: epoch 20:  74%|███████▍  | 151/203 [00:29<00:09,  5.43it/s]
dann: epoch 20:  75%|███████▍  | 152/203 [00:29<00:09,  5.24it/s]
dann: epoch 20:  75%|███████▌  | 153/203 [00:29<00:09,  5.29it/s]
dann: epoch 20:  76%|███████▌  | 154/203 [00:29<00:09,  5.31it/s]
dann: epoch 20:  76%|███████▋  | 155/203 [00:30<00:09,  5.31it/s]
dann: epoch 20:  77%|███████▋  | 156/203 [00:30<00:08,  5.37it/s]
dann: epoch 20:  77%|███████▋  | 157/203 [00:30<00:08,  5.48it/s]
dann: epoch 20:  78%|███████▊  | 158/203 [00:30<00:08,  5.53it/s]
dann: epoch 20:  78%|███████▊  | 159/203 [00:30<00:07,  5.69it/s]
dann: epoch 20:  79%|███████▉  | 160/203 [00:30<00:07,  5.65it/s]
dann: epoch 20:  79%|███████▉  | 161/203 [00:31<00:07,  5.59it/s]
dann: epoch 20:  80%|███████▉  | 162/203 [00:31<00:07,  5.60it/s]
dann: epoch 20:  80%|████████  | 163/203 [00:31<00:07,  5.69it/s]
dann: epoch 20:  81%|████████  | 164/203 [00:31<00:06,  5.81it/s]
dann: epoch 20:  81%|████████▏ | 165/203 [00:31<00:06,  5.80it/s]
dann: epoch 20:  82%|████████▏ | 166/203 [00:31<00:06,  5.80it/s]
dann: epoch 20:  82%|████████▏ | 167/203 [00:32<00:06,  5.63it/s]
dann: epoch 20:  83%|████████▎ | 168/203 [00:32<00:06,  5.78it/s]
dann: epoch 20:  83%|████████▎ | 169/203 [00:32<00:05,  5.95it/s]
dann: epoch 20:  84%|████████▎ | 170/203 [00:32<00:05,  5.94it/s]
dann: epoch 20:  84%|████████▍ | 171/203 [00:32<00:05,  5.83it/s]
dann: epoch 20:  85%|████████▍ | 172/203 [00:33<00:05,  5.81it/s]
dann: epoch 20:  85%|████████▌ | 173/203 [00:33<00:05,  5.80it/s]
dann: epoch 20:  86%|████████▌ | 174/203 [00:33<00:05,  5.77it/s]
dann: epoch 20:  86%|████████▌ | 175/203 [00:33<00:04,  5.77it/s]
dann: epoch 20:  87%|████████▋ | 176/203 [00:33<00:04,  5.88it/s]
dann: epoch 20:  87%|████████▋ | 177/203 [00:33<00:04,  5.79it/s]
dann: epoch 20:  88%|████████▊ | 178/203 [00:34<00:04,  5.72it/s]
dann: epoch 20:  88%|████████▊ | 179/203 [00:34<00:04,  5.68it/s]
dann: epoch 20:  89%|████████▊ | 180/203 [00:34<00:04,  5.58it/s]
dann: epoch 20:  89%|████████▉ | 181/203 [00:34<00:03,  5.73it/s]
dann: epoch 20:  90%|████████▉ | 182/203 [00:34<00:03,  5.82it/s]
dann: epoch 20:  90%|█████████ | 183/203 [00:34<00:03,  5.78it/s]
dann: epoch 20:  91%|█████████ | 184/203 [00:35<00:03,  5.83it/s]
dann: epoch 20:  91%|█████████ | 185/203 [00:35<00:03,  5.80it/s]
dann: epoch 20:  92%|█████████▏| 186/203 [00:35<00:02,  5.94it/s]
dann: epoch 20:  92%|█████████▏| 187/203 [00:35<00:02,  5.96it/s]
dann: epoch 20:  93%|█████████▎| 188/203 [00:35<00:02,  5.91it/s]
dann: epoch 20:  93%|█████████▎| 189/203 [00:35<00:02,  5.88it/s]
dann: epoch 20:  94%|█████████▎| 190/203 [00:36<00:02,  5.85it/s]
dann: epoch 20:  94%|█████████▍| 191/203 [00:36<00:02,  5.96it/s]
dann: epoch 20:  95%|█████████▍| 192/203 [00:36<00:01,  6.00it/s]
dann: epoch 20:  95%|█████████▌| 193/203 [00:36<00:01,  5.32it/s]
dann: epoch 20:  96%|█████████▌| 194/203 [00:36<00:01,  5.49it/s]
dann: epoch 20:  96%|█████████▌| 195/203 [00:37<00:01,  5.51it/s]
dann: epoch 20:  97%|█████████▋| 196/203 [00:37<00:01,  5.54it/s]
dann: epoch 20:  97%|█████████▋| 197/203 [00:37<00:01,  5.67it/s]
dann: epoch 20:  98%|█████████▊| 198/203 [00:37<00:00,  5.68it/s]
dann: epoch 20:  98%|█████████▊| 199/203 [00:37<00:00,  5.58it/s]
dann: epoch 20:  99%|█████████▊| 200/203 [00:37<00:00,  5.57it/s]
dann: epoch 20:  99%|█████████▉| 201/203 [00:38<00:00,  5.73it/s]
dann: epoch 20: 100%|█████████▉| 202/203 [00:38<00:00,  5.64it/s]
dann: epoch 20: 100%|██████████| 203/203 [00:38<00:00,  5.57it/s]
                                                                 
dann: epoch 20, source macro-f1=0.0382

dann: epoch 21:   0%|          | 0/203 [00:00<?, ?it/s]
dann: epoch 21:   0%|          | 1/203 [00:00<00:32,  6.22it/s]
dann: epoch 21:   1%|          | 2/203 [00:00<00:34,  5.85it/s]
dann: epoch 21:   1%|▏         | 3/203 [00:00<00:34,  5.76it/s]
dann: epoch 21:   2%|▏         | 4/203 [00:00<00:34,  5.72it/s]
dann: epoch 21:   2%|▏         | 5/203 [00:00<00:34,  5.69it/s]
dann: epoch 21:   3%|▎         | 6/203 [00:01<00:35,  5.59it/s]
dann: epoch 21:   3%|▎         | 7/203 [00:01<00:35,  5.54it/s]
dann: epoch 21:   4%|▍         | 8/203 [00:01<00:33,  5.74it/s]
dann: epoch 21:   4%|▍         | 9/203 [00:01<00:33,  5.75it/s]
dann: epoch 21:   5%|▍         | 10/203 [00:01<00:33,  5.70it/s]
dann: epoch 21:   5%|▌         | 11/203 [00:01<00:34,  5.63it/s]
dann: epoch 21:   6%|▌         | 12/203 [00:02<00:33,  5.69it/s]
dann: epoch 21:   6%|▋         | 13/203 [00:02<00:32,  5.82it/s]
dann: epoch 21:   7%|▋         | 14/203 [00:02<00:31,  6.08it/s]
dann: epoch 21:   7%|▋         | 15/203 [00:02<00:31,  6.06it/s]
dann: epoch 21:   8%|▊         | 16/203 [00:02<00:41,  4.54it/s]
dann: epoch 21:   8%|▊         | 17/203 [00:03<00:37,  4.92it/s]
dann: epoch 21:   9%|▉         | 18/203 [00:03<00:36,  5.05it/s]
dann: epoch 21:   9%|▉         | 19/203 [00:03<00:34,  5.31it/s]
dann: epoch 21:  10%|▉         | 20/203 [00:03<00:33,  5.47it/s]
dann: epoch 21:  10%|█         | 21/203 [00:03<00:36,  4.97it/s]
dann: epoch 21:  11%|█         | 22/203 [00:04<00:35,  5.12it/s]
dann: epoch 21:  11%|█▏        | 23/203 [00:04<00:34,  5.25it/s]
dann: epoch 21:  12%|█▏        | 24/203 [00:04<00:33,  5.30it/s]
dann: epoch 21:  12%|█▏        | 25/203 [00:04<00:33,  5.31it/s]
dann: epoch 21:  13%|█▎        | 26/203 [00:04<00:32,  5.48it/s]
dann: epoch 21:  13%|█▎        | 27/203 [00:04<00:32,  5.48it/s]
dann: epoch 21:  14%|█▍        | 28/203 [00:05<00:30,  5.67it/s]
dann: epoch 21:  14%|█▍        | 29/203 [00:05<00:30,  5.62it/s]
dann: epoch 21:  15%|█▍        | 30/203 [00:05<00:30,  5.62it/s]
dann: epoch 21:  15%|█▌        | 31/203 [00:05<00:30,  5.60it/s]
dann: epoch 21:  16%|█▌        | 32/203 [00:05<00:30,  5.64it/s]
dann: epoch 21:  16%|█▋        | 33/203 [00:05<00:29,  5.78it/s]
dann: epoch 21:  17%|█▋        | 34/203 [00:06<00:28,  5.98it/s]
dann: epoch 21:  17%|█▋        | 35/203 [00:06<00:28,  5.96it/s]
dann: epoch 21:  18%|█▊        | 36/203 [00:06<00:28,  5.84it/s]
dann: epoch 21:  18%|█▊        | 37/203 [00:06<00:29,  5.64it/s]
dann: epoch 21:  19%|█▊        | 38/203 [00:06<00:28,  5.69it/s]
dann: epoch 21:  19%|█▉        | 39/203 [00:07<00:28,  5.72it/s]
dann: epoch 21:  20%|█▉        | 40/203 [00:07<00:27,  5.87it/s]
dann: epoch 21:  20%|██        | 41/203 [00:07<00:27,  5.97it/s]
dann: epoch 21:  21%|██        | 42/203 [00:07<00:27,  5.88it/s]
dann: epoch 21:  21%|██        | 43/203 [00:07<00:28,  5.61it/s]
dann: epoch 21:  22%|██▏       | 44/203 [00:07<00:28,  5.66it/s]
dann: epoch 21:  22%|██▏       | 45/203 [00:08<00:27,  5.79it/s]
dann: epoch 21:  23%|██▎       | 46/203 [00:08<00:26,  5.89it/s]
dann: epoch 21:  23%|██▎       | 47/203 [00:08<00:26,  5.98it/s]
dann: epoch 21:  24%|██▎       | 48/203 [00:08<00:26,  5.89it/s]
dann: epoch 21:  24%|██▍       | 49/203 [00:08<00:27,  5.66it/s]
dann: epoch 21:  25%|██▍       | 50/203 [00:08<00:26,  5.73it/s]
dann: epoch 21:  25%|██▌       | 51/203 [00:09<00:26,  5.78it/s]
dann: epoch 21:  26%|██▌       | 52/203 [00:09<00:26,  5.76it/s]
dann: epoch 21:  26%|██▌       | 53/203 [00:09<00:25,  5.78it/s]
dann: epoch 21:  27%|██▋       | 54/203 [00:09<00:26,  5.64it/s]
dann: epoch 21:  27%|██▋       | 55/203 [00:09<00:26,  5.63it/s]
dann: epoch 21:  28%|██▊       | 56/203 [00:09<00:26,  5.63it/s]
dann: epoch 21:  28%|██▊       | 57/203 [00:10<00:25,  5.67it/s]
dann: epoch 21:  29%|██▊       | 58/203 [00:10<00:25,  5.60it/s]
dann: epoch 21:  29%|██▉       | 59/203 [00:10<00:26,  5.44it/s]
dann: epoch 21:  30%|██▉       | 60/203 [00:10<00:28,  5.04it/s]
dann: epoch 21:  30%|███       | 61/203 [00:10<00:29,  4.77it/s]
dann: epoch 21:  31%|███       | 62/203 [00:11<00:30,  4.58it/s]
dann: epoch 21:  31%|███       | 63/203 [00:11<00:31,  4.47it/s]
dann: epoch 21:  32%|███▏      | 64/203 [00:11<00:30,  4.51it/s]
dann: epoch 21:  32%|███▏      | 65/203 [00:12<00:34,  3.99it/s]
dann: epoch 21:  33%|███▎      | 66/203 [00:12<00:33,  4.05it/s]
dann: epoch 21:  33%|███▎      | 67/203 [00:12<00:31,  4.39it/s]
dann: epoch 21:  33%|███▎      | 68/203 [00:12<00:30,  4.36it/s]
dann: epoch 21:  34%|███▍      | 69/203 [00:12<00:33,  4.01it/s]
dann: epoch 21:  34%|███▍      | 70/203 [00:13<00:30,  4.39it/s]
dann: epoch 21:  35%|███▍      | 71/203 [00:13<00:33,  3.97it/s]
dann: epoch 21:  35%|███▌      | 72/203 [00:13<00:31,  4.15it/s]
dann: epoch 21:  36%|███▌      | 73/203 [00:13<00:33,  3.83it/s]
dann: epoch 21:  36%|███▋      | 74/203 [00:14<00:31,  4.04it/s]
dann: epoch 21:  37%|███▋      | 75/203 [00:14<00:30,  4.14it/s]
dann: epoch 21:  37%|███▋      | 76/203 [00:14<00:29,  4.36it/s]
dann: epoch 21:  38%|███▊      | 77/203 [00:14<00:27,  4.51it/s]
dann: epoch 21:  38%|███▊      | 78/203 [00:15<00:28,  4.38it/s]
dann: epoch 21:  39%|███▉      | 79/203 [00:15<00:29,  4.24it/s]
dann: epoch 21:  39%|███▉      | 80/203 [00:15<00:28,  4.37it/s]
dann: epoch 21:  40%|███▉      | 81/203 [00:15<00:25,  4.71it/s]
dann: epoch 21:  40%|████      | 82/203 [00:15<00:23,  5.06it/s]
dann: epoch 21:  41%|████      | 83/203 [00:16<00:23,  5.11it/s]
dann: epoch 21:  41%|████▏     | 84/203 [00:16<00:23,  5.15it/s]
dann: epoch 21:  42%|████▏     | 85/203 [00:16<00:22,  5.29it/s]
dann: epoch 21:  42%|████▏     | 86/203 [00:16<00:21,  5.32it/s]
dann: epoch 21:  43%|████▎     | 87/203 [00:16<00:21,  5.31it/s]
dann: epoch 21:  43%|████▎     | 88/203 [00:16<00:21,  5.40it/s]
dann: epoch 21:  44%|████▍     | 89/203 [00:17<00:20,  5.56it/s]
dann: epoch 21:  44%|████▍     | 90/203 [00:17<00:19,  5.74it/s]
dann: epoch 21:  45%|████▍     | 91/203 [00:17<00:19,  5.72it/s]
dann: epoch 21:  45%|████▌     | 92/203 [00:17<00:19,  5.74it/s]
dann: epoch 21:  46%|████▌     | 93/203 [00:17<00:18,  5.82it/s]
dann: epoch 21:  46%|████▋     | 94/203 [00:17<00:19,  5.72it/s]
dann: epoch 21:  47%|████▋     | 95/203 [00:18<00:18,  5.73it/s]
dann: epoch 21:  47%|████▋     | 96/203 [00:18<00:18,  5.88it/s]
dann: epoch 21:  48%|████▊     | 97/203 [00:18<00:17,  5.92it/s]
dann: epoch 21:  48%|████▊     | 98/203 [00:18<00:17,  5.97it/s]
dann: epoch 21:  49%|████▉     | 99/203 [00:18<00:17,  6.00it/s]
dann: epoch 21:  49%|████▉     | 100/203 [00:18<00:17,  6.02it/s]
dann: epoch 21:  50%|████▉     | 101/203 [00:19<00:16,  6.03it/s]
dann: epoch 21:  50%|█████     | 102/203 [00:19<00:17,  5.85it/s]
dann: epoch 21:  51%|█████     | 103/203 [00:19<00:17,  5.75it/s]
dann: epoch 21:  51%|█████     | 104/203 [00:19<00:17,  5.73it/s]
dann: epoch 21:  52%|█████▏    | 105/203 [00:19<00:17,  5.66it/s]
dann: epoch 21:  52%|█████▏    | 106/203 [00:20<00:16,  5.73it/s]
dann: epoch 21:  53%|█████▎    | 107/203 [00:20<00:16,  5.72it/s]
dann: epoch 21:  53%|█████▎    | 108/203 [00:20<00:16,  5.66it/s]
dann: epoch 21:  54%|█████▎    | 109/203 [00:20<00:16,  5.59it/s]
dann: epoch 21:  54%|█████▍    | 110/203 [00:20<00:16,  5.65it/s]
dann: epoch 21:  55%|█████▍    | 111/203 [00:20<00:16,  5.64it/s]
dann: epoch 21:  55%|█████▌    | 112/203 [00:21<00:15,  5.78it/s]
dann: epoch 21:  56%|█████▌    | 113/203 [00:21<00:15,  5.80it/s]
dann: epoch 21:  56%|█████▌    | 114/203 [00:21<00:14,  5.95it/s]
dann: epoch 21:  57%|█████▋    | 115/203 [00:21<00:14,  5.92it/s]
dann: epoch 21:  57%|█████▋    | 116/203 [00:21<00:16,  5.29it/s]
dann: epoch 21:  58%|█████▊    | 117/203 [00:22<00:15,  5.39it/s]
dann: epoch 21:  58%|█████▊    | 118/203 [00:22<00:15,  5.48it/s]
dann: epoch 21:  59%|█████▊    | 119/203 [00:22<00:15,  5.54it/s]
dann: epoch 21:  59%|█████▉    | 120/203 [00:22<00:14,  5.73it/s]
dann: epoch 21:  60%|█████▉    | 121/203 [00:22<00:14,  5.70it/s]
dann: epoch 21:  60%|██████    | 122/203 [00:22<00:14,  5.71it/s]
dann: epoch 21:  61%|██████    | 123/203 [00:23<00:13,  5.79it/s]
dann: epoch 21:  61%|██████    | 124/203 [00:23<00:14,  5.58it/s]
dann: epoch 21:  62%|██████▏   | 125/203 [00:23<00:13,  5.71it/s]
dann: epoch 21:  62%|██████▏   | 126/203 [00:23<00:13,  5.82it/s]
dann: epoch 21:  63%|██████▎   | 127/203 [00:23<00:14,  5.42it/s]
dann: epoch 21:  63%|██████▎   | 128/203 [00:23<00:13,  5.51it/s]
dann: epoch 21:  64%|██████▎   | 129/203 [00:24<00:13,  5.58it/s]
dann: epoch 21:  64%|██████▍   | 130/203 [00:24<00:12,  5.64it/s]
dann: epoch 21:  65%|██████▍   | 131/203 [00:24<00:12,  5.58it/s]
dann: epoch 21:  65%|██████▌   | 132/203 [00:24<00:12,  5.65it/s]
dann: epoch 21:  66%|██████▌   | 133/203 [00:24<00:12,  5.44it/s]
dann: epoch 21:  66%|██████▌   | 134/203 [00:25<00:12,  5.57it/s]
dann: epoch 21:  67%|██████▋   | 135/203 [00:25<00:12,  5.59it/s]
dann: epoch 21:  67%|██████▋   | 136/203 [00:25<00:11,  5.82it/s]
dann: epoch 21:  67%|██████▋   | 137/203 [00:25<00:11,  5.82it/s]
dann: epoch 21:  68%|██████▊   | 138/203 [00:25<00:12,  5.28it/s]
dann: epoch 21:  68%|██████▊   | 139/203 [00:25<00:12,  5.28it/s]
dann: epoch 21:  69%|██████▉   | 140/203 [00:26<00:12,  4.94it/s]
dann: epoch 21:  69%|██████▉   | 141/203 [00:26<00:12,  5.00it/s]
dann: epoch 21:  70%|██████▉   | 142/203 [00:26<00:13,  4.56it/s]
dann: epoch 21:  70%|███████   | 143/203 [00:26<00:13,  4.44it/s]
dann: epoch 21:  71%|███████   | 144/203 [00:27<00:13,  4.36it/s]
dann: epoch 21:  71%|███████▏  | 145/203 [00:27<00:13,  4.43it/s]
dann: epoch 21:  72%|███████▏  | 146/203 [00:27<00:13,  4.12it/s]
dann: epoch 21:  72%|███████▏  | 147/203 [00:27<00:13,  4.30it/s]
dann: epoch 21:  73%|███████▎  | 148/203 [00:28<00:13,  4.16it/s]
dann: epoch 21:  73%|███████▎  | 149/203 [00:28<00:12,  4.31it/s]
dann: epoch 21:  74%|███████▍  | 150/203 [00:28<00:11,  4.53it/s]
dann: epoch 21:  74%|███████▍  | 151/203 [00:28<00:11,  4.39it/s]
dann: epoch 21:  75%|███████▍  | 152/203 [00:28<00:11,  4.26it/s]
dann: epoch 21:  75%|███████▌  | 153/203 [00:29<00:14,  3.43it/s]
dann: epoch 21:  76%|███████▌  | 154/203 [00:29<00:12,  3.82it/s]
dann: epoch 21:  76%|███████▋  | 155/203 [00:29<00:11,  4.06it/s]
dann: epoch 21:  77%|███████▋  | 156/203 [00:30<00:11,  4.27it/s]
dann: epoch 21:  77%|███████▋  | 157/203 [00:30<00:11,  4.07it/s]
dann: epoch 21:  78%|███████▊  | 158/203 [00:30<00:10,  4.25it/s]
dann: epoch 21:  78%|███████▊  | 159/203 [00:30<00:10,  4.37it/s]
dann: epoch 21:  79%|███████▉  | 160/203 [00:30<00:09,  4.51it/s]
dann: epoch 21:  79%|███████▉  | 161/203 [00:31<00:08,  4.74it/s]
dann: epoch 21:  80%|███████▉  | 162/203 [00:31<00:08,  5.01it/s]
dann: epoch 21:  80%|████████  | 163/203 [00:31<00:07,  5.11it/s]
dann: epoch 21:  81%|████████  | 164/203 [00:31<00:07,  5.23it/s]
dann: epoch 21:  81%|████████▏ | 165/203 [00:31<00:07,  5.35it/s]
dann: epoch 21:  82%|████████▏ | 166/203 [00:32<00:06,  5.40it/s]
dann: epoch 21:  82%|████████▏ | 167/203 [00:32<00:06,  5.34it/s]
dann: epoch 21:  83%|████████▎ | 168/203 [00:32<00:06,  5.49it/s]
dann: epoch 21:  83%|████████▎ | 169/203 [00:32<00:06,  5.62it/s]
dann: epoch 21:  84%|████████▎ | 170/203 [00:32<00:05,  5.71it/s]
dann: epoch 21:  84%|████████▍ | 171/203 [00:32<00:05,  5.72it/s]
dann: epoch 21:  85%|████████▍ | 172/203 [00:33<00:05,  5.67it/s]
dann: epoch 21:  85%|████████▌ | 173/203 [00:33<00:05,  5.67it/s]
dann: epoch 21:  86%|████████▌ | 174/203 [00:33<00:05,  5.77it/s]
dann: epoch 21:  86%|████████▌ | 175/203 [00:33<00:04,  5.75it/s]
dann: epoch 21:  87%|████████▋ | 176/203 [00:33<00:04,  5.99it/s]
dann: epoch 21:  87%|████████▋ | 177/203 [00:33<00:04,  6.17it/s]
dann: epoch 21:  88%|████████▊ | 178/203 [00:34<00:04,  6.21it/s]
dann: epoch 21:  88%|████████▊ | 179/203 [00:34<00:05,  4.67it/s]
dann: epoch 21:  89%|████████▊ | 180/203 [00:34<00:04,  4.92it/s]
dann: epoch 21:  89%|████████▉ | 181/203 [00:34<00:04,  4.88it/s]
dann: epoch 21:  90%|████████▉ | 182/203 [00:34<00:04,  5.10it/s]
dann: epoch 21:  90%|█████████ | 183/203 [00:35<00:03,  5.36it/s]
dann: epoch 21:  91%|█████████ | 184/203 [00:35<00:03,  5.41it/s]
dann: epoch 21:  91%|█████████ | 185/203 [00:35<00:03,  5.61it/s]
dann: epoch 21:  92%|█████████▏| 186/203 [00:35<00:03,  5.43it/s]
dann: epoch 21:  92%|█████████▏| 187/203 [00:35<00:02,  5.58it/s]
dann: epoch 21:  93%|█████████▎| 188/203 [00:35<00:02,  5.70it/s]
dann: epoch 21:  93%|█████████▎| 189/203 [00:36<00:02,  5.74it/s]
dann: epoch 21:  94%|█████████▎| 190/203 [00:36<00:02,  5.86it/s]
dann: epoch 21:  94%|█████████▍| 191/203 [00:36<00:02,  5.79it/s]
dann: epoch 21:  95%|█████████▍| 192/203 [00:36<00:01,  5.77it/s]
dann: epoch 21:  95%|█████████▌| 193/203 [00:36<00:01,  5.63it/s]
dann: epoch 21:  96%|█████████▌| 194/203 [00:37<00:01,  5.59it/s]
dann: epoch 21:  96%|█████████▌| 195/203 [00:37<00:01,  5.69it/s]
dann: epoch 21:  97%|█████████▋| 196/203 [00:37<00:01,  5.74it/s]
dann: epoch 21:  97%|█████████▋| 197/203 [00:37<00:01,  5.78it/s]
dann: epoch 21:  98%|█████████▊| 198/203 [00:37<00:00,  5.81it/s]
dann: epoch 21:  98%|█████████▊| 199/203 [00:37<00:00,  5.77it/s]
dann: epoch 21:  99%|█████████▊| 200/203 [00:38<00:00,  5.67it/s]
dann: epoch 21:  99%|█████████▉| 201/203 [00:38<00:00,  5.70it/s]
dann: epoch 21: 100%|█████████▉| 202/203 [00:38<00:00,  5.77it/s]
dann: epoch 21: 100%|██████████| 203/203 [00:38<00:00,  5.87it/s]
                                                                 
dann: epoch 21, source macro-f1=0.0364

dann: epoch 22:   0%|          | 0/203 [00:00<?, ?it/s]
dann: epoch 22:   0%|          | 1/203 [00:00<00:33,  6.05it/s]
dann: epoch 22:   1%|          | 2/203 [00:00<00:40,  4.96it/s]
dann: epoch 22:   1%|▏         | 3/203 [00:00<00:44,  4.51it/s]
dann: epoch 22:   2%|▏         | 4/203 [00:00<00:46,  4.26it/s]
dann: epoch 22:   2%|▏         | 5/203 [00:01<00:44,  4.45it/s]
dann: epoch 22:   3%|▎         | 6/203 [00:01<00:44,  4.44it/s]
dann: epoch 22:   3%|▎         | 7/203 [00:01<00:45,  4.29it/s]
dann: epoch 22:   4%|▍         | 8/203 [00:01<00:43,  4.51it/s]
dann: epoch 22:   4%|▍         | 9/203 [00:01<00:41,  4.72it/s]
dann: epoch 22:   5%|▍         | 10/203 [00:02<00:42,  4.54it/s]
dann: epoch 22:   5%|▌         | 11/203 [00:02<00:42,  4.50it/s]
dann: epoch 22:   6%|▌         | 12/203 [00:02<00:43,  4.42it/s]
dann: epoch 22:   6%|▋         | 13/203 [00:02<00:45,  4.18it/s]
dann: epoch 22:   7%|▋         | 14/203 [00:03<00:43,  4.35it/s]
dann: epoch 22:   7%|▋         | 15/203 [00:03<00:44,  4.22it/s]
dann: epoch 22:   8%|▊         | 16/203 [00:03<00:41,  4.51it/s]
dann: epoch 22:   8%|▊         | 17/203 [00:03<00:38,  4.83it/s]
dann: epoch 22:   9%|▉         | 18/203 [00:03<00:37,  4.89it/s]
dann: epoch 22:   9%|▉         | 19/203 [00:04<00:36,  5.03it/s]
dann: epoch 22:  10%|▉         | 20/203 [00:04<00:34,  5.34it/s]
dann: epoch 22:  10%|█         | 21/203 [00:04<00:32,  5.62it/s]
dann: epoch 22:  11%|█         | 22/203 [00:04<00:34,  5.24it/s]
dann: epoch 22:  11%|█▏        | 23/203 [00:04<00:35,  5.11it/s]
dann: epoch 22:  12%|█▏        | 24/203 [00:05<00:33,  5.39it/s]
dann: epoch 22:  12%|█▏        | 25/203 [00:05<00:32,  5.55it/s]
dann: epoch 22:  13%|█▎        | 26/203 [00:05<00:31,  5.61it/s]
dann: epoch 22:  13%|█▎        | 27/203 [00:05<00:30,  5.85it/s]
dann: epoch 22:  14%|█▍        | 28/203 [00:05<00:30,  5.80it/s]
dann: epoch 22:  14%|█▍        | 29/203 [00:05<00:30,  5.69it/s]
dann: epoch 22:  15%|█▍        | 30/203 [00:06<00:30,  5.70it/s]
dann: epoch 22:  15%|█▌        | 31/203 [00:06<00:29,  5.80it/s]
dann: epoch 22:  16%|█▌        | 32/203 [00:06<00:29,  5.84it/s]
dann: epoch 22:  16%|█▋        | 33/203 [00:06<00:29,  5.81it/s]
dann: epoch 22:  17%|█▋        | 34/203 [00:06<00:28,  5.83it/s]
dann: epoch 22:  17%|█▋        | 35/203 [00:06<00:29,  5.77it/s]
dann: epoch 22:  18%|█▊        | 36/203 [00:07<00:28,  5.80it/s]
dann: epoch 22:  18%|█▊        | 37/203 [00:07<00:29,  5.66it/s]
dann: epoch 22:  19%|█▊        | 38/203 [00:07<00:28,  5.82it/s]
dann: epoch 22:  19%|█▉        | 39/203 [00:07<00:27,  5.87it/s]
dann: epoch 22:  20%|█▉        | 40/203 [00:07<00:27,  5.88it/s]
dann: epoch 22:  20%|██        | 41/203 [00:07<00:28,  5.74it/s]
dann: epoch 22:  21%|██        | 42/203 [00:08<00:27,  5.84it/s]
dann: epoch 22:  21%|██        | 43/203 [00:08<00:27,  5.73it/s]
dann: epoch 22:  22%|██▏       | 44/203 [00:08<00:27,  5.81it/s]
dann: epoch 22:  22%|██▏       | 45/203 [00:08<00:27,  5.82it/s]
dann: epoch 22:  23%|██▎       | 46/203 [00:08<00:26,  5.83it/s]
dann: epoch 22:  23%|██▎       | 47/203 [00:08<00:26,  5.94it/s]
dann: epoch 22:  24%|██▎       | 48/203 [00:09<00:26,  5.85it/s]
dann: epoch 22:  24%|██▍       | 49/203 [00:09<00:26,  5.73it/s]
dann: epoch 22:  25%|██▍       | 50/203 [00:09<00:25,  5.89it/s]
dann: epoch 22:  25%|██▌       | 51/203 [00:09<00:25,  5.85it/s]
dann: epoch 22:  26%|██▌       | 52/203 [00:09<00:25,  5.86it/s]
dann: epoch 22:  26%|██▌       | 53/203 [00:10<00:25,  5.99it/s]
dann: epoch 22:  27%|██▋       | 54/203 [00:10<00:24,  6.03it/s]
dann: epoch 22:  27%|██▋       | 55/203 [00:10<00:25,  5.89it/s]
dann: epoch 22:  28%|██▊       | 56/203 [00:10<00:26,  5.60it/s]
dann: epoch 22:  28%|██▊       | 57/203 [00:10<00:26,  5.57it/s]
dann: epoch 22:  29%|██▊       | 58/203 [00:10<00:25,  5.64it/s]
dann: epoch 22:  29%|██▉       | 59/203 [00:11<00:25,  5.57it/s]
dann: epoch 22:  30%|██▉       | 60/203 [00:11<00:25,  5.62it/s]
dann: epoch 22:  30%|███       | 61/203 [00:11<00:25,  5.63it/s]
dann: epoch 22:  31%|███       | 62/203 [00:11<00:25,  5.61it/s]
dann: epoch 22:  31%|███       | 63/203 [00:11<00:25,  5.57it/s]
dann: epoch 22:  32%|███▏      | 64/203 [00:11<00:24,  5.70it/s]
dann: epoch 22:  32%|███▏      | 65/203 [00:12<00:23,  5.76it/s]
dann: epoch 22:  33%|███▎      | 66/203 [00:12<00:24,  5.67it/s]
dann: epoch 22:  33%|███▎      | 67/203 [00:12<00:24,  5.62it/s]
dann: epoch 22:  33%|███▎      | 68/203 [00:12<00:23,  5.66it/s]
dann: epoch 22:  34%|███▍      | 69/203 [00:12<00:23,  5.72it/s]
dann: epoch 22:  34%|███▍      | 70/203 [00:13<00:23,  5.62it/s]
dann: epoch 22:  35%|███▍      | 71/203 [00:13<00:23,  5.61it/s]
dann: epoch 22:  35%|███▌      | 72/203 [00:13<00:23,  5.54it/s]
dann: epoch 22:  36%|███▌      | 73/203 [00:13<00:24,  5.27it/s]
dann: epoch 22:  36%|███▋      | 74/203 [00:13<00:24,  5.23it/s]
dann: epoch 22:  37%|███▋      | 75/203 [00:14<00:25,  4.94it/s]
dann: epoch 22:  37%|███▋      | 76/203 [00:14<00:25,  4.99it/s]
dann: epoch 22:  38%|███▊      | 77/203 [00:14<00:25,  4.99it/s]
dann: epoch 22:  38%|███▊      | 78/203 [00:14<00:26,  4.80it/s]
dann: epoch 22:  39%|███▉      | 79/203 [00:14<00:25,  4.78it/s]
dann: epoch 22:  39%|███▉      | 80/203 [00:15<00:31,  3.95it/s]
dann: epoch 22:  40%|███▉      | 81/203 [00:15<00:29,  4.12it/s]
dann: epoch 22:  40%|████      | 82/203 [00:15<00:28,  4.21it/s]
dann: epoch 22:  41%|████      | 83/203 [00:15<00:27,  4.40it/s]
dann: epoch 22:  41%|████▏     | 84/203 [00:16<00:26,  4.47it/s]
dann: epoch 22:  42%|████▏     | 85/203 [00:16<00:27,  4.32it/s]
dann: epoch 22:  42%|████▏     | 86/203 [00:16<00:26,  4.36it/s]
dann: epoch 22:  43%|████▎     | 87/203 [00:16<00:26,  4.36it/s]
dann: epoch 22:  43%|████▎     | 88/203 [00:17<00:26,  4.29it/s]
dann: epoch 22:  44%|████▍     | 89/203 [00:17<00:25,  4.39it/s]
dann: epoch 22:  44%|████▍     | 90/203 [00:17<00:26,  4.27it/s]
dann: epoch 22:  45%|████▍     | 91/203 [00:17<00:24,  4.54it/s]
dann: epoch 22:  45%|████▌     | 92/203 [00:17<00:26,  4.12it/s]
dann: epoch 22:  46%|████▌     | 93/203 [00:18<00:26,  4.13it/s]
dann: epoch 22:  46%|████▋     | 94/203 [00:18<00:24,  4.38it/s]
dann: epoch 22:  47%|████▋     | 95/203 [00:18<00:24,  4.34it/s]
dann: epoch 22:  47%|████▋     | 96/203 [00:18<00:24,  4.39it/s]
dann: epoch 22:  48%|████▊     | 97/203 [00:19<00:24,  4.35it/s]
dann: epoch 22:  48%|████▊     | 98/203 [00:19<00:22,  4.67it/s]
dann: epoch 22:  49%|████▉     | 99/203 [00:19<00:21,  4.84it/s]
dann: epoch 22:  49%|████▉     | 100/203 [00:19<00:20,  5.07it/s]
dann: epoch 22:  50%|████▉     | 101/203 [00:19<00:18,  5.41it/s]
dann: epoch 22:  50%|█████     | 102/203 [00:19<00:18,  5.47it/s]
dann: epoch 22:  51%|█████     | 103/203 [00:20<00:17,  5.64it/s]
dann: epoch 22:  51%|█████     | 104/203 [00:20<00:17,  5.80it/s]
dann: epoch 22:  52%|█████▏    | 105/203 [00:20<00:16,  5.97it/s]
dann: epoch 22:  52%|█████▏    | 106/203 [00:20<00:16,  5.95it/s]
dann: epoch 22:  53%|█████▎    | 107/203 [00:20<00:16,  5.96it/s]
dann: epoch 22:  53%|█████▎    | 108/203 [00:20<00:16,  5.83it/s]
dann: epoch 22:  54%|█████▎    | 109/203 [00:21<00:15,  5.94it/s]
dann: epoch 22:  54%|█████▍    | 110/203 [00:21<00:15,  5.98it/s]
dann: epoch 22:  55%|█████▍    | 111/203 [00:21<00:15,  5.89it/s]
dann: epoch 22:  55%|█████▌    | 112/203 [00:21<00:15,  5.76it/s]
dann: epoch 22:  56%|█████▌    | 113/203 [00:21<00:15,  5.85it/s]
dann: epoch 22:  56%|█████▌    | 114/203 [00:22<00:15,  5.72it/s]
dann: epoch 22:  57%|█████▋    | 115/203 [00:22<00:15,  5.86it/s]
dann: epoch 22:  57%|█████▋    | 116/203 [00:22<00:15,  5.75it/s]
dann: epoch 22:  58%|█████▊    | 117/203 [00:22<00:15,  5.70it/s]
dann: epoch 22:  58%|█████▊    | 118/203 [00:22<00:14,  5.77it/s]
dann: epoch 22:  59%|█████▊    | 119/203 [00:22<00:14,  5.76it/s]
dann: epoch 22:  59%|█████▉    | 120/203 [00:23<00:14,  5.79it/s]
dann: epoch 22:  60%|█████▉    | 121/203 [00:23<00:14,  5.70it/s]
dann: epoch 22:  60%|██████    | 122/203 [00:23<00:14,  5.71it/s]
dann: epoch 22:  61%|██████    | 123/203 [00:23<00:13,  5.83it/s]
dann: epoch 22:  61%|██████    | 124/203 [00:23<00:13,  5.75it/s]
dann: epoch 22:  62%|██████▏   | 125/203 [00:23<00:14,  5.56it/s]
dann: epoch 22:  62%|██████▏   | 126/203 [00:24<00:13,  5.66it/s]
dann: epoch 22:  63%|██████▎   | 127/203 [00:24<00:13,  5.76it/s]
dann: epoch 22:  63%|██████▎   | 128/203 [00:24<00:13,  5.64it/s]
dann: epoch 22:  64%|██████▎   | 129/203 [00:24<00:12,  5.83it/s]
dann: epoch 22:  64%|██████▍   | 130/203 [00:24<00:12,  5.67it/s]
dann: epoch 22:  65%|██████▍   | 131/203 [00:24<00:12,  5.65it/s]
dann: epoch 22:  65%|██████▌   | 132/203 [00:25<00:12,  5.85it/s]
dann: epoch 22:  66%|██████▌   | 133/203 [00:25<00:12,  5.73it/s]
dann: epoch 22:  66%|██████▌   | 134/203 [00:25<00:12,  5.71it/s]
dann: epoch 22:  67%|██████▋   | 135/203 [00:25<00:11,  5.70it/s]
dann: epoch 22:  67%|██████▋   | 136/203 [00:25<00:11,  5.91it/s]
dann: epoch 22:  67%|██████▋   | 137/203 [00:25<00:11,  5.94it/s]
dann: epoch 22:  68%|██████▊   | 138/203 [00:26<00:10,  6.11it/s]
dann: epoch 22:  68%|██████▊   | 139/203 [00:26<00:13,  4.60it/s]
dann: epoch 22:  69%|██████▉   | 140/203 [00:26<00:12,  4.91it/s]
dann: epoch 22:  69%|██████▉   | 141/203 [00:26<00:12,  5.13it/s]
dann: epoch 22:  70%|██████▉   | 142/203 [00:26<00:11,  5.42it/s]
dann: epoch 22:  70%|███████   | 143/203 [00:27<00:11,  5.39it/s]
dann: epoch 22:  71%|███████   | 144/203 [00:27<00:11,  5.32it/s]
dann: epoch 22:  71%|███████▏  | 145/203 [00:27<00:10,  5.50it/s]
dann: epoch 22:  72%|███████▏  | 146/203 [00:27<00:10,  5.57it/s]
dann: epoch 22:  72%|███████▏  | 147/203 [00:27<00:10,  5.58it/s]
dann: epoch 22:  73%|███████▎  | 148/203 [00:28<00:09,  5.63it/s]
dann: epoch 22:  73%|███████▎  | 149/203 [00:28<00:09,  5.70it/s]
dann: epoch 22:  74%|███████▍  | 150/203 [00:28<00:09,  5.85it/s]
dann: epoch 22:  74%|███████▍  | 151/203 [00:28<00:09,  5.60it/s]
dann: epoch 22:  75%|███████▍  | 152/203 [00:28<00:08,  5.74it/s]
dann: epoch 22:  75%|███████▌  | 153/203 [00:28<00:08,  5.83it/s]
dann: epoch 22:  76%|███████▌  | 154/203 [00:29<00:08,  5.55it/s]
dann: epoch 22:  76%|███████▋  | 155/203 [00:29<00:09,  5.30it/s]
dann: epoch 22:  77%|███████▋  | 156/203 [00:29<00:08,  5.42it/s]
dann: epoch 22:  77%|███████▋  | 157/203 [00:29<00:09,  4.94it/s]
dann: epoch 22:  78%|███████▊  | 158/203 [00:29<00:09,  4.81it/s]
dann: epoch 22:  78%|███████▊  | 159/203 [00:30<00:10,  4.30it/s]
dann: epoch 22:  79%|███████▉  | 160/203 [00:30<00:09,  4.41it/s]
dann: epoch 22:  79%|███████▉  | 161/203 [00:30<00:09,  4.53it/s]
dann: epoch 22:  80%|███████▉  | 162/203 [00:30<00:09,  4.55it/s]
dann: epoch 22:  80%|████████  | 163/203 [00:31<00:08,  4.66it/s]
dann: epoch 22:  81%|████████  | 164/203 [00:31<00:09,  4.30it/s]
dann: epoch 22:  81%|████████▏ | 165/203 [00:31<00:08,  4.43it/s]
dann: epoch 22:  82%|████████▏ | 166/203 [00:31<00:09,  3.87it/s]
dann: epoch 22:  82%|████████▏ | 167/203 [00:32<00:08,  4.09it/s]
dann: epoch 22:  83%|████████▎ | 168/203 [00:32<00:09,  3.79it/s]
dann: epoch 22:  83%|████████▎ | 169/203 [00:32<00:08,  4.04it/s]
dann: epoch 22:  84%|████████▎ | 170/203 [00:33<00:09,  3.49it/s]
dann: epoch 22:  84%|████████▍ | 171/203 [00:33<00:08,  3.73it/s]
dann: epoch 22:  85%|████████▍ | 172/203 [00:33<00:07,  4.13it/s]
dann: epoch 22:  85%|████████▌ | 173/203 [00:33<00:07,  4.04it/s]
dann: epoch 22:  86%|████████▌ | 174/203 [00:33<00:06,  4.22it/s]
dann: epoch 22:  86%|████████▌ | 175/203 [00:34<00:06,  4.20it/s]
dann: epoch 22:  87%|████████▋ | 176/203 [00:34<00:05,  4.55it/s]
dann: epoch 22:  87%|████████▋ | 177/203 [00:34<00:05,  5.01it/s]
dann: epoch 22:  88%|████████▊ | 178/203 [00:34<00:04,  5.23it/s]
dann: epoch 22:  88%|████████▊ | 179/203 [00:34<00:04,  5.25it/s]
dann: epoch 22:  89%|████████▊ | 180/203 [00:35<00:04,  5.34it/s]
dann: epoch 22:  89%|████████▉ | 181/203 [00:35<00:04,  5.40it/s]
dann: epoch 22:  90%|████████▉ | 182/203 [00:35<00:03,  5.70it/s]
dann: epoch 22:  90%|█████████ | 183/203 [00:35<00:03,  5.83it/s]
dann: epoch 22:  91%|█████████ | 184/203 [00:35<00:03,  4.97it/s]
dann: epoch 22:  91%|█████████ | 185/203 [00:35<00:03,  5.09it/s]
dann: epoch 22:  92%|█████████▏| 186/203 [00:36<00:03,  5.42it/s]
dann: epoch 22:  92%|█████████▏| 187/203 [00:36<00:02,  5.56it/s]
dann: epoch 22:  93%|█████████▎| 188/203 [00:36<00:02,  5.72it/s]
dann: epoch 22:  93%|█████████▎| 189/203 [00:36<00:02,  5.86it/s]
dann: epoch 22:  94%|█████████▎| 190/203 [00:36<00:02,  5.86it/s]
dann: epoch 22:  94%|█████████▍| 191/203 [00:36<00:02,  5.86it/s]
dann: epoch 22:  95%|█████████▍| 192/203 [00:37<00:01,  5.75it/s]
dann: epoch 22:  95%|█████████▌| 193/203 [00:37<00:01,  5.80it/s]
dann: epoch 22:  96%|█████████▌| 194/203 [00:37<00:01,  5.72it/s]
dann: epoch 22:  96%|█████████▌| 195/203 [00:37<00:01,  5.88it/s]
dann: epoch 22:  97%|█████████▋| 196/203 [00:37<00:01,  5.79it/s]
dann: epoch 22:  97%|█████████▋| 197/203 [00:37<00:01,  5.94it/s]
dann: epoch 22:  98%|█████████▊| 198/203 [00:38<00:00,  5.83it/s]
dann: epoch 22:  98%|█████████▊| 199/203 [00:38<00:00,  5.73it/s]
dann: epoch 22:  99%|█████████▊| 200/203 [00:38<00:00,  5.70it/s]
dann: epoch 22:  99%|█████████▉| 201/203 [00:38<00:00,  5.85it/s]
dann: epoch 22: 100%|█████████▉| 202/203 [00:38<00:00,  5.73it/s]
dann: epoch 22: 100%|██████████| 203/203 [00:39<00:00,  5.80it/s]
                                                                 
dann: epoch 22, source macro-f1=0.0419

cdan: epoch 1:   0%|          | 0/203 [00:00<?, ?it/s]
cdan: epoch 1:   0%|          | 1/203 [00:00<02:55,  1.15it/s]
cdan: epoch 1:   1%|          | 2/203 [00:01<01:40,  2.00it/s]
cdan: epoch 1:   1%|▏         | 3/203 [00:01<01:13,  2.74it/s]
cdan: epoch 1:   2%|▏         | 4/203 [00:01<01:01,  3.23it/s]
cdan: epoch 1:   2%|▏         | 5/203 [00:01<00:53,  3.68it/s]
cdan: epoch 1:   3%|▎         | 6/203 [00:02<00:52,  3.75it/s]
cdan: epoch 1:   3%|▎         | 7/203 [00:02<00:49,  4.00it/s]
cdan: epoch 1:   4%|▍         | 8/203 [00:02<00:49,  3.95it/s]
cdan: epoch 1:   4%|▍         | 9/203 [00:02<00:48,  3.96it/s]
cdan: epoch 1:   5%|▍         | 10/203 [00:02<00:46,  4.15it/s]
cdan: epoch 1:   5%|▌         | 11/203 [00:03<00:44,  4.27it/s]
cdan: epoch 1:   6%|▌         | 12/203 [00:03<00:44,  4.29it/s]
cdan: epoch 1:   6%|▋         | 13/203 [00:03<00:47,  4.02it/s]
cdan: epoch 1:   7%|▋         | 14/203 [00:03<00:45,  4.19it/s]
cdan: epoch 1:   7%|▋         | 15/203 [00:04<00:51,  3.68it/s]
cdan: epoch 1:   8%|▊         | 16/203 [00:04<00:47,  3.93it/s]
cdan: epoch 1:   8%|▊         | 17/203 [00:04<00:50,  3.67it/s]
cdan: epoch 1:   9%|▉         | 18/203 [00:04<00:46,  3.96it/s]
cdan: epoch 1:   9%|▉         | 19/203 [00:05<00:47,  3.86it/s]
cdan: epoch 1:  10%|▉         | 20/203 [00:05<00:45,  4.02it/s]
cdan: epoch 1:  10%|█         | 21/203 [00:05<00:44,  4.05it/s]
cdan: epoch 1:  11%|█         | 22/203 [00:05<00:42,  4.27it/s]
cdan: epoch 1:  11%|█▏        | 23/203 [00:06<00:40,  4.46it/s]
cdan: epoch 1:  12%|█▏        | 24/203 [00:06<00:38,  4.70it/s]
cdan: epoch 1:  12%|█▏        | 25/203 [00:06<00:36,  4.92it/s]
cdan: epoch 1:  13%|█▎        | 26/203 [00:06<00:35,  5.03it/s]
cdan: epoch 1:  13%|█▎        | 27/203 [00:06<00:35,  5.03it/s]
cdan: epoch 1:  14%|█▍        | 28/203 [00:07<00:33,  5.22it/s]
cdan: epoch 1:  14%|█▍        | 29/203 [00:07<00:32,  5.36it/s]
cdan: epoch 1:  15%|█▍        | 30/203 [00:07<00:32,  5.34it/s]
cdan: epoch 1:  15%|█▌        | 31/203 [00:07<00:31,  5.54it/s]
cdan: epoch 1:  16%|█▌        | 32/203 [00:07<00:30,  5.67it/s]
cdan: epoch 1:  16%|█▋        | 33/203 [00:07<00:30,  5.67it/s]
cdan: epoch 1:  17%|█▋        | 34/203 [00:08<00:29,  5.66it/s]
cdan: epoch 1:  17%|█▋        | 35/203 [00:08<00:29,  5.71it/s]
cdan: epoch 1:  18%|█▊        | 36/203 [00:08<00:29,  5.68it/s]
cdan: epoch 1:  18%|█▊        | 37/203 [00:08<00:28,  5.82it/s]
cdan: epoch 1:  19%|█▊        | 38/203 [00:08<00:28,  5.85it/s]
cdan: epoch 1:  19%|█▉        | 39/203 [00:08<00:28,  5.82it/s]
cdan: epoch 1:  20%|█▉        | 40/203 [00:09<00:28,  5.73it/s]
cdan: epoch 1:  20%|██        | 41/203 [00:09<00:28,  5.62it/s]
cdan: epoch 1:  21%|██        | 42/203 [00:09<00:28,  5.68it/s]
cdan: epoch 1:  21%|██        | 43/203 [00:09<00:27,  5.79it/s]
cdan: epoch 1:  22%|██▏       | 44/203 [00:09<00:28,  5.62it/s]
cdan: epoch 1:  22%|██▏       | 45/203 [00:10<00:27,  5.67it/s]
cdan: epoch 1:  23%|██▎       | 46/203 [00:10<00:27,  5.73it/s]
cdan: epoch 1:  23%|██▎       | 47/203 [00:10<00:27,  5.75it/s]
cdan: epoch 1:  24%|██▎       | 48/203 [00:10<00:26,  5.79it/s]
cdan: epoch 1:  24%|██▍       | 49/203 [00:10<00:27,  5.70it/s]
cdan: epoch 1:  25%|██▍       | 50/203 [00:10<00:27,  5.60it/s]
cdan: epoch 1:  25%|██▌       | 51/203 [00:11<00:27,  5.57it/s]
cdan: epoch 1:  26%|██▌       | 52/203 [00:11<00:26,  5.67it/s]
cdan: epoch 1:  26%|██▌       | 53/203 [00:11<00:26,  5.67it/s]
cdan: epoch 1:  27%|██▋       | 54/203 [00:11<00:26,  5.59it/s]
cdan: epoch 1:  27%|██▋       | 55/203 [00:11<00:25,  5.71it/s]
cdan: epoch 1:  28%|██▊       | 56/203 [00:11<00:25,  5.81it/s]
cdan: epoch 1:  28%|██▊       | 57/203 [00:12<00:26,  5.60it/s]
cdan: epoch 1:  29%|██▊       | 58/203 [00:12<00:25,  5.68it/s]
cdan: epoch 1:  29%|██▉       | 59/203 [00:12<00:25,  5.61it/s]
cdan: epoch 1:  30%|██▉       | 60/203 [00:12<00:24,  5.75it/s]
cdan: epoch 1:  30%|███       | 61/203 [00:12<00:25,  5.65it/s]
cdan: epoch 1:  31%|███       | 62/203 [00:13<00:24,  5.68it/s]
cdan: epoch 1:  31%|███       | 63/203 [00:13<00:24,  5.61it/s]
cdan: epoch 1:  32%|███▏      | 64/203 [00:13<00:24,  5.57it/s]
cdan: epoch 1:  32%|███▏      | 65/203 [00:13<00:24,  5.56it/s]
cdan: epoch 1:  33%|███▎      | 66/203 [00:13<00:24,  5.68it/s]
cdan: epoch 1:  33%|███▎      | 67/203 [00:13<00:24,  5.62it/s]
cdan: epoch 1:  33%|███▎      | 68/203 [00:14<00:23,  5.74it/s]
cdan: epoch 1:  34%|███▍      | 69/203 [00:14<00:23,  5.77it/s]
cdan: epoch 1:  34%|███▍      | 70/203 [00:14<00:22,  5.87it/s]
cdan: epoch 1:  35%|███▍      | 71/203 [00:14<00:22,  5.78it/s]
cdan: epoch 1:  35%|███▌      | 72/203 [00:14<00:23,  5.55it/s]
cdan: epoch 1:  36%|███▌      | 73/203 [00:14<00:23,  5.62it/s]
cdan: epoch 1:  36%|███▋      | 74/203 [00:15<00:23,  5.52it/s]
cdan: epoch 1:  37%|███▋      | 75/203 [00:15<00:22,  5.57it/s]
cdan: epoch 1:  37%|███▋      | 76/203 [00:15<00:22,  5.63it/s]
cdan: epoch 1:  38%|███▊      | 77/203 [00:15<00:22,  5.73it/s]
cdan: epoch 1:  38%|███▊      | 78/203 [00:15<00:22,  5.64it/s]
cdan: epoch 1:  39%|███▉      | 79/203 [00:16<00:22,  5.60it/s]
cdan: epoch 1:  39%|███▉      | 80/203 [00:16<00:23,  5.32it/s]
cdan: epoch 1:  40%|███▉      | 81/203 [00:16<00:23,  5.29it/s]
cdan: epoch 1:  40%|████      | 82/203 [00:16<00:25,  4.70it/s]
cdan: epoch 1:  41%|████      | 83/203 [00:16<00:25,  4.74it/s]
cdan: epoch 1:  41%|████▏     | 84/203 [00:17<00:26,  4.49it/s]
cdan: epoch 1:  42%|████▏     | 85/203 [00:17<00:26,  4.53it/s]
cdan: epoch 1:  42%|████▏     | 86/203 [00:17<00:26,  4.47it/s]
cdan: epoch 1:  43%|████▎     | 87/203 [00:17<00:25,  4.55it/s]
cdan: epoch 1:  43%|████▎     | 88/203 [00:18<00:24,  4.65it/s]
cdan: epoch 1:  44%|████▍     | 89/203 [00:18<00:24,  4.72it/s]
cdan: epoch 1:  44%|████▍     | 90/203 [00:18<00:23,  4.82it/s]
cdan: epoch 1:  45%|████▍     | 91/203 [00:18<00:27,  4.14it/s]
cdan: epoch 1:  45%|████▌     | 92/203 [00:18<00:26,  4.20it/s]
cdan: epoch 1:  46%|████▌     | 93/203 [00:19<00:28,  3.87it/s]
cdan: epoch 1:  46%|████▋     | 94/203 [00:19<00:27,  4.00it/s]
cdan: epoch 1:  47%|████▋     | 95/203 [00:19<00:27,  3.89it/s]
cdan: epoch 1:  47%|████▋     | 96/203 [00:20<00:26,  4.06it/s]
cdan: epoch 1:  48%|████▊     | 97/203 [00:20<00:26,  4.06it/s]
cdan: epoch 1:  48%|████▊     | 98/203 [00:20<00:24,  4.34it/s]
cdan: epoch 1:  49%|████▉     | 99/203 [00:20<00:27,  3.82it/s]
cdan: epoch 1:  49%|████▉     | 100/203 [00:21<00:26,  3.96it/s]
cdan: epoch 1:  50%|████▉     | 101/203 [00:21<00:23,  4.34it/s]
cdan: epoch 1:  50%|█████     | 102/203 [00:21<00:22,  4.55it/s]
cdan: epoch 1:  51%|█████     | 103/203 [00:21<00:21,  4.68it/s]
cdan: epoch 1:  51%|█████     | 104/203 [00:21<00:19,  4.96it/s]
cdan: epoch 1:  52%|█████▏    | 105/203 [00:21<00:19,  5.06it/s]
cdan: epoch 1:  52%|█████▏    | 106/203 [00:22<00:18,  5.18it/s]
cdan: epoch 1:  53%|█████▎    | 107/203 [00:22<00:17,  5.38it/s]
cdan: epoch 1:  53%|█████▎    | 108/203 [00:22<00:17,  5.29it/s]
cdan: epoch 1:  54%|█████▎    | 109/203 [00:22<00:17,  5.51it/s]
cdan: epoch 1:  54%|█████▍    | 110/203 [00:22<00:17,  5.42it/s]
cdan: epoch 1:  55%|█████▍    | 111/203 [00:23<00:16,  5.63it/s]
cdan: epoch 1:  55%|█████▌    | 112/203 [00:23<00:15,  5.76it/s]
cdan: epoch 1:  56%|█████▌    | 113/203 [00:23<00:15,  5.73it/s]
cdan: epoch 1:  56%|█████▌    | 114/203 [00:23<00:15,  5.59it/s]
cdan: epoch 1:  57%|█████▋    | 115/203 [00:23<00:15,  5.57it/s]
cdan: epoch 1:  57%|█████▋    | 116/203 [00:23<00:15,  5.56it/s]
cdan: epoch 1:  58%|█████▊    | 117/203 [00:24<00:15,  5.71it/s]
cdan: epoch 1:  58%|█████▊    | 118/203 [00:24<00:14,  5.74it/s]
cdan: epoch 1:  59%|█████▊    | 119/203 [00:24<00:14,  5.68it/s]
cdan: epoch 1:  59%|█████▉    | 120/203 [00:24<00:14,  5.64it/s]
cdan: epoch 1:  60%|█████▉    | 121/203 [00:24<00:14,  5.65it/s]
cdan: epoch 1:  60%|██████    | 122/203 [00:24<00:14,  5.59it/s]
cdan: epoch 1:  61%|██████    | 123/203 [00:25<00:13,  5.77it/s]
cdan: epoch 1:  61%|██████    | 124/203 [00:25<00:13,  5.77it/s]
cdan: epoch 1:  62%|██████▏   | 125/203 [00:25<00:13,  5.76it/s]
cdan: epoch 1:  62%|██████▏   | 126/203 [00:25<00:13,  5.69it/s]
cdan: epoch 1:  63%|██████▎   | 127/203 [00:25<00:13,  5.70it/s]
cdan: epoch 1:  63%|██████▎   | 128/203 [00:25<00:13,  5.72it/s]
cdan: epoch 1:  64%|██████▎   | 129/203 [00:26<00:12,  5.73it/s]
cdan: epoch 1:  64%|██████▍   | 130/203 [00:26<00:12,  5.76it/s]
cdan: epoch 1:  65%|██████▍   | 131/203 [00:26<00:12,  5.68it/s]
cdan: epoch 1:  65%|██████▌   | 132/203 [00:26<00:12,  5.58it/s]
cdan: epoch 1:  66%|██████▌   | 133/203 [00:26<00:12,  5.59it/s]
cdan: epoch 1:  66%|██████▌   | 134/203 [00:27<00:12,  5.56it/s]
cdan: epoch 1:  67%|██████▋   | 135/203 [00:27<00:12,  5.63it/s]
cdan: epoch 1:  67%|██████▋   | 136/203 [00:27<00:11,  5.70it/s]
cdan: epoch 1:  67%|██████▋   | 137/203 [00:27<00:11,  5.65it/s]
cdan: epoch 1:  68%|██████▊   | 138/203 [00:27<00:11,  5.75it/s]
cdan: epoch 1:  68%|██████▊   | 139/203 [00:27<00:11,  5.60it/s]
cdan: epoch 1:  69%|██████▉   | 140/203 [00:28<00:11,  5.60it/s]
cdan: epoch 1:  69%|██████▉   | 141/203 [00:28<00:11,  5.56it/s]
cdan: epoch 1:  70%|██████▉   | 142/203 [00:28<00:10,  5.57it/s]
cdan: epoch 1:  70%|███████   | 143/203 [00:28<00:11,  5.35it/s]
cdan: epoch 1:  71%|███████   | 144/203 [00:28<00:12,  4.78it/s]
cdan: epoch 1:  71%|███████▏  | 145/203 [00:29<00:12,  4.78it/s]
cdan: epoch 1:  72%|███████▏  | 146/203 [00:29<00:11,  4.94it/s]
cdan: epoch 1:  72%|███████▏  | 147/203 [00:29<00:10,  5.28it/s]
cdan: epoch 1:  73%|███████▎  | 148/203 [00:29<00:10,  5.40it/s]
cdan: epoch 1:  73%|███████▎  | 149/203 [00:29<00:09,  5.44it/s]
cdan: epoch 1:  74%|███████▍  | 150/203 [00:30<00:09,  5.31it/s]
cdan: epoch 1:  74%|███████▍  | 151/203 [00:30<00:09,  5.33it/s]
cdan: epoch 1:  75%|███████▍  | 152/203 [00:30<00:09,  5.39it/s]
cdan: epoch 1:  75%|███████▌  | 153/203 [00:30<00:09,  5.51it/s]
cdan: epoch 1:  76%|███████▌  | 154/203 [00:30<00:08,  5.56it/s]
cdan: epoch 1:  76%|███████▋  | 155/203 [00:30<00:08,  5.55it/s]
cdan: epoch 1:  77%|███████▋  | 156/203 [00:31<00:08,  5.46it/s]
cdan: epoch 1:  77%|███████▋  | 157/203 [00:31<00:08,  5.50it/s]
cdan: epoch 1:  78%|███████▊  | 158/203 [00:31<00:08,  5.37it/s]
cdan: epoch 1:  78%|███████▊  | 159/203 [00:31<00:08,  5.40it/s]
cdan: epoch 1:  79%|███████▉  | 160/203 [00:31<00:08,  5.21it/s]
cdan: epoch 1:  79%|███████▉  | 161/203 [00:32<00:08,  5.07it/s]
cdan: epoch 1:  80%|███████▉  | 162/203 [00:32<00:07,  5.29it/s]
cdan: epoch 1:  80%|████████  | 163/203 [00:32<00:07,  5.41it/s]
cdan: epoch 1:  81%|████████  | 164/203 [00:32<00:11,  3.53it/s]
cdan: epoch 1:  81%|████████▏ | 165/203 [00:33<00:09,  3.98it/s]
cdan: epoch 1:  82%|████████▏ | 166/203 [00:33<00:08,  4.14it/s]
cdan: epoch 1:  82%|████████▏ | 167/203 [00:33<00:08,  4.42it/s]
cdan: epoch 1:  83%|████████▎ | 168/203 [00:33<00:10,  3.47it/s]
cdan: epoch 1:  83%|████████▎ | 169/203 [00:34<00:09,  3.54it/s]
cdan: epoch 1:  84%|████████▎ | 170/203 [00:34<00:08,  3.88it/s]
cdan: epoch 1:  84%|████████▍ | 171/203 [00:34<00:07,  4.05it/s]
cdan: epoch 1:  85%|████████▍ | 172/203 [00:34<00:07,  4.02it/s]
cdan: epoch 1:  85%|████████▌ | 173/203 [00:35<00:07,  4.14it/s]
cdan: epoch 1:  86%|████████▌ | 174/203 [00:35<00:06,  4.20it/s]
cdan: epoch 1:  86%|████████▌ | 175/203 [00:35<00:06,  4.31it/s]
cdan: epoch 1:  87%|████████▋ | 176/203 [00:35<00:06,  4.10it/s]
cdan: epoch 1:  87%|████████▋ | 177/203 [00:36<00:06,  4.25it/s]
cdan: epoch 1:  88%|████████▊ | 178/203 [00:36<00:05,  4.48it/s]
cdan: epoch 1:  88%|████████▊ | 179/203 [00:36<00:05,  4.59it/s]
cdan: epoch 1:  89%|████████▊ | 180/203 [00:36<00:05,  4.54it/s]
cdan: epoch 1:  89%|████████▉ | 181/203 [00:36<00:04,  4.77it/s]
cdan: epoch 1:  90%|████████▉ | 182/203 [00:37<00:04,  4.83it/s]
cdan: epoch 1:  90%|█████████ | 183/203 [00:37<00:03,  5.06it/s]
cdan: epoch 1:  91%|█████████ | 184/203 [00:37<00:03,  5.23it/s]
cdan: epoch 1:  91%|█████████ | 185/203 [00:37<00:03,  5.31it/s]
cdan: epoch 1:  92%|█████████▏| 186/203 [00:37<00:03,  5.41it/s]
cdan: epoch 1:  92%|█████████▏| 187/203 [00:38<00:02,  5.43it/s]
cdan: epoch 1:  93%|█████████▎| 188/203 [00:38<00:02,  5.56it/s]
cdan: epoch 1:  93%|█████████▎| 189/203 [00:38<00:02,  5.59it/s]
cdan: epoch 1:  94%|█████████▎| 190/203 [00:38<00:02,  5.59it/s]
cdan: epoch 1:  94%|█████████▍| 191/203 [00:38<00:02,  5.56it/s]
cdan: epoch 1:  95%|█████████▍| 192/203 [00:38<00:01,  5.61it/s]
cdan: epoch 1:  95%|█████████▌| 193/203 [00:39<00:01,  5.54it/s]
cdan: epoch 1:  96%|█████████▌| 194/203 [00:39<00:01,  5.46it/s]
cdan: epoch 1:  96%|█████████▌| 195/203 [00:39<00:01,  5.65it/s]
cdan: epoch 1:  97%|█████████▋| 196/203 [00:39<00:01,  5.60it/s]
cdan: epoch 1:  97%|█████████▋| 197/203 [00:39<00:01,  5.57it/s]
cdan: epoch 1:  98%|█████████▊| 198/203 [00:39<00:00,  5.51it/s]
cdan: epoch 1:  98%|█████████▊| 199/203 [00:40<00:00,  5.58it/s]
cdan: epoch 1:  99%|█████████▊| 200/203 [00:40<00:00,  5.67it/s]
cdan: epoch 1:  99%|█████████▉| 201/203 [00:40<00:00,  5.67it/s]
cdan: epoch 1: 100%|█████████▉| 202/203 [00:40<00:00,  5.81it/s]
cdan: epoch 1: 100%|██████████| 203/203 [00:40<00:00,  5.94it/s]
                                                                
cdan: epoch 1, source macro-f1=0.8669

cdan: epoch 2:   0%|          | 0/203 [00:00<?, ?it/s]
cdan: epoch 2:   0%|          | 1/203 [00:00<00:34,  5.91it/s]
cdan: epoch 2:   1%|          | 2/203 [00:00<00:43,  4.63it/s]
cdan: epoch 2:   1%|▏         | 3/203 [00:00<00:40,  4.96it/s]
cdan: epoch 2:   2%|▏         | 4/203 [00:00<00:37,  5.25it/s]
cdan: epoch 2:   2%|▏         | 5/203 [00:00<00:37,  5.34it/s]
cdan: epoch 2:   3%|▎         | 6/203 [00:01<00:35,  5.55it/s]
cdan: epoch 2:   3%|▎         | 7/203 [00:01<00:35,  5.56it/s]
cdan: epoch 2:   4%|▍         | 8/203 [00:01<00:36,  5.36it/s]
cdan: epoch 2:   4%|▍         | 9/203 [00:01<00:35,  5.47it/s]
cdan: epoch 2:   5%|▍         | 10/203 [00:01<00:35,  5.47it/s]
cdan: epoch 2:   5%|▌         | 11/203 [00:02<00:34,  5.52it/s]
cdan: epoch 2:   6%|▌         | 12/203 [00:02<00:35,  5.38it/s]
cdan: epoch 2:   6%|▋         | 13/203 [00:02<00:35,  5.41it/s]
cdan: epoch 2:   7%|▋         | 14/203 [00:02<00:37,  5.10it/s]
cdan: epoch 2:   7%|▋         | 15/203 [00:02<00:41,  4.48it/s]
cdan: epoch 2:   8%|▊         | 16/203 [00:03<00:39,  4.70it/s]
cdan: epoch 2:   8%|▊         | 17/203 [00:03<00:41,  4.48it/s]
cdan: epoch 2:   9%|▉         | 18/203 [00:03<00:39,  4.66it/s]
cdan: epoch 2:   9%|▉         | 19/203 [00:03<00:40,  4.51it/s]
cdan: epoch 2:  10%|▉         | 20/203 [00:04<00:40,  4.52it/s]
cdan: epoch 2:  10%|█         | 21/203 [00:04<00:41,  4.42it/s]
cdan: epoch 2:  11%|█         | 22/203 [00:04<00:39,  4.53it/s]
cdan: epoch 2:  11%|█▏        | 23/203 [00:04<00:38,  4.66it/s]
cdan: epoch 2:  12%|█▏        | 24/203 [00:04<00:39,  4.49it/s]
cdan: epoch 2:  12%|█▏        | 25/203 [00:05<00:39,  4.46it/s]
cdan: epoch 2:  13%|█▎        | 26/203 [00:05<00:38,  4.58it/s]
cdan: epoch 2:  13%|█▎        | 27/203 [00:05<00:39,  4.41it/s]
cdan: epoch 2:  14%|█▍        | 28/203 [00:05<00:40,  4.37it/s]
cdan: epoch 2:  14%|█▍        | 29/203 [00:06<00:43,  4.02it/s]
cdan: epoch 2:  15%|█▍        | 30/203 [00:06<00:40,  4.29it/s]
cdan: epoch 2:  15%|█▌        | 31/203 [00:06<00:38,  4.45it/s]
cdan: epoch 2:  16%|█▌        | 32/203 [00:06<00:48,  3.55it/s]
cdan: epoch 2:  16%|█▋        | 33/203 [00:07<00:46,  3.64it/s]
cdan: epoch 2:  17%|█▋        | 34/203 [00:07<00:42,  3.97it/s]
cdan: epoch 2:  17%|█▋        | 35/203 [00:07<00:41,  4.05it/s]
cdan: epoch 2:  18%|█▊        | 36/203 [00:07<00:37,  4.44it/s]
cdan: epoch 2:  18%|█▊        | 37/203 [00:07<00:34,  4.77it/s]
cdan: epoch 2:  19%|█▊        | 38/203 [00:08<00:32,  5.03it/s]
cdan: epoch 2:  19%|█▉        | 39/203 [00:08<00:31,  5.20it/s]
cdan: epoch 2:  20%|█▉        | 40/203 [00:08<00:30,  5.28it/s]
cdan: epoch 2:  20%|██        | 41/203 [00:08<00:30,  5.32it/s]
cdan: epoch 2:  21%|██        | 42/203 [00:08<00:29,  5.48it/s]
cdan: epoch 2:  21%|██        | 43/203 [00:09<00:29,  5.51it/s]
cdan: epoch 2:  22%|██▏       | 44/203 [00:09<00:29,  5.45it/s]
cdan: epoch 2:  22%|██▏       | 45/203 [00:09<00:28,  5.54it/s]
cdan: epoch 2:  23%|██▎       | 46/203 [00:09<00:27,  5.61it/s]
cdan: epoch 2:  23%|██▎       | 47/203 [00:09<00:28,  5.47it/s]
cdan: epoch 2:  24%|██▎       | 48/203 [00:09<00:27,  5.61it/s]
cdan: epoch 2:  24%|██▍       | 49/203 [00:10<00:27,  5.54it/s]
cdan: epoch 2:  25%|██▍       | 50/203 [00:10<00:27,  5.62it/s]
cdan: epoch 2:  25%|██▌       | 51/203 [00:10<00:27,  5.60it/s]
cdan: epoch 2:  26%|██▌       | 52/203 [00:10<00:26,  5.74it/s]
cdan: epoch 2:  26%|██▌       | 53/203 [00:10<00:26,  5.62it/s]
cdan: epoch 2:  27%|██▋       | 54/203 [00:11<00:27,  5.46it/s]
cdan: epoch 2:  27%|██▋       | 55/203 [00:11<00:26,  5.64it/s]
cdan: epoch 2:  28%|██▊       | 56/203 [00:11<00:25,  5.71it/s]
cdan: epoch 2:  28%|██▊       | 57/203 [00:11<00:25,  5.77it/s]
cdan: epoch 2:  29%|██▊       | 58/203 [00:11<00:24,  5.85it/s]
cdan: epoch 2:  29%|██▉       | 59/203 [00:11<00:23,  6.00it/s]
cdan: epoch 2:  30%|██▉       | 60/203 [00:12<00:24,  5.74it/s]
cdan: epoch 2:  30%|███       | 61/203 [00:12<00:25,  5.56it/s]
cdan: epoch 2:  31%|███       | 62/203 [00:12<00:25,  5.56it/s]
cdan: epoch 2:  31%|███       | 63/203 [00:12<00:24,  5.74it/s]
cdan: epoch 2:  32%|███▏      | 64/203 [00:12<00:23,  5.85it/s]
cdan: epoch 2:  32%|███▏      | 65/203 [00:12<00:23,  5.89it/s]
cdan: epoch 2:  33%|███▎      | 66/203 [00:13<00:23,  5.83it/s]
cdan: epoch 2:  33%|███▎      | 67/203 [00:13<00:23,  5.88it/s]
cdan: epoch 2:  33%|███▎      | 68/203 [00:13<00:23,  5.66it/s]
cdan: epoch 2:  34%|███▍      | 69/203 [00:13<00:24,  5.58it/s]
cdan: epoch 2:  34%|███▍      | 70/203 [00:13<00:23,  5.78it/s]
cdan: epoch 2:  35%|███▍      | 71/203 [00:13<00:23,  5.62it/s]
cdan: epoch 2:  35%|███▌      | 72/203 [00:14<00:22,  5.85it/s]
cdan: epoch 2:  36%|███▌      | 73/203 [00:14<00:22,  5.82it/s]
cdan: epoch 2:  36%|███▋      | 74/203 [00:14<00:21,  5.87it/s]
cdan: epoch 2:  37%|███▋      | 75/203 [00:14<00:22,  5.59it/s]
cdan: epoch 2:  37%|███▋      | 76/203 [00:14<00:23,  5.37it/s]
cdan: epoch 2:  38%|███▊      | 77/203 [00:15<00:24,  5.18it/s]
cdan: epoch 2:  38%|███▊      | 78/203 [00:15<00:24,  5.11it/s]
cdan: epoch 2:  39%|███▉      | 79/203 [00:15<00:24,  5.16it/s]
cdan: epoch 2:  39%|███▉      | 80/203 [00:15<00:23,  5.28it/s]
cdan: epoch 2:  40%|███▉      | 81/203 [00:15<00:22,  5.41it/s]
cdan: epoch 2:  40%|████      | 82/203 [00:15<00:21,  5.53it/s]
cdan: epoch 2:  41%|████      | 83/203 [00:16<00:21,  5.54it/s]
cdan: epoch 2:  41%|████▏     | 84/203 [00:16<00:21,  5.61it/s]
cdan: epoch 2:  42%|████▏     | 85/203 [00:16<00:20,  5.81it/s]
cdan: epoch 2:  42%|████▏     | 86/203 [00:16<00:20,  5.72it/s]
cdan: epoch 2:  43%|████▎     | 87/203 [00:16<00:20,  5.77it/s]
cdan: epoch 2:  43%|████▎     | 88/203 [00:17<00:19,  5.83it/s]
cdan: epoch 2:  44%|████▍     | 89/203 [00:17<00:19,  5.71it/s]
cdan: epoch 2:  44%|████▍     | 90/203 [00:17<00:20,  5.65it/s]
cdan: epoch 2:  45%|████▍     | 91/203 [00:17<00:19,  5.65it/s]
cdan: epoch 2:  45%|████▌     | 92/203 [00:17<00:19,  5.66it/s]
cdan: epoch 2:  46%|████▌     | 93/203 [00:17<00:19,  5.70it/s]
cdan: epoch 2:  46%|████▋     | 94/203 [00:18<00:20,  5.23it/s]
cdan: epoch 2:  47%|████▋     | 95/203 [00:18<00:21,  5.09it/s]
cdan: epoch 2:  47%|████▋     | 96/203 [00:18<00:20,  5.14it/s]
cdan: epoch 2:  48%|████▊     | 97/203 [00:18<00:21,  4.90it/s]
cdan: epoch 2:  48%|████▊     | 98/203 [00:18<00:21,  4.78it/s]
cdan: epoch 2:  49%|████▉     | 99/203 [00:19<00:22,  4.62it/s]
cdan: epoch 2:  49%|████▉     | 100/203 [00:19<00:22,  4.63it/s]
cdan: epoch 2:  50%|████▉     | 101/203 [00:19<00:21,  4.69it/s]
cdan: epoch 2:  50%|█████     | 102/203 [00:19<00:22,  4.55it/s]
cdan: epoch 2:  51%|█████     | 103/203 [00:20<00:23,  4.29it/s]
cdan: epoch 2:  51%|█████     | 104/203 [00:20<00:21,  4.64it/s]
cdan: epoch 2:  52%|█████▏    | 105/203 [00:20<00:23,  4.11it/s]
cdan: epoch 2:  52%|█████▏    | 106/203 [00:20<00:22,  4.25it/s]
cdan: epoch 2:  53%|█████▎    | 107/203 [00:21<00:25,  3.81it/s]
cdan: epoch 2:  53%|█████▎    | 108/203 [00:21<00:23,  3.99it/s]
cdan: epoch 2:  54%|█████▎    | 109/203 [00:21<00:23,  4.07it/s]
cdan: epoch 2:  54%|█████▍    | 110/203 [00:21<00:21,  4.31it/s]
cdan: epoch 2:  55%|█████▍    | 111/203 [00:22<00:21,  4.32it/s]
cdan: epoch 2:  55%|█████▌    | 112/203 [00:22<00:21,  4.29it/s]
cdan: epoch 2:  56%|█████▌    | 113/203 [00:22<00:20,  4.35it/s]
cdan: epoch 2:  56%|█████▌    | 114/203 [00:22<00:20,  4.38it/s]
cdan: epoch 2:  57%|█████▋    | 115/203 [00:23<00:21,  4.09it/s]
cdan: epoch 2:  57%|█████▋    | 116/203 [00:23<00:20,  4.25it/s]
cdan: epoch 2:  58%|█████▊    | 117/203 [00:23<00:19,  4.53it/s]
cdan: epoch 2:  58%|█████▊    | 118/203 [00:23<00:17,  4.96it/s]
cdan: epoch 2:  59%|█████▊    | 119/203 [00:23<00:16,  5.12it/s]
cdan: epoch 2:  59%|█████▉    | 120/203 [00:23<00:15,  5.20it/s]
cdan: epoch 2:  60%|█████▉    | 121/203 [00:24<00:15,  5.42it/s]
cdan: epoch 2:  60%|██████    | 122/203 [00:24<00:14,  5.61it/s]
cdan: epoch 2:  61%|██████    | 123/203 [00:24<00:13,  5.74it/s]
cdan: epoch 2:  61%|██████    | 124/203 [00:24<00:17,  4.58it/s]
cdan: epoch 2:  62%|██████▏   | 125/203 [00:24<00:15,  4.98it/s]
cdan: epoch 2:  62%|██████▏   | 126/203 [00:25<00:14,  5.17it/s]
cdan: epoch 2:  63%|██████▎   | 127/203 [00:25<00:14,  5.29it/s]
cdan: epoch 2:  63%|██████▎   | 128/203 [00:25<00:13,  5.53it/s]
cdan: epoch 2:  64%|██████▎   | 129/203 [00:25<00:13,  5.55it/s]
cdan: epoch 2:  64%|██████▍   | 130/203 [00:25<00:12,  5.67it/s]
cdan: epoch 2:  65%|██████▍   | 131/203 [00:25<00:12,  5.81it/s]
cdan: epoch 2:  65%|██████▌   | 132/203 [00:26<00:13,  5.17it/s]
cdan: epoch 2:  66%|██████▌   | 133/203 [00:26<00:13,  5.18it/s]
cdan: epoch 2:  66%|██████▌   | 134/203 [00:26<00:13,  5.29it/s]
cdan: epoch 2:  67%|██████▋   | 135/203 [00:26<00:12,  5.31it/s]
cdan: epoch 2:  67%|██████▋   | 136/203 [00:26<00:12,  5.38it/s]
cdan: epoch 2:  67%|██████▋   | 137/203 [00:27<00:11,  5.56it/s]
cdan: epoch 2:  68%|██████▊   | 138/203 [00:27<00:11,  5.68it/s]
cdan: epoch 2:  68%|██████▊   | 139/203 [00:27<00:11,  5.64it/s]
cdan: epoch 2:  69%|██████▉   | 140/203 [00:27<00:11,  5.49it/s]
cdan: epoch 2:  69%|██████▉   | 141/203 [00:27<00:11,  5.60it/s]
cdan: epoch 2:  70%|██████▉   | 142/203 [00:27<00:10,  5.62it/s]
cdan: epoch 2:  70%|███████   | 143/203 [00:28<00:10,  5.77it/s]
cdan: epoch 2:  71%|███████   | 144/203 [00:28<00:10,  5.87it/s]
cdan: epoch 2:  71%|███████▏  | 145/203 [00:28<00:10,  5.76it/s]
cdan: epoch 2:  72%|███████▏  | 146/203 [00:28<00:10,  5.68it/s]
cdan: epoch 2:  72%|███████▏  | 147/203 [00:28<00:09,  5.71it/s]
cdan: epoch 2:  73%|███████▎  | 148/203 [00:28<00:09,  5.78it/s]
cdan: epoch 2:  73%|███████▎  | 149/203 [00:29<00:09,  5.77it/s]
cdan: epoch 2:  74%|███████▍  | 150/203 [00:29<00:09,  5.68it/s]
cdan: epoch 2:  74%|███████▍  | 151/203 [00:29<00:08,  5.81it/s]
cdan: epoch 2:  75%|███████▍  | 152/203 [00:29<00:08,  5.80it/s]
cdan: epoch 2:  75%|███████▌  | 153/203 [00:29<00:08,  5.76it/s]
cdan: epoch 2:  76%|███████▌  | 154/203 [00:30<00:08,  5.71it/s]
cdan: epoch 2:  76%|███████▋  | 155/203 [00:30<00:08,  5.73it/s]
cdan: epoch 2:  77%|███████▋  | 156/203 [00:30<00:08,  5.86it/s]
cdan: epoch 2:  77%|███████▋  | 157/203 [00:30<00:07,  5.78it/s]
cdan: epoch 2:  78%|███████▊  | 158/203 [00:30<00:07,  5.69it/s]
cdan: epoch 2:  78%|███████▊  | 159/203 [00:30<00:07,  5.74it/s]
cdan: epoch 2:  79%|███████▉  | 160/203 [00:31<00:07,  5.74it/s]
cdan: epoch 2:  79%|███████▉  | 161/203 [00:31<00:07,  5.85it/s]
cdan: epoch 2:  80%|███████▉  | 162/203 [00:31<00:06,  5.93it/s]
cdan: epoch 2:  80%|████████  | 163/203 [00:31<00:06,  5.86it/s]
cdan: epoch 2:  81%|████████  | 164/203 [00:31<00:06,  5.69it/s]
cdan: epoch 2:  81%|████████▏ | 165/203 [00:31<00:06,  5.92it/s]
cdan: epoch 2:  82%|████████▏ | 166/203 [00:32<00:06,  5.92it/s]
cdan: epoch 2:  82%|████████▏ | 167/203 [00:32<00:05,  6.13it/s]
cdan: epoch 2:  83%|████████▎ | 168/203 [00:32<00:06,  5.78it/s]
cdan: epoch 2:  83%|████████▎ | 169/203 [00:32<00:05,  5.74it/s]
cdan: epoch 2:  84%|████████▎ | 170/203 [00:32<00:05,  5.82it/s]
cdan: epoch 2:  84%|████████▍ | 171/203 [00:32<00:05,  5.80it/s]
cdan: epoch 2:  85%|████████▍ | 172/203 [00:33<00:05,  5.81it/s]
cdan: epoch 2:  85%|████████▌ | 173/203 [00:33<00:05,  5.61it/s]
cdan: epoch 2:  86%|████████▌ | 174/203 [00:33<00:05,  5.32it/s]
cdan: epoch 2:  86%|████████▌ | 175/203 [00:33<00:05,  5.35it/s]
cdan: epoch 2:  87%|████████▋ | 176/203 [00:33<00:05,  4.99it/s]
cdan: epoch 2:  87%|████████▋ | 177/203 [00:34<00:05,  4.71it/s]
cdan: epoch 2:  88%|████████▊ | 178/203 [00:34<00:05,  4.64it/s]
cdan: epoch 2:  88%|████████▊ | 179/203 [00:34<00:05,  4.51it/s]
cdan: epoch 2:  89%|████████▊ | 180/203 [00:34<00:05,  4.50it/s]
cdan: epoch 2:  89%|████████▉ | 181/203 [00:35<00:04,  4.55it/s]
cdan: epoch 2:  90%|████████▉ | 182/203 [00:35<00:04,  4.23it/s]
cdan: epoch 2:  90%|█████████ | 183/203 [00:35<00:04,  4.45it/s]
cdan: epoch 2:  91%|█████████ | 184/203 [00:35<00:04,  4.25it/s]
cdan: epoch 2:  91%|█████████ | 185/203 [00:36<00:04,  4.33it/s]
cdan: epoch 2:  92%|█████████▏| 186/203 [00:36<00:03,  4.29it/s]
cdan: epoch 2:  92%|█████████▏| 187/203 [00:36<00:04,  3.89it/s]
cdan: epoch 2:  93%|█████████▎| 188/203 [00:36<00:03,  4.19it/s]
cdan: epoch 2:  93%|█████████▎| 189/203 [00:37<00:03,  4.12it/s]
cdan: epoch 2:  94%|█████████▎| 190/203 [00:37<00:03,  4.16it/s]
cdan: epoch 2:  94%|█████████▍| 191/203 [00:37<00:02,  4.19it/s]
cdan: epoch 2:  95%|█████████▍| 192/203 [00:37<00:02,  4.39it/s]
cdan: epoch 2:  95%|█████████▌| 193/203 [00:37<00:02,  4.32it/s]
cdan: epoch 2:  96%|█████████▌| 194/203 [00:38<00:02,  4.10it/s]
cdan: epoch 2:  96%|█████████▌| 195/203 [00:38<00:01,  4.19it/s]
cdan: epoch 2:  97%|█████████▋| 196/203 [00:38<00:01,  4.33it/s]
cdan: epoch 2:  97%|█████████▋| 197/203 [00:38<00:01,  4.75it/s]
cdan: epoch 2:  98%|█████████▊| 198/203 [00:39<00:01,  4.97it/s]
cdan: epoch 2:  98%|█████████▊| 199/203 [00:39<00:00,  5.07it/s]
cdan: epoch 2:  99%|█████████▊| 200/203 [00:39<00:00,  5.18it/s]
cdan: epoch 2:  99%|█████████▉| 201/203 [00:39<00:00,  5.33it/s]
cdan: epoch 2: 100%|█████████▉| 202/203 [00:39<00:00,  5.36it/s]
cdan: epoch 2: 100%|██████████| 203/203 [00:39<00:00,  5.57it/s]
                                                                
cdan: epoch 2, source macro-f1=0.1517

cdan: epoch 3:   0%|          | 0/203 [00:00<?, ?it/s]
cdan: epoch 3:   0%|          | 1/203 [00:00<00:32,  6.19it/s]
cdan: epoch 3:   1%|          | 2/203 [00:00<00:31,  6.35it/s]
cdan: epoch 3:   1%|▏         | 3/203 [00:00<00:39,  5.11it/s]
cdan: epoch 3:   2%|▏         | 4/203 [00:00<00:37,  5.33it/s]
cdan: epoch 3:   2%|▏         | 5/203 [00:00<00:35,  5.62it/s]
cdan: epoch 3:   3%|▎         | 6/203 [00:01<00:34,  5.66it/s]
cdan: epoch 3:   3%|▎         | 7/203 [00:01<00:34,  5.63it/s]
cdan: epoch 3:   4%|▍         | 8/203 [00:01<00:34,  5.66it/s]
cdan: epoch 3:   4%|▍         | 9/203 [00:01<00:33,  5.78it/s]
cdan: epoch 3:   5%|▍         | 10/203 [00:01<00:33,  5.78it/s]
cdan: epoch 3:   5%|▌         | 11/203 [00:01<00:33,  5.77it/s]
cdan: epoch 3:   6%|▌         | 12/203 [00:02<00:33,  5.74it/s]
cdan: epoch 3:   6%|▋         | 13/203 [00:02<00:35,  5.35it/s]
cdan: epoch 3:   7%|▋         | 14/203 [00:02<00:34,  5.45it/s]
cdan: epoch 3:   7%|▋         | 15/203 [00:02<00:33,  5.57it/s]
cdan: epoch 3:   8%|▊         | 16/203 [00:02<00:33,  5.56it/s]
cdan: epoch 3:   8%|▊         | 17/203 [00:03<00:33,  5.48it/s]
cdan: epoch 3:   9%|▉         | 18/203 [00:03<00:32,  5.69it/s]
cdan: epoch 3:   9%|▉         | 19/203 [00:03<00:33,  5.51it/s]
cdan: epoch 3:  10%|▉         | 20/203 [00:03<00:31,  5.73it/s]
cdan: epoch 3:  10%|█         | 21/203 [00:03<00:31,  5.73it/s]
cdan: epoch 3:  11%|█         | 22/203 [00:03<00:32,  5.64it/s]
cdan: epoch 3:  11%|█▏        | 23/203 [00:04<00:30,  5.89it/s]
cdan: epoch 3:  12%|█▏        | 24/203 [00:04<00:30,  5.85it/s]
cdan: epoch 3:  12%|█▏        | 25/203 [00:04<00:30,  5.91it/s]
cdan: epoch 3:  13%|█▎        | 26/203 [00:04<00:29,  5.98it/s]
cdan: epoch 3:  13%|█▎        | 27/203 [00:04<00:29,  5.98it/s]
cdan: epoch 3:  14%|█▍        | 28/203 [00:04<00:29,  5.84it/s]
cdan: epoch 3:  14%|█▍        | 29/203 [00:05<00:29,  5.81it/s]
cdan: epoch 3:  15%|█▍        | 30/203 [00:05<00:29,  5.94it/s]
cdan: epoch 3:  15%|█▌        | 31/203 [00:05<00:31,  5.40it/s]
cdan: epoch 3:  16%|█▌        | 32/203 [00:05<00:31,  5.45it/s]
cdan: epoch 3:  16%|█▋        | 33/203 [00:05<00:33,  5.14it/s]
cdan: epoch 3:  17%|█▋        | 34/203 [00:06<00:34,  4.97it/s]
cdan: epoch 3:  17%|█▋        | 35/203 [00:06<00:34,  4.89it/s]
cdan: epoch 3:  18%|█▊        | 36/203 [00:06<00:35,  4.75it/s]
cdan: epoch 3:  18%|█▊        | 37/203 [00:06<00:34,  4.76it/s]
cdan: epoch 3:  19%|█▊        | 38/203 [00:06<00:35,  4.66it/s]
cdan: epoch 3:  19%|█▉        | 39/203 [00:07<00:36,  4.47it/s]
cdan: epoch 3:  20%|█▉        | 40/203 [00:07<00:35,  4.62it/s]
cdan: epoch 3:  20%|██        | 41/203 [00:07<00:36,  4.40it/s]
cdan: epoch 3:  21%|██        | 42/203 [00:07<00:35,  4.57it/s]
cdan: epoch 3:  21%|██        | 43/203 [00:08<00:35,  4.45it/s]
cdan: epoch 3:  22%|██▏       | 44/203 [00:08<00:37,  4.21it/s]
cdan: epoch 3:  22%|██▏       | 45/203 [00:08<00:36,  4.31it/s]
cdan: epoch 3:  23%|██▎       | 46/203 [00:08<00:39,  4.01it/s]
cdan: epoch 3:  23%|██▎       | 47/203 [00:09<00:37,  4.12it/s]
cdan: epoch 3:  24%|██▎       | 48/203 [00:09<00:38,  4.02it/s]
cdan: epoch 3:  24%|██▍       | 49/203 [00:09<00:35,  4.31it/s]
cdan: epoch 3:  25%|██▍       | 50/203 [00:09<00:36,  4.24it/s]
cdan: epoch 3:  25%|██▌       | 51/203 [00:10<00:36,  4.22it/s]
cdan: epoch 3:  26%|██▌       | 52/203 [00:10<00:35,  4.20it/s]
cdan: epoch 3:  26%|██▌       | 53/203 [00:10<00:34,  4.37it/s]
cdan: epoch 3:  27%|██▋       | 54/203 [00:10<00:32,  4.61it/s]
cdan: epoch 3:  27%|██▋       | 55/203 [00:10<00:31,  4.77it/s]
cdan: epoch 3:  28%|██▊       | 56/203 [00:11<00:30,  4.76it/s]
cdan: epoch 3:  28%|██▊       | 57/203 [00:11<00:30,  4.81it/s]
cdan: epoch 3:  29%|██▊       | 58/203 [00:11<00:28,  5.06it/s]
cdan: epoch 3:  29%|██▉       | 59/203 [00:11<00:27,  5.16it/s]
cdan: epoch 3:  30%|██▉       | 60/203 [00:11<00:26,  5.36it/s]
cdan: epoch 3:  30%|███       | 61/203 [00:11<00:25,  5.57it/s]
cdan: epoch 3:  31%|███       | 62/203 [00:12<00:24,  5.70it/s]
cdan: epoch 3:  31%|███       | 63/203 [00:12<00:26,  5.27it/s]
cdan: epoch 3:  32%|███▏      | 64/203 [00:12<00:25,  5.48it/s]
cdan: epoch 3:  32%|███▏      | 65/203 [00:12<00:24,  5.63it/s]
cdan: epoch 3:  33%|███▎      | 66/203 [00:12<00:25,  5.42it/s]
cdan: epoch 3:  33%|███▎      | 67/203 [00:13<00:24,  5.54it/s]
cdan: epoch 3:  33%|███▎      | 68/203 [00:13<00:24,  5.58it/s]
cdan: epoch 3:  34%|███▍      | 69/203 [00:13<00:23,  5.79it/s]
cdan: epoch 3:  34%|███▍      | 70/203 [00:13<00:23,  5.78it/s]
cdan: epoch 3:  35%|███▍      | 71/203 [00:13<00:22,  5.87it/s]
cdan: epoch 3:  35%|███▌      | 72/203 [00:13<00:22,  5.88it/s]
cdan: epoch 3:  36%|███▌      | 73/203 [00:14<00:22,  5.82it/s]
cdan: epoch 3:  36%|███▋      | 74/203 [00:14<00:22,  5.83it/s]
cdan: epoch 3:  37%|███▋      | 75/203 [00:14<00:22,  5.81it/s]
cdan: epoch 3:  37%|███▋      | 76/203 [00:14<00:21,  5.87it/s]
cdan: epoch 3:  38%|███▊      | 77/203 [00:14<00:20,  6.01it/s]
cdan: epoch 3:  38%|███▊      | 78/203 [00:14<00:21,  5.88it/s]
cdan: epoch 3:  39%|███▉      | 79/203 [00:15<00:21,  5.66it/s]
cdan: epoch 3:  39%|███▉      | 80/203 [00:15<00:21,  5.68it/s]
cdan: epoch 3:  40%|███▉      | 81/203 [00:15<00:20,  5.87it/s]
cdan: epoch 3:  40%|████      | 82/203 [00:15<00:20,  5.90it/s]
cdan: epoch 3:  41%|████      | 83/203 [00:15<00:20,  5.96it/s]
cdan: epoch 3:  41%|████▏     | 84/203 [00:16<00:26,  4.56it/s]
cdan: epoch 3:  42%|████▏     | 85/203 [00:16<00:24,  4.85it/s]
cdan: epoch 3:  42%|████▏     | 86/203 [00:16<00:23,  5.00it/s]
cdan: epoch 3:  43%|████▎     | 87/203 [00:16<00:22,  5.19it/s]
cdan: epoch 3:  43%|████▎     | 88/203 [00:16<00:21,  5.39it/s]
cdan: epoch 3:  44%|████▍     | 89/203 [00:17<00:20,  5.46it/s]
cdan: epoch 3:  44%|████▍     | 90/203 [00:17<00:20,  5.64it/s]
cdan: epoch 3:  45%|████▍     | 91/203 [00:17<00:19,  5.68it/s]
cdan: epoch 3:  45%|████▌     | 92/203 [00:17<00:19,  5.66it/s]
cdan: epoch 3:  46%|████▌     | 93/203 [00:17<00:19,  5.79it/s]
cdan: epoch 3:  46%|████▋     | 94/203 [00:17<00:18,  5.89it/s]
cdan: epoch 3:  47%|████▋     | 95/203 [00:18<00:18,  5.96it/s]
cdan: epoch 3:  47%|████▋     | 96/203 [00:18<00:20,  5.31it/s]
cdan: epoch 3:  48%|████▊     | 97/203 [00:18<00:19,  5.41it/s]
cdan: epoch 3:  48%|████▊     | 98/203 [00:18<00:19,  5.46it/s]
cdan: epoch 3:  49%|████▉     | 99/203 [00:18<00:18,  5.67it/s]
cdan: epoch 3:  49%|████▉     | 100/203 [00:18<00:17,  5.83it/s]
cdan: epoch 3:  50%|████▉     | 101/203 [00:19<00:17,  5.80it/s]
cdan: epoch 3:  50%|█████     | 102/203 [00:19<00:17,  5.64it/s]
cdan: epoch 3:  51%|█████     | 103/203 [00:19<00:17,  5.74it/s]
cdan: epoch 3:  51%|█████     | 104/203 [00:19<00:17,  5.70it/s]
cdan: epoch 3:  52%|█████▏    | 105/203 [00:19<00:17,  5.61it/s]
cdan: epoch 3:  52%|█████▏    | 106/203 [00:19<00:16,  5.74it/s]
cdan: epoch 3:  53%|█████▎    | 107/203 [00:20<00:16,  5.82it/s]
cdan: epoch 3:  53%|█████▎    | 108/203 [00:20<00:16,  5.82it/s]
cdan: epoch 3:  54%|█████▎    | 109/203 [00:20<00:16,  5.65it/s]
cdan: epoch 3:  54%|█████▍    | 110/203 [00:20<00:17,  5.45it/s]
cdan: epoch 3:  55%|█████▍    | 111/203 [00:20<00:16,  5.50it/s]
cdan: epoch 3:  55%|█████▌    | 112/203 [00:21<00:17,  5.13it/s]
cdan: epoch 3:  56%|█████▌    | 113/203 [00:21<00:18,  4.85it/s]
cdan: epoch 3:  56%|█████▌    | 114/203 [00:21<00:19,  4.63it/s]
cdan: epoch 3:  57%|█████▋    | 115/203 [00:21<00:19,  4.60it/s]
cdan: epoch 3:  57%|█████▋    | 116/203 [00:22<00:18,  4.69it/s]
cdan: epoch 3:  58%|█████▊    | 117/203 [00:22<00:19,  4.35it/s]
cdan: epoch 3:  58%|█████▊    | 118/203 [00:22<00:18,  4.58it/s]
cdan: epoch 3:  59%|█████▊    | 119/203 [00:22<00:18,  4.51it/s]
cdan: epoch 3:  59%|█████▉    | 120/203 [00:22<00:18,  4.45it/s]
cdan: epoch 3:  60%|█████▉    | 121/203 [00:23<00:18,  4.50it/s]
cdan: epoch 3:  60%|██████    | 122/203 [00:23<00:19,  4.09it/s]
cdan: epoch 3:  61%|██████    | 123/203 [00:23<00:18,  4.35it/s]
cdan: epoch 3:  61%|██████    | 124/203 [00:23<00:20,  3.91it/s]
cdan: epoch 3:  62%|██████▏   | 125/203 [00:24<00:18,  4.27it/s]
cdan: epoch 3:  62%|██████▏   | 126/203 [00:24<00:18,  4.08it/s]
cdan: epoch 3:  63%|██████▎   | 127/203 [00:24<00:17,  4.41it/s]
cdan: epoch 3:  63%|██████▎   | 128/203 [00:24<00:15,  4.78it/s]
cdan: epoch 3:  64%|██████▎   | 129/203 [00:25<00:16,  4.46it/s]
cdan: epoch 3:  64%|██████▍   | 130/203 [00:25<00:17,  4.29it/s]
cdan: epoch 3:  65%|██████▍   | 131/203 [00:25<00:17,  4.19it/s]
cdan: epoch 3:  65%|██████▌   | 132/203 [00:25<00:17,  4.17it/s]
cdan: epoch 3:  66%|██████▌   | 133/203 [00:26<00:17,  4.12it/s]
cdan: epoch 3:  66%|██████▌   | 134/203 [00:26<00:15,  4.43it/s]
cdan: epoch 3:  67%|██████▋   | 135/203 [00:26<00:14,  4.54it/s]
cdan: epoch 3:  67%|██████▋   | 136/203 [00:26<00:14,  4.75it/s]
cdan: epoch 3:  67%|██████▋   | 137/203 [00:26<00:12,  5.17it/s]
cdan: epoch 3:  68%|██████▊   | 138/203 [00:26<00:12,  5.37it/s]
cdan: epoch 3:  68%|██████▊   | 139/203 [00:27<00:12,  5.19it/s]
cdan: epoch 3:  69%|██████▉   | 140/203 [00:27<00:11,  5.25it/s]
cdan: epoch 3:  69%|██████▉   | 141/203 [00:27<00:11,  5.51it/s]
cdan: epoch 3:  70%|██████▉   | 142/203 [00:27<00:10,  5.60it/s]
cdan: epoch 3:  70%|███████   | 143/203 [00:27<00:10,  5.53it/s]
cdan: epoch 3:  71%|███████   | 144/203 [00:28<00:10,  5.52it/s]
cdan: epoch 3:  71%|███████▏  | 145/203 [00:28<00:10,  5.53it/s]
cdan: epoch 3:  72%|███████▏  | 146/203 [00:28<00:10,  5.53it/s]
cdan: epoch 3:  72%|███████▏  | 147/203 [00:28<00:09,  5.68it/s]
cdan: epoch 3:  73%|███████▎  | 148/203 [00:28<00:09,  5.68it/s]
cdan: epoch 3:  73%|███████▎  | 149/203 [00:28<00:09,  5.77it/s]
cdan: epoch 3:  74%|███████▍  | 150/203 [00:29<00:09,  5.68it/s]
cdan: epoch 3:  74%|███████▍  | 151/203 [00:29<00:09,  5.70it/s]
cdan: epoch 3:  75%|███████▍  | 152/203 [00:29<00:08,  5.78it/s]
cdan: epoch 3:  75%|███████▌  | 153/203 [00:29<00:08,  5.64it/s]
cdan: epoch 3:  76%|███████▌  | 154/203 [00:29<00:08,  5.68it/s]
cdan: epoch 3:  76%|███████▋  | 155/203 [00:29<00:08,  5.62it/s]
cdan: epoch 3:  77%|███████▋  | 156/203 [00:30<00:08,  5.80it/s]
cdan: epoch 3:  77%|███████▋  | 157/203 [00:30<00:08,  5.66it/s]
cdan: epoch 3:  78%|███████▊  | 158/203 [00:30<00:08,  5.60it/s]
cdan: epoch 3:  78%|███████▊  | 159/203 [00:30<00:08,  5.50it/s]
cdan: epoch 3:  79%|███████▉  | 160/203 [00:30<00:07,  5.64it/s]
cdan: epoch 3:  79%|███████▉  | 161/203 [00:31<00:07,  5.70it/s]
cdan: epoch 3:  80%|███████▉  | 162/203 [00:31<00:07,  5.69it/s]
cdan: epoch 3:  80%|████████  | 163/203 [00:31<00:06,  5.75it/s]
cdan: epoch 3:  81%|████████  | 164/203 [00:31<00:06,  5.60it/s]
cdan: epoch 3:  81%|████████▏ | 165/203 [00:31<00:06,  5.81it/s]
cdan: epoch 3:  82%|████████▏ | 166/203 [00:31<00:06,  5.78it/s]
cdan: epoch 3:  82%|████████▏ | 167/203 [00:32<00:06,  5.77it/s]
cdan: epoch 3:  83%|████████▎ | 168/203 [00:32<00:06,  5.79it/s]
cdan: epoch 3:  83%|████████▎ | 169/203 [00:32<00:05,  5.98it/s]
cdan: epoch 3:  84%|████████▎ | 170/203 [00:32<00:05,  5.83it/s]
cdan: epoch 3:  84%|████████▍ | 171/203 [00:32<00:06,  5.16it/s]
cdan: epoch 3:  85%|████████▍ | 172/203 [00:32<00:05,  5.26it/s]
cdan: epoch 3:  85%|████████▌ | 173/203 [00:33<00:05,  5.24it/s]
cdan: epoch 3:  86%|████████▌ | 174/203 [00:33<00:05,  5.45it/s]
cdan: epoch 3:  86%|████████▌ | 175/203 [00:33<00:05,  5.56it/s]
cdan: epoch 3:  87%|████████▋ | 176/203 [00:33<00:04,  5.62it/s]
cdan: epoch 3:  87%|████████▋ | 177/203 [00:33<00:04,  5.61it/s]
cdan: epoch 3:  88%|████████▊ | 178/203 [00:34<00:04,  5.69it/s]
cdan: epoch 3:  88%|████████▊ | 179/203 [00:34<00:04,  5.63it/s]
cdan: epoch 3:  89%|████████▊ | 180/203 [00:34<00:04,  5.60it/s]
cdan: epoch 3:  89%|████████▉ | 181/203 [00:34<00:04,  5.42it/s]
cdan: epoch 3:  90%|████████▉ | 182/203 [00:34<00:03,  5.59it/s]
cdan: epoch 3:  90%|█████████ | 183/203 [00:34<00:03,  5.65it/s]
cdan: epoch 3:  91%|█████████ | 184/203 [00:35<00:03,  5.77it/s]
cdan: epoch 3:  91%|█████████ | 185/203 [00:35<00:03,  5.73it/s]
cdan: epoch 3:  92%|█████████▏| 186/203 [00:35<00:02,  5.80it/s]
cdan: epoch 3:  92%|█████████▏| 187/203 [00:35<00:02,  5.72it/s]
cdan: epoch 3:  93%|█████████▎| 188/203 [00:35<00:02,  5.69it/s]
cdan: epoch 3:  93%|█████████▎| 189/203 [00:35<00:02,  5.64it/s]
cdan: epoch 3:  94%|█████████▎| 190/203 [00:36<00:02,  5.80it/s]
cdan: epoch 3:  94%|█████████▍| 191/203 [00:36<00:02,  5.70it/s]
cdan: epoch 3:  95%|█████████▍| 192/203 [00:36<00:01,  5.82it/s]
cdan: epoch 3:  95%|█████████▌| 193/203 [00:36<00:02,  4.95it/s]
cdan: epoch 3:  96%|█████████▌| 194/203 [00:36<00:01,  5.15it/s]
cdan: epoch 3:  96%|█████████▌| 195/203 [00:37<00:01,  4.76it/s]
cdan: epoch 3:  97%|█████████▋| 196/203 [00:37<00:01,  4.86it/s]
cdan: epoch 3:  97%|█████████▋| 197/203 [00:37<00:01,  4.50it/s]
cdan: epoch 3:  98%|█████████▊| 198/203 [00:37<00:01,  4.46it/s]
cdan: epoch 3:  98%|█████████▊| 199/203 [00:38<00:00,  4.57it/s]
cdan: epoch 3:  99%|█████████▊| 200/203 [00:38<00:00,  4.66it/s]
cdan: epoch 3:  99%|█████████▉| 201/203 [00:38<00:00,  4.78it/s]
cdan: epoch 3: 100%|█████████▉| 202/203 [00:38<00:00,  4.60it/s]
cdan: epoch 3: 100%|██████████| 203/203 [00:38<00:00,  4.59it/s]
                                                                
cdan: epoch 3, source macro-f1=0.1798

cdan: epoch 4:   0%|          | 0/203 [00:00<?, ?it/s]
cdan: epoch 4:   0%|          | 1/203 [00:00<00:31,  6.49it/s]
cdan: epoch 4:   1%|          | 2/203 [00:00<00:33,  6.09it/s]
cdan: epoch 4:   1%|▏         | 3/203 [00:00<00:32,  6.12it/s]
cdan: epoch 4:   2%|▏         | 4/203 [00:00<00:38,  5.13it/s]
cdan: epoch 4:   2%|▏         | 5/203 [00:00<00:36,  5.41it/s]
cdan: epoch 4:   3%|▎         | 6/203 [00:01<00:36,  5.40it/s]
cdan: epoch 4:   3%|▎         | 7/203 [00:01<00:35,  5.52it/s]
cdan: epoch 4:   4%|▍         | 8/203 [00:01<00:35,  5.55it/s]
cdan: epoch 4:   4%|▍         | 9/203 [00:01<00:34,  5.70it/s]
cdan: epoch 4:   5%|▍         | 10/203 [00:01<00:33,  5.75it/s]
cdan: epoch 4:   5%|▌         | 11/203 [00:01<00:33,  5.72it/s]
cdan: epoch 4:   6%|▌         | 12/203 [00:02<00:34,  5.62it/s]
cdan: epoch 4:   6%|▋         | 13/203 [00:02<00:33,  5.70it/s]
cdan: epoch 4:   7%|▋         | 14/203 [00:02<00:32,  5.73it/s]
cdan: epoch 4:   7%|▋         | 15/203 [00:02<00:33,  5.63it/s]
cdan: epoch 4:   8%|▊         | 16/203 [00:02<00:32,  5.84it/s]
cdan: epoch 4:   8%|▊         | 17/203 [00:03<00:32,  5.69it/s]
cdan: epoch 4:   9%|▉         | 18/203 [00:03<00:32,  5.65it/s]
cdan: epoch 4:   9%|▉         | 19/203 [00:03<00:32,  5.69it/s]
cdan: epoch 4:  10%|▉         | 20/203 [00:03<00:31,  5.75it/s]
cdan: epoch 4:  10%|█         | 21/203 [00:03<00:32,  5.66it/s]
cdan: epoch 4:  11%|█         | 22/203 [00:03<00:31,  5.70it/s]
cdan: epoch 4:  11%|█▏        | 23/203 [00:04<00:31,  5.73it/s]
cdan: epoch 4:  12%|█▏        | 24/203 [00:04<00:31,  5.61it/s]
cdan: epoch 4:  12%|█▏        | 25/203 [00:04<00:30,  5.80it/s]
cdan: epoch 4:  13%|█▎        | 26/203 [00:04<00:30,  5.89it/s]
cdan: epoch 4:  13%|█▎        | 27/203 [00:04<00:29,  5.89it/s]
cdan: epoch 4:  14%|█▍        | 28/203 [00:04<00:30,  5.67it/s]
cdan: epoch 4:  14%|█▍        | 29/203 [00:05<00:29,  5.80it/s]
cdan: epoch 4:  15%|█▍        | 30/203 [00:05<00:30,  5.70it/s]
cdan: epoch 4:  15%|█▌        | 31/203 [00:05<00:30,  5.65it/s]
cdan: epoch 4:  16%|█▌        | 32/203 [00:05<00:29,  5.81it/s]
cdan: epoch 4:  16%|█▋        | 33/203 [00:05<00:28,  5.90it/s]
cdan: epoch 4:  17%|█▋        | 34/203 [00:05<00:28,  5.88it/s]
cdan: epoch 4:  17%|█▋        | 35/203 [00:06<00:28,  5.88it/s]
cdan: epoch 4:  18%|█▊        | 36/203 [00:06<00:30,  5.54it/s]
cdan: epoch 4:  18%|█▊        | 37/203 [00:06<00:29,  5.63it/s]
cdan: epoch 4:  19%|█▊        | 38/203 [00:06<00:29,  5.67it/s]
cdan: epoch 4:  19%|█▉        | 39/203 [00:06<00:29,  5.63it/s]
cdan: epoch 4:  20%|█▉        | 40/203 [00:07<00:28,  5.77it/s]
cdan: epoch 4:  20%|██        | 41/203 [00:07<00:26,  6.01it/s]
cdan: epoch 4:  21%|██        | 42/203 [00:07<00:26,  6.02it/s]
cdan: epoch 4:  21%|██        | 43/203 [00:07<00:26,  6.10it/s]
cdan: epoch 4:  22%|██▏       | 44/203 [00:07<00:33,  4.75it/s]
cdan: epoch 4:  22%|██▏       | 45/203 [00:07<00:32,  4.93it/s]
cdan: epoch 4:  23%|██▎       | 46/203 [00:08<00:31,  4.98it/s]
cdan: epoch 4:  23%|██▎       | 47/203 [00:08<00:32,  4.87it/s]
cdan: epoch 4:  24%|██▎       | 48/203 [00:08<00:34,  4.47it/s]
cdan: epoch 4:  24%|██▍       | 49/203 [00:08<00:33,  4.57it/s]
cdan: epoch 4:  25%|██▍       | 50/203 [00:09<00:35,  4.37it/s]
cdan: epoch 4:  25%|██▌       | 51/203 [00:09<00:34,  4.41it/s]
cdan: epoch 4:  26%|██▌       | 52/203 [00:09<00:33,  4.44it/s]
cdan: epoch 4:  26%|██▌       | 53/203 [00:09<00:34,  4.32it/s]
cdan: epoch 4:  27%|██▋       | 54/203 [00:10<00:34,  4.28it/s]
cdan: epoch 4:  27%|██▋       | 55/203 [00:10<00:33,  4.48it/s]
cdan: epoch 4:  28%|██▊       | 56/203 [00:10<00:31,  4.63it/s]
cdan: epoch 4:  28%|██▊       | 57/203 [00:10<00:32,  4.53it/s]
cdan: epoch 4:  29%|██▊       | 58/203 [00:10<00:31,  4.67it/s]
cdan: epoch 4:  29%|██▉       | 59/203 [00:11<00:33,  4.35it/s]
cdan: epoch 4:  30%|██▉       | 60/203 [00:11<00:41,  3.42it/s]
cdan: epoch 4:  30%|███       | 61/203 [00:11<00:38,  3.72it/s]
cdan: epoch 4:  31%|███       | 62/203 [00:11<00:34,  4.05it/s]
cdan: epoch 4:  31%|███       | 63/203 [00:12<00:33,  4.17it/s]
cdan: epoch 4:  32%|███▏      | 64/203 [00:12<00:32,  4.31it/s]
cdan: epoch 4:  32%|███▏      | 65/203 [00:12<00:32,  4.21it/s]
cdan: epoch 4:  33%|███▎      | 66/203 [00:12<00:31,  4.36it/s]
cdan: epoch 4:  33%|███▎      | 67/203 [00:13<00:31,  4.37it/s]
cdan: epoch 4:  33%|███▎      | 68/203 [00:13<00:29,  4.52it/s]
cdan: epoch 4:  34%|███▍      | 69/203 [00:13<00:28,  4.69it/s]
cdan: epoch 4:  34%|███▍      | 70/203 [00:13<00:27,  4.75it/s]
cdan: epoch 4:  35%|███▍      | 71/203 [00:13<00:27,  4.81it/s]
cdan: epoch 4:  35%|███▌      | 72/203 [00:14<00:25,  5.08it/s]
cdan: epoch 4:  36%|███▌      | 73/203 [00:14<00:25,  5.20it/s]
cdan: epoch 4:  36%|███▋      | 74/203 [00:14<00:24,  5.33it/s]
cdan: epoch 4:  37%|███▋      | 75/203 [00:14<00:23,  5.45it/s]
cdan: epoch 4:  37%|███▋      | 76/203 [00:14<00:22,  5.54it/s]
cdan: epoch 4:  38%|███▊      | 77/203 [00:14<00:23,  5.45it/s]
cdan: epoch 4:  38%|███▊      | 78/203 [00:15<00:22,  5.56it/s]
cdan: epoch 4:  39%|███▉      | 79/203 [00:15<00:21,  5.69it/s]
cdan: epoch 4:  39%|███▉      | 80/203 [00:15<00:21,  5.64it/s]
cdan: epoch 4:  40%|███▉      | 81/203 [00:15<00:21,  5.75it/s]
cdan: epoch 4:  40%|████      | 82/203 [00:15<00:20,  5.80it/s]
cdan: epoch 4:  41%|████      | 83/203 [00:16<00:20,  5.81it/s]
cdan: epoch 4:  41%|████▏     | 84/203 [00:16<00:20,  5.76it/s]
cdan: epoch 4:  42%|████▏     | 85/203 [00:16<00:20,  5.84it/s]
cdan: epoch 4:  42%|████▏     | 86/203 [00:16<00:20,  5.75it/s]
cdan: epoch 4:  43%|████▎     | 87/203 [00:16<00:20,  5.71it/s]
cdan: epoch 4:  43%|████▎     | 88/203 [00:16<00:19,  5.82it/s]
cdan: epoch 4:  44%|████▍     | 89/203 [00:17<00:20,  5.63it/s]
cdan: epoch 4:  44%|████▍     | 90/203 [00:17<00:19,  5.76it/s]
cdan: epoch 4:  45%|████▍     | 91/203 [00:17<00:19,  5.82it/s]
cdan: epoch 4:  45%|████▌     | 92/203 [00:17<00:18,  5.90it/s]
cdan: epoch 4:  46%|████▌     | 93/203 [00:17<00:18,  5.96it/s]
cdan: epoch 4:  46%|████▋     | 94/203 [00:17<00:20,  5.24it/s]
cdan: epoch 4:  47%|████▋     | 95/203 [00:18<00:20,  5.31it/s]
cdan: epoch 4:  47%|████▋     | 96/203 [00:18<00:19,  5.37it/s]
cdan: epoch 4:  48%|████▊     | 97/203 [00:18<00:19,  5.56it/s]
cdan: epoch 4:  48%|████▊     | 98/203 [00:18<00:18,  5.56it/s]
cdan: epoch 4:  49%|████▉     | 99/203 [00:18<00:18,  5.62it/s]
cdan: epoch 4:  49%|████▉     | 100/203 [00:19<00:17,  5.77it/s]
cdan: epoch 4:  50%|████▉     | 101/203 [00:19<00:18,  5.56it/s]
cdan: epoch 4:  50%|█████     | 102/203 [00:19<00:17,  5.66it/s]
cdan: epoch 4:  51%|█████     | 103/203 [00:19<00:17,  5.70it/s]
cdan: epoch 4:  51%|█████     | 104/203 [00:19<00:18,  5.22it/s]
cdan: epoch 4:  52%|█████▏    | 105/203 [00:19<00:19,  5.13it/s]
cdan: epoch 4:  52%|█████▏    | 106/203 [00:20<00:18,  5.32it/s]
cdan: epoch 4:  53%|█████▎    | 107/203 [00:20<00:17,  5.61it/s]
cdan: epoch 4:  53%|█████▎    | 108/203 [00:20<00:16,  5.62it/s]
cdan: epoch 4:  54%|█████▎    | 109/203 [00:20<00:16,  5.68it/s]
cdan: epoch 4:  54%|█████▍    | 110/203 [00:20<00:16,  5.70it/s]
cdan: epoch 4:  55%|█████▍    | 111/203 [00:21<00:16,  5.73it/s]
cdan: epoch 4:  55%|█████▌    | 112/203 [00:21<00:15,  5.79it/s]
cdan: epoch 4:  56%|█████▌    | 113/203 [00:21<00:15,  5.69it/s]
cdan: epoch 4:  56%|█████▌    | 114/203 [00:21<00:15,  5.63it/s]
cdan: epoch 4:  57%|█████▋    | 115/203 [00:21<00:15,  5.64it/s]
cdan: epoch 4:  57%|█████▋    | 116/203 [00:21<00:15,  5.76it/s]
cdan: epoch 4:  58%|█████▊    | 117/203 [00:22<00:14,  5.75it/s]
cdan: epoch 4:  58%|█████▊    | 118/203 [00:22<00:14,  5.68it/s]
cdan: epoch 4:  59%|█████▊    | 119/203 [00:22<00:15,  5.52it/s]
cdan: epoch 4:  59%|█████▉    | 120/203 [00:22<00:14,  5.63it/s]
cdan: epoch 4:  60%|█████▉    | 121/203 [00:22<00:14,  5.70it/s]
cdan: epoch 4:  60%|██████    | 122/203 [00:22<00:13,  5.79it/s]
cdan: epoch 4:  61%|██████    | 123/203 [00:23<00:13,  5.78it/s]
cdan: epoch 4:  61%|██████    | 124/203 [00:23<00:13,  5.77it/s]
cdan: epoch 4:  62%|██████▏   | 125/203 [00:23<00:14,  5.56it/s]
cdan: epoch 4:  62%|██████▏   | 126/203 [00:23<00:14,  5.44it/s]
cdan: epoch 4:  63%|██████▎   | 127/203 [00:23<00:14,  5.30it/s]
cdan: epoch 4:  63%|██████▎   | 128/203 [00:24<00:14,  5.24it/s]
cdan: epoch 4:  64%|██████▎   | 129/203 [00:24<00:15,  4.71it/s]
cdan: epoch 4:  64%|██████▍   | 130/203 [00:24<00:15,  4.69it/s]
cdan: epoch 4:  65%|██████▍   | 131/203 [00:24<00:14,  4.83it/s]
cdan: epoch 4:  65%|██████▌   | 132/203 [00:24<00:15,  4.56it/s]
cdan: epoch 4:  66%|██████▌   | 133/203 [00:25<00:15,  4.45it/s]
cdan: epoch 4:  66%|██████▌   | 134/203 [00:25<00:15,  4.45it/s]
cdan: epoch 4:  67%|██████▋   | 135/203 [00:25<00:15,  4.29it/s]
cdan: epoch 4:  67%|██████▋   | 136/203 [00:25<00:15,  4.34it/s]
cdan: epoch 4:  67%|██████▋   | 137/203 [00:26<00:14,  4.45it/s]
cdan: epoch 4:  68%|██████▊   | 138/203 [00:26<00:14,  4.54it/s]
cdan: epoch 4:  68%|██████▊   | 139/203 [00:26<00:14,  4.46it/s]
cdan: epoch 4:  69%|██████▉   | 140/203 [00:26<00:14,  4.49it/s]
cdan: epoch 4:  69%|██████▉   | 141/203 [00:27<00:13,  4.56it/s]
cdan: epoch 4:  70%|██████▉   | 142/203 [00:27<00:14,  4.34it/s]
cdan: epoch 4:  70%|███████   | 143/203 [00:27<00:13,  4.54it/s]
cdan: epoch 4:  71%|███████   | 144/203 [00:27<00:12,  4.57it/s]
cdan: epoch 4:  71%|███████▏  | 145/203 [00:27<00:12,  4.53it/s]
cdan: epoch 4:  72%|███████▏  | 146/203 [00:28<00:11,  4.76it/s]
cdan: epoch 4:  72%|███████▏  | 147/203 [00:28<00:11,  4.67it/s]
cdan: epoch 4:  73%|███████▎  | 148/203 [00:28<00:12,  4.41it/s]
cdan: epoch 4:  73%|███████▎  | 149/203 [00:28<00:11,  4.53it/s]
cdan: epoch 4:  74%|███████▍  | 150/203 [00:29<00:12,  4.32it/s]
cdan: epoch 4:  74%|███████▍  | 151/203 [00:29<00:11,  4.67it/s]
cdan: epoch 4:  75%|███████▍  | 152/203 [00:29<00:10,  4.85it/s]
cdan: epoch 4:  75%|███████▌  | 153/203 [00:29<00:09,  5.15it/s]
cdan: epoch 4:  76%|███████▌  | 154/203 [00:29<00:09,  5.29it/s]
cdan: epoch 4:  76%|███████▋  | 155/203 [00:29<00:09,  5.31it/s]
cdan: epoch 4:  77%|███████▋  | 156/203 [00:30<00:08,  5.38it/s]
cdan: epoch 4:  77%|███████▋  | 157/203 [00:30<00:08,  5.47it/s]
cdan: epoch 4:  78%|███████▊  | 158/203 [00:30<00:07,  5.72it/s]
cdan: epoch 4:  78%|███████▊  | 159/203 [00:30<00:07,  5.91it/s]
cdan: epoch 4:  79%|███████▉  | 160/203 [00:30<00:07,  5.84it/s]
cdan: epoch 4:  79%|███████▉  | 161/203 [00:30<00:07,  5.84it/s]
cdan: epoch 4:  80%|███████▉  | 162/203 [00:31<00:07,  5.68it/s]
cdan: epoch 4:  80%|████████  | 163/203 [00:31<00:06,  5.73it/s]
cdan: epoch 4:  81%|████████  | 164/203 [00:31<00:06,  5.66it/s]
cdan: epoch 4:  81%|████████▏ | 165/203 [00:31<00:06,  5.76it/s]
cdan: epoch 4:  82%|████████▏ | 166/203 [00:31<00:06,  5.84it/s]
cdan: epoch 4:  82%|████████▏ | 167/203 [00:31<00:06,  5.86it/s]
cdan: epoch 4:  83%|████████▎ | 168/203 [00:32<00:05,  5.94it/s]
cdan: epoch 4:  83%|████████▎ | 169/203 [00:32<00:05,  5.83it/s]
cdan: epoch 4:  84%|████████▎ | 170/203 [00:32<00:05,  5.69it/s]
cdan: epoch 4:  84%|████████▍ | 171/203 [00:32<00:05,  5.75it/s]
cdan: epoch 4:  85%|████████▍ | 172/203 [00:32<00:05,  5.66it/s]
cdan: epoch 4:  85%|████████▌ | 173/203 [00:33<00:05,  5.66it/s]
cdan: epoch 4:  86%|████████▌ | 174/203 [00:33<00:05,  5.76it/s]
cdan: epoch 4:  86%|████████▌ | 175/203 [00:33<00:04,  5.95it/s]
cdan: epoch 4:  87%|████████▋ | 176/203 [00:33<00:04,  5.82it/s]
cdan: epoch 4:  87%|████████▋ | 177/203 [00:33<00:04,  5.82it/s]
cdan: epoch 4:  88%|████████▊ | 178/203 [00:33<00:04,  5.72it/s]
cdan: epoch 4:  88%|████████▊ | 179/203 [00:34<00:04,  5.70it/s]
cdan: epoch 4:  89%|████████▊ | 180/203 [00:34<00:03,  5.86it/s]
cdan: epoch 4:  89%|████████▉ | 181/203 [00:34<00:03,  5.62it/s]
cdan: epoch 4:  90%|████████▉ | 182/203 [00:34<00:03,  5.68it/s]
cdan: epoch 4:  90%|█████████ | 183/203 [00:34<00:03,  5.62it/s]
cdan: epoch 4:  91%|█████████ | 184/203 [00:34<00:03,  5.71it/s]
cdan: epoch 4:  91%|█████████ | 185/203 [00:35<00:03,  5.88it/s]
cdan: epoch 4:  92%|█████████▏| 186/203 [00:35<00:02,  5.79it/s]
cdan: epoch 4:  92%|█████████▏| 187/203 [00:35<00:02,  5.85it/s]
cdan: epoch 4:  93%|█████████▎| 188/203 [00:35<00:02,  5.80it/s]
cdan: epoch 4:  93%|█████████▎| 189/203 [00:35<00:02,  5.75it/s]
cdan: epoch 4:  94%|█████████▎| 190/203 [00:35<00:02,  5.70it/s]
cdan: epoch 4:  94%|█████████▍| 191/203 [00:36<00:02,  5.81it/s]
cdan: epoch 4:  95%|█████████▍| 192/203 [00:36<00:01,  5.79it/s]
cdan: epoch 4:  95%|█████████▌| 193/203 [00:36<00:01,  5.68it/s]
cdan: epoch 4:  96%|█████████▌| 194/203 [00:36<00:01,  5.70it/s]
cdan: epoch 4:  96%|█████████▌| 195/203 [00:36<00:01,  5.70it/s]
cdan: epoch 4:  97%|█████████▋| 196/203 [00:37<00:01,  5.86it/s]
cdan: epoch 4:  97%|█████████▋| 197/203 [00:37<00:01,  5.92it/s]
cdan: epoch 4:  98%|█████████▊| 198/203 [00:37<00:00,  5.88it/s]
cdan: epoch 4:  98%|█████████▊| 199/203 [00:37<00:00,  5.73it/s]
cdan: epoch 4:  99%|█████████▊| 200/203 [00:37<00:00,  5.67it/s]
cdan: epoch 4:  99%|█████████▉| 201/203 [00:37<00:00,  5.61it/s]
cdan: epoch 4: 100%|█████████▉| 202/203 [00:38<00:00,  5.78it/s]
cdan: epoch 4: 100%|██████████| 203/203 [00:38<00:00,  5.89it/s]
                                                                
cdan: epoch 4, source macro-f1=0.0792

cdan: epoch 5:   0%|          | 0/203 [00:00<?, ?it/s]
cdan: epoch 5:   0%|          | 1/203 [00:00<00:33,  6.00it/s]
cdan: epoch 5:   1%|          | 2/203 [00:00<00:32,  6.14it/s]
cdan: epoch 5:   1%|▏         | 3/203 [00:00<00:32,  6.10it/s]
cdan: epoch 5:   2%|▏         | 4/203 [00:00<00:50,  3.93it/s]
cdan: epoch 5:   2%|▏         | 5/203 [00:01<00:50,  3.94it/s]
cdan: epoch 5:   3%|▎         | 6/203 [00:01<00:44,  4.44it/s]
cdan: epoch 5:   3%|▎         | 7/203 [00:01<00:40,  4.79it/s]
cdan: epoch 5:   4%|▍         | 8/203 [00:01<00:38,  5.02it/s]
cdan: epoch 5:   4%|▍         | 9/203 [00:01<00:37,  5.11it/s]
cdan: epoch 5:   5%|▍         | 10/203 [00:02<00:35,  5.39it/s]
cdan: epoch 5:   5%|▌         | 11/203 [00:02<00:34,  5.54it/s]
cdan: epoch 5:   6%|▌         | 12/203 [00:02<00:34,  5.60it/s]
cdan: epoch 5:   6%|▋         | 13/203 [00:02<00:32,  5.80it/s]
cdan: epoch 5:   7%|▋         | 14/203 [00:02<00:32,  5.85it/s]
cdan: epoch 5:   7%|▋         | 15/203 [00:02<00:32,  5.81it/s]
cdan: epoch 5:   8%|▊         | 16/203 [00:03<00:32,  5.75it/s]
cdan: epoch 5:   8%|▊         | 17/203 [00:03<00:32,  5.78it/s]
cdan: epoch 5:   9%|▉         | 18/203 [00:03<00:31,  5.87it/s]
cdan: epoch 5:   9%|▉         | 19/203 [00:03<00:30,  5.94it/s]
cdan: epoch 5:  10%|▉         | 20/203 [00:03<00:30,  6.02it/s]
cdan: epoch 5:  10%|█         | 21/203 [00:03<00:30,  5.87it/s]
cdan: epoch 5:  11%|█         | 22/203 [00:04<00:30,  6.00it/s]
cdan: epoch 5:  11%|█▏        | 23/203 [00:04<00:30,  5.99it/s]
cdan: epoch 5:  12%|█▏        | 24/203 [00:04<00:33,  5.40it/s]
cdan: epoch 5:  12%|█▏        | 25/203 [00:04<00:31,  5.62it/s]
cdan: epoch 5:  13%|█▎        | 26/203 [00:04<00:31,  5.59it/s]
cdan: epoch 5:  13%|█▎        | 27/203 [00:04<00:31,  5.61it/s]
cdan: epoch 5:  14%|█▍        | 28/203 [00:05<00:30,  5.74it/s]
cdan: epoch 5:  14%|█▍        | 29/203 [00:05<00:30,  5.77it/s]
cdan: epoch 5:  15%|█▍        | 30/203 [00:05<00:29,  5.84it/s]
cdan: epoch 5:  15%|█▌        | 31/203 [00:05<00:28,  5.97it/s]
cdan: epoch 5:  16%|█▌        | 32/203 [00:05<00:28,  5.90it/s]
cdan: epoch 5:  16%|█▋        | 33/203 [00:05<00:29,  5.85it/s]
cdan: epoch 5:  17%|█▋        | 34/203 [00:06<00:29,  5.66it/s]
cdan: epoch 5:  17%|█▋        | 35/203 [00:06<00:29,  5.60it/s]
cdan: epoch 5:  18%|█▊        | 36/203 [00:06<00:29,  5.73it/s]
cdan: epoch 5:  18%|█▊        | 37/203 [00:06<00:29,  5.67it/s]
cdan: epoch 5:  19%|█▊        | 38/203 [00:06<00:29,  5.62it/s]
cdan: epoch 5:  19%|█▉        | 39/203 [00:07<00:28,  5.67it/s]
cdan: epoch 5:  20%|█▉        | 40/203 [00:07<00:30,  5.34it/s]
cdan: epoch 5:  20%|██        | 41/203 [00:07<00:30,  5.37it/s]
cdan: epoch 5:  21%|██        | 42/203 [00:07<00:29,  5.55it/s]
cdan: epoch 5:  21%|██        | 43/203 [00:07<00:28,  5.54it/s]
cdan: epoch 5:  22%|██▏       | 44/203 [00:07<00:29,  5.34it/s]
cdan: epoch 5:  22%|██▏       | 45/203 [00:08<00:28,  5.46it/s]
cdan: epoch 5:  23%|██▎       | 46/203 [00:08<00:28,  5.48it/s]
cdan: epoch 5:  23%|██▎       | 47/203 [00:08<00:28,  5.53it/s]
cdan: epoch 5:  24%|██▎       | 48/203 [00:08<00:27,  5.72it/s]
cdan: epoch 5:  24%|██▍       | 49/203 [00:08<00:26,  5.79it/s]
cdan: epoch 5:  25%|██▍       | 50/203 [00:09<00:26,  5.82it/s]
cdan: epoch 5:  25%|██▌       | 51/203 [00:09<00:25,  5.87it/s]
cdan: epoch 5:  26%|██▌       | 52/203 [00:09<00:27,  5.58it/s]
cdan: epoch 5:  26%|██▌       | 53/203 [00:09<00:25,  5.81it/s]
cdan: epoch 5:  27%|██▋       | 54/203 [00:09<00:26,  5.59it/s]
cdan: epoch 5:  27%|██▋       | 55/203 [00:09<00:26,  5.59it/s]
cdan: epoch 5:  28%|██▊       | 56/203 [00:10<00:25,  5.76it/s]
cdan: epoch 5:  28%|██▊       | 57/203 [00:10<00:25,  5.67it/s]
cdan: epoch 5:  29%|██▊       | 58/203 [00:10<00:25,  5.74it/s]
cdan: epoch 5:  29%|██▉       | 59/203 [00:10<00:24,  5.84it/s]
cdan: epoch 5:  30%|██▉       | 60/203 [00:10<00:25,  5.70it/s]
cdan: epoch 5:  30%|███       | 61/203 [00:10<00:25,  5.53it/s]
cdan: epoch 5:  31%|███       | 62/203 [00:11<00:26,  5.26it/s]
cdan: epoch 5:  31%|███       | 63/203 [00:11<00:27,  5.05it/s]
cdan: epoch 5:  32%|███▏      | 64/203 [00:11<00:28,  4.87it/s]
cdan: epoch 5:  32%|███▏      | 65/203 [00:11<00:30,  4.53it/s]
cdan: epoch 5:  33%|███▎      | 66/203 [00:12<00:29,  4.61it/s]
cdan: epoch 5:  33%|███▎      | 67/203 [00:12<00:30,  4.50it/s]
cdan: epoch 5:  33%|███▎      | 68/203 [00:12<00:31,  4.23it/s]
cdan: epoch 5:  34%|███▍      | 69/203 [00:12<00:32,  4.18it/s]
cdan: epoch 5:  34%|███▍      | 70/203 [00:12<00:29,  4.58it/s]
cdan: epoch 5:  35%|███▍      | 71/203 [00:13<00:28,  4.64it/s]
cdan: epoch 5:  35%|███▌      | 72/203 [00:13<00:36,  3.64it/s]
cdan: epoch 5:  36%|███▌      | 73/203 [00:13<00:32,  3.96it/s]
cdan: epoch 5:  36%|███▋      | 74/203 [00:14<00:33,  3.86it/s]
cdan: epoch 5:  37%|███▋      | 75/203 [00:14<00:31,  4.07it/s]
cdan: epoch 5:  37%|███▋      | 76/203 [00:14<00:35,  3.60it/s]
cdan: epoch 5:  38%|███▊      | 77/203 [00:14<00:32,  3.86it/s]
cdan: epoch 5:  38%|███▊      | 78/203 [00:15<00:31,  4.02it/s]
cdan: epoch 5:  39%|███▉      | 79/203 [00:15<00:29,  4.17it/s]
cdan: epoch 5:  39%|███▉      | 80/203 [00:15<00:29,  4.17it/s]
cdan: epoch 5:  40%|███▉      | 81/203 [00:15<00:28,  4.30it/s]
cdan: epoch 5:  40%|████      | 82/203 [00:15<00:27,  4.42it/s]
cdan: epoch 5:  41%|████      | 83/203 [00:16<00:26,  4.56it/s]
cdan: epoch 5:  41%|████▏     | 84/203 [00:16<00:24,  4.78it/s]
cdan: epoch 5:  42%|████▏     | 85/203 [00:16<00:23,  5.08it/s]
cdan: epoch 5:  42%|████▏     | 86/203 [00:16<00:22,  5.16it/s]
cdan: epoch 5:  43%|████▎     | 87/203 [00:16<00:21,  5.40it/s]
cdan: epoch 5:  43%|████▎     | 88/203 [00:17<00:20,  5.63it/s]
cdan: epoch 5:  44%|████▍     | 89/203 [00:17<00:19,  5.76it/s]
cdan: epoch 5:  44%|████▍     | 90/203 [00:17<00:19,  5.71it/s]
cdan: epoch 5:  45%|████▍     | 91/203 [00:17<00:19,  5.63it/s]
cdan: epoch 5:  45%|████▌     | 92/203 [00:17<00:19,  5.70it/s]
cdan: epoch 5:  46%|████▌     | 93/203 [00:17<00:19,  5.68it/s]
cdan: epoch 5:  46%|████▋     | 94/203 [00:18<00:19,  5.68it/s]
cdan: epoch 5:  47%|████▋     | 95/203 [00:18<00:18,  5.76it/s]
cdan: epoch 5:  47%|████▋     | 96/203 [00:18<00:18,  5.80it/s]
cdan: epoch 5:  48%|████▊     | 97/203 [00:18<00:18,  5.78it/s]
cdan: epoch 5:  48%|████▊     | 98/203 [00:18<00:18,  5.62it/s]
cdan: epoch 5:  49%|████▉     | 99/203 [00:18<00:18,  5.57it/s]
cdan: epoch 5:  49%|████▉     | 100/203 [00:19<00:18,  5.58it/s]
cdan: epoch 5:  50%|████▉     | 101/203 [00:19<00:18,  5.54it/s]
cdan: epoch 5:  50%|█████     | 102/203 [00:19<00:17,  5.71it/s]
cdan: epoch 5:  51%|█████     | 103/203 [00:19<00:17,  5.64it/s]
cdan: epoch 5:  51%|█████     | 104/203 [00:19<00:17,  5.57it/s]
cdan: epoch 5:  52%|█████▏    | 105/203 [00:20<00:17,  5.68it/s]
cdan: epoch 5:  52%|█████▏    | 106/203 [00:20<00:16,  5.72it/s]
cdan: epoch 5:  53%|█████▎    | 107/203 [00:20<00:16,  5.86it/s]
cdan: epoch 5:  53%|█████▎    | 108/203 [00:20<00:16,  5.75it/s]
cdan: epoch 5:  54%|█████▎    | 109/203 [00:20<00:16,  5.87it/s]
cdan: epoch 5:  54%|█████▍    | 110/203 [00:20<00:16,  5.68it/s]
cdan: epoch 5:  55%|█████▍    | 111/203 [00:21<00:16,  5.74it/s]
cdan: epoch 5:  55%|█████▌    | 112/203 [00:21<00:16,  5.60it/s]
cdan: epoch 5:  56%|█████▌    | 113/203 [00:21<00:16,  5.57it/s]
cdan: epoch 5:  56%|█████▌    | 114/203 [00:21<00:15,  5.59it/s]
cdan: epoch 5:  57%|█████▋    | 115/203 [00:21<00:15,  5.74it/s]
cdan: epoch 5:  57%|█████▋    | 116/203 [00:21<00:15,  5.72it/s]
cdan: epoch 5:  58%|█████▊    | 117/203 [00:22<00:14,  5.80it/s]
cdan: epoch 5:  58%|█████▊    | 118/203 [00:22<00:14,  5.82it/s]
cdan: epoch 5:  59%|█████▊    | 119/203 [00:22<00:14,  5.85it/s]
cdan: epoch 5:  59%|█████▉    | 120/203 [00:22<00:13,  5.97it/s]
cdan: epoch 5:  60%|█████▉    | 121/203 [00:22<00:13,  5.87it/s]
cdan: epoch 5:  60%|██████    | 122/203 [00:22<00:13,  5.97it/s]
cdan: epoch 5:  61%|██████    | 123/203 [00:23<00:13,  6.02it/s]
cdan: epoch 5:  61%|██████    | 124/203 [00:23<00:13,  5.95it/s]
cdan: epoch 5:  62%|██████▏   | 125/203 [00:23<00:15,  5.14it/s]
cdan: epoch 5:  62%|██████▏   | 126/203 [00:23<00:14,  5.28it/s]
cdan: epoch 5:  63%|██████▎   | 127/203 [00:23<00:14,  5.34it/s]
cdan: epoch 5:  63%|██████▎   | 128/203 [00:24<00:13,  5.55it/s]
cdan: epoch 5:  64%|██████▎   | 129/203 [00:24<00:12,  5.73it/s]
cdan: epoch 5:  64%|██████▍   | 130/203 [00:24<00:12,  5.63it/s]
cdan: epoch 5:  65%|██████▍   | 131/203 [00:24<00:12,  5.55it/s]
cdan: epoch 5:  65%|██████▌   | 132/203 [00:24<00:12,  5.67it/s]
cdan: epoch 5:  66%|██████▌   | 133/203 [00:24<00:12,  5.61it/s]
cdan: epoch 5:  66%|██████▌   | 134/203 [00:25<00:12,  5.72it/s]
cdan: epoch 5:  67%|██████▋   | 135/203 [00:25<00:12,  5.64it/s]
cdan: epoch 5:  67%|██████▋   | 136/203 [00:25<00:12,  5.55it/s]
cdan: epoch 5:  67%|██████▋   | 137/203 [00:25<00:11,  5.59it/s]
cdan: epoch 5:  68%|██████▊   | 138/203 [00:25<00:11,  5.60it/s]
cdan: epoch 5:  68%|██████▊   | 139/203 [00:26<00:11,  5.64it/s]
cdan: epoch 5:  69%|██████▉   | 140/203 [00:26<00:11,  5.63it/s]
cdan: epoch 5:  69%|██████▉   | 141/203 [00:26<00:11,  5.56it/s]
cdan: epoch 5:  70%|██████▉   | 142/203 [00:26<00:12,  5.02it/s]
cdan: epoch 5:  70%|███████   | 143/203 [00:26<00:11,  5.13it/s]
cdan: epoch 5:  71%|███████   | 144/203 [00:27<00:12,  4.57it/s]
cdan: epoch 5:  71%|███████▏  | 145/203 [00:27<00:12,  4.65it/s]
cdan: epoch 5:  72%|███████▏  | 146/203 [00:27<00:12,  4.46it/s]
cdan: epoch 5:  72%|███████▏  | 147/203 [00:27<00:12,  4.36it/s]
cdan: epoch 5:  73%|███████▎  | 148/203 [00:27<00:11,  4.70it/s]
cdan: epoch 5:  73%|███████▎  | 149/203 [00:28<00:12,  4.48it/s]
cdan: epoch 5:  74%|███████▍  | 150/203 [00:28<00:11,  4.57it/s]
cdan: epoch 5:  74%|███████▍  | 151/203 [00:28<00:11,  4.52it/s]
cdan: epoch 5:  75%|███████▍  | 152/203 [00:28<00:11,  4.49it/s]
cdan: epoch 5:  75%|███████▌  | 153/203 [00:29<00:11,  4.54it/s]
cdan: epoch 5:  76%|███████▌  | 154/203 [00:29<00:11,  4.33it/s]
cdan: epoch 5:  76%|███████▋  | 155/203 [00:29<00:10,  4.57it/s]
cdan: epoch 5:  77%|███████▋  | 156/203 [00:29<00:10,  4.61it/s]
cdan: epoch 5:  77%|███████▋  | 157/203 [00:30<00:11,  4.10it/s]
cdan: epoch 5:  78%|███████▊  | 158/203 [00:30<00:10,  4.48it/s]
cdan: epoch 5:  78%|███████▊  | 159/203 [00:30<00:09,  4.44it/s]
cdan: epoch 5:  79%|███████▉  | 160/203 [00:30<00:09,  4.32it/s]
cdan: epoch 5:  79%|███████▉  | 161/203 [00:30<00:09,  4.27it/s]
cdan: epoch 5:  80%|███████▉  | 162/203 [00:31<00:09,  4.21it/s]
cdan: epoch 5:  80%|████████  | 163/203 [00:31<00:08,  4.52it/s]
cdan: epoch 5:  81%|████████  | 164/203 [00:31<00:08,  4.37it/s]
cdan: epoch 5:  81%|████████▏ | 165/203 [00:31<00:08,  4.58it/s]
cdan: epoch 5:  82%|████████▏ | 166/203 [00:31<00:07,  4.97it/s]
cdan: epoch 5:  82%|████████▏ | 167/203 [00:32<00:08,  4.23it/s]
cdan: epoch 5:  83%|████████▎ | 168/203 [00:32<00:07,  4.48it/s]
cdan: epoch 5:  83%|████████▎ | 169/203 [00:32<00:07,  4.80it/s]
cdan: epoch 5:  84%|████████▎ | 170/203 [00:32<00:06,  5.12it/s]
cdan: epoch 5:  84%|████████▍ | 171/203 [00:32<00:05,  5.36it/s]
cdan: epoch 5:  85%|████████▍ | 172/203 [00:33<00:05,  5.58it/s]
cdan: epoch 5:  85%|████████▌ | 173/203 [00:33<00:05,  5.76it/s]
cdan: epoch 5:  86%|████████▌ | 174/203 [00:33<00:04,  5.85it/s]
cdan: epoch 5:  86%|████████▌ | 175/203 [00:33<00:04,  5.90it/s]
cdan: epoch 5:  87%|████████▋ | 176/203 [00:33<00:04,  5.86it/s]
cdan: epoch 5:  87%|████████▋ | 177/203 [00:34<00:04,  5.70it/s]
cdan: epoch 5:  88%|████████▊ | 178/203 [00:34<00:04,  5.82it/s]
cdan: epoch 5:  88%|████████▊ | 179/203 [00:34<00:04,  5.90it/s]
cdan: epoch 5:  89%|████████▊ | 180/203 [00:34<00:03,  5.90it/s]
cdan: epoch 5:  89%|████████▉ | 181/203 [00:34<00:03,  5.89it/s]
cdan: epoch 5:  90%|████████▉ | 182/203 [00:34<00:03,  5.76it/s]
cdan: epoch 5:  90%|█████████ | 183/203 [00:35<00:03,  5.86it/s]
cdan: epoch 5:  91%|█████████ | 184/203 [00:35<00:03,  5.81it/s]
cdan: epoch 5:  91%|█████████ | 185/203 [00:35<00:03,  5.85it/s]
cdan: epoch 5:  92%|█████████▏| 186/203 [00:35<00:02,  5.76it/s]
cdan: epoch 5:  92%|█████████▏| 187/203 [00:35<00:02,  5.78it/s]
cdan: epoch 5:  93%|█████████▎| 188/203 [00:35<00:02,  5.86it/s]
cdan: epoch 5:  93%|█████████▎| 189/203 [00:36<00:02,  5.96it/s]
cdan: epoch 5:  94%|█████████▎| 190/203 [00:36<00:02,  5.94it/s]
cdan: epoch 5:  94%|█████████▍| 191/203 [00:36<00:02,  5.31it/s]
cdan: epoch 5:  95%|█████████▍| 192/203 [00:36<00:02,  5.40it/s]
cdan: epoch 5:  95%|█████████▌| 193/203 [00:36<00:01,  5.49it/s]
cdan: epoch 5:  96%|█████████▌| 194/203 [00:36<00:01,  5.55it/s]
cdan: epoch 5:  96%|█████████▌| 195/203 [00:37<00:01,  5.52it/s]
cdan: epoch 5:  97%|█████████▋| 196/203 [00:37<00:01,  5.43it/s]
cdan: epoch 5:  97%|█████████▋| 197/203 [00:37<00:01,  5.44it/s]
cdan: epoch 5:  98%|█████████▊| 198/203 [00:37<00:00,  5.36it/s]
cdan: epoch 5:  98%|█████████▊| 199/203 [00:37<00:00,  5.25it/s]
cdan: epoch 5:  99%|█████████▊| 200/203 [00:38<00:00,  5.34it/s]
cdan: epoch 5:  99%|█████████▉| 201/203 [00:38<00:00,  5.49it/s]
cdan: epoch 5: 100%|█████████▉| 202/203 [00:38<00:00,  5.65it/s]
cdan: epoch 5: 100%|██████████| 203/203 [00:38<00:00,  5.68it/s]
                                                                
cdan: epoch 5, source macro-f1=0.0584

cdan: epoch 6:   0%|          | 0/203 [00:00<?, ?it/s]
cdan: epoch 6:   0%|          | 1/203 [00:00<00:33,  6.03it/s]
cdan: epoch 6:   1%|          | 2/203 [00:00<00:38,  5.23it/s]
cdan: epoch 6:   1%|▏         | 3/203 [00:00<00:38,  5.19it/s]
cdan: epoch 6:   2%|▏         | 4/203 [00:00<00:38,  5.14it/s]
cdan: epoch 6:   2%|▏         | 5/203 [00:00<00:38,  5.13it/s]
cdan: epoch 6:   3%|▎         | 6/203 [00:01<00:50,  3.88it/s]
cdan: epoch 6:   3%|▎         | 7/203 [00:01<00:48,  4.01it/s]
cdan: epoch 6:   4%|▍         | 8/203 [00:01<00:46,  4.19it/s]
cdan: epoch 6:   4%|▍         | 9/203 [00:02<00:44,  4.31it/s]
cdan: epoch 6:   5%|▍         | 10/203 [00:02<00:45,  4.29it/s]
cdan: epoch 6:   5%|▌         | 11/203 [00:02<00:45,  4.22it/s]
cdan: epoch 6:   6%|▌         | 12/203 [00:02<00:43,  4.34it/s]
cdan: epoch 6:   6%|▋         | 13/203 [00:02<00:43,  4.41it/s]
cdan: epoch 6:   7%|▋         | 14/203 [00:03<00:43,  4.37it/s]
cdan: epoch 6:   7%|▋         | 15/203 [00:03<00:40,  4.59it/s]
cdan: epoch 6:   8%|▊         | 16/203 [00:03<00:39,  4.70it/s]
cdan: epoch 6:   8%|▊         | 17/203 [00:03<00:40,  4.55it/s]
cdan: epoch 6:   9%|▉         | 18/203 [00:03<00:38,  4.79it/s]
cdan: epoch 6:   9%|▉         | 19/203 [00:04<00:43,  4.28it/s]
cdan: epoch 6:  10%|▉         | 20/203 [00:04<00:42,  4.33it/s]
cdan: epoch 6:  10%|█         | 21/203 [00:04<00:45,  4.00it/s]
cdan: epoch 6:  11%|█         | 22/203 [00:04<00:42,  4.31it/s]
cdan: epoch 6:  11%|█▏        | 23/203 [00:05<00:38,  4.62it/s]
cdan: epoch 6:  12%|█▏        | 24/203 [00:05<00:36,  4.92it/s]
cdan: epoch 6:  12%|█▏        | 25/203 [00:05<00:34,  5.10it/s]
cdan: epoch 6:  13%|█▎        | 26/203 [00:05<00:33,  5.25it/s]
cdan: epoch 6:  13%|█▎        | 27/203 [00:05<00:33,  5.33it/s]
cdan: epoch 6:  14%|█▍        | 28/203 [00:06<00:32,  5.37it/s]
cdan: epoch 6:  14%|█▍        | 29/203 [00:06<00:31,  5.54it/s]
cdan: epoch 6:  15%|█▍        | 30/203 [00:06<00:30,  5.65it/s]
cdan: epoch 6:  15%|█▌        | 31/203 [00:06<00:29,  5.74it/s]
cdan: epoch 6:  16%|█▌        | 32/203 [00:06<00:29,  5.74it/s]
cdan: epoch 6:  16%|█▋        | 33/203 [00:06<00:31,  5.48it/s]
cdan: epoch 6:  17%|█▋        | 34/203 [00:07<00:30,  5.55it/s]
cdan: epoch 6:  17%|█▋        | 35/203 [00:07<00:30,  5.49it/s]
cdan: epoch 6:  18%|█▊        | 36/203 [00:07<00:29,  5.66it/s]
cdan: epoch 6:  18%|█▊        | 37/203 [00:07<00:29,  5.56it/s]
cdan: epoch 6:  19%|█▊        | 38/203 [00:07<00:29,  5.66it/s]
cdan: epoch 6:  19%|█▉        | 39/203 [00:07<00:29,  5.54it/s]
cdan: epoch 6:  20%|█▉        | 40/203 [00:08<00:28,  5.68it/s]
cdan: epoch 6:  20%|██        | 41/203 [00:08<00:28,  5.66it/s]
cdan: epoch 6:  21%|██        | 42/203 [00:08<00:28,  5.65it/s]
cdan: epoch 6:  21%|██        | 43/203 [00:08<00:27,  5.74it/s]
cdan: epoch 6:  22%|██▏       | 44/203 [00:08<00:27,  5.70it/s]
cdan: epoch 6:  22%|██▏       | 45/203 [00:09<00:28,  5.57it/s]
cdan: epoch 6:  23%|██▎       | 46/203 [00:09<00:28,  5.51it/s]
cdan: epoch 6:  23%|██▎       | 47/203 [00:09<00:27,  5.70it/s]
cdan: epoch 6:  24%|██▎       | 48/203 [00:09<00:26,  5.87it/s]
cdan: epoch 6:  24%|██▍       | 49/203 [00:09<00:26,  5.82it/s]
cdan: epoch 6:  25%|██▍       | 50/203 [00:09<00:26,  5.85it/s]
cdan: epoch 6:  25%|██▌       | 51/203 [00:10<00:26,  5.65it/s]
cdan: epoch 6:  26%|██▌       | 52/203 [00:10<00:26,  5.67it/s]
cdan: epoch 6:  26%|██▌       | 53/203 [00:10<00:25,  5.84it/s]
cdan: epoch 6:  27%|██▋       | 54/203 [00:10<00:25,  5.82it/s]
cdan: epoch 6:  27%|██▋       | 55/203 [00:10<00:25,  5.71it/s]
cdan: epoch 6:  28%|██▊       | 56/203 [00:10<00:26,  5.64it/s]
cdan: epoch 6:  28%|██▊       | 57/203 [00:11<00:25,  5.69it/s]
cdan: epoch 6:  29%|██▊       | 58/203 [00:11<00:25,  5.63it/s]
cdan: epoch 6:  29%|██▉       | 59/203 [00:11<00:25,  5.66it/s]
cdan: epoch 6:  30%|██▉       | 60/203 [00:11<00:25,  5.71it/s]
cdan: epoch 6:  30%|███       | 61/203 [00:11<00:24,  5.85it/s]
cdan: epoch 6:  31%|███       | 62/203 [00:11<00:23,  5.93it/s]
cdan: epoch 6:  31%|███       | 63/203 [00:12<00:24,  5.68it/s]
cdan: epoch 6:  32%|███▏      | 64/203 [00:12<00:24,  5.66it/s]
cdan: epoch 6:  32%|███▏      | 65/203 [00:12<00:24,  5.71it/s]
cdan: epoch 6:  33%|███▎      | 66/203 [00:12<00:23,  5.72it/s]
cdan: epoch 6:  33%|███▎      | 67/203 [00:12<00:23,  5.81it/s]
cdan: epoch 6:  33%|███▎      | 68/203 [00:13<00:23,  5.71it/s]
cdan: epoch 6:  34%|███▍      | 69/203 [00:13<00:22,  5.86it/s]
cdan: epoch 6:  34%|███▍      | 70/203 [00:13<00:23,  5.71it/s]
cdan: epoch 6:  35%|███▍      | 71/203 [00:13<00:23,  5.62it/s]
cdan: epoch 6:  35%|███▌      | 72/203 [00:13<00:23,  5.62it/s]
cdan: epoch 6:  36%|███▌      | 73/203 [00:13<00:22,  5.77it/s]
cdan: epoch 6:  36%|███▋      | 74/203 [00:14<00:21,  5.92it/s]
cdan: epoch 6:  37%|███▋      | 75/203 [00:14<00:21,  5.93it/s]
cdan: epoch 6:  37%|███▋      | 76/203 [00:14<00:21,  6.00it/s]
cdan: epoch 6:  38%|███▊      | 77/203 [00:14<00:21,  5.95it/s]
cdan: epoch 6:  38%|███▊      | 78/203 [00:14<00:21,  5.81it/s]
cdan: epoch 6:  39%|███▉      | 79/203 [00:14<00:22,  5.62it/s]
cdan: epoch 6:  39%|███▉      | 80/203 [00:15<00:23,  5.27it/s]
cdan: epoch 6:  40%|███▉      | 81/203 [00:15<00:24,  5.05it/s]
cdan: epoch 6:  40%|████      | 82/203 [00:15<00:23,  5.16it/s]
cdan: epoch 6:  41%|████      | 83/203 [00:15<00:24,  4.95it/s]
cdan: epoch 6:  41%|████▏     | 84/203 [00:16<00:25,  4.74it/s]
cdan: epoch 6:  42%|████▏     | 85/203 [00:16<00:25,  4.55it/s]
cdan: epoch 6:  42%|████▏     | 86/203 [00:16<00:25,  4.60it/s]
cdan: epoch 6:  43%|████▎     | 87/203 [00:16<00:24,  4.70it/s]
cdan: epoch 6:  43%|████▎     | 88/203 [00:16<00:24,  4.62it/s]
cdan: epoch 6:  44%|████▍     | 89/203 [00:17<00:24,  4.63it/s]
cdan: epoch 6:  44%|████▍     | 90/203 [00:17<00:29,  3.84it/s]
cdan: epoch 6:  45%|████▍     | 91/203 [00:17<00:27,  4.03it/s]
cdan: epoch 6:  45%|████▌     | 92/203 [00:18<00:29,  3.75it/s]
cdan: epoch 6:  46%|████▌     | 93/203 [00:18<00:27,  3.96it/s]
cdan: epoch 6:  46%|████▋     | 94/203 [00:18<00:30,  3.56it/s]
cdan: epoch 6:  47%|████▋     | 95/203 [00:18<00:28,  3.80it/s]
cdan: epoch 6:  47%|████▋     | 96/203 [00:19<00:26,  4.11it/s]
cdan: epoch 6:  48%|████▊     | 97/203 [00:19<00:24,  4.27it/s]
cdan: epoch 6:  48%|████▊     | 98/203 [00:19<00:24,  4.21it/s]
cdan: epoch 6:  49%|████▉     | 99/203 [00:19<00:24,  4.28it/s]
cdan: epoch 6:  49%|████▉     | 100/203 [00:19<00:25,  4.10it/s]
cdan: epoch 6:  50%|████▉     | 101/203 [00:20<00:22,  4.45it/s]
cdan: epoch 6:  50%|█████     | 102/203 [00:20<00:21,  4.70it/s]
cdan: epoch 6:  51%|█████     | 103/203 [00:20<00:20,  4.88it/s]
cdan: epoch 6:  51%|█████     | 104/203 [00:20<00:20,  4.95it/s]
cdan: epoch 6:  52%|█████▏    | 105/203 [00:20<00:18,  5.26it/s]
cdan: epoch 6:  52%|█████▏    | 106/203 [00:21<00:17,  5.41it/s]
cdan: epoch 6:  53%|█████▎    | 107/203 [00:21<00:17,  5.49it/s]
cdan: epoch 6:  53%|█████▎    | 108/203 [00:21<00:16,  5.66it/s]
cdan: epoch 6:  54%|█████▎    | 109/203 [00:21<00:16,  5.67it/s]
cdan: epoch 6:  54%|█████▍    | 110/203 [00:21<00:15,  5.91it/s]
cdan: epoch 6:  55%|█████▍    | 111/203 [00:21<00:15,  5.90it/s]
cdan: epoch 6:  55%|█████▌    | 112/203 [00:22<00:15,  6.00it/s]
cdan: epoch 6:  56%|█████▌    | 113/203 [00:22<00:15,  5.89it/s]
cdan: epoch 6:  56%|█████▌    | 114/203 [00:22<00:15,  5.60it/s]
cdan: epoch 6:  57%|█████▋    | 115/203 [00:22<00:15,  5.66it/s]
cdan: epoch 6:  57%|█████▋    | 116/203 [00:22<00:15,  5.48it/s]
cdan: epoch 6:  58%|█████▊    | 117/203 [00:22<00:15,  5.58it/s]
cdan: epoch 6:  58%|█████▊    | 118/203 [00:23<00:15,  5.50it/s]
cdan: epoch 6:  59%|█████▊    | 119/203 [00:23<00:14,  5.63it/s]
cdan: epoch 6:  59%|█████▉    | 120/203 [00:23<00:14,  5.60it/s]
cdan: epoch 6:  60%|█████▉    | 121/203 [00:23<00:14,  5.65it/s]
cdan: epoch 6:  60%|██████    | 122/203 [00:23<00:14,  5.70it/s]
cdan: epoch 6:  61%|██████    | 123/203 [00:24<00:14,  5.67it/s]
cdan: epoch 6:  61%|██████    | 124/203 [00:24<00:13,  5.80it/s]
cdan: epoch 6:  62%|██████▏   | 125/203 [00:24<00:13,  5.86it/s]
cdan: epoch 6:  62%|██████▏   | 126/203 [00:24<00:12,  5.97it/s]
cdan: epoch 6:  63%|██████▎   | 127/203 [00:24<00:16,  4.57it/s]
cdan: epoch 6:  63%|██████▎   | 128/203 [00:25<00:15,  4.90it/s]
cdan: epoch 6:  64%|██████▎   | 129/203 [00:25<00:14,  5.17it/s]
cdan: epoch 6:  64%|██████▍   | 130/203 [00:25<00:14,  5.11it/s]
cdan: epoch 6:  65%|██████▍   | 131/203 [00:25<00:13,  5.29it/s]
cdan: epoch 6:  65%|██████▌   | 132/203 [00:25<00:13,  5.24it/s]
cdan: epoch 6:  66%|██████▌   | 133/203 [00:25<00:13,  5.13it/s]
cdan: epoch 6:  66%|██████▌   | 134/203 [00:26<00:13,  5.14it/s]
cdan: epoch 6:  67%|██████▋   | 135/203 [00:26<00:12,  5.44it/s]
cdan: epoch 6:  67%|██████▋   | 136/203 [00:26<00:12,  5.53it/s]
cdan: epoch 6:  67%|██████▋   | 137/203 [00:26<00:11,  5.56it/s]
cdan: epoch 6:  68%|██████▊   | 138/203 [00:26<00:11,  5.60it/s]
cdan: epoch 6:  68%|██████▊   | 139/203 [00:26<00:11,  5.70it/s]
cdan: epoch 6:  69%|██████▉   | 140/203 [00:27<00:11,  5.58it/s]
cdan: epoch 6:  69%|██████▉   | 141/203 [00:27<00:10,  5.77it/s]
cdan: epoch 6:  70%|██████▉   | 142/203 [00:27<00:10,  5.86it/s]
cdan: epoch 6:  70%|███████   | 143/203 [00:27<00:10,  5.71it/s]
cdan: epoch 6:  71%|███████   | 144/203 [00:27<00:10,  5.71it/s]
cdan: epoch 6:  71%|███████▏  | 145/203 [00:28<00:10,  5.77it/s]
cdan: epoch 6:  72%|███████▏  | 146/203 [00:28<00:09,  5.78it/s]
cdan: epoch 6:  72%|███████▏  | 147/203 [00:28<00:09,  5.82it/s]
cdan: epoch 6:  73%|███████▎  | 148/203 [00:28<00:09,  5.75it/s]
cdan: epoch 6:  73%|███████▎  | 149/203 [00:28<00:09,  5.81it/s]
cdan: epoch 6:  74%|███████▍  | 150/203 [00:28<00:09,  5.66it/s]
cdan: epoch 6:  74%|███████▍  | 151/203 [00:29<00:08,  5.84it/s]
cdan: epoch 6:  75%|███████▍  | 152/203 [00:29<00:08,  6.02it/s]
cdan: epoch 6:  75%|███████▌  | 153/203 [00:29<00:08,  6.04it/s]
cdan: epoch 6:  76%|███████▌  | 154/203 [00:29<00:07,  6.18it/s]
cdan: epoch 6:  76%|███████▋  | 155/203 [00:29<00:08,  5.55it/s]
cdan: epoch 6:  77%|███████▋  | 156/203 [00:30<00:09,  4.96it/s]
cdan: epoch 6:  77%|███████▋  | 157/203 [00:30<00:09,  4.96it/s]
cdan: epoch 6:  78%|███████▊  | 158/203 [00:30<00:08,  5.10it/s]
cdan: epoch 6:  78%|███████▊  | 159/203 [00:30<00:09,  4.80it/s]
cdan: epoch 6:  79%|███████▉  | 160/203 [00:30<00:09,  4.60it/s]
cdan: epoch 6:  79%|███████▉  | 161/203 [00:31<00:09,  4.61it/s]
cdan: epoch 6:  80%|███████▉  | 162/203 [00:31<00:09,  4.54it/s]
cdan: epoch 6:  80%|████████  | 163/203 [00:31<00:09,  4.40it/s]
cdan: epoch 6:  81%|████████  | 164/203 [00:31<00:08,  4.58it/s]
cdan: epoch 6:  81%|████████▏ | 165/203 [00:32<00:08,  4.34it/s]
cdan: epoch 6:  82%|████████▏ | 166/203 [00:32<00:08,  4.41it/s]
cdan: epoch 6:  82%|████████▏ | 167/203 [00:32<00:07,  4.53it/s]
cdan: epoch 6:  83%|████████▎ | 168/203 [00:32<00:08,  4.36it/s]
cdan: epoch 6:  83%|████████▎ | 169/203 [00:32<00:07,  4.37it/s]
cdan: epoch 6:  84%|████████▎ | 170/203 [00:33<00:07,  4.44it/s]
cdan: epoch 6:  84%|████████▍ | 171/203 [00:33<00:07,  4.30it/s]
cdan: epoch 6:  85%|████████▍ | 172/203 [00:33<00:06,  4.51it/s]
cdan: epoch 6:  85%|████████▌ | 173/203 [00:33<00:07,  3.98it/s]
cdan: epoch 6:  86%|████████▌ | 174/203 [00:34<00:06,  4.22it/s]
cdan: epoch 6:  86%|████████▌ | 175/203 [00:34<00:06,  4.25it/s]
cdan: epoch 6:  87%|████████▋ | 176/203 [00:34<00:06,  4.31it/s]
cdan: epoch 6:  87%|████████▋ | 177/203 [00:34<00:05,  4.45it/s]
cdan: epoch 6:  88%|████████▊ | 178/203 [00:34<00:05,  4.54it/s]
cdan: epoch 6:  88%|████████▊ | 179/203 [00:35<00:05,  4.37it/s]
cdan: epoch 6:  89%|████████▊ | 180/203 [00:35<00:05,  4.53it/s]
cdan: epoch 6:  89%|████████▉ | 181/203 [00:35<00:04,  4.41it/s]
cdan: epoch 6:  90%|████████▉ | 182/203 [00:35<00:04,  4.69it/s]
cdan: epoch 6:  90%|█████████ | 183/203 [00:36<00:04,  4.92it/s]
cdan: epoch 6:  91%|█████████ | 184/203 [00:36<00:03,  5.01it/s]
cdan: epoch 6:  91%|█████████ | 185/203 [00:36<00:03,  5.07it/s]
cdan: epoch 6:  92%|█████████▏| 186/203 [00:36<00:03,  5.23it/s]
cdan: epoch 6:  92%|█████████▏| 187/203 [00:36<00:02,  5.39it/s]
cdan: epoch 6:  93%|█████████▎| 188/203 [00:36<00:02,  5.42it/s]
cdan: epoch 6:  93%|█████████▎| 189/203 [00:37<00:02,  5.46it/s]
cdan: epoch 6:  94%|█████████▎| 190/203 [00:37<00:02,  5.70it/s]
cdan: epoch 6:  94%|█████████▍| 191/203 [00:37<00:02,  5.77it/s]
cdan: epoch 6:  95%|█████████▍| 192/203 [00:37<00:01,  5.78it/s]
cdan: epoch 6:  95%|█████████▌| 193/203 [00:37<00:01,  5.91it/s]
cdan: epoch 6:  96%|█████████▌| 194/203 [00:37<00:01,  5.82it/s]
cdan: epoch 6:  96%|█████████▌| 195/203 [00:38<00:01,  5.75it/s]
cdan: epoch 6:  97%|█████████▋| 196/203 [00:38<00:01,  5.76it/s]
cdan: epoch 6:  97%|█████████▋| 197/203 [00:38<00:01,  5.68it/s]
cdan: epoch 6:  98%|█████████▊| 198/203 [00:38<00:00,  5.73it/s]
cdan: epoch 6:  98%|█████████▊| 199/203 [00:38<00:00,  5.82it/s]
cdan: epoch 6:  99%|█████████▊| 200/203 [00:39<00:00,  5.58it/s]
cdan: epoch 6:  99%|█████████▉| 201/203 [00:39<00:00,  5.63it/s]
cdan: epoch 6: 100%|█████████▉| 202/203 [00:39<00:00,  5.69it/s]
cdan: epoch 6: 100%|██████████| 203/203 [00:39<00:00,  5.78it/s]
                                                                
cdan: epoch 6, source macro-f1=0.1242

dan_lambda_0.1: epoch 1:   0%|          | 0/203 [00:00<?, ?it/s]
dan_lambda_0.1: epoch 1:   0%|          | 1/203 [00:00<02:46,  1.22it/s]
dan_lambda_0.1: epoch 1:   1%|          | 2/203 [00:01<01:31,  2.20it/s]
dan_lambda_0.1: epoch 1:   1%|▏         | 3/203 [00:01<01:06,  3.02it/s]
dan_lambda_0.1: epoch 1:   2%|▏         | 4/203 [00:01<00:52,  3.76it/s]
dan_lambda_0.1: epoch 1:   2%|▏         | 5/203 [00:01<00:46,  4.26it/s]
dan_lambda_0.1: epoch 1:   3%|▎         | 6/203 [00:01<00:42,  4.58it/s]
dan_lambda_0.1: epoch 1:   3%|▎         | 7/203 [00:01<00:39,  5.00it/s]
dan_lambda_0.1: epoch 1:   4%|▍         | 8/203 [00:02<00:37,  5.13it/s]
dan_lambda_0.1: epoch 1:   4%|▍         | 9/203 [00:02<00:38,  5.03it/s]
dan_lambda_0.1: epoch 1:   5%|▍         | 10/203 [00:02<00:39,  4.84it/s]
dan_lambda_0.1: epoch 1:   5%|▌         | 11/203 [00:02<00:41,  4.66it/s]
dan_lambda_0.1: epoch 1:   6%|▌         | 12/203 [00:02<00:40,  4.77it/s]
dan_lambda_0.1: epoch 1:   6%|▋         | 13/203 [00:03<00:40,  4.66it/s]
dan_lambda_0.1: epoch 1:   7%|▋         | 14/203 [00:03<00:41,  4.58it/s]
dan_lambda_0.1: epoch 1:   7%|▋         | 15/203 [00:03<00:41,  4.57it/s]
dan_lambda_0.1: epoch 1:   8%|▊         | 16/203 [00:03<00:40,  4.67it/s]
dan_lambda_0.1: epoch 1:   8%|▊         | 17/203 [00:04<00:40,  4.55it/s]
dan_lambda_0.1: epoch 1:   9%|▉         | 18/203 [00:04<00:39,  4.69it/s]
dan_lambda_0.1: epoch 1:   9%|▉         | 19/203 [00:04<00:40,  4.50it/s]
dan_lambda_0.1: epoch 1:  10%|▉         | 20/203 [00:04<00:38,  4.71it/s]
dan_lambda_0.1: epoch 1:  10%|█         | 21/203 [00:04<00:41,  4.38it/s]
dan_lambda_0.1: epoch 1:  11%|█         | 22/203 [00:05<00:41,  4.38it/s]
dan_lambda_0.1: epoch 1:  11%|█▏        | 23/203 [00:05<00:39,  4.51it/s]
dan_lambda_0.1: epoch 1:  12%|█▏        | 24/203 [00:05<00:43,  4.15it/s]
dan_lambda_0.1: epoch 1:  12%|█▏        | 25/203 [00:05<00:41,  4.25it/s]
dan_lambda_0.1: epoch 1:  13%|█▎        | 26/203 [00:06<00:49,  3.58it/s]
dan_lambda_0.1: epoch 1:  13%|█▎        | 27/203 [00:06<00:43,  4.01it/s]
dan_lambda_0.1: epoch 1:  14%|█▍        | 28/203 [00:06<00:47,  3.65it/s]
dan_lambda_0.1: epoch 1:  14%|█▍        | 29/203 [00:06<00:43,  3.99it/s]
dan_lambda_0.1: epoch 1:  15%|█▍        | 30/203 [00:07<00:41,  4.18it/s]
dan_lambda_0.1: epoch 1:  15%|█▌        | 31/203 [00:07<00:38,  4.51it/s]
dan_lambda_0.1: epoch 1:  16%|█▌        | 32/203 [00:07<00:35,  4.78it/s]
dan_lambda_0.1: epoch 1:  16%|█▋        | 33/203 [00:07<00:33,  5.00it/s]
dan_lambda_0.1: epoch 1:  17%|█▋        | 34/203 [00:07<00:32,  5.22it/s]
dan_lambda_0.1: epoch 1:  17%|█▋        | 35/203 [00:08<00:30,  5.48it/s]
dan_lambda_0.1: epoch 1:  18%|█▊        | 36/203 [00:08<00:31,  5.33it/s]
dan_lambda_0.1: epoch 1:  18%|█▊        | 37/203 [00:08<00:30,  5.47it/s]
dan_lambda_0.1: epoch 1:  19%|█▊        | 38/203 [00:08<00:30,  5.44it/s]
dan_lambda_0.1: epoch 1:  19%|█▉        | 39/203 [00:08<00:30,  5.34it/s]
dan_lambda_0.1: epoch 1:  20%|█▉        | 40/203 [00:08<00:29,  5.57it/s]
dan_lambda_0.1: epoch 1:  20%|██        | 41/203 [00:09<00:28,  5.59it/s]
dan_lambda_0.1: epoch 1:  21%|██        | 42/203 [00:09<00:29,  5.55it/s]
dan_lambda_0.1: epoch 1:  21%|██        | 43/203 [00:09<00:28,  5.60it/s]
dan_lambda_0.1: epoch 1:  22%|██▏       | 44/203 [00:09<00:29,  5.38it/s]
dan_lambda_0.1: epoch 1:  22%|██▏       | 45/203 [00:09<00:28,  5.49it/s]
dan_lambda_0.1: epoch 1:  23%|██▎       | 46/203 [00:10<00:28,  5.61it/s]
dan_lambda_0.1: epoch 1:  23%|██▎       | 47/203 [00:10<00:27,  5.59it/s]
dan_lambda_0.1: epoch 1:  24%|██▎       | 48/203 [00:10<00:27,  5.57it/s]
dan_lambda_0.1: epoch 1:  24%|██▍       | 49/203 [00:10<00:27,  5.61it/s]
dan_lambda_0.1: epoch 1:  25%|██▍       | 50/203 [00:10<00:26,  5.69it/s]
dan_lambda_0.1: epoch 1:  25%|██▌       | 51/203 [00:10<00:26,  5.71it/s]
dan_lambda_0.1: epoch 1:  26%|██▌       | 52/203 [00:11<00:26,  5.63it/s]
dan_lambda_0.1: epoch 1:  26%|██▌       | 53/203 [00:11<00:26,  5.61it/s]
dan_lambda_0.1: epoch 1:  27%|██▋       | 54/203 [00:11<00:26,  5.57it/s]
dan_lambda_0.1: epoch 1:  27%|██▋       | 55/203 [00:11<00:26,  5.65it/s]
dan_lambda_0.1: epoch 1:  28%|██▊       | 56/203 [00:11<00:25,  5.67it/s]
dan_lambda_0.1: epoch 1:  28%|██▊       | 57/203 [00:12<00:25,  5.63it/s]
dan_lambda_0.1: epoch 1:  29%|██▊       | 58/203 [00:12<00:24,  5.86it/s]
dan_lambda_0.1: epoch 1:  29%|██▉       | 59/203 [00:12<00:25,  5.66it/s]
dan_lambda_0.1: epoch 1:  30%|██▉       | 60/203 [00:12<00:26,  5.30it/s]
dan_lambda_0.1: epoch 1:  30%|███       | 61/203 [00:12<00:26,  5.27it/s]
dan_lambda_0.1: epoch 1:  31%|███       | 62/203 [00:12<00:28,  5.02it/s]
dan_lambda_0.1: epoch 1:  31%|███       | 63/203 [00:13<00:27,  5.12it/s]
dan_lambda_0.1: epoch 1:  32%|███▏      | 64/203 [00:13<00:27,  4.98it/s]
dan_lambda_0.1: epoch 1:  32%|███▏      | 65/203 [00:13<00:26,  5.24it/s]
dan_lambda_0.1: epoch 1:  33%|███▎      | 66/203 [00:13<00:26,  5.22it/s]
dan_lambda_0.1: epoch 1:  33%|███▎      | 67/203 [00:13<00:25,  5.40it/s]
dan_lambda_0.1: epoch 1:  33%|███▎      | 68/203 [00:14<00:23,  5.66it/s]
dan_lambda_0.1: epoch 1:  34%|███▍      | 69/203 [00:14<00:23,  5.68it/s]
dan_lambda_0.1: epoch 1:  34%|███▍      | 70/203 [00:14<00:23,  5.77it/s]
dan_lambda_0.1: epoch 1:  35%|███▍      | 71/203 [00:14<00:23,  5.73it/s]
dan_lambda_0.1: epoch 1:  35%|███▌      | 72/203 [00:14<00:22,  5.79it/s]
dan_lambda_0.1: epoch 1:  36%|███▌      | 73/203 [00:14<00:22,  5.82it/s]
dan_lambda_0.1: epoch 1:  36%|███▋      | 74/203 [00:15<00:22,  5.70it/s]
dan_lambda_0.1: epoch 1:  37%|███▋      | 75/203 [00:15<00:22,  5.64it/s]
dan_lambda_0.1: epoch 1:  37%|███▋      | 76/203 [00:15<00:22,  5.66it/s]
dan_lambda_0.1: epoch 1:  38%|███▊      | 77/203 [00:15<00:22,  5.62it/s]
dan_lambda_0.1: epoch 1:  38%|███▊      | 78/203 [00:15<00:22,  5.62it/s]
dan_lambda_0.1: epoch 1:  39%|███▉      | 79/203 [00:16<00:21,  5.73it/s]
dan_lambda_0.1: epoch 1:  39%|███▉      | 80/203 [00:16<00:20,  5.86it/s]
dan_lambda_0.1: epoch 1:  40%|███▉      | 81/203 [00:16<00:21,  5.75it/s]
dan_lambda_0.1: epoch 1:  40%|████      | 82/203 [00:16<00:21,  5.71it/s]
dan_lambda_0.1: epoch 1:  41%|████      | 83/203 [00:16<00:21,  5.69it/s]
dan_lambda_0.1: epoch 1:  41%|████▏     | 84/203 [00:16<00:21,  5.51it/s]
dan_lambda_0.1: epoch 1:  42%|████▏     | 85/203 [00:17<00:21,  5.57it/s]
dan_lambda_0.1: epoch 1:  42%|████▏     | 86/203 [00:17<00:21,  5.56it/s]
dan_lambda_0.1: epoch 1:  43%|████▎     | 87/203 [00:17<00:21,  5.38it/s]
dan_lambda_0.1: epoch 1:  43%|████▎     | 88/203 [00:17<00:22,  5.21it/s]
dan_lambda_0.1: epoch 1:  44%|████▍     | 89/203 [00:17<00:22,  5.02it/s]
dan_lambda_0.1: epoch 1:  44%|████▍     | 90/203 [00:18<00:22,  4.99it/s]
dan_lambda_0.1: epoch 1:  45%|████▍     | 91/203 [00:18<00:22,  4.87it/s]
dan_lambda_0.1: epoch 1:  45%|████▌     | 92/203 [00:18<00:23,  4.63it/s]
dan_lambda_0.1: epoch 1:  46%|████▌     | 93/203 [00:18<00:24,  4.49it/s]
dan_lambda_0.1: epoch 1:  46%|████▋     | 94/203 [00:18<00:24,  4.51it/s]
dan_lambda_0.1: epoch 1:  47%|████▋     | 95/203 [00:19<00:24,  4.45it/s]
dan_lambda_0.1: epoch 1:  47%|████▋     | 96/203 [00:19<00:23,  4.60it/s]
dan_lambda_0.1: epoch 1:  48%|████▊     | 97/203 [00:19<00:24,  4.40it/s]
dan_lambda_0.1: epoch 1:  48%|████▊     | 98/203 [00:19<00:24,  4.31it/s]
dan_lambda_0.1: epoch 1:  49%|████▉     | 99/203 [00:20<00:27,  3.81it/s]
dan_lambda_0.1: epoch 1:  49%|████▉     | 100/203 [00:20<00:25,  3.97it/s]
dan_lambda_0.1: epoch 1:  50%|████▉     | 101/203 [00:20<00:28,  3.60it/s]
dan_lambda_0.1: epoch 1:  50%|█████     | 102/203 [00:20<00:25,  4.02it/s]
dan_lambda_0.1: epoch 1:  51%|█████     | 103/203 [00:21<00:26,  3.82it/s]
dan_lambda_0.1: epoch 1:  51%|█████     | 104/203 [00:21<00:23,  4.19it/s]
dan_lambda_0.1: epoch 1:  52%|█████▏    | 105/203 [00:21<00:23,  4.18it/s]
dan_lambda_0.1: epoch 1:  52%|█████▏    | 106/203 [00:21<00:22,  4.27it/s]
dan_lambda_0.1: epoch 1:  53%|█████▎    | 107/203 [00:22<00:22,  4.34it/s]
dan_lambda_0.1: epoch 1:  53%|█████▎    | 108/203 [00:22<00:21,  4.52it/s]
dan_lambda_0.1: epoch 1:  54%|█████▎    | 109/203 [00:22<00:19,  4.81it/s]
dan_lambda_0.1: epoch 1:  54%|█████▍    | 110/203 [00:22<00:19,  4.88it/s]
dan_lambda_0.1: epoch 1:  55%|█████▍    | 111/203 [00:22<00:18,  5.01it/s]
dan_lambda_0.1: epoch 1:  55%|█████▌    | 112/203 [00:23<00:18,  5.04it/s]
dan_lambda_0.1: epoch 1:  56%|█████▌    | 113/203 [00:23<00:17,  5.13it/s]
dan_lambda_0.1: epoch 1:  56%|█████▌    | 114/203 [00:23<00:17,  5.13it/s]
dan_lambda_0.1: epoch 1:  57%|█████▋    | 115/203 [00:23<00:16,  5.30it/s]
dan_lambda_0.1: epoch 1:  57%|█████▋    | 116/203 [00:23<00:16,  5.37it/s]
dan_lambda_0.1: epoch 1:  58%|█████▊    | 117/203 [00:24<00:15,  5.39it/s]
dan_lambda_0.1: epoch 1:  58%|█████▊    | 118/203 [00:24<00:15,  5.44it/s]
dan_lambda_0.1: epoch 1:  59%|█████▊    | 119/203 [00:24<00:15,  5.54it/s]
dan_lambda_0.1: epoch 1:  59%|█████▉    | 120/203 [00:24<00:14,  5.63it/s]
dan_lambda_0.1: epoch 1:  60%|█████▉    | 121/203 [00:24<00:14,  5.69it/s]
dan_lambda_0.1: epoch 1:  60%|██████    | 122/203 [00:24<00:14,  5.61it/s]
dan_lambda_0.1: epoch 1:  61%|██████    | 123/203 [00:25<00:14,  5.59it/s]
dan_lambda_0.1: epoch 1:  61%|██████    | 124/203 [00:25<00:14,  5.61it/s]
dan_lambda_0.1: epoch 1:  62%|██████▏   | 125/203 [00:25<00:13,  5.72it/s]
dan_lambda_0.1: epoch 1:  62%|██████▏   | 126/203 [00:25<00:13,  5.73it/s]
dan_lambda_0.1: epoch 1:  63%|██████▎   | 127/203 [00:25<00:13,  5.83it/s]
dan_lambda_0.1: epoch 1:  63%|██████▎   | 128/203 [00:25<00:13,  5.60it/s]
dan_lambda_0.1: epoch 1:  64%|██████▎   | 129/203 [00:26<00:12,  5.69it/s]
dan_lambda_0.1: epoch 1:  64%|██████▍   | 130/203 [00:26<00:12,  5.70it/s]
dan_lambda_0.1: epoch 1:  65%|██████▍   | 131/203 [00:26<00:12,  5.61it/s]
dan_lambda_0.1: epoch 1:  65%|██████▌   | 132/203 [00:26<00:12,  5.71it/s]
dan_lambda_0.1: epoch 1:  66%|██████▌   | 133/203 [00:26<00:12,  5.69it/s]
dan_lambda_0.1: epoch 1:  66%|██████▌   | 134/203 [00:27<00:12,  5.58it/s]
dan_lambda_0.1: epoch 1:  67%|██████▋   | 135/203 [00:27<00:11,  5.70it/s]
dan_lambda_0.1: epoch 1:  67%|██████▋   | 136/203 [00:27<00:11,  5.67it/s]
dan_lambda_0.1: epoch 1:  67%|██████▋   | 137/203 [00:27<00:11,  5.74it/s]
dan_lambda_0.1: epoch 1:  68%|██████▊   | 138/203 [00:27<00:11,  5.75it/s]
dan_lambda_0.1: epoch 1:  68%|██████▊   | 139/203 [00:27<00:11,  5.71it/s]
dan_lambda_0.1: epoch 1:  69%|██████▉   | 140/203 [00:28<00:10,  5.79it/s]
dan_lambda_0.1: epoch 1:  69%|██████▉   | 141/203 [00:28<00:11,  5.55it/s]
dan_lambda_0.1: epoch 1:  70%|██████▉   | 142/203 [00:28<00:10,  5.67it/s]
dan_lambda_0.1: epoch 1:  70%|███████   | 143/203 [00:28<00:10,  5.63it/s]
dan_lambda_0.1: epoch 1:  71%|███████   | 144/203 [00:28<00:10,  5.77it/s]
dan_lambda_0.1: epoch 1:  71%|███████▏  | 145/203 [00:28<00:10,  5.72it/s]
dan_lambda_0.1: epoch 1:  72%|███████▏  | 146/203 [00:29<00:10,  5.63it/s]
dan_lambda_0.1: epoch 1:  72%|███████▏  | 147/203 [00:29<00:10,  5.56it/s]
dan_lambda_0.1: epoch 1:  73%|███████▎  | 148/203 [00:29<00:09,  5.68it/s]
dan_lambda_0.1: epoch 1:  73%|███████▎  | 149/203 [00:29<00:09,  5.69it/s]
dan_lambda_0.1: epoch 1:  74%|███████▍  | 150/203 [00:29<00:09,  5.79it/s]
dan_lambda_0.1: epoch 1:  74%|███████▍  | 151/203 [00:29<00:08,  5.81it/s]
dan_lambda_0.1: epoch 1:  75%|███████▍  | 152/203 [00:30<00:09,  5.59it/s]
dan_lambda_0.1: epoch 1:  75%|███████▌  | 153/203 [00:30<00:08,  5.69it/s]
dan_lambda_0.1: epoch 1:  76%|███████▌  | 154/203 [00:30<00:08,  5.68it/s]
dan_lambda_0.1: epoch 1:  76%|███████▋  | 155/203 [00:30<00:08,  5.51it/s]
dan_lambda_0.1: epoch 1:  77%|███████▋  | 156/203 [00:30<00:08,  5.61it/s]
dan_lambda_0.1: epoch 1:  77%|███████▋  | 157/203 [00:31<00:08,  5.55it/s]
dan_lambda_0.1: epoch 1:  78%|███████▊  | 158/203 [00:31<00:08,  5.57it/s]
dan_lambda_0.1: epoch 1:  78%|███████▊  | 159/203 [00:31<00:07,  5.61it/s]
dan_lambda_0.1: epoch 1:  79%|███████▉  | 160/203 [00:31<00:07,  5.73it/s]
dan_lambda_0.1: epoch 1:  79%|███████▉  | 161/203 [00:31<00:07,  5.82it/s]
dan_lambda_0.1: epoch 1:  80%|███████▉  | 162/203 [00:31<00:07,  5.80it/s]
dan_lambda_0.1: epoch 1:  80%|████████  | 163/203 [00:32<00:06,  5.87it/s]
dan_lambda_0.1: epoch 1:  81%|████████  | 164/203 [00:32<00:08,  4.36it/s]
dan_lambda_0.1: epoch 1:  81%|████████▏ | 165/203 [00:32<00:08,  4.43it/s]
dan_lambda_0.1: epoch 1:  82%|████████▏ | 166/203 [00:32<00:08,  4.61it/s]
dan_lambda_0.1: epoch 1:  82%|████████▏ | 167/203 [00:33<00:07,  4.67it/s]
dan_lambda_0.1: epoch 1:  83%|████████▎ | 168/203 [00:33<00:10,  3.46it/s]
dan_lambda_0.1: epoch 1:  83%|████████▎ | 169/203 [00:33<00:09,  3.73it/s]
dan_lambda_0.1: epoch 1:  84%|████████▎ | 170/203 [00:34<00:08,  3.91it/s]
dan_lambda_0.1: epoch 1:  84%|████████▍ | 171/203 [00:34<00:07,  4.24it/s]
dan_lambda_0.1: epoch 1:  85%|████████▍ | 172/203 [00:34<00:07,  4.16it/s]
dan_lambda_0.1: epoch 1:  85%|████████▌ | 173/203 [00:34<00:06,  4.34it/s]
dan_lambda_0.1: epoch 1:  86%|████████▌ | 174/203 [00:34<00:07,  4.13it/s]
dan_lambda_0.1: epoch 1:  86%|████████▌ | 175/203 [00:35<00:06,  4.07it/s]
dan_lambda_0.1: epoch 1:  87%|████████▋ | 176/203 [00:35<00:06,  4.19it/s]
dan_lambda_0.1: epoch 1:  87%|████████▋ | 177/203 [00:35<00:06,  4.14it/s]
dan_lambda_0.1: epoch 1:  88%|████████▊ | 178/203 [00:35<00:06,  4.12it/s]
dan_lambda_0.1: epoch 1:  88%|████████▊ | 179/203 [00:36<00:05,  4.28it/s]
dan_lambda_0.1: epoch 1:  89%|████████▊ | 180/203 [00:36<00:05,  4.41it/s]
dan_lambda_0.1: epoch 1:  89%|████████▉ | 181/203 [00:36<00:05,  4.28it/s]
dan_lambda_0.1: epoch 1:  90%|████████▉ | 182/203 [00:36<00:04,  4.30it/s]
dan_lambda_0.1: epoch 1:  90%|█████████ | 183/203 [00:37<00:04,  4.10it/s]
dan_lambda_0.1: epoch 1:  91%|█████████ | 184/203 [00:37<00:04,  4.27it/s]
dan_lambda_0.1: epoch 1:  91%|█████████ | 185/203 [00:37<00:03,  4.54it/s]
dan_lambda_0.1: epoch 1:  92%|█████████▏| 186/203 [00:37<00:03,  4.69it/s]
dan_lambda_0.1: epoch 1:  92%|█████████▏| 187/203 [00:37<00:03,  4.90it/s]
dan_lambda_0.1: epoch 1:  93%|█████████▎| 188/203 [00:38<00:02,  5.11it/s]
dan_lambda_0.1: epoch 1:  93%|█████████▎| 189/203 [00:38<00:02,  5.10it/s]
dan_lambda_0.1: epoch 1:  94%|█████████▎| 190/203 [00:38<00:02,  5.43it/s]
dan_lambda_0.1: epoch 1:  94%|█████████▍| 191/203 [00:38<00:02,  5.54it/s]
dan_lambda_0.1: epoch 1:  95%|█████████▍| 192/203 [00:38<00:01,  5.64it/s]
dan_lambda_0.1: epoch 1:  95%|█████████▌| 193/203 [00:38<00:01,  5.49it/s]
dan_lambda_0.1: epoch 1:  96%|█████████▌| 194/203 [00:39<00:01,  5.47it/s]
dan_lambda_0.1: epoch 1:  96%|█████████▌| 195/203 [00:39<00:01,  5.51it/s]
dan_lambda_0.1: epoch 1:  97%|█████████▋| 196/203 [00:39<00:01,  5.51it/s]
dan_lambda_0.1: epoch 1:  97%|█████████▋| 197/203 [00:39<00:01,  5.67it/s]
dan_lambda_0.1: epoch 1:  98%|█████████▊| 198/203 [00:39<00:00,  5.59it/s]
dan_lambda_0.1: epoch 1:  98%|█████████▊| 199/203 [00:39<00:00,  5.58it/s]
dan_lambda_0.1: epoch 1:  99%|█████████▊| 200/203 [00:40<00:00,  5.63it/s]
dan_lambda_0.1: epoch 1:  99%|█████████▉| 201/203 [00:40<00:00,  5.62it/s]
dan_lambda_0.1: epoch 1: 100%|█████████▉| 202/203 [00:40<00:00,  5.74it/s]
dan_lambda_0.1: epoch 1: 100%|██████████| 203/203 [00:40<00:00,  5.80it/s]
                                                                          
dan_lambda_0.1: epoch 1, source macro-f1=0.8895

dan_lambda_0.1: epoch 2:   0%|          | 0/203 [00:00<?, ?it/s]
dan_lambda_0.1: epoch 2:   0%|          | 1/203 [00:00<00:34,  5.85it/s]
dan_lambda_0.1: epoch 2:   1%|          | 2/203 [00:00<00:43,  4.60it/s]
dan_lambda_0.1: epoch 2:   1%|▏         | 3/203 [00:00<00:40,  5.00it/s]
dan_lambda_0.1: epoch 2:   2%|▏         | 4/203 [00:00<00:37,  5.29it/s]
dan_lambda_0.1: epoch 2:   2%|▏         | 5/203 [00:00<00:37,  5.34it/s]
dan_lambda_0.1: epoch 2:   3%|▎         | 6/203 [00:01<00:36,  5.37it/s]
dan_lambda_0.1: epoch 2:   3%|▎         | 7/203 [00:01<00:36,  5.42it/s]
dan_lambda_0.1: epoch 2:   4%|▍         | 8/203 [00:01<00:35,  5.48it/s]
dan_lambda_0.1: epoch 2:   4%|▍         | 9/203 [00:01<00:34,  5.62it/s]
dan_lambda_0.1: epoch 2:   5%|▍         | 10/203 [00:01<00:35,  5.43it/s]
dan_lambda_0.1: epoch 2:   5%|▌         | 11/203 [00:02<00:34,  5.50it/s]
dan_lambda_0.1: epoch 2:   6%|▌         | 12/203 [00:02<00:33,  5.72it/s]
dan_lambda_0.1: epoch 2:   6%|▋         | 13/203 [00:02<00:33,  5.73it/s]
dan_lambda_0.1: epoch 2:   7%|▋         | 14/203 [00:02<00:32,  5.74it/s]
dan_lambda_0.1: epoch 2:   7%|▋         | 15/203 [00:02<00:32,  5.73it/s]
dan_lambda_0.1: epoch 2:   8%|▊         | 16/203 [00:02<00:34,  5.44it/s]
dan_lambda_0.1: epoch 2:   8%|▊         | 17/203 [00:03<00:36,  5.13it/s]
dan_lambda_0.1: epoch 2:   9%|▉         | 18/203 [00:03<00:36,  5.07it/s]
dan_lambda_0.1: epoch 2:   9%|▉         | 19/203 [00:03<00:40,  4.59it/s]
dan_lambda_0.1: epoch 2:  10%|▉         | 20/203 [00:03<00:40,  4.50it/s]
dan_lambda_0.1: epoch 2:  10%|█         | 21/203 [00:04<00:39,  4.56it/s]
dan_lambda_0.1: epoch 2:  11%|█         | 22/203 [00:04<00:41,  4.41it/s]
dan_lambda_0.1: epoch 2:  11%|█▏        | 23/203 [00:04<00:40,  4.46it/s]
dan_lambda_0.1: epoch 2:  12%|█▏        | 24/203 [00:04<00:39,  4.55it/s]
dan_lambda_0.1: epoch 2:  12%|█▏        | 25/203 [00:04<00:39,  4.51it/s]
dan_lambda_0.1: epoch 2:  13%|█▎        | 26/203 [00:05<00:38,  4.62it/s]
dan_lambda_0.1: epoch 2:  13%|█▎        | 27/203 [00:05<00:39,  4.51it/s]
dan_lambda_0.1: epoch 2:  14%|█▍        | 28/203 [00:05<00:38,  4.50it/s]
dan_lambda_0.1: epoch 2:  14%|█▍        | 29/203 [00:05<00:37,  4.65it/s]
dan_lambda_0.1: epoch 2:  15%|█▍        | 30/203 [00:06<00:37,  4.58it/s]
dan_lambda_0.1: epoch 2:  15%|█▌        | 31/203 [00:06<00:37,  4.61it/s]
dan_lambda_0.1: epoch 2:  16%|█▌        | 32/203 [00:06<00:48,  3.52it/s]
dan_lambda_0.1: epoch 2:  16%|█▋        | 33/203 [00:06<00:45,  3.74it/s]
dan_lambda_0.1: epoch 2:  17%|█▋        | 34/203 [00:07<00:41,  4.08it/s]
dan_lambda_0.1: epoch 2:  17%|█▋        | 35/203 [00:07<00:39,  4.21it/s]
dan_lambda_0.1: epoch 2:  18%|█▊        | 36/203 [00:07<00:39,  4.27it/s]
dan_lambda_0.1: epoch 2:  18%|█▊        | 37/203 [00:07<00:39,  4.20it/s]
dan_lambda_0.1: epoch 2:  19%|█▊        | 38/203 [00:08<00:40,  4.12it/s]
dan_lambda_0.1: epoch 2:  19%|█▉        | 39/203 [00:08<00:37,  4.32it/s]
dan_lambda_0.1: epoch 2:  20%|█▉        | 40/203 [00:08<00:36,  4.47it/s]
dan_lambda_0.1: epoch 2:  20%|██        | 41/203 [00:08<00:34,  4.70it/s]
dan_lambda_0.1: epoch 2:  21%|██        | 42/203 [00:08<00:33,  4.79it/s]
dan_lambda_0.1: epoch 2:  21%|██        | 43/203 [00:09<00:32,  4.97it/s]
dan_lambda_0.1: epoch 2:  22%|██▏       | 44/203 [00:09<00:31,  4.98it/s]
dan_lambda_0.1: epoch 2:  22%|██▏       | 45/203 [00:09<00:30,  5.23it/s]
dan_lambda_0.1: epoch 2:  23%|██▎       | 46/203 [00:09<00:29,  5.34it/s]
dan_lambda_0.1: epoch 2:  23%|██▎       | 47/203 [00:09<00:28,  5.40it/s]
dan_lambda_0.1: epoch 2:  24%|██▎       | 48/203 [00:09<00:28,  5.40it/s]
dan_lambda_0.1: epoch 2:  24%|██▍       | 49/203 [00:10<00:28,  5.37it/s]
dan_lambda_0.1: epoch 2:  25%|██▍       | 50/203 [00:10<00:28,  5.42it/s]
dan_lambda_0.1: epoch 2:  25%|██▌       | 51/203 [00:10<00:27,  5.46it/s]
dan_lambda_0.1: epoch 2:  26%|██▌       | 52/203 [00:10<00:28,  5.38it/s]
dan_lambda_0.1: epoch 2:  26%|██▌       | 53/203 [00:10<00:27,  5.44it/s]
dan_lambda_0.1: epoch 2:  27%|██▋       | 54/203 [00:11<00:27,  5.49it/s]
dan_lambda_0.1: epoch 2:  27%|██▋       | 55/203 [00:11<00:26,  5.68it/s]
dan_lambda_0.1: epoch 2:  28%|██▊       | 56/203 [00:11<00:25,  5.73it/s]
dan_lambda_0.1: epoch 2:  28%|██▊       | 57/203 [00:11<00:25,  5.64it/s]
dan_lambda_0.1: epoch 2:  29%|██▊       | 58/203 [00:11<00:27,  5.37it/s]
dan_lambda_0.1: epoch 2:  29%|██▉       | 59/203 [00:11<00:25,  5.55it/s]
dan_lambda_0.1: epoch 2:  30%|██▉       | 60/203 [00:12<00:25,  5.58it/s]
dan_lambda_0.1: epoch 2:  30%|███       | 61/203 [00:12<00:25,  5.65it/s]
dan_lambda_0.1: epoch 2:  31%|███       | 62/203 [00:12<00:25,  5.58it/s]
dan_lambda_0.1: epoch 2:  31%|███       | 63/203 [00:12<00:24,  5.67it/s]
dan_lambda_0.1: epoch 2:  32%|███▏      | 64/203 [00:12<00:24,  5.67it/s]
dan_lambda_0.1: epoch 2:  32%|███▏      | 65/203 [00:13<00:24,  5.65it/s]
dan_lambda_0.1: epoch 2:  33%|███▎      | 66/203 [00:13<00:24,  5.67it/s]
dan_lambda_0.1: epoch 2:  33%|███▎      | 67/203 [00:13<00:23,  5.78it/s]
dan_lambda_0.1: epoch 2:  33%|███▎      | 68/203 [00:13<00:23,  5.77it/s]
dan_lambda_0.1: epoch 2:  34%|███▍      | 69/203 [00:13<00:24,  5.52it/s]
dan_lambda_0.1: epoch 2:  34%|███▍      | 70/203 [00:13<00:24,  5.45it/s]
dan_lambda_0.1: epoch 2:  35%|███▍      | 71/203 [00:14<00:23,  5.57it/s]
dan_lambda_0.1: epoch 2:  35%|███▌      | 72/203 [00:14<00:23,  5.54it/s]
dan_lambda_0.1: epoch 2:  36%|███▌      | 73/203 [00:14<00:23,  5.50it/s]
dan_lambda_0.1: epoch 2:  36%|███▋      | 74/203 [00:14<00:23,  5.50it/s]
dan_lambda_0.1: epoch 2:  37%|███▋      | 75/203 [00:14<00:23,  5.55it/s]
dan_lambda_0.1: epoch 2:  37%|███▋      | 76/203 [00:14<00:23,  5.52it/s]
dan_lambda_0.1: epoch 2:  38%|███▊      | 77/203 [00:15<00:22,  5.48it/s]
dan_lambda_0.1: epoch 2:  38%|███▊      | 78/203 [00:15<00:22,  5.49it/s]
dan_lambda_0.1: epoch 2:  39%|███▉      | 79/203 [00:15<00:22,  5.56it/s]
dan_lambda_0.1: epoch 2:  39%|███▉      | 80/203 [00:15<00:21,  5.62it/s]
dan_lambda_0.1: epoch 2:  40%|███▉      | 81/203 [00:15<00:21,  5.61it/s]
dan_lambda_0.1: epoch 2:  40%|████      | 82/203 [00:16<00:21,  5.54it/s]
dan_lambda_0.1: epoch 2:  41%|████      | 83/203 [00:16<00:21,  5.56it/s]
dan_lambda_0.1: epoch 2:  41%|████▏     | 84/203 [00:16<00:21,  5.55it/s]
dan_lambda_0.1: epoch 2:  42%|████▏     | 85/203 [00:16<00:21,  5.51it/s]
dan_lambda_0.1: epoch 2:  42%|████▏     | 86/203 [00:16<00:21,  5.51it/s]
dan_lambda_0.1: epoch 2:  43%|████▎     | 87/203 [00:16<00:20,  5.59it/s]
dan_lambda_0.1: epoch 2:  43%|████▎     | 88/203 [00:17<00:20,  5.61it/s]
dan_lambda_0.1: epoch 2:  44%|████▍     | 89/203 [00:17<00:20,  5.51it/s]
dan_lambda_0.1: epoch 2:  44%|████▍     | 90/203 [00:17<00:20,  5.52it/s]
dan_lambda_0.1: epoch 2:  45%|████▍     | 91/203 [00:17<00:20,  5.59it/s]
dan_lambda_0.1: epoch 2:  45%|████▌     | 92/203 [00:17<00:19,  5.60it/s]
dan_lambda_0.1: epoch 2:  46%|████▌     | 93/203 [00:18<00:19,  5.65it/s]
dan_lambda_0.1: epoch 2:  46%|████▋     | 94/203 [00:18<00:20,  5.42it/s]
dan_lambda_0.1: epoch 2:  47%|████▋     | 95/203 [00:18<00:19,  5.48it/s]
dan_lambda_0.1: epoch 2:  47%|████▋     | 96/203 [00:18<00:19,  5.35it/s]
dan_lambda_0.1: epoch 2:  48%|████▊     | 97/203 [00:18<00:20,  5.13it/s]
dan_lambda_0.1: epoch 2:  48%|████▊     | 98/203 [00:19<00:21,  4.79it/s]
dan_lambda_0.1: epoch 2:  49%|████▉     | 99/203 [00:19<00:22,  4.54it/s]
dan_lambda_0.1: epoch 2:  49%|████▉     | 100/203 [00:19<00:23,  4.42it/s]
dan_lambda_0.1: epoch 2:  50%|████▉     | 101/203 [00:19<00:23,  4.33it/s]
dan_lambda_0.1: epoch 2:  50%|█████     | 102/203 [00:20<00:22,  4.44it/s]
dan_lambda_0.1: epoch 2:  51%|█████     | 103/203 [00:20<00:22,  4.51it/s]
dan_lambda_0.1: epoch 2:  51%|█████     | 104/203 [00:20<00:22,  4.46it/s]
dan_lambda_0.1: epoch 2:  52%|█████▏    | 105/203 [00:20<00:22,  4.43it/s]
dan_lambda_0.1: epoch 2:  52%|█████▏    | 106/203 [00:20<00:22,  4.36it/s]
dan_lambda_0.1: epoch 2:  53%|█████▎    | 107/203 [00:21<00:23,  4.16it/s]
dan_lambda_0.1: epoch 2:  53%|█████▎    | 108/203 [00:21<00:21,  4.36it/s]
dan_lambda_0.1: epoch 2:  54%|█████▎    | 109/203 [00:21<00:22,  4.19it/s]
dan_lambda_0.1: epoch 2:  54%|█████▍    | 110/203 [00:21<00:23,  3.91it/s]
dan_lambda_0.1: epoch 2:  55%|█████▍    | 111/203 [00:22<00:22,  4.14it/s]
dan_lambda_0.1: epoch 2:  55%|█████▌    | 112/203 [00:22<00:21,  4.19it/s]
dan_lambda_0.1: epoch 2:  56%|█████▌    | 113/203 [00:22<00:20,  4.46it/s]
dan_lambda_0.1: epoch 2:  56%|█████▌    | 114/203 [00:22<00:20,  4.45it/s]
dan_lambda_0.1: epoch 2:  57%|█████▋    | 115/203 [00:23<00:19,  4.60it/s]
dan_lambda_0.1: epoch 2:  57%|█████▋    | 116/203 [00:23<00:19,  4.36it/s]
dan_lambda_0.1: epoch 2:  58%|█████▊    | 117/203 [00:23<00:18,  4.55it/s]
dan_lambda_0.1: epoch 2:  58%|█████▊    | 118/203 [00:23<00:19,  4.33it/s]
dan_lambda_0.1: epoch 2:  59%|█████▊    | 119/203 [00:23<00:18,  4.58it/s]
dan_lambda_0.1: epoch 2:  59%|█████▉    | 120/203 [00:24<00:17,  4.67it/s]
dan_lambda_0.1: epoch 2:  60%|█████▉    | 121/203 [00:24<00:16,  5.09it/s]
dan_lambda_0.1: epoch 2:  60%|██████    | 122/203 [00:24<00:15,  5.28it/s]
dan_lambda_0.1: epoch 2:  61%|██████    | 123/203 [00:24<00:14,  5.55it/s]
dan_lambda_0.1: epoch 2:  61%|██████    | 124/203 [00:24<00:17,  4.44it/s]
dan_lambda_0.1: epoch 2:  62%|██████▏   | 125/203 [00:25<00:16,  4.65it/s]
dan_lambda_0.1: epoch 2:  62%|██████▏   | 126/203 [00:25<00:15,  4.89it/s]
dan_lambda_0.1: epoch 2:  63%|██████▎   | 127/203 [00:25<00:15,  4.85it/s]
dan_lambda_0.1: epoch 2:  63%|██████▎   | 128/203 [00:25<00:15,  4.92it/s]
dan_lambda_0.1: epoch 2:  64%|██████▎   | 129/203 [00:25<00:14,  5.21it/s]
dan_lambda_0.1: epoch 2:  64%|██████▍   | 130/203 [00:26<00:13,  5.44it/s]
dan_lambda_0.1: epoch 2:  65%|██████▍   | 131/203 [00:26<00:12,  5.63it/s]
dan_lambda_0.1: epoch 2:  65%|██████▌   | 132/203 [00:26<00:13,  5.16it/s]
dan_lambda_0.1: epoch 2:  66%|██████▌   | 133/203 [00:26<00:13,  5.34it/s]
dan_lambda_0.1: epoch 2:  66%|██████▌   | 134/203 [00:26<00:12,  5.37it/s]
dan_lambda_0.1: epoch 2:  67%|██████▋   | 135/203 [00:26<00:12,  5.42it/s]
dan_lambda_0.1: epoch 2:  67%|██████▋   | 136/203 [00:27<00:11,  5.62it/s]
dan_lambda_0.1: epoch 2:  67%|██████▋   | 137/203 [00:27<00:11,  5.77it/s]
dan_lambda_0.1: epoch 2:  68%|██████▊   | 138/203 [00:27<00:11,  5.65it/s]
dan_lambda_0.1: epoch 2:  68%|██████▊   | 139/203 [00:27<00:11,  5.58it/s]
dan_lambda_0.1: epoch 2:  69%|██████▉   | 140/203 [00:27<00:11,  5.53it/s]
dan_lambda_0.1: epoch 2:  69%|██████▉   | 141/203 [00:28<00:10,  5.68it/s]
dan_lambda_0.1: epoch 2:  70%|██████▉   | 142/203 [00:28<00:10,  5.60it/s]
dan_lambda_0.1: epoch 2:  70%|███████   | 143/203 [00:28<00:10,  5.74it/s]
dan_lambda_0.1: epoch 2:  71%|███████   | 144/203 [00:28<00:10,  5.63it/s]
dan_lambda_0.1: epoch 2:  71%|███████▏  | 145/203 [00:28<00:10,  5.66it/s]
dan_lambda_0.1: epoch 2:  72%|███████▏  | 146/203 [00:28<00:10,  5.60it/s]
dan_lambda_0.1: epoch 2:  72%|███████▏  | 147/203 [00:29<00:10,  5.58it/s]
dan_lambda_0.1: epoch 2:  73%|███████▎  | 148/203 [00:29<00:09,  5.52it/s]
dan_lambda_0.1: epoch 2:  73%|███████▎  | 149/203 [00:29<00:10,  5.30it/s]
dan_lambda_0.1: epoch 2:  74%|███████▍  | 150/203 [00:29<00:09,  5.30it/s]
dan_lambda_0.1: epoch 2:  74%|███████▍  | 151/203 [00:29<00:09,  5.46it/s]
dan_lambda_0.1: epoch 2:  75%|███████▍  | 152/203 [00:30<00:09,  5.39it/s]
dan_lambda_0.1: epoch 2:  75%|███████▌  | 153/203 [00:30<00:09,  5.41it/s]
dan_lambda_0.1: epoch 2:  76%|███████▌  | 154/203 [00:30<00:08,  5.56it/s]
dan_lambda_0.1: epoch 2:  76%|███████▋  | 155/203 [00:30<00:08,  5.59it/s]
dan_lambda_0.1: epoch 2:  77%|███████▋  | 156/203 [00:30<00:08,  5.58it/s]
dan_lambda_0.1: epoch 2:  77%|███████▋  | 157/203 [00:30<00:08,  5.65it/s]
dan_lambda_0.1: epoch 2:  78%|███████▊  | 158/203 [00:31<00:07,  5.75it/s]
dan_lambda_0.1: epoch 2:  78%|███████▊  | 159/203 [00:31<00:07,  5.66it/s]
dan_lambda_0.1: epoch 2:  79%|███████▉  | 160/203 [00:31<00:07,  5.80it/s]
dan_lambda_0.1: epoch 2:  79%|███████▉  | 161/203 [00:31<00:07,  5.69it/s]
dan_lambda_0.1: epoch 2:  80%|███████▉  | 162/203 [00:31<00:07,  5.64it/s]
dan_lambda_0.1: epoch 2:  80%|████████  | 163/203 [00:31<00:07,  5.63it/s]
dan_lambda_0.1: epoch 2:  81%|████████  | 164/203 [00:32<00:06,  5.81it/s]
dan_lambda_0.1: epoch 2:  81%|████████▏ | 165/203 [00:32<00:06,  5.80it/s]
dan_lambda_0.1: epoch 2:  82%|████████▏ | 166/203 [00:32<00:06,  5.87it/s]
dan_lambda_0.1: epoch 2:  82%|████████▏ | 167/203 [00:32<00:06,  5.77it/s]
dan_lambda_0.1: epoch 2:  83%|████████▎ | 168/203 [00:32<00:06,  5.83it/s]
dan_lambda_0.1: epoch 2:  83%|████████▎ | 169/203 [00:32<00:05,  5.76it/s]
dan_lambda_0.1: epoch 2:  84%|████████▎ | 170/203 [00:33<00:05,  5.69it/s]
dan_lambda_0.1: epoch 2:  84%|████████▍ | 171/203 [00:33<00:05,  5.81it/s]
dan_lambda_0.1: epoch 2:  85%|████████▍ | 172/203 [00:33<00:05,  5.62it/s]
dan_lambda_0.1: epoch 2:  85%|████████▌ | 173/203 [00:33<00:05,  5.56it/s]
dan_lambda_0.1: epoch 2:  86%|████████▌ | 174/203 [00:33<00:05,  5.25it/s]
dan_lambda_0.1: epoch 2:  86%|████████▌ | 175/203 [00:34<00:05,  4.86it/s]
dan_lambda_0.1: epoch 2:  87%|████████▋ | 176/203 [00:34<00:05,  4.79it/s]
dan_lambda_0.1: epoch 2:  87%|████████▋ | 177/203 [00:34<00:05,  4.81it/s]
dan_lambda_0.1: epoch 2:  88%|████████▊ | 178/203 [00:34<00:05,  4.58it/s]
dan_lambda_0.1: epoch 2:  88%|████████▊ | 179/203 [00:35<00:05,  4.47it/s]
dan_lambda_0.1: epoch 2:  89%|████████▊ | 180/203 [00:35<00:04,  4.60it/s]
dan_lambda_0.1: epoch 2:  89%|████████▉ | 181/203 [00:35<00:04,  4.47it/s]
dan_lambda_0.1: epoch 2:  90%|████████▉ | 182/203 [00:35<00:04,  4.71it/s]
dan_lambda_0.1: epoch 2:  90%|█████████ | 183/203 [00:35<00:04,  4.69it/s]
dan_lambda_0.1: epoch 2:  91%|█████████ | 184/203 [00:36<00:04,  4.55it/s]
dan_lambda_0.1: epoch 2:  91%|█████████ | 185/203 [00:36<00:04,  4.46it/s]
dan_lambda_0.1: epoch 2:  92%|█████████▏| 186/203 [00:36<00:03,  4.41it/s]
dan_lambda_0.1: epoch 2:  92%|█████████▏| 187/203 [00:36<00:03,  4.58it/s]
dan_lambda_0.1: epoch 2:  93%|█████████▎| 188/203 [00:37<00:03,  4.33it/s]
dan_lambda_0.1: epoch 2:  93%|█████████▎| 189/203 [00:37<00:03,  4.28it/s]
dan_lambda_0.1: epoch 2:  94%|█████████▎| 190/203 [00:37<00:03,  4.17it/s]
dan_lambda_0.1: epoch 2:  94%|█████████▍| 191/203 [00:37<00:02,  4.19it/s]
dan_lambda_0.1: epoch 2:  95%|█████████▍| 192/203 [00:38<00:02,  4.32it/s]
dan_lambda_0.1: epoch 2:  95%|█████████▌| 193/203 [00:38<00:02,  4.27it/s]
dan_lambda_0.1: epoch 2:  96%|█████████▌| 194/203 [00:38<00:02,  4.25it/s]
dan_lambda_0.1: epoch 2:  96%|█████████▌| 195/203 [00:38<00:01,  4.42it/s]
dan_lambda_0.1: epoch 2:  97%|█████████▋| 196/203 [00:38<00:01,  4.34it/s]
dan_lambda_0.1: epoch 2:  97%|█████████▋| 197/203 [00:39<00:01,  4.42it/s]
dan_lambda_0.1: epoch 2:  98%|█████████▊| 198/203 [00:39<00:01,  4.53it/s]
dan_lambda_0.1: epoch 2:  98%|█████████▊| 199/203 [00:39<00:00,  4.81it/s]
dan_lambda_0.1: epoch 2:  99%|█████████▊| 200/203 [00:39<00:00,  4.92it/s]
dan_lambda_0.1: epoch 2:  99%|█████████▉| 201/203 [00:39<00:00,  5.05it/s]
dan_lambda_0.1: epoch 2: 100%|█████████▉| 202/203 [00:40<00:00,  5.32it/s]
dan_lambda_0.1: epoch 2: 100%|██████████| 203/203 [00:40<00:00,  5.48it/s]
                                                                          
dan_lambda_0.1: epoch 2, source macro-f1=0.9332

dan_lambda_0.1: epoch 3:   0%|          | 0/203 [00:00<?, ?it/s]
dan_lambda_0.1: epoch 3:   0%|          | 1/203 [00:00<00:32,  6.23it/s]
dan_lambda_0.1: epoch 3:   1%|          | 2/203 [00:00<00:32,  6.20it/s]
dan_lambda_0.1: epoch 3:   1%|▏         | 3/203 [00:00<00:40,  5.00it/s]
dan_lambda_0.1: epoch 3:   2%|▏         | 4/203 [00:00<00:37,  5.27it/s]
dan_lambda_0.1: epoch 3:   2%|▏         | 5/203 [00:00<00:36,  5.37it/s]
dan_lambda_0.1: epoch 3:   3%|▎         | 6/203 [00:01<00:36,  5.38it/s]
dan_lambda_0.1: epoch 3:   3%|▎         | 7/203 [00:01<00:36,  5.40it/s]
dan_lambda_0.1: epoch 3:   4%|▍         | 8/203 [00:01<00:35,  5.53it/s]
dan_lambda_0.1: epoch 3:   4%|▍         | 9/203 [00:01<00:34,  5.63it/s]
dan_lambda_0.1: epoch 3:   5%|▍         | 10/203 [00:01<00:34,  5.53it/s]
dan_lambda_0.1: epoch 3:   5%|▌         | 11/203 [00:02<00:34,  5.51it/s]
dan_lambda_0.1: epoch 3:   6%|▌         | 12/203 [00:02<00:33,  5.70it/s]
dan_lambda_0.1: epoch 3:   6%|▋         | 13/203 [00:02<00:33,  5.67it/s]
dan_lambda_0.1: epoch 3:   7%|▋         | 14/203 [00:02<00:33,  5.71it/s]
dan_lambda_0.1: epoch 3:   7%|▋         | 15/203 [00:02<00:33,  5.55it/s]
dan_lambda_0.1: epoch 3:   8%|▊         | 16/203 [00:02<00:33,  5.62it/s]
dan_lambda_0.1: epoch 3:   8%|▊         | 17/203 [00:03<00:32,  5.68it/s]
dan_lambda_0.1: epoch 3:   9%|▉         | 18/203 [00:03<00:32,  5.77it/s]
dan_lambda_0.1: epoch 3:   9%|▉         | 19/203 [00:03<00:32,  5.73it/s]
dan_lambda_0.1: epoch 3:  10%|▉         | 20/203 [00:03<00:31,  5.86it/s]
dan_lambda_0.1: epoch 3:  10%|█         | 21/203 [00:03<00:32,  5.67it/s]
dan_lambda_0.1: epoch 3:  11%|█         | 22/203 [00:03<00:31,  5.67it/s]
dan_lambda_0.1: epoch 3:  11%|█▏        | 23/203 [00:04<00:32,  5.62it/s]
dan_lambda_0.1: epoch 3:  12%|█▏        | 24/203 [00:04<00:31,  5.60it/s]
dan_lambda_0.1: epoch 3:  12%|█▏        | 25/203 [00:04<00:31,  5.61it/s]
dan_lambda_0.1: epoch 3:  13%|█▎        | 26/203 [00:04<00:31,  5.56it/s]
dan_lambda_0.1: epoch 3:  13%|█▎        | 27/203 [00:04<00:31,  5.57it/s]
dan_lambda_0.1: epoch 3:  14%|█▍        | 28/203 [00:05<00:31,  5.55it/s]
dan_lambda_0.1: epoch 3:  14%|█▍        | 29/203 [00:05<00:31,  5.44it/s]
dan_lambda_0.1: epoch 3:  15%|█▍        | 30/203 [00:05<00:31,  5.44it/s]
dan_lambda_0.1: epoch 3:  15%|█▌        | 31/203 [00:05<00:32,  5.33it/s]
dan_lambda_0.1: epoch 3:  16%|█▌        | 32/203 [00:05<00:33,  5.17it/s]
dan_lambda_0.1: epoch 3:  16%|█▋        | 33/203 [00:06<00:34,  4.87it/s]
dan_lambda_0.1: epoch 3:  17%|█▋        | 34/203 [00:06<00:36,  4.68it/s]
dan_lambda_0.1: epoch 3:  17%|█▋        | 35/203 [00:06<00:38,  4.40it/s]
dan_lambda_0.1: epoch 3:  18%|█▊        | 36/203 [00:06<00:38,  4.37it/s]
dan_lambda_0.1: epoch 3:  18%|█▊        | 37/203 [00:07<00:39,  4.18it/s]
dan_lambda_0.1: epoch 3:  19%|█▊        | 38/203 [00:07<00:38,  4.29it/s]
dan_lambda_0.1: epoch 3:  19%|█▉        | 39/203 [00:07<00:37,  4.33it/s]
dan_lambda_0.1: epoch 3:  20%|█▉        | 40/203 [00:07<00:35,  4.55it/s]
dan_lambda_0.1: epoch 3:  20%|██        | 41/203 [00:07<00:35,  4.55it/s]
dan_lambda_0.1: epoch 3:  21%|██        | 42/203 [00:08<00:37,  4.34it/s]
dan_lambda_0.1: epoch 3:  21%|██        | 43/203 [00:08<00:36,  4.40it/s]
dan_lambda_0.1: epoch 3:  22%|██▏       | 44/203 [00:08<00:42,  3.76it/s]
dan_lambda_0.1: epoch 3:  22%|██▏       | 45/203 [00:08<00:39,  4.05it/s]
dan_lambda_0.1: epoch 3:  23%|██▎       | 46/203 [00:09<00:39,  3.96it/s]
dan_lambda_0.1: epoch 3:  23%|██▎       | 47/203 [00:09<00:38,  4.04it/s]
dan_lambda_0.1: epoch 3:  24%|██▎       | 48/203 [00:09<00:38,  3.98it/s]
dan_lambda_0.1: epoch 3:  24%|██▍       | 49/203 [00:09<00:36,  4.27it/s]
dan_lambda_0.1: epoch 3:  25%|██▍       | 50/203 [00:10<00:38,  3.94it/s]
dan_lambda_0.1: epoch 3:  25%|██▌       | 51/203 [00:10<00:37,  4.05it/s]
dan_lambda_0.1: epoch 3:  26%|██▌       | 52/203 [00:10<00:34,  4.43it/s]
dan_lambda_0.1: epoch 3:  26%|██▌       | 53/203 [00:10<00:35,  4.18it/s]
dan_lambda_0.1: epoch 3:  27%|██▋       | 54/203 [00:11<00:32,  4.56it/s]
dan_lambda_0.1: epoch 3:  27%|██▋       | 55/203 [00:11<00:30,  4.85it/s]
dan_lambda_0.1: epoch 3:  28%|██▊       | 56/203 [00:11<00:30,  4.90it/s]
dan_lambda_0.1: epoch 3:  28%|██▊       | 57/203 [00:11<00:29,  5.03it/s]
dan_lambda_0.1: epoch 3:  29%|██▊       | 58/203 [00:11<00:28,  5.10it/s]
dan_lambda_0.1: epoch 3:  29%|██▉       | 59/203 [00:11<00:27,  5.20it/s]
dan_lambda_0.1: epoch 3:  30%|██▉       | 60/203 [00:12<00:27,  5.29it/s]
dan_lambda_0.1: epoch 3:  30%|███       | 61/203 [00:12<00:25,  5.50it/s]
dan_lambda_0.1: epoch 3:  31%|███       | 62/203 [00:12<00:25,  5.59it/s]
dan_lambda_0.1: epoch 3:  31%|███       | 63/203 [00:12<00:30,  4.54it/s]
dan_lambda_0.1: epoch 3:  32%|███▏      | 64/203 [00:12<00:29,  4.76it/s]
dan_lambda_0.1: epoch 3:  32%|███▏      | 65/203 [00:13<00:27,  5.02it/s]
dan_lambda_0.1: epoch 3:  33%|███▎      | 66/203 [00:13<00:28,  4.85it/s]
dan_lambda_0.1: epoch 3:  33%|███▎      | 67/203 [00:13<00:26,  5.06it/s]
dan_lambda_0.1: epoch 3:  33%|███▎      | 68/203 [00:13<00:26,  5.16it/s]
dan_lambda_0.1: epoch 3:  34%|███▍      | 69/203 [00:13<00:25,  5.24it/s]
dan_lambda_0.1: epoch 3:  34%|███▍      | 70/203 [00:14<00:25,  5.17it/s]
dan_lambda_0.1: epoch 3:  35%|███▍      | 71/203 [00:14<00:25,  5.13it/s]
dan_lambda_0.1: epoch 3:  35%|███▌      | 72/203 [00:14<00:25,  5.14it/s]
dan_lambda_0.1: epoch 3:  36%|███▌      | 73/203 [00:14<00:25,  5.16it/s]
dan_lambda_0.1: epoch 3:  36%|███▋      | 74/203 [00:14<00:25,  5.10it/s]
dan_lambda_0.1: epoch 3:  37%|███▋      | 75/203 [00:15<00:25,  5.06it/s]
dan_lambda_0.1: epoch 3:  37%|███▋      | 76/203 [00:15<00:25,  4.95it/s]
dan_lambda_0.1: epoch 3:  38%|███▊      | 77/203 [00:15<00:25,  4.98it/s]
dan_lambda_0.1: epoch 3:  38%|███▊      | 78/203 [00:15<00:24,  5.15it/s]
dan_lambda_0.1: epoch 3:  39%|███▉      | 79/203 [00:15<00:25,  4.78it/s]
dan_lambda_0.1: epoch 3:  39%|███▉      | 80/203 [00:16<00:27,  4.45it/s]
dan_lambda_0.1: epoch 3:  40%|███▉      | 81/203 [00:16<00:25,  4.73it/s]
dan_lambda_0.1: epoch 3:  40%|████      | 82/203 [00:16<00:24,  4.95it/s]
dan_lambda_0.1: epoch 3:  41%|████      | 83/203 [00:16<00:22,  5.32it/s]
dan_lambda_0.1: epoch 3:  41%|████▏     | 84/203 [00:17<00:28,  4.11it/s]
dan_lambda_0.1: epoch 3:  42%|████▏     | 85/203 [00:17<00:26,  4.45it/s]
dan_lambda_0.1: epoch 3:  42%|████▏     | 86/203 [00:17<00:24,  4.68it/s]
dan_lambda_0.1: epoch 3:  43%|████▎     | 87/203 [00:17<00:23,  4.94it/s]
dan_lambda_0.1: epoch 3:  43%|████▎     | 88/203 [00:17<00:22,  5.09it/s]
dan_lambda_0.1: epoch 3:  44%|████▍     | 89/203 [00:18<00:22,  5.07it/s]
dan_lambda_0.1: epoch 3:  44%|████▍     | 90/203 [00:18<00:21,  5.16it/s]
dan_lambda_0.1: epoch 3:  45%|████▍     | 91/203 [00:18<00:21,  5.26it/s]
dan_lambda_0.1: epoch 3:  45%|████▌     | 92/203 [00:18<00:20,  5.43it/s]
dan_lambda_0.1: epoch 3:  46%|████▌     | 93/203 [00:18<00:19,  5.55it/s]
dan_lambda_0.1: epoch 3:  46%|████▋     | 94/203 [00:18<00:19,  5.66it/s]
dan_lambda_0.1: epoch 3:  47%|████▋     | 95/203 [00:19<00:18,  5.75it/s]
dan_lambda_0.1: epoch 3:  47%|████▋     | 96/203 [00:19<00:20,  5.26it/s]
dan_lambda_0.1: epoch 3:  48%|████▊     | 97/203 [00:19<00:20,  5.26it/s]
dan_lambda_0.1: epoch 3:  48%|████▊     | 98/203 [00:19<00:19,  5.30it/s]
dan_lambda_0.1: epoch 3:  49%|████▉     | 99/203 [00:19<00:19,  5.38it/s]
dan_lambda_0.1: epoch 3:  49%|████▉     | 100/203 [00:19<00:18,  5.55it/s]
dan_lambda_0.1: epoch 3:  50%|████▉     | 101/203 [00:20<00:18,  5.52it/s]
dan_lambda_0.1: epoch 3:  50%|█████     | 102/203 [00:20<00:17,  5.62it/s]
dan_lambda_0.1: epoch 3:  51%|█████     | 103/203 [00:20<00:18,  5.51it/s]
dan_lambda_0.1: epoch 3:  51%|█████     | 104/203 [00:20<00:18,  5.30it/s]
dan_lambda_0.1: epoch 3:  52%|█████▏    | 105/203 [00:20<00:19,  5.15it/s]
dan_lambda_0.1: epoch 3:  52%|█████▏    | 106/203 [00:21<00:18,  5.13it/s]
dan_lambda_0.1: epoch 3:  53%|█████▎    | 107/203 [00:21<00:18,  5.07it/s]
dan_lambda_0.1: epoch 3:  53%|█████▎    | 108/203 [00:21<00:19,  4.81it/s]
dan_lambda_0.1: epoch 3:  54%|█████▎    | 109/203 [00:21<00:20,  4.59it/s]
dan_lambda_0.1: epoch 3:  54%|█████▍    | 110/203 [00:22<00:20,  4.60it/s]
dan_lambda_0.1: epoch 3:  55%|█████▍    | 111/203 [00:22<00:20,  4.55it/s]
dan_lambda_0.1: epoch 3:  55%|█████▌    | 112/203 [00:22<00:20,  4.45it/s]
dan_lambda_0.1: epoch 3:  56%|█████▌    | 113/203 [00:22<00:20,  4.44it/s]
dan_lambda_0.1: epoch 3:  56%|█████▌    | 114/203 [00:22<00:19,  4.65it/s]
dan_lambda_0.1: epoch 3:  57%|█████▋    | 115/203 [00:23<00:19,  4.53it/s]
dan_lambda_0.1: epoch 3:  57%|█████▋    | 116/203 [00:23<00:21,  3.98it/s]
dan_lambda_0.1: epoch 3:  58%|█████▊    | 117/203 [00:23<00:21,  4.03it/s]
dan_lambda_0.1: epoch 3:  58%|█████▊    | 118/203 [00:24<00:22,  3.76it/s]
dan_lambda_0.1: epoch 3:  59%|█████▊    | 119/203 [00:24<00:21,  3.93it/s]
dan_lambda_0.1: epoch 3:  59%|█████▉    | 120/203 [00:24<00:21,  3.78it/s]
dan_lambda_0.1: epoch 3:  60%|█████▉    | 121/203 [00:24<00:20,  3.91it/s]
dan_lambda_0.1: epoch 3:  60%|██████    | 122/203 [00:25<00:21,  3.85it/s]
dan_lambda_0.1: epoch 3:  61%|██████    | 123/203 [00:25<00:20,  3.97it/s]
dan_lambda_0.1: epoch 3:  61%|██████    | 124/203 [00:25<00:21,  3.67it/s]
dan_lambda_0.1: epoch 3:  62%|██████▏   | 125/203 [00:25<00:19,  3.94it/s]
dan_lambda_0.1: epoch 3:  62%|██████▏   | 126/203 [00:25<00:17,  4.28it/s]
dan_lambda_0.1: epoch 3:  63%|██████▎   | 127/203 [00:26<00:16,  4.54it/s]
dan_lambda_0.1: epoch 3:  63%|██████▎   | 128/203 [00:26<00:15,  4.81it/s]
dan_lambda_0.1: epoch 3:  64%|██████▎   | 129/203 [00:26<00:14,  5.02it/s]
dan_lambda_0.1: epoch 3:  64%|██████▍   | 130/203 [00:26<00:14,  5.17it/s]
dan_lambda_0.1: epoch 3:  65%|██████▍   | 131/203 [00:26<00:13,  5.20it/s]
dan_lambda_0.1: epoch 3:  65%|██████▌   | 132/203 [00:27<00:13,  5.32it/s]
dan_lambda_0.1: epoch 3:  66%|██████▌   | 133/203 [00:27<00:12,  5.44it/s]
dan_lambda_0.1: epoch 3:  66%|██████▌   | 134/203 [00:27<00:12,  5.54it/s]
dan_lambda_0.1: epoch 3:  67%|██████▋   | 135/203 [00:27<00:12,  5.42it/s]
dan_lambda_0.1: epoch 3:  67%|██████▋   | 136/203 [00:27<00:11,  5.61it/s]
dan_lambda_0.1: epoch 3:  67%|██████▋   | 137/203 [00:27<00:11,  5.57it/s]
dan_lambda_0.1: epoch 3:  68%|██████▊   | 138/203 [00:28<00:11,  5.69it/s]
dan_lambda_0.1: epoch 3:  68%|██████▊   | 139/203 [00:28<00:11,  5.70it/s]
dan_lambda_0.1: epoch 3:  69%|██████▉   | 140/203 [00:28<00:10,  5.74it/s]
dan_lambda_0.1: epoch 3:  69%|██████▉   | 141/203 [00:28<00:10,  5.71it/s]
dan_lambda_0.1: epoch 3:  70%|██████▉   | 142/203 [00:28<00:10,  5.75it/s]
dan_lambda_0.1: epoch 3:  70%|███████   | 143/203 [00:29<00:10,  5.59it/s]
dan_lambda_0.1: epoch 3:  71%|███████   | 144/203 [00:29<00:10,  5.50it/s]
dan_lambda_0.1: epoch 3:  71%|███████▏  | 145/203 [00:29<00:10,  5.63it/s]
dan_lambda_0.1: epoch 3:  72%|███████▏  | 146/203 [00:29<00:10,  5.63it/s]
dan_lambda_0.1: epoch 3:  72%|███████▏  | 147/203 [00:29<00:10,  5.45it/s]
dan_lambda_0.1: epoch 3:  73%|███████▎  | 148/203 [00:29<00:10,  5.49it/s]
dan_lambda_0.1: epoch 3:  73%|███████▎  | 149/203 [00:30<00:09,  5.49it/s]
dan_lambda_0.1: epoch 3:  74%|███████▍  | 150/203 [00:30<00:09,  5.44it/s]
dan_lambda_0.1: epoch 3:  74%|███████▍  | 151/203 [00:30<00:09,  5.63it/s]
dan_lambda_0.1: epoch 3:  75%|███████▍  | 152/203 [00:30<00:09,  5.59it/s]
dan_lambda_0.1: epoch 3:  75%|███████▌  | 153/203 [00:30<00:08,  5.60it/s]
dan_lambda_0.1: epoch 3:  76%|███████▌  | 154/203 [00:31<00:08,  5.72it/s]
dan_lambda_0.1: epoch 3:  76%|███████▋  | 155/203 [00:31<00:08,  5.52it/s]
dan_lambda_0.1: epoch 3:  77%|███████▋  | 156/203 [00:31<00:08,  5.48it/s]
dan_lambda_0.1: epoch 3:  77%|███████▋  | 157/203 [00:31<00:08,  5.62it/s]
dan_lambda_0.1: epoch 3:  78%|███████▊  | 158/203 [00:31<00:08,  5.58it/s]
dan_lambda_0.1: epoch 3:  78%|███████▊  | 159/203 [00:31<00:07,  5.72it/s]
dan_lambda_0.1: epoch 3:  79%|███████▉  | 160/203 [00:32<00:07,  5.66it/s]
dan_lambda_0.1: epoch 3:  79%|███████▉  | 161/203 [00:32<00:07,  5.62it/s]
dan_lambda_0.1: epoch 3:  80%|███████▉  | 162/203 [00:32<00:07,  5.61it/s]
dan_lambda_0.1: epoch 3:  80%|████████  | 163/203 [00:32<00:07,  5.68it/s]
dan_lambda_0.1: epoch 3:  81%|████████  | 164/203 [00:32<00:06,  5.58it/s]
dan_lambda_0.1: epoch 3:  81%|████████▏ | 165/203 [00:32<00:06,  5.75it/s]
dan_lambda_0.1: epoch 3:  82%|████████▏ | 166/203 [00:33<00:06,  5.56it/s]
dan_lambda_0.1: epoch 3:  82%|████████▏ | 167/203 [00:33<00:06,  5.58it/s]
dan_lambda_0.1: epoch 3:  83%|████████▎ | 168/203 [00:33<00:06,  5.72it/s]
dan_lambda_0.1: epoch 3:  83%|████████▎ | 169/203 [00:33<00:05,  5.71it/s]
dan_lambda_0.1: epoch 3:  84%|████████▎ | 170/203 [00:33<00:05,  5.56it/s]
dan_lambda_0.1: epoch 3:  84%|████████▍ | 171/203 [00:34<00:05,  5.57it/s]
dan_lambda_0.1: epoch 3:  85%|████████▍ | 172/203 [00:34<00:05,  5.60it/s]
dan_lambda_0.1: epoch 3:  85%|████████▌ | 173/203 [00:34<00:05,  5.63it/s]
dan_lambda_0.1: epoch 3:  86%|████████▌ | 174/203 [00:34<00:05,  5.77it/s]
dan_lambda_0.1: epoch 3:  86%|████████▌ | 175/203 [00:34<00:04,  5.68it/s]
dan_lambda_0.1: epoch 3:  87%|████████▋ | 176/203 [00:34<00:04,  5.59it/s]
dan_lambda_0.1: epoch 3:  87%|████████▋ | 177/203 [00:35<00:04,  5.65it/s]
dan_lambda_0.1: epoch 3:  88%|████████▊ | 178/203 [00:35<00:04,  5.53it/s]
dan_lambda_0.1: epoch 3:  88%|████████▊ | 179/203 [00:35<00:04,  5.55it/s]
dan_lambda_0.1: epoch 3:  89%|████████▊ | 180/203 [00:35<00:04,  5.51it/s]
dan_lambda_0.1: epoch 3:  89%|████████▉ | 181/203 [00:35<00:04,  5.46it/s]
dan_lambda_0.1: epoch 3:  90%|████████▉ | 182/203 [00:36<00:03,  5.36it/s]
dan_lambda_0.1: epoch 3:  90%|█████████ | 183/203 [00:36<00:03,  5.31it/s]
dan_lambda_0.1: epoch 3:  91%|█████████ | 184/203 [00:36<00:03,  5.05it/s]
dan_lambda_0.1: epoch 3:  91%|█████████ | 185/203 [00:36<00:03,  4.93it/s]
dan_lambda_0.1: epoch 3:  92%|█████████▏| 186/203 [00:36<00:03,  4.54it/s]
dan_lambda_0.1: epoch 3:  92%|█████████▏| 187/203 [00:37<00:03,  4.57it/s]
dan_lambda_0.1: epoch 3:  93%|█████████▎| 188/203 [00:37<00:03,  4.26it/s]
dan_lambda_0.1: epoch 3:  93%|█████████▎| 189/203 [00:37<00:03,  4.21it/s]
dan_lambda_0.1: epoch 3:  94%|█████████▎| 190/203 [00:37<00:03,  4.26it/s]
dan_lambda_0.1: epoch 3:  94%|█████████▍| 191/203 [00:38<00:02,  4.30it/s]
dan_lambda_0.1: epoch 3:  95%|█████████▍| 192/203 [00:38<00:02,  4.39it/s]
dan_lambda_0.1: epoch 3:  95%|█████████▌| 193/203 [00:38<00:02,  4.51it/s]
dan_lambda_0.1: epoch 3:  96%|█████████▌| 194/203 [00:38<00:02,  4.32it/s]
dan_lambda_0.1: epoch 3:  96%|█████████▌| 195/203 [00:38<00:01,  4.46it/s]
dan_lambda_0.1: epoch 3:  97%|█████████▋| 196/203 [00:39<00:01,  4.29it/s]
dan_lambda_0.1: epoch 3:  97%|█████████▋| 197/203 [00:39<00:01,  4.21it/s]
dan_lambda_0.1: epoch 3:  98%|█████████▊| 198/203 [00:39<00:01,  4.13it/s]
dan_lambda_0.1: epoch 3:  98%|█████████▊| 199/203 [00:39<00:00,  4.27it/s]
dan_lambda_0.1: epoch 3:  99%|█████████▊| 200/203 [00:40<00:00,  4.17it/s]
dan_lambda_0.1: epoch 3:  99%|█████████▉| 201/203 [00:40<00:00,  4.40it/s]
dan_lambda_0.1: epoch 3: 100%|█████████▉| 202/203 [00:40<00:00,  3.93it/s]
dan_lambda_0.1: epoch 3: 100%|██████████| 203/203 [00:40<00:00,  4.14it/s]
                                                                          
dan_lambda_0.1: epoch 3, source macro-f1=0.9446

dan_lambda_0.1: epoch 4:   0%|          | 0/203 [00:00<?, ?it/s]
dan_lambda_0.1: epoch 4:   0%|          | 1/203 [00:00<00:33,  5.97it/s]
dan_lambda_0.1: epoch 4:   1%|          | 2/203 [00:00<00:32,  6.16it/s]
dan_lambda_0.1: epoch 4:   1%|▏         | 3/203 [00:00<00:33,  5.96it/s]
dan_lambda_0.1: epoch 4:   2%|▏         | 4/203 [00:00<00:38,  5.22it/s]
dan_lambda_0.1: epoch 4:   2%|▏         | 5/203 [00:00<00:36,  5.41it/s]
dan_lambda_0.1: epoch 4:   3%|▎         | 6/203 [00:01<00:35,  5.60it/s]
dan_lambda_0.1: epoch 4:   3%|▎         | 7/203 [00:01<00:35,  5.60it/s]
dan_lambda_0.1: epoch 4:   4%|▍         | 8/203 [00:01<00:34,  5.62it/s]
dan_lambda_0.1: epoch 4:   4%|▍         | 9/203 [00:01<00:36,  5.36it/s]
dan_lambda_0.1: epoch 4:   5%|▍         | 10/203 [00:01<00:37,  5.20it/s]
dan_lambda_0.1: epoch 4:   5%|▌         | 11/203 [00:02<00:36,  5.33it/s]
dan_lambda_0.1: epoch 4:   6%|▌         | 12/203 [00:02<00:34,  5.47it/s]
dan_lambda_0.1: epoch 4:   6%|▋         | 13/203 [00:02<00:34,  5.51it/s]
dan_lambda_0.1: epoch 4:   7%|▋         | 14/203 [00:02<00:35,  5.38it/s]
dan_lambda_0.1: epoch 4:   7%|▋         | 15/203 [00:02<00:33,  5.56it/s]
dan_lambda_0.1: epoch 4:   8%|▊         | 16/203 [00:02<00:33,  5.50it/s]
dan_lambda_0.1: epoch 4:   8%|▊         | 17/203 [00:03<00:32,  5.67it/s]
dan_lambda_0.1: epoch 4:   9%|▉         | 18/203 [00:03<00:32,  5.70it/s]
dan_lambda_0.1: epoch 4:   9%|▉         | 19/203 [00:03<00:32,  5.61it/s]
dan_lambda_0.1: epoch 4:  10%|▉         | 20/203 [00:03<00:33,  5.42it/s]
dan_lambda_0.1: epoch 4:  10%|█         | 21/203 [00:03<00:32,  5.55it/s]
dan_lambda_0.1: epoch 4:  11%|█         | 22/203 [00:03<00:31,  5.66it/s]
dan_lambda_0.1: epoch 4:  11%|█▏        | 23/203 [00:04<00:31,  5.64it/s]
dan_lambda_0.1: epoch 4:  12%|█▏        | 24/203 [00:04<00:32,  5.57it/s]
dan_lambda_0.1: epoch 4:  12%|█▏        | 25/203 [00:04<00:31,  5.60it/s]
dan_lambda_0.1: epoch 4:  13%|█▎        | 26/203 [00:04<00:31,  5.62it/s]
dan_lambda_0.1: epoch 4:  13%|█▎        | 27/203 [00:04<00:30,  5.69it/s]
dan_lambda_0.1: epoch 4:  14%|█▍        | 28/203 [00:05<00:30,  5.75it/s]
dan_lambda_0.1: epoch 4:  14%|█▍        | 29/203 [00:05<00:30,  5.72it/s]
dan_lambda_0.1: epoch 4:  15%|█▍        | 30/203 [00:05<00:29,  5.77it/s]
dan_lambda_0.1: epoch 4:  15%|█▌        | 31/203 [00:05<00:29,  5.90it/s]
dan_lambda_0.1: epoch 4:  16%|█▌        | 32/203 [00:05<00:29,  5.76it/s]
dan_lambda_0.1: epoch 4:  16%|█▋        | 33/203 [00:05<00:30,  5.60it/s]
dan_lambda_0.1: epoch 4:  17%|█▋        | 34/203 [00:06<00:30,  5.59it/s]
dan_lambda_0.1: epoch 4:  17%|█▋        | 35/203 [00:06<00:29,  5.70it/s]
dan_lambda_0.1: epoch 4:  18%|█▊        | 36/203 [00:06<00:29,  5.72it/s]
dan_lambda_0.1: epoch 4:  18%|█▊        | 37/203 [00:06<00:30,  5.53it/s]
dan_lambda_0.1: epoch 4:  19%|█▊        | 38/203 [00:06<00:31,  5.32it/s]
dan_lambda_0.1: epoch 4:  19%|█▉        | 39/203 [00:07<00:32,  5.06it/s]
dan_lambda_0.1: epoch 4:  20%|█▉        | 40/203 [00:07<00:32,  5.08it/s]
dan_lambda_0.1: epoch 4:  20%|██        | 41/203 [00:07<00:31,  5.22it/s]
dan_lambda_0.1: epoch 4:  21%|██        | 42/203 [00:07<00:30,  5.25it/s]
dan_lambda_0.1: epoch 4:  21%|██        | 43/203 [00:07<00:30,  5.22it/s]
dan_lambda_0.1: epoch 4:  22%|██▏       | 44/203 [00:08<00:50,  3.14it/s]
dan_lambda_0.1: epoch 4:  22%|██▏       | 45/203 [00:08<00:46,  3.42it/s]
dan_lambda_0.1: epoch 4:  23%|██▎       | 46/203 [00:08<00:41,  3.80it/s]
dan_lambda_0.1: epoch 4:  23%|██▎       | 47/203 [00:09<00:40,  3.83it/s]
dan_lambda_0.1: epoch 4:  24%|██▎       | 48/203 [00:09<00:46,  3.33it/s]
dan_lambda_0.1: epoch 4:  24%|██▍       | 49/203 [00:09<00:44,  3.49it/s]
dan_lambda_0.1: epoch 4:  25%|██▍       | 50/203 [00:10<00:45,  3.38it/s]
dan_lambda_0.1: epoch 4:  25%|██▌       | 51/203 [00:10<00:42,  3.59it/s]
dan_lambda_0.1: epoch 4:  26%|██▌       | 52/203 [00:10<00:47,  3.16it/s]
dan_lambda_0.1: epoch 4:  26%|██▌       | 53/203 [00:10<00:44,  3.34it/s]
dan_lambda_0.1: epoch 4:  27%|██▋       | 54/203 [00:11<00:44,  3.38it/s]
dan_lambda_0.1: epoch 4:  27%|██▋       | 55/203 [00:11<00:41,  3.52it/s]
dan_lambda_0.1: epoch 4:  28%|██▊       | 56/203 [00:11<00:37,  3.91it/s]
dan_lambda_0.1: epoch 4:  28%|██▊       | 57/203 [00:11<00:37,  3.89it/s]
dan_lambda_0.1: epoch 4:  29%|██▊       | 58/203 [00:12<00:34,  4.20it/s]
dan_lambda_0.1: epoch 4:  29%|██▉       | 59/203 [00:12<00:32,  4.39it/s]
dan_lambda_0.1: epoch 4:  30%|██▉       | 60/203 [00:12<00:35,  3.98it/s]
dan_lambda_0.1: epoch 4:  30%|███       | 61/203 [00:12<00:32,  4.32it/s]
dan_lambda_0.1: epoch 4:  31%|███       | 62/203 [00:13<00:32,  4.40it/s]
dan_lambda_0.1: epoch 4:  31%|███       | 63/203 [00:13<00:30,  4.63it/s]
dan_lambda_0.1: epoch 4:  32%|███▏      | 64/203 [00:13<00:29,  4.75it/s]
dan_lambda_0.1: epoch 4:  32%|███▏      | 65/203 [00:13<00:28,  4.80it/s]
dan_lambda_0.1: epoch 4:  33%|███▎      | 66/203 [00:13<00:27,  4.94it/s]
dan_lambda_0.1: epoch 4:  33%|███▎      | 67/203 [00:14<00:27,  4.90it/s]
dan_lambda_0.1: epoch 4:  33%|███▎      | 68/203 [00:14<00:27,  4.98it/s]
dan_lambda_0.1: epoch 4:  34%|███▍      | 69/203 [00:14<00:27,  4.80it/s]
dan_lambda_0.1: epoch 4:  34%|███▍      | 70/203 [00:14<00:27,  4.91it/s]
dan_lambda_0.1: epoch 4:  35%|███▍      | 71/203 [00:14<00:26,  4.94it/s]
dan_lambda_0.1: epoch 4:  35%|███▌      | 72/203 [00:15<00:24,  5.30it/s]
dan_lambda_0.1: epoch 4:  36%|███▌      | 73/203 [00:15<00:24,  5.33it/s]
dan_lambda_0.1: epoch 4:  36%|███▋      | 74/203 [00:15<00:24,  5.32it/s]
dan_lambda_0.1: epoch 4:  37%|███▋      | 75/203 [00:15<00:23,  5.41it/s]
dan_lambda_0.1: epoch 4:  37%|███▋      | 76/203 [00:15<00:23,  5.39it/s]
dan_lambda_0.1: epoch 4:  38%|███▊      | 77/203 [00:15<00:23,  5.33it/s]
dan_lambda_0.1: epoch 4:  38%|███▊      | 78/203 [00:16<00:23,  5.38it/s]
dan_lambda_0.1: epoch 4:  39%|███▉      | 79/203 [00:16<00:22,  5.39it/s]
dan_lambda_0.1: epoch 4:  39%|███▉      | 80/203 [00:16<00:22,  5.47it/s]
dan_lambda_0.1: epoch 4:  40%|███▉      | 81/203 [00:16<00:22,  5.38it/s]
dan_lambda_0.1: epoch 4:  40%|████      | 82/203 [00:16<00:22,  5.37it/s]
dan_lambda_0.1: epoch 4:  41%|████      | 83/203 [00:17<00:21,  5.47it/s]
dan_lambda_0.1: epoch 4:  41%|████▏     | 84/203 [00:17<00:21,  5.57it/s]
dan_lambda_0.1: epoch 4:  42%|████▏     | 85/203 [00:17<00:21,  5.39it/s]
dan_lambda_0.1: epoch 4:  42%|████▏     | 86/203 [00:17<00:21,  5.35it/s]
dan_lambda_0.1: epoch 4:  43%|████▎     | 87/203 [00:17<00:20,  5.55it/s]
dan_lambda_0.1: epoch 4:  43%|████▎     | 88/203 [00:17<00:20,  5.51it/s]
dan_lambda_0.1: epoch 4:  44%|████▍     | 89/203 [00:18<00:20,  5.66it/s]
dan_lambda_0.1: epoch 4:  44%|████▍     | 90/203 [00:18<00:19,  5.65it/s]
dan_lambda_0.1: epoch 4:  45%|████▍     | 91/203 [00:18<00:20,  5.53it/s]
dan_lambda_0.1: epoch 4:  45%|████▌     | 92/203 [00:18<00:19,  5.76it/s]
dan_lambda_0.1: epoch 4:  46%|████▌     | 93/203 [00:18<00:18,  5.90it/s]
dan_lambda_0.1: epoch 4:  46%|████▋     | 94/203 [00:19<00:21,  5.07it/s]
dan_lambda_0.1: epoch 4:  47%|████▋     | 95/203 [00:19<00:20,  5.30it/s]
dan_lambda_0.1: epoch 4:  47%|████▋     | 96/203 [00:19<00:19,  5.42it/s]
dan_lambda_0.1: epoch 4:  48%|████▊     | 97/203 [00:19<00:18,  5.59it/s]
dan_lambda_0.1: epoch 4:  48%|████▊     | 98/203 [00:19<00:18,  5.68it/s]
dan_lambda_0.1: epoch 4:  49%|████▉     | 99/203 [00:19<00:18,  5.62it/s]
dan_lambda_0.1: epoch 4:  49%|████▉     | 100/203 [00:20<00:18,  5.59it/s]
dan_lambda_0.1: epoch 4:  50%|████▉     | 101/203 [00:20<00:18,  5.63it/s]
dan_lambda_0.1: epoch 4:  50%|█████     | 102/203 [00:20<00:17,  5.72it/s]
dan_lambda_0.1: epoch 4:  51%|█████     | 103/203 [00:20<00:17,  5.83it/s]
dan_lambda_0.1: epoch 4:  51%|█████     | 104/203 [00:20<00:16,  5.85it/s]
dan_lambda_0.1: epoch 4:  52%|█████▏    | 105/203 [00:20<00:16,  5.85it/s]
dan_lambda_0.1: epoch 4:  52%|█████▏    | 106/203 [00:21<00:17,  5.48it/s]
dan_lambda_0.1: epoch 4:  53%|█████▎    | 107/203 [00:21<00:17,  5.58it/s]
dan_lambda_0.1: epoch 4:  53%|█████▎    | 108/203 [00:21<00:16,  5.65it/s]
dan_lambda_0.1: epoch 4:  54%|█████▎    | 109/203 [00:21<00:16,  5.54it/s]
dan_lambda_0.1: epoch 4:  54%|█████▍    | 110/203 [00:21<00:16,  5.61it/s]
dan_lambda_0.1: epoch 4:  55%|█████▍    | 111/203 [00:22<00:16,  5.59it/s]
dan_lambda_0.1: epoch 4:  55%|█████▌    | 112/203 [00:22<00:17,  5.20it/s]
dan_lambda_0.1: epoch 4:  56%|█████▌    | 113/203 [00:22<00:17,  5.13it/s]
dan_lambda_0.1: epoch 4:  56%|█████▌    | 114/203 [00:22<00:17,  4.95it/s]
dan_lambda_0.1: epoch 4:  57%|█████▋    | 115/203 [00:22<00:18,  4.65it/s]
dan_lambda_0.1: epoch 4:  57%|█████▋    | 116/203 [00:23<00:18,  4.60it/s]
dan_lambda_0.1: epoch 4:  58%|█████▊    | 117/203 [00:23<00:19,  4.49it/s]
dan_lambda_0.1: epoch 4:  58%|█████▊    | 118/203 [00:23<00:19,  4.40it/s]
dan_lambda_0.1: epoch 4:  59%|█████▊    | 119/203 [00:23<00:19,  4.34it/s]
dan_lambda_0.1: epoch 4:  59%|█████▉    | 120/203 [00:24<00:18,  4.59it/s]
dan_lambda_0.1: epoch 4:  60%|█████▉    | 121/203 [00:24<00:18,  4.48it/s]
dan_lambda_0.1: epoch 4:  60%|██████    | 122/203 [00:24<00:18,  4.49it/s]
dan_lambda_0.1: epoch 4:  61%|██████    | 123/203 [00:24<00:18,  4.32it/s]
dan_lambda_0.1: epoch 4:  61%|██████    | 124/203 [00:25<00:18,  4.32it/s]
dan_lambda_0.1: epoch 4:  62%|██████▏   | 125/203 [00:25<00:18,  4.26it/s]
dan_lambda_0.1: epoch 4:  62%|██████▏   | 126/203 [00:25<00:18,  4.22it/s]
dan_lambda_0.1: epoch 4:  63%|██████▎   | 127/203 [00:25<00:18,  4.19it/s]
dan_lambda_0.1: epoch 4:  63%|██████▎   | 128/203 [00:25<00:17,  4.41it/s]
dan_lambda_0.1: epoch 4:  64%|██████▎   | 129/203 [00:26<00:17,  4.13it/s]
dan_lambda_0.1: epoch 4:  64%|██████▍   | 130/203 [00:26<00:16,  4.34it/s]
dan_lambda_0.1: epoch 4:  65%|██████▍   | 131/203 [00:26<00:16,  4.34it/s]
dan_lambda_0.1: epoch 4:  65%|██████▌   | 132/203 [00:26<00:16,  4.35it/s]
dan_lambda_0.1: epoch 4:  66%|██████▌   | 133/203 [00:27<00:15,  4.50it/s]
dan_lambda_0.1: epoch 4:  66%|██████▌   | 134/203 [00:27<00:15,  4.45it/s]
dan_lambda_0.1: epoch 4:  67%|██████▋   | 135/203 [00:27<00:16,  4.21it/s]
dan_lambda_0.1: epoch 4:  67%|██████▋   | 136/203 [00:27<00:14,  4.51it/s]
dan_lambda_0.1: epoch 4:  67%|██████▋   | 137/203 [00:27<00:13,  4.89it/s]
dan_lambda_0.1: epoch 4:  68%|██████▊   | 138/203 [00:28<00:12,  5.13it/s]
dan_lambda_0.1: epoch 4:  68%|██████▊   | 139/203 [00:28<00:12,  5.11it/s]
dan_lambda_0.1: epoch 4:  69%|██████▉   | 140/203 [00:28<00:11,  5.30it/s]
dan_lambda_0.1: epoch 4:  69%|██████▉   | 141/203 [00:28<00:11,  5.37it/s]
dan_lambda_0.1: epoch 4:  70%|██████▉   | 142/203 [00:28<00:11,  5.51it/s]
dan_lambda_0.1: epoch 4:  70%|███████   | 143/203 [00:28<00:10,  5.68it/s]
dan_lambda_0.1: epoch 4:  71%|███████   | 144/203 [00:29<00:10,  5.82it/s]
dan_lambda_0.1: epoch 4:  71%|███████▏  | 145/203 [00:29<00:10,  5.76it/s]
dan_lambda_0.1: epoch 4:  72%|███████▏  | 146/203 [00:29<00:10,  5.58it/s]
dan_lambda_0.1: epoch 4:  72%|███████▏  | 147/203 [00:29<00:09,  5.62it/s]
dan_lambda_0.1: epoch 4:  73%|███████▎  | 148/203 [00:29<00:09,  5.58it/s]
dan_lambda_0.1: epoch 4:  73%|███████▎  | 149/203 [00:30<00:09,  5.83it/s]
dan_lambda_0.1: epoch 4:  74%|███████▍  | 150/203 [00:30<00:08,  5.98it/s]
dan_lambda_0.1: epoch 4:  74%|███████▍  | 151/203 [00:30<00:08,  5.82it/s]
dan_lambda_0.1: epoch 4:  75%|███████▍  | 152/203 [00:30<00:08,  5.73it/s]
dan_lambda_0.1: epoch 4:  75%|███████▌  | 153/203 [00:30<00:09,  5.49it/s]
dan_lambda_0.1: epoch 4:  76%|███████▌  | 154/203 [00:30<00:08,  5.65it/s]
dan_lambda_0.1: epoch 4:  76%|███████▋  | 155/203 [00:31<00:08,  5.59it/s]
dan_lambda_0.1: epoch 4:  77%|███████▋  | 156/203 [00:31<00:08,  5.61it/s]
dan_lambda_0.1: epoch 4:  77%|███████▋  | 157/203 [00:31<00:08,  5.50it/s]
dan_lambda_0.1: epoch 4:  78%|███████▊  | 158/203 [00:31<00:08,  5.58it/s]
dan_lambda_0.1: epoch 4:  78%|███████▊  | 159/203 [00:31<00:07,  5.61it/s]
dan_lambda_0.1: epoch 4:  79%|███████▉  | 160/203 [00:32<00:08,  5.29it/s]
dan_lambda_0.1: epoch 4:  79%|███████▉  | 161/203 [00:32<00:07,  5.33it/s]
dan_lambda_0.1: epoch 4:  80%|███████▉  | 162/203 [00:32<00:07,  5.44it/s]
dan_lambda_0.1: epoch 4:  80%|████████  | 163/203 [00:32<00:07,  5.25it/s]
dan_lambda_0.1: epoch 4:  81%|████████  | 164/203 [00:32<00:07,  5.32it/s]
dan_lambda_0.1: epoch 4:  81%|████████▏ | 165/203 [00:32<00:06,  5.47it/s]
dan_lambda_0.1: epoch 4:  82%|████████▏ | 166/203 [00:33<00:06,  5.48it/s]
dan_lambda_0.1: epoch 4:  82%|████████▏ | 167/203 [00:33<00:06,  5.52it/s]
dan_lambda_0.1: epoch 4:  83%|████████▎ | 168/203 [00:33<00:06,  5.54it/s]
dan_lambda_0.1: epoch 4:  83%|████████▎ | 169/203 [00:33<00:06,  5.59it/s]
dan_lambda_0.1: epoch 4:  84%|████████▎ | 170/203 [00:33<00:05,  5.53it/s]
dan_lambda_0.1: epoch 4:  84%|████████▍ | 171/203 [00:34<00:05,  5.57it/s]
dan_lambda_0.1: epoch 4:  85%|████████▍ | 172/203 [00:34<00:05,  5.69it/s]
dan_lambda_0.1: epoch 4:  85%|████████▌ | 173/203 [00:34<00:05,  5.77it/s]
dan_lambda_0.1: epoch 4:  86%|████████▌ | 174/203 [00:34<00:04,  5.88it/s]
dan_lambda_0.1: epoch 4:  86%|████████▌ | 175/203 [00:34<00:04,  5.78it/s]
dan_lambda_0.1: epoch 4:  87%|████████▋ | 176/203 [00:34<00:04,  5.65it/s]
dan_lambda_0.1: epoch 4:  87%|████████▋ | 177/203 [00:35<00:04,  5.66it/s]
dan_lambda_0.1: epoch 4:  88%|████████▊ | 178/203 [00:35<00:04,  5.58it/s]
dan_lambda_0.1: epoch 4:  88%|████████▊ | 179/203 [00:35<00:04,  5.56it/s]
dan_lambda_0.1: epoch 4:  89%|████████▊ | 180/203 [00:35<00:04,  5.69it/s]
dan_lambda_0.1: epoch 4:  89%|████████▉ | 181/203 [00:35<00:03,  5.64it/s]
dan_lambda_0.1: epoch 4:  90%|████████▉ | 182/203 [00:35<00:03,  5.51it/s]
dan_lambda_0.1: epoch 4:  90%|█████████ | 183/203 [00:36<00:03,  5.46it/s]
dan_lambda_0.1: epoch 4:  91%|█████████ | 184/203 [00:36<00:03,  5.50it/s]
dan_lambda_0.1: epoch 4:  91%|█████████ | 185/203 [00:36<00:03,  5.61it/s]
dan_lambda_0.1: epoch 4:  92%|█████████▏| 186/203 [00:36<00:03,  5.58it/s]
dan_lambda_0.1: epoch 4:  92%|█████████▏| 187/203 [00:36<00:02,  5.69it/s]
dan_lambda_0.1: epoch 4:  93%|█████████▎| 188/203 [00:37<00:02,  5.63it/s]
dan_lambda_0.1: epoch 4:  93%|█████████▎| 189/203 [00:37<00:02,  5.50it/s]
dan_lambda_0.1: epoch 4:  94%|█████████▎| 190/203 [00:37<00:02,  5.58it/s]
dan_lambda_0.1: epoch 4:  94%|█████████▍| 191/203 [00:37<00:02,  5.53it/s]
dan_lambda_0.1: epoch 4:  95%|█████████▍| 192/203 [00:37<00:02,  5.24it/s]
dan_lambda_0.1: epoch 4:  95%|█████████▌| 193/203 [00:38<00:01,  5.08it/s]
dan_lambda_0.1: epoch 4:  96%|█████████▌| 194/203 [00:38<00:01,  5.13it/s]
dan_lambda_0.1: epoch 4:  96%|█████████▌| 195/203 [00:38<00:01,  4.78it/s]
dan_lambda_0.1: epoch 4:  97%|█████████▋| 196/203 [00:38<00:01,  4.61it/s]
dan_lambda_0.1: epoch 4:  97%|█████████▋| 197/203 [00:38<00:01,  4.59it/s]
dan_lambda_0.1: epoch 4:  98%|█████████▊| 198/203 [00:39<00:01,  4.39it/s]
dan_lambda_0.1: epoch 4:  98%|█████████▊| 199/203 [00:39<00:00,  4.38it/s]
dan_lambda_0.1: epoch 4:  99%|█████████▊| 200/203 [00:39<00:00,  4.45it/s]
dan_lambda_0.1: epoch 4:  99%|█████████▉| 201/203 [00:39<00:00,  4.35it/s]
dan_lambda_0.1: epoch 4: 100%|█████████▉| 202/203 [00:40<00:00,  4.16it/s]
dan_lambda_0.1: epoch 4: 100%|██████████| 203/203 [00:40<00:00,  4.24it/s]
                                                                          
dan_lambda_0.1: epoch 4, source macro-f1=0.8585

dan_lambda_0.1: epoch 5:   0%|          | 0/203 [00:00<?, ?it/s]
dan_lambda_0.1: epoch 5:   0%|          | 1/203 [00:00<00:31,  6.42it/s]
dan_lambda_0.1: epoch 5:   1%|          | 2/203 [00:00<00:32,  6.18it/s]
dan_lambda_0.1: epoch 5:   1%|▏         | 3/203 [00:00<00:32,  6.20it/s]
dan_lambda_0.1: epoch 5:   2%|▏         | 4/203 [00:00<00:46,  4.24it/s]
dan_lambda_0.1: epoch 5:   2%|▏         | 5/203 [00:01<00:50,  3.95it/s]
dan_lambda_0.1: epoch 5:   3%|▎         | 6/203 [00:01<00:45,  4.33it/s]
dan_lambda_0.1: epoch 5:   3%|▎         | 7/203 [00:01<00:41,  4.72it/s]
dan_lambda_0.1: epoch 5:   4%|▍         | 8/203 [00:01<00:39,  4.93it/s]
dan_lambda_0.1: epoch 5:   4%|▍         | 9/203 [00:01<00:38,  5.05it/s]
dan_lambda_0.1: epoch 5:   5%|▍         | 10/203 [00:02<00:38,  5.08it/s]
dan_lambda_0.1: epoch 5:   5%|▌         | 11/203 [00:02<00:36,  5.21it/s]
dan_lambda_0.1: epoch 5:   6%|▌         | 12/203 [00:02<00:35,  5.36it/s]
dan_lambda_0.1: epoch 5:   6%|▋         | 13/203 [00:02<00:34,  5.48it/s]
dan_lambda_0.1: epoch 5:   7%|▋         | 14/203 [00:02<00:33,  5.56it/s]
dan_lambda_0.1: epoch 5:   7%|▋         | 15/203 [00:02<00:34,  5.44it/s]
dan_lambda_0.1: epoch 5:   8%|▊         | 16/203 [00:03<00:34,  5.47it/s]
dan_lambda_0.1: epoch 5:   8%|▊         | 17/203 [00:03<00:33,  5.60it/s]
dan_lambda_0.1: epoch 5:   9%|▉         | 18/203 [00:03<00:32,  5.66it/s]
dan_lambda_0.1: epoch 5:   9%|▉         | 19/203 [00:03<00:32,  5.64it/s]
dan_lambda_0.1: epoch 5:  10%|▉         | 20/203 [00:03<00:32,  5.69it/s]
dan_lambda_0.1: epoch 5:  10%|█         | 21/203 [00:03<00:31,  5.71it/s]
dan_lambda_0.1: epoch 5:  11%|█         | 22/203 [00:04<00:31,  5.77it/s]
dan_lambda_0.1: epoch 5:  11%|█▏        | 23/203 [00:04<00:30,  5.92it/s]
dan_lambda_0.1: epoch 5:  12%|█▏        | 24/203 [00:04<00:33,  5.34it/s]
dan_lambda_0.1: epoch 5:  12%|█▏        | 25/203 [00:04<00:33,  5.29it/s]
dan_lambda_0.1: epoch 5:  13%|█▎        | 26/203 [00:04<00:32,  5.48it/s]
dan_lambda_0.1: epoch 5:  13%|█▎        | 27/203 [00:05<00:32,  5.40it/s]
dan_lambda_0.1: epoch 5:  14%|█▍        | 28/203 [00:05<00:32,  5.45it/s]
dan_lambda_0.1: epoch 5:  14%|█▍        | 29/203 [00:05<00:31,  5.44it/s]
dan_lambda_0.1: epoch 5:  15%|█▍        | 30/203 [00:05<00:30,  5.64it/s]
dan_lambda_0.1: epoch 5:  15%|█▌        | 31/203 [00:05<00:30,  5.59it/s]
dan_lambda_0.1: epoch 5:  16%|█▌        | 32/203 [00:05<00:29,  5.72it/s]
dan_lambda_0.1: epoch 5:  16%|█▋        | 33/203 [00:06<00:29,  5.69it/s]
dan_lambda_0.1: epoch 5:  17%|█▋        | 34/203 [00:06<00:30,  5.59it/s]
dan_lambda_0.1: epoch 5:  17%|█▋        | 35/203 [00:06<00:29,  5.65it/s]
dan_lambda_0.1: epoch 5:  18%|█▊        | 36/203 [00:06<00:29,  5.68it/s]
dan_lambda_0.1: epoch 5:  18%|█▊        | 37/203 [00:06<00:28,  5.79it/s]
dan_lambda_0.1: epoch 5:  19%|█▊        | 38/203 [00:07<00:29,  5.69it/s]
dan_lambda_0.1: epoch 5:  19%|█▉        | 39/203 [00:07<00:28,  5.73it/s]
dan_lambda_0.1: epoch 5:  20%|█▉        | 40/203 [00:07<00:30,  5.41it/s]
dan_lambda_0.1: epoch 5:  20%|██        | 41/203 [00:07<00:29,  5.47it/s]
dan_lambda_0.1: epoch 5:  21%|██        | 42/203 [00:07<00:29,  5.50it/s]
dan_lambda_0.1: epoch 5:  21%|██        | 43/203 [00:07<00:28,  5.53it/s]
dan_lambda_0.1: epoch 5:  22%|██▏       | 44/203 [00:08<00:29,  5.45it/s]
dan_lambda_0.1: epoch 5:  22%|██▏       | 45/203 [00:08<00:28,  5.45it/s]
dan_lambda_0.1: epoch 5:  23%|██▎       | 46/203 [00:08<00:31,  4.95it/s]
dan_lambda_0.1: epoch 5:  23%|██▎       | 47/203 [00:08<00:31,  5.03it/s]
dan_lambda_0.1: epoch 5:  24%|██▎       | 48/203 [00:08<00:31,  4.92it/s]
dan_lambda_0.1: epoch 5:  24%|██▍       | 49/203 [00:09<00:33,  4.63it/s]
dan_lambda_0.1: epoch 5:  25%|██▍       | 50/203 [00:09<00:35,  4.26it/s]
dan_lambda_0.1: epoch 5:  25%|██▌       | 51/203 [00:09<00:33,  4.49it/s]
dan_lambda_0.1: epoch 5:  26%|██▌       | 52/203 [00:09<00:34,  4.41it/s]
dan_lambda_0.1: epoch 5:  26%|██▌       | 53/203 [00:10<00:35,  4.24it/s]
dan_lambda_0.1: epoch 5:  27%|██▋       | 54/203 [00:10<00:35,  4.25it/s]
dan_lambda_0.1: epoch 5:  27%|██▋       | 55/203 [00:10<00:35,  4.22it/s]
dan_lambda_0.1: epoch 5:  28%|██▊       | 56/203 [00:10<00:34,  4.21it/s]
dan_lambda_0.1: epoch 5:  28%|██▊       | 57/203 [00:11<00:33,  4.38it/s]
dan_lambda_0.1: epoch 5:  29%|██▊       | 58/203 [00:11<00:34,  4.22it/s]
dan_lambda_0.1: epoch 5:  29%|██▉       | 59/203 [00:11<00:34,  4.18it/s]
dan_lambda_0.1: epoch 5:  30%|██▉       | 60/203 [00:11<00:34,  4.10it/s]
dan_lambda_0.1: epoch 5:  30%|███       | 61/203 [00:12<00:35,  3.96it/s]
dan_lambda_0.1: epoch 5:  31%|███       | 62/203 [00:12<00:34,  4.10it/s]
dan_lambda_0.1: epoch 5:  31%|███       | 63/203 [00:12<00:35,  3.93it/s]
dan_lambda_0.1: epoch 5:  32%|███▏      | 64/203 [00:12<00:32,  4.22it/s]
dan_lambda_0.1: epoch 5:  32%|███▏      | 65/203 [00:13<00:33,  4.07it/s]
dan_lambda_0.1: epoch 5:  33%|███▎      | 66/203 [00:13<00:32,  4.26it/s]
dan_lambda_0.1: epoch 5:  33%|███▎      | 67/203 [00:13<00:29,  4.59it/s]
dan_lambda_0.1: epoch 5:  33%|███▎      | 68/203 [00:13<00:28,  4.77it/s]
dan_lambda_0.1: epoch 5:  34%|███▍      | 69/203 [00:13<00:27,  4.94it/s]
dan_lambda_0.1: epoch 5:  34%|███▍      | 70/203 [00:14<00:27,  4.82it/s]
dan_lambda_0.1: epoch 5:  35%|███▍      | 71/203 [00:14<00:26,  4.98it/s]
dan_lambda_0.1: epoch 5:  35%|███▌      | 72/203 [00:14<00:26,  4.95it/s]
dan_lambda_0.1: epoch 5:  36%|███▌      | 73/203 [00:14<00:25,  5.16it/s]
dan_lambda_0.1: epoch 5:  36%|███▋      | 74/203 [00:14<00:24,  5.33it/s]
dan_lambda_0.1: epoch 5:  37%|███▋      | 75/203 [00:14<00:23,  5.40it/s]
dan_lambda_0.1: epoch 5:  37%|███▋      | 76/203 [00:15<00:23,  5.46it/s]
dan_lambda_0.1: epoch 5:  38%|███▊      | 77/203 [00:15<00:23,  5.45it/s]
dan_lambda_0.1: epoch 5:  38%|███▊      | 78/203 [00:15<00:22,  5.53it/s]
dan_lambda_0.1: epoch 5:  39%|███▉      | 79/203 [00:15<00:21,  5.71it/s]
dan_lambda_0.1: epoch 5:  39%|███▉      | 80/203 [00:15<00:21,  5.73it/s]
dan_lambda_0.1: epoch 5:  40%|███▉      | 81/203 [00:16<00:21,  5.75it/s]
dan_lambda_0.1: epoch 5:  40%|████      | 82/203 [00:16<00:21,  5.61it/s]
dan_lambda_0.1: epoch 5:  41%|████      | 83/203 [00:16<00:20,  5.72it/s]
dan_lambda_0.1: epoch 5:  41%|████▏     | 84/203 [00:16<00:20,  5.86it/s]
dan_lambda_0.1: epoch 5:  42%|████▏     | 85/203 [00:16<00:19,  5.90it/s]
dan_lambda_0.1: epoch 5:  42%|████▏     | 86/203 [00:16<00:20,  5.71it/s]
dan_lambda_0.1: epoch 5:  43%|████▎     | 87/203 [00:17<00:20,  5.63it/s]
dan_lambda_0.1: epoch 5:  43%|████▎     | 88/203 [00:17<00:20,  5.65it/s]
dan_lambda_0.1: epoch 5:  44%|████▍     | 89/203 [00:17<00:20,  5.59it/s]
dan_lambda_0.1: epoch 5:  44%|████▍     | 90/203 [00:17<00:20,  5.52it/s]
dan_lambda_0.1: epoch 5:  45%|████▍     | 91/203 [00:17<00:21,  5.25it/s]
dan_lambda_0.1: epoch 5:  45%|████▌     | 92/203 [00:18<00:20,  5.30it/s]
dan_lambda_0.1: epoch 5:  46%|████▌     | 93/203 [00:18<00:20,  5.32it/s]
dan_lambda_0.1: epoch 5:  46%|████▋     | 94/203 [00:18<00:20,  5.37it/s]
dan_lambda_0.1: epoch 5:  47%|████▋     | 95/203 [00:18<00:19,  5.58it/s]
dan_lambda_0.1: epoch 5:  47%|████▋     | 96/203 [00:18<00:19,  5.62it/s]
dan_lambda_0.1: epoch 5:  48%|████▊     | 97/203 [00:18<00:18,  5.60it/s]
dan_lambda_0.1: epoch 5:  48%|████▊     | 98/203 [00:19<00:18,  5.63it/s]
dan_lambda_0.1: epoch 5:  49%|████▉     | 99/203 [00:19<00:18,  5.64it/s]
dan_lambda_0.1: epoch 5:  49%|████▉     | 100/203 [00:19<00:18,  5.58it/s]
dan_lambda_0.1: epoch 5:  50%|████▉     | 101/203 [00:19<00:18,  5.65it/s]
dan_lambda_0.1: epoch 5:  50%|█████     | 102/203 [00:19<00:17,  5.68it/s]
dan_lambda_0.1: epoch 5:  51%|█████     | 103/203 [00:19<00:18,  5.51it/s]
dan_lambda_0.1: epoch 5:  51%|█████     | 104/203 [00:20<00:17,  5.65it/s]
dan_lambda_0.1: epoch 5:  52%|█████▏    | 105/203 [00:20<00:17,  5.57it/s]
dan_lambda_0.1: epoch 5:  52%|█████▏    | 106/203 [00:20<00:16,  5.72it/s]
dan_lambda_0.1: epoch 5:  53%|█████▎    | 107/203 [00:20<00:17,  5.56it/s]
dan_lambda_0.1: epoch 5:  53%|█████▎    | 108/203 [00:20<00:16,  5.62it/s]
dan_lambda_0.1: epoch 5:  54%|█████▎    | 109/203 [00:21<00:16,  5.56it/s]
dan_lambda_0.1: epoch 5:  54%|█████▍    | 110/203 [00:21<00:16,  5.51it/s]
dan_lambda_0.1: epoch 5:  55%|█████▍    | 111/203 [00:21<00:16,  5.67it/s]
dan_lambda_0.1: epoch 5:  55%|█████▌    | 112/203 [00:21<00:15,  5.72it/s]
dan_lambda_0.1: epoch 5:  56%|█████▌    | 113/203 [00:21<00:15,  5.66it/s]
dan_lambda_0.1: epoch 5:  56%|█████▌    | 114/203 [00:21<00:15,  5.75it/s]
dan_lambda_0.1: epoch 5:  57%|█████▋    | 115/203 [00:22<00:15,  5.61it/s]
dan_lambda_0.1: epoch 5:  57%|█████▋    | 116/203 [00:22<00:15,  5.67it/s]
dan_lambda_0.1: epoch 5:  58%|█████▊    | 117/203 [00:22<00:15,  5.65it/s]
dan_lambda_0.1: epoch 5:  58%|█████▊    | 118/203 [00:22<00:15,  5.61it/s]
dan_lambda_0.1: epoch 5:  59%|█████▊    | 119/203 [00:22<00:14,  5.63it/s]
dan_lambda_0.1: epoch 5:  59%|█████▉    | 120/203 [00:23<00:14,  5.59it/s]
dan_lambda_0.1: epoch 5:  60%|█████▉    | 121/203 [00:23<00:14,  5.71it/s]
dan_lambda_0.1: epoch 5:  60%|██████    | 122/203 [00:23<00:14,  5.74it/s]
dan_lambda_0.1: epoch 5:  61%|██████    | 123/203 [00:23<00:14,  5.53it/s]
dan_lambda_0.1: epoch 5:  61%|██████    | 124/203 [00:23<00:14,  5.45it/s]
dan_lambda_0.1: epoch 5:  62%|██████▏   | 125/203 [00:24<00:19,  3.94it/s]
dan_lambda_0.1: epoch 5:  62%|██████▏   | 126/203 [00:24<00:18,  4.09it/s]
dan_lambda_0.1: epoch 5:  63%|██████▎   | 127/203 [00:24<00:17,  4.23it/s]
dan_lambda_0.1: epoch 5:  63%|██████▎   | 128/203 [00:24<00:17,  4.19it/s]
dan_lambda_0.1: epoch 5:  64%|██████▎   | 129/203 [00:25<00:17,  4.27it/s]
dan_lambda_0.1: epoch 5:  64%|██████▍   | 130/203 [00:25<00:16,  4.48it/s]
dan_lambda_0.1: epoch 5:  65%|██████▍   | 131/203 [00:25<00:16,  4.28it/s]
dan_lambda_0.1: epoch 5:  65%|██████▌   | 132/203 [00:25<00:15,  4.44it/s]
dan_lambda_0.1: epoch 5:  66%|██████▌   | 133/203 [00:25<00:15,  4.44it/s]
dan_lambda_0.1: epoch 5:  66%|██████▌   | 134/203 [00:26<00:15,  4.54it/s]
dan_lambda_0.1: epoch 5:  67%|██████▋   | 135/203 [00:26<00:16,  4.21it/s]
dan_lambda_0.1: epoch 5:  67%|██████▋   | 136/203 [00:26<00:15,  4.30it/s]
dan_lambda_0.1: epoch 5:  67%|██████▋   | 137/203 [00:26<00:16,  4.08it/s]
dan_lambda_0.1: epoch 5:  68%|██████▊   | 138/203 [00:27<00:15,  4.17it/s]
dan_lambda_0.1: epoch 5:  68%|██████▊   | 139/203 [00:27<00:15,  4.01it/s]
dan_lambda_0.1: epoch 5:  69%|██████▉   | 140/203 [00:27<00:14,  4.29it/s]
dan_lambda_0.1: epoch 5:  69%|██████▉   | 141/203 [00:27<00:14,  4.31it/s]
dan_lambda_0.1: epoch 5:  70%|██████▉   | 142/203 [00:28<00:14,  4.33it/s]
dan_lambda_0.1: epoch 5:  70%|███████   | 143/203 [00:28<00:14,  4.02it/s]
dan_lambda_0.1: epoch 5:  71%|███████   | 144/203 [00:28<00:14,  4.18it/s]
dan_lambda_0.1: epoch 5:  71%|███████▏  | 145/203 [00:28<00:13,  4.30it/s]
dan_lambda_0.1: epoch 5:  72%|███████▏  | 146/203 [00:28<00:12,  4.55it/s]
dan_lambda_0.1: epoch 5:  72%|███████▏  | 147/203 [00:29<00:11,  4.83it/s]
dan_lambda_0.1: epoch 5:  73%|███████▎  | 148/203 [00:29<00:11,  4.96it/s]
dan_lambda_0.1: epoch 5:  73%|███████▎  | 149/203 [00:29<00:10,  4.99it/s]
dan_lambda_0.1: epoch 5:  74%|███████▍  | 150/203 [00:29<00:10,  5.00it/s]
dan_lambda_0.1: epoch 5:  74%|███████▍  | 151/203 [00:29<00:10,  5.14it/s]
dan_lambda_0.1: epoch 5:  75%|███████▍  | 152/203 [00:30<00:09,  5.36it/s]
dan_lambda_0.1: epoch 5:  75%|███████▌  | 153/203 [00:30<00:09,  5.42it/s]
dan_lambda_0.1: epoch 5:  76%|███████▌  | 154/203 [00:30<00:08,  5.47it/s]
dan_lambda_0.1: epoch 5:  76%|███████▋  | 155/203 [00:30<00:08,  5.47it/s]
dan_lambda_0.1: epoch 5:  77%|███████▋  | 156/203 [00:30<00:08,  5.41it/s]
dan_lambda_0.1: epoch 5:  77%|███████▋  | 157/203 [00:31<00:08,  5.33it/s]
dan_lambda_0.1: epoch 5:  78%|███████▊  | 158/203 [00:31<00:08,  5.57it/s]
dan_lambda_0.1: epoch 5:  78%|███████▊  | 159/203 [00:31<00:07,  5.62it/s]
dan_lambda_0.1: epoch 5:  79%|███████▉  | 160/203 [00:31<00:07,  5.72it/s]
dan_lambda_0.1: epoch 5:  79%|███████▉  | 161/203 [00:31<00:07,  5.73it/s]
dan_lambda_0.1: epoch 5:  80%|███████▉  | 162/203 [00:31<00:07,  5.44it/s]
dan_lambda_0.1: epoch 5:  80%|████████  | 163/203 [00:32<00:07,  5.41it/s]
dan_lambda_0.1: epoch 5:  81%|████████  | 164/203 [00:32<00:07,  5.45it/s]
dan_lambda_0.1: epoch 5:  81%|████████▏ | 165/203 [00:32<00:06,  5.55it/s]
dan_lambda_0.1: epoch 5:  82%|████████▏ | 166/203 [00:32<00:06,  5.61it/s]
dan_lambda_0.1: epoch 5:  82%|████████▏ | 167/203 [00:33<00:08,  4.22it/s]
dan_lambda_0.1: epoch 5:  83%|████████▎ | 168/203 [00:33<00:07,  4.57it/s]
dan_lambda_0.1: epoch 5:  83%|████████▎ | 169/203 [00:33<00:07,  4.83it/s]
dan_lambda_0.1: epoch 5:  84%|████████▎ | 170/203 [00:33<00:06,  4.94it/s]
dan_lambda_0.1: epoch 5:  84%|████████▍ | 171/203 [00:33<00:06,  5.09it/s]
dan_lambda_0.1: epoch 5:  85%|████████▍ | 172/203 [00:33<00:05,  5.22it/s]
dan_lambda_0.1: epoch 5:  85%|████████▌ | 173/203 [00:34<00:05,  5.17it/s]
dan_lambda_0.1: epoch 5:  86%|████████▌ | 174/203 [00:34<00:05,  5.39it/s]
dan_lambda_0.1: epoch 5:  86%|████████▌ | 175/203 [00:34<00:05,  5.40it/s]
dan_lambda_0.1: epoch 5:  87%|████████▋ | 176/203 [00:34<00:04,  5.51it/s]
dan_lambda_0.1: epoch 5:  87%|████████▋ | 177/203 [00:34<00:04,  5.42it/s]
dan_lambda_0.1: epoch 5:  88%|████████▊ | 178/203 [00:34<00:04,  5.57it/s]
dan_lambda_0.1: epoch 5:  88%|████████▊ | 179/203 [00:35<00:04,  5.38it/s]
dan_lambda_0.1: epoch 5:  89%|████████▊ | 180/203 [00:35<00:04,  5.46it/s]
dan_lambda_0.1: epoch 5:  89%|████████▉ | 181/203 [00:35<00:03,  5.60it/s]
dan_lambda_0.1: epoch 5:  90%|████████▉ | 182/203 [00:35<00:03,  5.69it/s]
dan_lambda_0.1: epoch 5:  90%|█████████ | 183/203 [00:35<00:03,  5.72it/s]
dan_lambda_0.1: epoch 5:  91%|█████████ | 184/203 [00:36<00:03,  5.79it/s]
dan_lambda_0.1: epoch 5:  91%|█████████ | 185/203 [00:36<00:03,  5.76it/s]
dan_lambda_0.1: epoch 5:  92%|█████████▏| 186/203 [00:36<00:02,  5.73it/s]
dan_lambda_0.1: epoch 5:  92%|█████████▏| 187/203 [00:36<00:02,  5.75it/s]
dan_lambda_0.1: epoch 5:  93%|█████████▎| 188/203 [00:36<00:02,  5.81it/s]
dan_lambda_0.1: epoch 5:  93%|█████████▎| 189/203 [00:36<00:02,  5.84it/s]
dan_lambda_0.1: epoch 5:  94%|█████████▎| 190/203 [00:37<00:02,  5.87it/s]
dan_lambda_0.1: epoch 5:  94%|█████████▍| 191/203 [00:37<00:02,  5.36it/s]
dan_lambda_0.1: epoch 5:  95%|█████████▍| 192/203 [00:37<00:02,  5.35it/s]
dan_lambda_0.1: epoch 5:  95%|█████████▌| 193/203 [00:37<00:01,  5.41it/s]
dan_lambda_0.1: epoch 5:  96%|█████████▌| 194/203 [00:37<00:01,  5.49it/s]
dan_lambda_0.1: epoch 5:  96%|█████████▌| 195/203 [00:38<00:01,  5.54it/s]
dan_lambda_0.1: epoch 5:  97%|█████████▋| 196/203 [00:38<00:01,  5.53it/s]
dan_lambda_0.1: epoch 5:  97%|█████████▋| 197/203 [00:38<00:01,  5.53it/s]
dan_lambda_0.1: epoch 5:  98%|█████████▊| 198/203 [00:38<00:00,  5.53it/s]
dan_lambda_0.1: epoch 5:  98%|█████████▊| 199/203 [00:38<00:00,  5.60it/s]
dan_lambda_0.1: epoch 5:  99%|█████████▊| 200/203 [00:38<00:00,  5.26it/s]
dan_lambda_0.1: epoch 5:  99%|█████████▉| 201/203 [00:39<00:00,  5.18it/s]
dan_lambda_0.1: epoch 5: 100%|█████████▉| 202/203 [00:39<00:00,  4.64it/s]
dan_lambda_0.1: epoch 5: 100%|██████████| 203/203 [00:39<00:00,  4.67it/s]
                                                                          
dan_lambda_0.1: epoch 5, source macro-f1=0.9323

dan_lambda_0.1: epoch 6:   0%|          | 0/203 [00:00<?, ?it/s]
dan_lambda_0.1: epoch 6:   0%|          | 1/203 [00:00<00:32,  6.23it/s]
dan_lambda_0.1: epoch 6:   1%|          | 2/203 [00:00<00:34,  5.91it/s]
dan_lambda_0.1: epoch 6:   1%|▏         | 3/203 [00:00<00:32,  6.10it/s]
dan_lambda_0.1: epoch 6:   2%|▏         | 4/203 [00:00<00:33,  5.97it/s]
dan_lambda_0.1: epoch 6:   2%|▏         | 5/203 [00:00<00:32,  6.09it/s]
dan_lambda_0.1: epoch 6:   3%|▎         | 6/203 [00:01<00:39,  4.97it/s]
dan_lambda_0.1: epoch 6:   3%|▎         | 7/203 [00:01<00:37,  5.23it/s]
dan_lambda_0.1: epoch 6:   4%|▍         | 8/203 [00:01<00:36,  5.28it/s]
dan_lambda_0.1: epoch 6:   4%|▍         | 9/203 [00:01<00:35,  5.41it/s]
dan_lambda_0.1: epoch 6:   5%|▍         | 10/203 [00:01<00:35,  5.43it/s]
dan_lambda_0.1: epoch 6:   5%|▌         | 11/203 [00:01<00:35,  5.46it/s]
dan_lambda_0.1: epoch 6:   6%|▌         | 12/203 [00:02<00:35,  5.35it/s]
dan_lambda_0.1: epoch 6:   6%|▋         | 13/203 [00:02<00:34,  5.52it/s]
dan_lambda_0.1: epoch 6:   7%|▋         | 14/203 [00:02<00:34,  5.55it/s]
dan_lambda_0.1: epoch 6:   7%|▋         | 15/203 [00:02<00:33,  5.56it/s]
dan_lambda_0.1: epoch 6:   8%|▊         | 16/203 [00:02<00:33,  5.52it/s]
dan_lambda_0.1: epoch 6:   8%|▊         | 17/203 [00:03<00:33,  5.49it/s]
dan_lambda_0.1: epoch 6:   9%|▉         | 18/203 [00:03<00:33,  5.48it/s]
dan_lambda_0.1: epoch 6:   9%|▉         | 19/203 [00:03<00:33,  5.44it/s]
dan_lambda_0.1: epoch 6:  10%|▉         | 20/203 [00:03<00:33,  5.43it/s]
dan_lambda_0.1: epoch 6:  10%|█         | 21/203 [00:03<00:33,  5.40it/s]
dan_lambda_0.1: epoch 6:  11%|█         | 22/203 [00:04<00:34,  5.28it/s]
dan_lambda_0.1: epoch 6:  11%|█▏        | 23/203 [00:04<00:33,  5.38it/s]
dan_lambda_0.1: epoch 6:  12%|█▏        | 24/203 [00:04<00:32,  5.43it/s]
dan_lambda_0.1: epoch 6:  12%|█▏        | 25/203 [00:04<00:32,  5.46it/s]
dan_lambda_0.1: epoch 6:  13%|█▎        | 26/203 [00:04<00:32,  5.40it/s]
dan_lambda_0.1: epoch 6:  13%|█▎        | 27/203 [00:04<00:31,  5.50it/s]
dan_lambda_0.1: epoch 6:  14%|█▍        | 28/203 [00:05<00:31,  5.51it/s]
dan_lambda_0.1: epoch 6:  14%|█▍        | 29/203 [00:05<00:31,  5.44it/s]
dan_lambda_0.1: epoch 6:  15%|█▍        | 30/203 [00:05<00:32,  5.37it/s]
dan_lambda_0.1: epoch 6:  15%|█▌        | 31/203 [00:05<00:30,  5.56it/s]
dan_lambda_0.1: epoch 6:  16%|█▌        | 32/203 [00:05<00:29,  5.73it/s]
dan_lambda_0.1: epoch 6:  16%|█▋        | 33/203 [00:05<00:30,  5.63it/s]
dan_lambda_0.1: epoch 6:  17%|█▋        | 34/203 [00:06<00:29,  5.79it/s]
dan_lambda_0.1: epoch 6:  17%|█▋        | 35/203 [00:06<00:29,  5.74it/s]
dan_lambda_0.1: epoch 6:  18%|█▊        | 36/203 [00:06<00:30,  5.48it/s]
dan_lambda_0.1: epoch 6:  18%|█▊        | 37/203 [00:06<00:29,  5.61it/s]
dan_lambda_0.1: epoch 6:  19%|█▊        | 38/203 [00:06<00:29,  5.63it/s]
dan_lambda_0.1: epoch 6:  19%|█▉        | 39/203 [00:07<00:29,  5.52it/s]
dan_lambda_0.1: epoch 6:  20%|█▉        | 40/203 [00:07<00:29,  5.48it/s]
dan_lambda_0.1: epoch 6:  20%|██        | 41/203 [00:07<00:29,  5.53it/s]
dan_lambda_0.1: epoch 6:  21%|██        | 42/203 [00:07<00:28,  5.65it/s]
dan_lambda_0.1: epoch 6:  21%|██        | 43/203 [00:07<00:28,  5.56it/s]
dan_lambda_0.1: epoch 6:  22%|██▏       | 44/203 [00:07<00:28,  5.53it/s]
dan_lambda_0.1: epoch 6:  22%|██▏       | 45/203 [00:08<00:28,  5.62it/s]
dan_lambda_0.1: epoch 6:  23%|██▎       | 46/203 [00:08<00:27,  5.69it/s]
dan_lambda_0.1: epoch 6:  23%|██▎       | 47/203 [00:08<00:27,  5.61it/s]
dan_lambda_0.1: epoch 6:  24%|██▎       | 48/203 [00:08<00:28,  5.49it/s]
dan_lambda_0.1: epoch 6:  24%|██▍       | 49/203 [00:08<00:27,  5.64it/s]
dan_lambda_0.1: epoch 6:  25%|██▍       | 50/203 [00:09<00:27,  5.65it/s]
dan_lambda_0.1: epoch 6:  25%|██▌       | 51/203 [00:09<00:27,  5.61it/s]
dan_lambda_0.1: epoch 6:  26%|██▌       | 52/203 [00:09<00:28,  5.29it/s]
dan_lambda_0.1: epoch 6:  26%|██▌       | 53/203 [00:09<00:29,  5.13it/s]
dan_lambda_0.1: epoch 6:  27%|██▋       | 54/203 [00:09<00:29,  5.00it/s]
dan_lambda_0.1: epoch 6:  27%|██▋       | 55/203 [00:10<00:31,  4.70it/s]
dan_lambda_0.1: epoch 6:  28%|██▊       | 56/203 [00:10<00:31,  4.61it/s]
dan_lambda_0.1: epoch 6:  28%|██▊       | 57/203 [00:10<00:31,  4.60it/s]
dan_lambda_0.1: epoch 6:  29%|██▊       | 58/203 [00:10<00:32,  4.49it/s]
dan_lambda_0.1: epoch 6:  29%|██▉       | 59/203 [00:11<00:33,  4.30it/s]
dan_lambda_0.1: epoch 6:  30%|██▉       | 60/203 [00:11<00:31,  4.50it/s]
dan_lambda_0.1: epoch 6:  30%|███       | 61/203 [00:11<00:32,  4.31it/s]
dan_lambda_0.1: epoch 6:  31%|███       | 62/203 [00:11<00:32,  4.36it/s]
dan_lambda_0.1: epoch 6:  31%|███       | 63/203 [00:11<00:31,  4.38it/s]
dan_lambda_0.1: epoch 6:  32%|███▏      | 64/203 [00:12<00:32,  4.31it/s]
dan_lambda_0.1: epoch 6:  32%|███▏      | 65/203 [00:12<00:30,  4.50it/s]
dan_lambda_0.1: epoch 6:  33%|███▎      | 66/203 [00:12<00:32,  4.22it/s]
dan_lambda_0.1: epoch 6:  33%|███▎      | 67/203 [00:12<00:31,  4.30it/s]
dan_lambda_0.1: epoch 6:  33%|███▎      | 68/203 [00:13<00:32,  4.09it/s]
dan_lambda_0.1: epoch 6:  34%|███▍      | 69/203 [00:13<00:32,  4.16it/s]
dan_lambda_0.1: epoch 6:  34%|███▍      | 70/203 [00:13<00:29,  4.44it/s]
dan_lambda_0.1: epoch 6:  35%|███▍      | 71/203 [00:13<00:30,  4.28it/s]
dan_lambda_0.1: epoch 6:  35%|███▌      | 72/203 [00:14<00:29,  4.38it/s]
dan_lambda_0.1: epoch 6:  36%|███▌      | 73/203 [00:14<00:29,  4.37it/s]
dan_lambda_0.1: epoch 6:  36%|███▋      | 74/203 [00:14<00:30,  4.28it/s]
dan_lambda_0.1: epoch 6:  37%|███▋      | 75/203 [00:14<00:28,  4.43it/s]
dan_lambda_0.1: epoch 6:  37%|███▋      | 76/203 [00:14<00:27,  4.66it/s]
dan_lambda_0.1: epoch 6:  38%|███▊      | 77/203 [00:15<00:26,  4.84it/s]
dan_lambda_0.1: epoch 6:  38%|███▊      | 78/203 [00:15<00:25,  4.97it/s]
dan_lambda_0.1: epoch 6:  39%|███▉      | 79/203 [00:15<00:24,  5.04it/s]
dan_lambda_0.1: epoch 6:  39%|███▉      | 80/203 [00:15<00:24,  5.11it/s]
dan_lambda_0.1: epoch 6:  40%|███▉      | 81/203 [00:15<00:23,  5.17it/s]
dan_lambda_0.1: epoch 6:  40%|████      | 82/203 [00:16<00:23,  5.16it/s]
dan_lambda_0.1: epoch 6:  41%|████      | 83/203 [00:16<00:22,  5.34it/s]
dan_lambda_0.1: epoch 6:  41%|████▏     | 84/203 [00:16<00:21,  5.44it/s]
dan_lambda_0.1: epoch 6:  42%|████▏     | 85/203 [00:16<00:22,  5.35it/s]
dan_lambda_0.1: epoch 6:  42%|████▏     | 86/203 [00:16<00:21,  5.42it/s]
dan_lambda_0.1: epoch 6:  43%|████▎     | 87/203 [00:16<00:21,  5.52it/s]
dan_lambda_0.1: epoch 6:  43%|████▎     | 88/203 [00:17<00:20,  5.58it/s]
dan_lambda_0.1: epoch 6:  44%|████▍     | 89/203 [00:17<00:20,  5.66it/s]
dan_lambda_0.1: epoch 6:  44%|████▍     | 90/203 [00:17<00:19,  5.74it/s]
dan_lambda_0.1: epoch 6:  45%|████▍     | 91/203 [00:17<00:19,  5.65it/s]
dan_lambda_0.1: epoch 6:  45%|████▌     | 92/203 [00:17<00:19,  5.65it/s]
dan_lambda_0.1: epoch 6:  46%|████▌     | 93/203 [00:17<00:19,  5.73it/s]
dan_lambda_0.1: epoch 6:  46%|████▋     | 94/203 [00:18<00:19,  5.65it/s]
dan_lambda_0.1: epoch 6:  47%|████▋     | 95/203 [00:18<00:19,  5.68it/s]
dan_lambda_0.1: epoch 6:  47%|████▋     | 96/203 [00:18<00:19,  5.63it/s]
dan_lambda_0.1: epoch 6:  48%|████▊     | 97/203 [00:18<00:18,  5.69it/s]
dan_lambda_0.1: epoch 6:  48%|████▊     | 98/203 [00:18<00:18,  5.57it/s]
dan_lambda_0.1: epoch 6:  49%|████▉     | 99/203 [00:19<00:18,  5.66it/s]
dan_lambda_0.1: epoch 6:  49%|████▉     | 100/203 [00:19<00:17,  5.72it/s]
dan_lambda_0.1: epoch 6:  50%|████▉     | 101/203 [00:19<00:17,  5.84it/s]
dan_lambda_0.1: epoch 6:  50%|█████     | 102/203 [00:19<00:18,  5.59it/s]
dan_lambda_0.1: epoch 6:  51%|█████     | 103/203 [00:19<00:17,  5.59it/s]
dan_lambda_0.1: epoch 6:  51%|█████     | 104/203 [00:19<00:17,  5.61it/s]
dan_lambda_0.1: epoch 6:  52%|█████▏    | 105/203 [00:20<00:16,  5.79it/s]
dan_lambda_0.1: epoch 6:  52%|█████▏    | 106/203 [00:20<00:16,  5.77it/s]
dan_lambda_0.1: epoch 6:  53%|█████▎    | 107/203 [00:20<00:16,  5.70it/s]
dan_lambda_0.1: epoch 6:  53%|█████▎    | 108/203 [00:20<00:16,  5.75it/s]
dan_lambda_0.1: epoch 6:  54%|█████▎    | 109/203 [00:20<00:16,  5.57it/s]
dan_lambda_0.1: epoch 6:  54%|█████▍    | 110/203 [00:20<00:16,  5.65it/s]
dan_lambda_0.1: epoch 6:  55%|█████▍    | 111/203 [00:21<00:15,  5.76it/s]
dan_lambda_0.1: epoch 6:  55%|█████▌    | 112/203 [00:21<00:15,  5.76it/s]
dan_lambda_0.1: epoch 6:  56%|█████▌    | 113/203 [00:21<00:15,  5.87it/s]
dan_lambda_0.1: epoch 6:  56%|█████▌    | 114/203 [00:21<00:15,  5.89it/s]
dan_lambda_0.1: epoch 6:  57%|█████▋    | 115/203 [00:21<00:15,  5.77it/s]
dan_lambda_0.1: epoch 6:  57%|█████▋    | 116/203 [00:22<00:15,  5.69it/s]
dan_lambda_0.1: epoch 6:  58%|█████▊    | 117/203 [00:22<00:14,  5.79it/s]
dan_lambda_0.1: epoch 6:  58%|█████▊    | 118/203 [00:22<00:14,  5.68it/s]
dan_lambda_0.1: epoch 6:  59%|█████▊    | 119/203 [00:22<00:14,  5.71it/s]
dan_lambda_0.1: epoch 6:  59%|█████▉    | 120/203 [00:22<00:15,  5.53it/s]
dan_lambda_0.1: epoch 6:  60%|█████▉    | 121/203 [00:22<00:14,  5.73it/s]
dan_lambda_0.1: epoch 6:  60%|██████    | 122/203 [00:23<00:14,  5.61it/s]
dan_lambda_0.1: epoch 6:  61%|██████    | 123/203 [00:23<00:14,  5.65it/s]
dan_lambda_0.1: epoch 6:  61%|██████    | 124/203 [00:23<00:13,  5.79it/s]
dan_lambda_0.1: epoch 6:  62%|██████▏   | 125/203 [00:23<00:13,  5.76it/s]
dan_lambda_0.1: epoch 6:  62%|██████▏   | 126/203 [00:23<00:13,  5.83it/s]
dan_lambda_0.1: epoch 6:  63%|██████▎   | 127/203 [00:24<00:17,  4.46it/s]
dan_lambda_0.1: epoch 6:  63%|██████▎   | 128/203 [00:24<00:15,  4.70it/s]
dan_lambda_0.1: epoch 6:  64%|██████▎   | 129/203 [00:24<00:15,  4.83it/s]
dan_lambda_0.1: epoch 6:  64%|██████▍   | 130/203 [00:24<00:14,  4.87it/s]
dan_lambda_0.1: epoch 6:  65%|██████▍   | 131/203 [00:24<00:15,  4.66it/s]
dan_lambda_0.1: epoch 6:  65%|██████▌   | 132/203 [00:25<00:15,  4.66it/s]
dan_lambda_0.1: epoch 6:  66%|██████▌   | 133/203 [00:25<00:15,  4.57it/s]
dan_lambda_0.1: epoch 6:  66%|██████▌   | 134/203 [00:25<00:15,  4.58it/s]
dan_lambda_0.1: epoch 6:  67%|██████▋   | 135/203 [00:25<00:14,  4.57it/s]
dan_lambda_0.1: epoch 6:  67%|██████▋   | 136/203 [00:26<00:14,  4.51it/s]
dan_lambda_0.1: epoch 6:  67%|██████▋   | 137/203 [00:26<00:15,  4.36it/s]
dan_lambda_0.1: epoch 6:  68%|██████▊   | 138/203 [00:26<00:14,  4.52it/s]
dan_lambda_0.1: epoch 6:  68%|██████▊   | 139/203 [00:26<00:14,  4.49it/s]
dan_lambda_0.1: epoch 6:  69%|██████▉   | 140/203 [00:26<00:13,  4.52it/s]
dan_lambda_0.1: epoch 6:  69%|██████▉   | 141/203 [00:27<00:13,  4.46it/s]
dan_lambda_0.1: epoch 6:  70%|██████▉   | 142/203 [00:27<00:13,  4.46it/s]
dan_lambda_0.1: epoch 6:  70%|███████   | 143/203 [00:27<00:12,  4.70it/s]
dan_lambda_0.1: epoch 6:  71%|███████   | 144/203 [00:27<00:13,  4.27it/s]
dan_lambda_0.1: epoch 6:  71%|███████▏  | 145/203 [00:28<00:13,  4.41it/s]
dan_lambda_0.1: epoch 6:  72%|███████▏  | 146/203 [00:28<00:14,  3.86it/s]
dan_lambda_0.1: epoch 6:  72%|███████▏  | 147/203 [00:28<00:13,  4.03it/s]
dan_lambda_0.1: epoch 6:  73%|███████▎  | 148/203 [00:28<00:14,  3.83it/s]
dan_lambda_0.1: epoch 6:  73%|███████▎  | 149/203 [00:29<00:13,  4.15it/s]
dan_lambda_0.1: epoch 6:  74%|███████▍  | 150/203 [00:29<00:14,  3.77it/s]
dan_lambda_0.1: epoch 6:  74%|███████▍  | 151/203 [00:29<00:12,  4.06it/s]
dan_lambda_0.1: epoch 6:  75%|███████▍  | 152/203 [00:29<00:12,  4.24it/s]
dan_lambda_0.1: epoch 6:  75%|███████▌  | 153/203 [00:30<00:10,  4.57it/s]
dan_lambda_0.1: epoch 6:  76%|███████▌  | 154/203 [00:30<00:09,  4.98it/s]
dan_lambda_0.1: epoch 6:  76%|███████▋  | 155/203 [00:30<00:09,  4.81it/s]
dan_lambda_0.1: epoch 6:  77%|███████▋  | 156/203 [00:30<00:10,  4.42it/s]
dan_lambda_0.1: epoch 6:  77%|███████▋  | 157/203 [00:30<00:09,  4.72it/s]
dan_lambda_0.1: epoch 6:  78%|███████▊  | 158/203 [00:31<00:09,  4.93it/s]
dan_lambda_0.1: epoch 6:  78%|███████▊  | 159/203 [00:31<00:08,  5.21it/s]
dan_lambda_0.1: epoch 6:  79%|███████▉  | 160/203 [00:31<00:07,  5.39it/s]
dan_lambda_0.1: epoch 6:  79%|███████▉  | 161/203 [00:31<00:07,  5.43it/s]
dan_lambda_0.1: epoch 6:  80%|███████▉  | 162/203 [00:31<00:07,  5.40it/s]
dan_lambda_0.1: epoch 6:  80%|████████  | 163/203 [00:31<00:07,  5.54it/s]
dan_lambda_0.1: epoch 6:  81%|████████  | 164/203 [00:32<00:07,  5.49it/s]
dan_lambda_0.1: epoch 6:  81%|████████▏ | 165/203 [00:32<00:06,  5.54it/s]
dan_lambda_0.1: epoch 6:  82%|████████▏ | 166/203 [00:32<00:06,  5.54it/s]
dan_lambda_0.1: epoch 6:  82%|████████▏ | 167/203 [00:32<00:06,  5.71it/s]
dan_lambda_0.1: epoch 6:  83%|████████▎ | 168/203 [00:32<00:06,  5.53it/s]
dan_lambda_0.1: epoch 6:  83%|████████▎ | 169/203 [00:32<00:06,  5.56it/s]
dan_lambda_0.1: epoch 6:  84%|████████▎ | 170/203 [00:33<00:05,  5.60it/s]
dan_lambda_0.1: epoch 6:  84%|████████▍ | 171/203 [00:33<00:05,  5.58it/s]
dan_lambda_0.1: epoch 6:  85%|████████▍ | 172/203 [00:33<00:05,  5.72it/s]
dan_lambda_0.1: epoch 6:  85%|████████▌ | 173/203 [00:33<00:05,  5.64it/s]
dan_lambda_0.1: epoch 6:  86%|████████▌ | 174/203 [00:33<00:05,  5.65it/s]
dan_lambda_0.1: epoch 6:  86%|████████▌ | 175/203 [00:34<00:05,  5.36it/s]
dan_lambda_0.1: epoch 6:  87%|████████▋ | 176/203 [00:34<00:04,  5.42it/s]
dan_lambda_0.1: epoch 6:  87%|████████▋ | 177/203 [00:34<00:04,  5.44it/s]
dan_lambda_0.1: epoch 6:  88%|████████▊ | 178/203 [00:34<00:04,  5.52it/s]
dan_lambda_0.1: epoch 6:  88%|████████▊ | 179/203 [00:34<00:04,  5.41it/s]
dan_lambda_0.1: epoch 6:  89%|████████▊ | 180/203 [00:34<00:04,  5.46it/s]
dan_lambda_0.1: epoch 6:  89%|████████▉ | 181/203 [00:35<00:04,  5.49it/s]
dan_lambda_0.1: epoch 6:  90%|████████▉ | 182/203 [00:35<00:03,  5.59it/s]
dan_lambda_0.1: epoch 6:  90%|█████████ | 183/203 [00:35<00:03,  5.48it/s]
dan_lambda_0.1: epoch 6:  91%|█████████ | 184/203 [00:35<00:03,  5.64it/s]
dan_lambda_0.1: epoch 6:  91%|█████████ | 185/203 [00:35<00:03,  5.77it/s]
dan_lambda_0.1: epoch 6:  92%|█████████▏| 186/203 [00:36<00:03,  5.66it/s]
dan_lambda_0.1: epoch 6:  92%|█████████▏| 187/203 [00:36<00:02,  5.65it/s]
dan_lambda_0.1: epoch 6:  93%|█████████▎| 188/203 [00:36<00:02,  5.68it/s]
dan_lambda_0.1: epoch 6:  93%|█████████▎| 189/203 [00:36<00:02,  5.69it/s]
dan_lambda_0.1: epoch 6:  94%|█████████▎| 190/203 [00:36<00:02,  5.74it/s]
dan_lambda_0.1: epoch 6:  94%|█████████▍| 191/203 [00:36<00:02,  5.77it/s]
dan_lambda_0.1: epoch 6:  95%|█████████▍| 192/203 [00:37<00:01,  5.68it/s]
dan_lambda_0.1: epoch 6:  95%|█████████▌| 193/203 [00:37<00:01,  5.58it/s]
dan_lambda_0.1: epoch 6:  96%|█████████▌| 194/203 [00:37<00:01,  5.69it/s]
dan_lambda_0.1: epoch 6:  96%|█████████▌| 195/203 [00:37<00:01,  5.71it/s]
dan_lambda_0.1: epoch 6:  97%|█████████▋| 196/203 [00:37<00:01,  5.85it/s]
dan_lambda_0.1: epoch 6:  97%|█████████▋| 197/203 [00:37<00:01,  5.67it/s]
dan_lambda_0.1: epoch 6:  98%|█████████▊| 198/203 [00:38<00:00,  5.69it/s]
dan_lambda_0.1: epoch 6:  98%|█████████▊| 199/203 [00:38<00:00,  5.83it/s]
dan_lambda_0.1: epoch 6:  99%|█████████▊| 200/203 [00:38<00:00,  5.66it/s]
dan_lambda_0.1: epoch 6:  99%|█████████▉| 201/203 [00:38<00:00,  5.53it/s]
dan_lambda_0.1: epoch 6: 100%|█████████▉| 202/203 [00:38<00:00,  5.56it/s]
dan_lambda_0.1: epoch 6: 100%|██████████| 203/203 [00:39<00:00,  5.57it/s]
                                                                          
dan_lambda_0.1: epoch 6, source macro-f1=0.9290

dan_lambda_0.1: epoch 7:   0%|          | 0/203 [00:00<?, ?it/s]
dan_lambda_0.1: epoch 7:   0%|          | 1/203 [00:00<00:34,  5.86it/s]
dan_lambda_0.1: epoch 7:   1%|          | 2/203 [00:00<00:39,  5.14it/s]
dan_lambda_0.1: epoch 7:   1%|▏         | 3/203 [00:00<00:39,  5.09it/s]
dan_lambda_0.1: epoch 7:   2%|▏         | 4/203 [00:00<00:37,  5.30it/s]
dan_lambda_0.1: epoch 7:   2%|▏         | 5/203 [00:00<00:35,  5.52it/s]
dan_lambda_0.1: epoch 7:   3%|▎         | 6/203 [00:01<00:34,  5.69it/s]
dan_lambda_0.1: epoch 7:   3%|▎         | 7/203 [00:01<00:38,  5.09it/s]
dan_lambda_0.1: epoch 7:   4%|▍         | 8/203 [00:01<00:36,  5.31it/s]
dan_lambda_0.1: epoch 7:   4%|▍         | 9/203 [00:01<00:35,  5.47it/s]
dan_lambda_0.1: epoch 7:   5%|▍         | 10/203 [00:01<00:35,  5.42it/s]
dan_lambda_0.1: epoch 7:   5%|▌         | 11/203 [00:02<00:35,  5.46it/s]
dan_lambda_0.1: epoch 7:   6%|▌         | 12/203 [00:02<00:35,  5.45it/s]
dan_lambda_0.1: epoch 7:   6%|▋         | 13/203 [00:02<00:34,  5.52it/s]
dan_lambda_0.1: epoch 7:   7%|▋         | 14/203 [00:02<00:33,  5.67it/s]
dan_lambda_0.1: epoch 7:   7%|▋         | 15/203 [00:02<00:33,  5.56it/s]
dan_lambda_0.1: epoch 7:   8%|▊         | 16/203 [00:02<00:34,  5.50it/s]
dan_lambda_0.1: epoch 7:   8%|▊         | 17/203 [00:03<00:34,  5.44it/s]
dan_lambda_0.1: epoch 7:   9%|▉         | 18/203 [00:03<00:32,  5.62it/s]
dan_lambda_0.1: epoch 7:   9%|▉         | 19/203 [00:03<00:32,  5.59it/s]
dan_lambda_0.1: epoch 7:  10%|▉         | 20/203 [00:03<00:32,  5.62it/s]
dan_lambda_0.1: epoch 7:  10%|█         | 21/203 [00:03<00:31,  5.70it/s]
dan_lambda_0.1: epoch 7:  11%|█         | 22/203 [00:03<00:31,  5.70it/s]
dan_lambda_0.1: epoch 7:  11%|█▏        | 23/203 [00:04<00:32,  5.58it/s]
dan_lambda_0.1: epoch 7:  12%|█▏        | 24/203 [00:04<00:32,  5.57it/s]
dan_lambda_0.1: epoch 7:  12%|█▏        | 25/203 [00:04<00:32,  5.53it/s]
dan_lambda_0.1: epoch 7:  13%|█▎        | 26/203 [00:04<00:31,  5.66it/s]
dan_lambda_0.1: epoch 7:  13%|█▎        | 27/203 [00:04<00:31,  5.65it/s]
dan_lambda_0.1: epoch 7:  14%|█▍        | 28/203 [00:05<00:32,  5.46it/s]
dan_lambda_0.1: epoch 7:  14%|█▍        | 29/203 [00:05<00:31,  5.55it/s]
dan_lambda_0.1: epoch 7:  15%|█▍        | 30/203 [00:05<00:31,  5.55it/s]
dan_lambda_0.1: epoch 7:  15%|█▌        | 31/203 [00:05<00:31,  5.55it/s]
dan_lambda_0.1: epoch 7:  16%|█▌        | 32/203 [00:05<00:30,  5.67it/s]
dan_lambda_0.1: epoch 7:  16%|█▋        | 33/203 [00:05<00:30,  5.65it/s]
dan_lambda_0.1: epoch 7:  17%|█▋        | 34/203 [00:06<00:30,  5.55it/s]
dan_lambda_0.1: epoch 7:  17%|█▋        | 35/203 [00:06<00:30,  5.46it/s]
dan_lambda_0.1: epoch 7:  18%|█▊        | 36/203 [00:06<00:30,  5.52it/s]
dan_lambda_0.1: epoch 7:  18%|█▊        | 37/203 [00:06<00:29,  5.69it/s]
dan_lambda_0.1: epoch 7:  19%|█▊        | 38/203 [00:06<00:29,  5.66it/s]
dan_lambda_0.1: epoch 7:  19%|█▉        | 39/203 [00:07<00:29,  5.57it/s]
dan_lambda_0.1: epoch 7:  20%|█▉        | 40/203 [00:07<00:28,  5.78it/s]
dan_lambda_0.1: epoch 7:  20%|██        | 41/203 [00:07<00:28,  5.77it/s]
dan_lambda_0.1: epoch 7:  21%|██        | 42/203 [00:07<00:27,  5.80it/s]
dan_lambda_0.1: epoch 7:  21%|██        | 43/203 [00:07<00:27,  5.79it/s]
dan_lambda_0.1: epoch 7:  22%|██▏       | 44/203 [00:07<00:28,  5.61it/s]
dan_lambda_0.1: epoch 7:  22%|██▏       | 45/203 [00:08<00:28,  5.58it/s]
dan_lambda_0.1: epoch 7:  23%|██▎       | 46/203 [00:08<00:28,  5.59it/s]
dan_lambda_0.1: epoch 7:  23%|██▎       | 47/203 [00:08<00:28,  5.49it/s]
dan_lambda_0.1: epoch 7:  24%|██▎       | 48/203 [00:08<00:27,  5.59it/s]
dan_lambda_0.1: epoch 7:  24%|██▍       | 49/203 [00:08<00:26,  5.75it/s]
dan_lambda_0.1: epoch 7:  25%|██▍       | 50/203 [00:08<00:27,  5.63it/s]
dan_lambda_0.1: epoch 7:  25%|██▌       | 51/203 [00:09<00:27,  5.59it/s]
dan_lambda_0.1: epoch 7:  26%|██▌       | 52/203 [00:09<00:26,  5.67it/s]
dan_lambda_0.1: epoch 7:  26%|██▌       | 53/203 [00:09<00:26,  5.74it/s]
dan_lambda_0.1: epoch 7:  27%|██▋       | 54/203 [00:09<00:26,  5.69it/s]
dan_lambda_0.1: epoch 7:  27%|██▋       | 55/203 [00:09<00:26,  5.60it/s]
dan_lambda_0.1: epoch 7:  28%|██▊       | 56/203 [00:10<00:26,  5.54it/s]
dan_lambda_0.1: epoch 7:  28%|██▊       | 57/203 [00:10<00:26,  5.56it/s]
dan_lambda_0.1: epoch 7:  29%|██▊       | 58/203 [00:10<00:26,  5.44it/s]
dan_lambda_0.1: epoch 7:  29%|██▉       | 59/203 [00:10<00:25,  5.61it/s]
dan_lambda_0.1: epoch 7:  30%|██▉       | 60/203 [00:10<00:25,  5.55it/s]
dan_lambda_0.1: epoch 7:  30%|███       | 61/203 [00:10<00:25,  5.55it/s]
dan_lambda_0.1: epoch 7:  31%|███       | 62/203 [00:11<00:27,  5.08it/s]
dan_lambda_0.1: epoch 7:  31%|███       | 63/203 [00:11<00:27,  5.07it/s]
dan_lambda_0.1: epoch 7:  32%|███▏      | 64/203 [00:11<00:28,  4.83it/s]
dan_lambda_0.1: epoch 7:  32%|███▏      | 65/203 [00:11<00:28,  4.76it/s]
dan_lambda_0.1: epoch 7:  33%|███▎      | 66/203 [00:12<00:28,  4.74it/s]
dan_lambda_0.1: epoch 7:  33%|███▎      | 67/203 [00:12<00:29,  4.54it/s]
dan_lambda_0.1: epoch 7:  33%|███▎      | 68/203 [00:12<00:30,  4.38it/s]
dan_lambda_0.1: epoch 7:  34%|███▍      | 69/203 [00:12<00:28,  4.63it/s]
dan_lambda_0.1: epoch 7:  34%|███▍      | 70/203 [00:12<00:27,  4.76it/s]
dan_lambda_0.1: epoch 7:  35%|███▍      | 71/203 [00:13<00:28,  4.57it/s]
dan_lambda_0.1: epoch 7:  35%|███▌      | 72/203 [00:13<00:28,  4.54it/s]
dan_lambda_0.1: epoch 7:  36%|███▌      | 73/203 [00:13<00:29,  4.39it/s]
dan_lambda_0.1: epoch 7:  36%|███▋      | 74/203 [00:13<00:30,  4.26it/s]
dan_lambda_0.1: epoch 7:  37%|███▋      | 75/203 [00:14<00:29,  4.34it/s]
dan_lambda_0.1: epoch 7:  37%|███▋      | 76/203 [00:14<00:33,  3.75it/s]
dan_lambda_0.1: epoch 7:  38%|███▊      | 77/203 [00:14<00:32,  3.86it/s]
dan_lambda_0.1: epoch 7:  38%|███▊      | 78/203 [00:14<00:31,  4.00it/s]
dan_lambda_0.1: epoch 7:  39%|███▉      | 79/203 [00:15<00:28,  4.31it/s]
dan_lambda_0.1: epoch 7:  39%|███▉      | 80/203 [00:15<00:30,  3.97it/s]
dan_lambda_0.1: epoch 7:  40%|███▉      | 81/203 [00:15<00:29,  4.19it/s]
dan_lambda_0.1: epoch 7:  40%|████      | 82/203 [00:15<00:30,  3.93it/s]
dan_lambda_0.1: epoch 7:  41%|████      | 83/203 [00:16<00:30,  3.97it/s]
dan_lambda_0.1: epoch 7:  41%|████▏     | 84/203 [00:16<00:27,  4.29it/s]
dan_lambda_0.1: epoch 7:  42%|████▏     | 85/203 [00:16<00:25,  4.69it/s]
dan_lambda_0.1: epoch 7:  42%|████▏     | 86/203 [00:16<00:22,  5.09it/s]
dan_lambda_0.1: epoch 7:  43%|████▎     | 87/203 [00:17<00:28,  4.09it/s]
dan_lambda_0.1: epoch 7:  43%|████▎     | 88/203 [00:17<00:26,  4.37it/s]
dan_lambda_0.1: epoch 7:  44%|████▍     | 89/203 [00:17<00:24,  4.62it/s]
dan_lambda_0.1: epoch 7:  44%|████▍     | 90/203 [00:17<00:23,  4.89it/s]
dan_lambda_0.1: epoch 7:  45%|████▍     | 91/203 [00:17<00:21,  5.10it/s]
dan_lambda_0.1: epoch 7:  45%|████▌     | 92/203 [00:17<00:20,  5.30it/s]
dan_lambda_0.1: epoch 7:  46%|████▌     | 93/203 [00:18<00:20,  5.42it/s]
dan_lambda_0.1: epoch 7:  46%|████▋     | 94/203 [00:18<00:20,  5.43it/s]
dan_lambda_0.1: epoch 7:  47%|████▋     | 95/203 [00:18<00:19,  5.42it/s]
dan_lambda_0.1: epoch 7:  47%|████▋     | 96/203 [00:18<00:19,  5.51it/s]
dan_lambda_0.1: epoch 7:  48%|████▊     | 97/203 [00:18<00:18,  5.66it/s]
dan_lambda_0.1: epoch 7:  48%|████▊     | 98/203 [00:18<00:18,  5.75it/s]
dan_lambda_0.1: epoch 7:  49%|████▉     | 99/203 [00:19<00:17,  5.82it/s]
dan_lambda_0.1: epoch 7:  49%|████▉     | 100/203 [00:19<00:18,  5.64it/s]
dan_lambda_0.1: epoch 7:  50%|████▉     | 101/203 [00:19<00:18,  5.58it/s]
dan_lambda_0.1: epoch 7:  50%|█████     | 102/203 [00:19<00:17,  5.66it/s]
dan_lambda_0.1: epoch 7:  51%|█████     | 103/203 [00:19<00:17,  5.76it/s]
dan_lambda_0.1: epoch 7:  51%|█████     | 104/203 [00:20<00:17,  5.67it/s]
dan_lambda_0.1: epoch 7:  52%|█████▏    | 105/203 [00:20<00:17,  5.68it/s]
dan_lambda_0.1: epoch 7:  52%|█████▏    | 106/203 [00:20<00:16,  5.74it/s]
dan_lambda_0.1: epoch 7:  53%|█████▎    | 107/203 [00:20<00:16,  5.68it/s]
dan_lambda_0.1: epoch 7:  53%|█████▎    | 108/203 [00:20<00:16,  5.68it/s]
dan_lambda_0.1: epoch 7:  54%|█████▎    | 109/203 [00:20<00:16,  5.60it/s]
dan_lambda_0.1: epoch 7:  54%|█████▍    | 110/203 [00:21<00:16,  5.76it/s]
dan_lambda_0.1: epoch 7:  55%|█████▍    | 111/203 [00:21<00:15,  5.79it/s]
dan_lambda_0.1: epoch 7:  55%|█████▌    | 112/203 [00:21<00:15,  5.77it/s]
dan_lambda_0.1: epoch 7:  56%|█████▌    | 113/203 [00:21<00:15,  5.84it/s]
dan_lambda_0.1: epoch 7:  56%|█████▌    | 114/203 [00:21<00:15,  5.74it/s]
dan_lambda_0.1: epoch 7:  57%|█████▋    | 115/203 [00:21<00:15,  5.84it/s]
dan_lambda_0.1: epoch 7:  57%|█████▋    | 116/203 [00:22<00:14,  5.99it/s]
dan_lambda_0.1: epoch 7:  58%|█████▊    | 117/203 [00:22<00:14,  5.81it/s]
dan_lambda_0.1: epoch 7:  58%|█████▊    | 118/203 [00:22<00:14,  5.87it/s]
dan_lambda_0.1: epoch 7:  59%|█████▊    | 119/203 [00:22<00:16,  5.20it/s]
dan_lambda_0.1: epoch 7:  59%|█████▉    | 120/203 [00:22<00:15,  5.40it/s]
dan_lambda_0.1: epoch 7:  60%|█████▉    | 121/203 [00:23<00:15,  5.40it/s]
dan_lambda_0.1: epoch 7:  60%|██████    | 122/203 [00:23<00:14,  5.43it/s]
dan_lambda_0.1: epoch 7:  61%|██████    | 123/203 [00:23<00:14,  5.55it/s]
dan_lambda_0.1: epoch 7:  61%|██████    | 124/203 [00:23<00:14,  5.59it/s]
dan_lambda_0.1: epoch 7:  62%|██████▏   | 125/203 [00:23<00:14,  5.51it/s]
dan_lambda_0.1: epoch 7:  62%|██████▏   | 126/203 [00:23<00:13,  5.57it/s]
dan_lambda_0.1: epoch 7:  63%|██████▎   | 127/203 [00:24<00:13,  5.61it/s]
dan_lambda_0.1: epoch 7:  63%|██████▎   | 128/203 [00:24<00:13,  5.60it/s]
dan_lambda_0.1: epoch 7:  64%|██████▎   | 129/203 [00:24<00:12,  5.73it/s]
dan_lambda_0.1: epoch 7:  64%|██████▍   | 130/203 [00:24<00:12,  5.65it/s]
dan_lambda_0.1: epoch 7:  65%|██████▍   | 131/203 [00:24<00:12,  5.72it/s]
dan_lambda_0.1: epoch 7:  65%|██████▌   | 132/203 [00:24<00:12,  5.77it/s]
dan_lambda_0.1: epoch 7:  66%|██████▌   | 133/203 [00:25<00:12,  5.70it/s]
dan_lambda_0.1: epoch 7:  66%|██████▌   | 134/203 [00:25<00:12,  5.74it/s]
dan_lambda_0.1: epoch 7:  67%|██████▋   | 135/203 [00:25<00:12,  5.66it/s]
dan_lambda_0.1: epoch 7:  67%|██████▋   | 136/203 [00:25<00:11,  5.62it/s]
dan_lambda_0.1: epoch 7:  67%|██████▋   | 137/203 [00:25<00:11,  5.68it/s]
dan_lambda_0.1: epoch 7:  68%|██████▊   | 138/203 [00:26<00:11,  5.58it/s]
dan_lambda_0.1: epoch 7:  68%|██████▊   | 139/203 [00:26<00:11,  5.47it/s]
dan_lambda_0.1: epoch 7:  69%|██████▉   | 140/203 [00:26<00:11,  5.32it/s]
dan_lambda_0.1: epoch 7:  69%|██████▉   | 141/203 [00:26<00:11,  5.20it/s]
dan_lambda_0.1: epoch 7:  70%|██████▉   | 142/203 [00:26<00:12,  4.91it/s]
dan_lambda_0.1: epoch 7:  70%|███████   | 143/203 [00:27<00:12,  4.74it/s]
dan_lambda_0.1: epoch 7:  71%|███████   | 144/203 [00:27<00:12,  4.74it/s]
dan_lambda_0.1: epoch 7:  71%|███████▏  | 145/203 [00:27<00:12,  4.62it/s]
dan_lambda_0.1: epoch 7:  72%|███████▏  | 146/203 [00:27<00:12,  4.54it/s]
dan_lambda_0.1: epoch 7:  72%|███████▏  | 147/203 [00:28<00:12,  4.55it/s]
dan_lambda_0.1: epoch 7:  73%|███████▎  | 148/203 [00:28<00:12,  4.52it/s]
dan_lambda_0.1: epoch 7:  73%|███████▎  | 149/203 [00:28<00:12,  4.41it/s]
dan_lambda_0.1: epoch 7:  74%|███████▍  | 150/203 [00:28<00:12,  4.27it/s]
dan_lambda_0.1: epoch 7:  74%|███████▍  | 151/203 [00:28<00:12,  4.32it/s]
dan_lambda_0.1: epoch 7:  75%|███████▍  | 152/203 [00:29<00:11,  4.40it/s]
dan_lambda_0.1: epoch 7:  75%|███████▌  | 153/203 [00:29<00:11,  4.46it/s]
dan_lambda_0.1: epoch 7:  76%|███████▌  | 154/203 [00:29<00:11,  4.10it/s]
dan_lambda_0.1: epoch 7:  76%|███████▋  | 155/203 [00:30<00:13,  3.56it/s]
dan_lambda_0.1: epoch 7:  77%|███████▋  | 156/203 [00:30<00:12,  3.89it/s]
dan_lambda_0.1: epoch 7:  77%|███████▋  | 157/203 [00:30<00:11,  4.08it/s]
dan_lambda_0.1: epoch 7:  78%|███████▊  | 158/203 [00:30<00:10,  4.32it/s]
dan_lambda_0.1: epoch 7:  78%|███████▊  | 159/203 [00:30<00:10,  4.23it/s]
dan_lambda_0.1: epoch 7:  79%|███████▉  | 160/203 [00:31<00:10,  4.17it/s]
dan_lambda_0.1: epoch 7:  79%|███████▉  | 161/203 [00:31<00:10,  4.07it/s]
dan_lambda_0.1: epoch 7:  80%|███████▉  | 162/203 [00:31<00:09,  4.20it/s]
dan_lambda_0.1: epoch 7:  80%|████████  | 163/203 [00:31<00:09,  4.12it/s]
dan_lambda_0.1: epoch 7:  81%|████████  | 164/203 [00:32<00:09,  4.30it/s]
dan_lambda_0.1: epoch 7:  81%|████████▏ | 165/203 [00:32<00:08,  4.62it/s]
dan_lambda_0.1: epoch 7:  82%|████████▏ | 166/203 [00:32<00:07,  4.81it/s]
dan_lambda_0.1: epoch 7:  82%|████████▏ | 167/203 [00:32<00:07,  5.09it/s]
dan_lambda_0.1: epoch 7:  83%|████████▎ | 168/203 [00:32<00:06,  5.17it/s]
dan_lambda_0.1: epoch 7:  83%|████████▎ | 169/203 [00:32<00:06,  5.28it/s]
dan_lambda_0.1: epoch 7:  84%|████████▎ | 170/203 [00:33<00:05,  5.54it/s]
dan_lambda_0.1: epoch 7:  84%|████████▍ | 171/203 [00:33<00:05,  5.50it/s]
dan_lambda_0.1: epoch 7:  85%|████████▍ | 172/203 [00:33<00:05,  5.54it/s]
dan_lambda_0.1: epoch 7:  85%|████████▌ | 173/203 [00:33<00:05,  5.54it/s]
dan_lambda_0.1: epoch 7:  86%|████████▌ | 174/203 [00:33<00:05,  5.63it/s]
dan_lambda_0.1: epoch 7:  86%|████████▌ | 175/203 [00:34<00:05,  5.50it/s]
dan_lambda_0.1: epoch 7:  87%|████████▋ | 176/203 [00:34<00:04,  5.52it/s]
dan_lambda_0.1: epoch 7:  87%|████████▋ | 177/203 [00:34<00:04,  5.60it/s]
dan_lambda_0.1: epoch 7:  88%|████████▊ | 178/203 [00:34<00:04,  5.60it/s]
dan_lambda_0.1: epoch 7:  88%|████████▊ | 179/203 [00:34<00:04,  5.80it/s]
dan_lambda_0.1: epoch 7:  89%|████████▊ | 180/203 [00:34<00:04,  5.72it/s]
dan_lambda_0.1: epoch 7:  89%|████████▉ | 181/203 [00:35<00:03,  5.86it/s]
dan_lambda_0.1: epoch 7:  90%|████████▉ | 182/203 [00:35<00:03,  5.76it/s]
dan_lambda_0.1: epoch 7:  90%|█████████ | 183/203 [00:35<00:03,  5.79it/s]
dan_lambda_0.1: epoch 7:  91%|█████████ | 184/203 [00:35<00:03,  5.89it/s]
dan_lambda_0.1: epoch 7:  91%|█████████ | 185/203 [00:35<00:03,  5.91it/s]
dan_lambda_0.1: epoch 7:  92%|█████████▏| 186/203 [00:35<00:02,  5.99it/s]
dan_lambda_0.1: epoch 7:  92%|█████████▏| 187/203 [00:36<00:03,  5.20it/s]
dan_lambda_0.1: epoch 7:  93%|█████████▎| 188/203 [00:36<00:02,  5.29it/s]
dan_lambda_0.1: epoch 7:  93%|█████████▎| 189/203 [00:36<00:02,  5.38it/s]
dan_lambda_0.1: epoch 7:  94%|█████████▎| 190/203 [00:36<00:02,  5.56it/s]
dan_lambda_0.1: epoch 7:  94%|█████████▍| 191/203 [00:36<00:02,  5.59it/s]
dan_lambda_0.1: epoch 7:  95%|█████████▍| 192/203 [00:37<00:01,  5.52it/s]
dan_lambda_0.1: epoch 7:  95%|█████████▌| 193/203 [00:37<00:01,  5.55it/s]
dan_lambda_0.1: epoch 7:  96%|█████████▌| 194/203 [00:37<00:01,  5.54it/s]
dan_lambda_0.1: epoch 7:  96%|█████████▌| 195/203 [00:37<00:01,  5.61it/s]
dan_lambda_0.1: epoch 7:  97%|█████████▋| 196/203 [00:37<00:01,  5.58it/s]
dan_lambda_0.1: epoch 7:  97%|█████████▋| 197/203 [00:37<00:01,  5.72it/s]
dan_lambda_0.1: epoch 7:  98%|█████████▊| 198/203 [00:38<00:00,  5.72it/s]
dan_lambda_0.1: epoch 7:  98%|█████████▊| 199/203 [00:38<00:00,  5.69it/s]
dan_lambda_0.1: epoch 7:  99%|█████████▊| 200/203 [00:38<00:00,  5.55it/s]
dan_lambda_0.1: epoch 7:  99%|█████████▉| 201/203 [00:38<00:00,  5.59it/s]
dan_lambda_0.1: epoch 7: 100%|█████████▉| 202/203 [00:38<00:00,  5.60it/s]
dan_lambda_0.1: epoch 7: 100%|██████████| 203/203 [00:39<00:00,  5.57it/s]
                                                                          
dan_lambda_0.1: epoch 7, source macro-f1=0.9318

dan_lambda_0.1: epoch 8:   0%|          | 0/203 [00:00<?, ?it/s]
dan_lambda_0.1: epoch 8:   0%|          | 1/203 [00:00<00:39,  5.06it/s]
dan_lambda_0.1: epoch 8:   1%|          | 2/203 [00:00<00:42,  4.71it/s]
dan_lambda_0.1: epoch 8:   1%|▏         | 3/203 [00:00<00:42,  4.66it/s]
dan_lambda_0.1: epoch 8:   2%|▏         | 4/203 [00:00<00:44,  4.43it/s]
dan_lambda_0.1: epoch 8:   2%|▏         | 5/203 [00:01<00:44,  4.47it/s]
dan_lambda_0.1: epoch 8:   3%|▎         | 6/203 [00:01<00:42,  4.67it/s]
dan_lambda_0.1: epoch 8:   3%|▎         | 7/203 [00:01<00:40,  4.82it/s]
dan_lambda_0.1: epoch 8:   4%|▍         | 8/203 [00:01<00:54,  3.59it/s]
dan_lambda_0.1: epoch 8:   4%|▍         | 9/203 [00:02<00:53,  3.65it/s]
dan_lambda_0.1: epoch 8:   5%|▍         | 10/203 [00:02<00:49,  3.93it/s]
dan_lambda_0.1: epoch 8:   5%|▌         | 11/203 [00:02<00:50,  3.83it/s]
dan_lambda_0.1: epoch 8:   6%|▌         | 12/203 [00:02<00:47,  4.01it/s]
dan_lambda_0.1: epoch 8:   6%|▋         | 13/203 [00:03<00:49,  3.84it/s]
dan_lambda_0.1: epoch 8:   7%|▋         | 14/203 [00:03<00:46,  4.10it/s]
dan_lambda_0.1: epoch 8:   7%|▋         | 15/203 [00:03<00:46,  4.08it/s]
dan_lambda_0.1: epoch 8:   8%|▊         | 16/203 [00:03<00:44,  4.23it/s]
dan_lambda_0.1: epoch 8:   8%|▊         | 17/203 [00:04<00:41,  4.52it/s]
dan_lambda_0.1: epoch 8:   9%|▉         | 18/203 [00:04<00:42,  4.36it/s]
dan_lambda_0.1: epoch 8:   9%|▉         | 19/203 [00:04<00:41,  4.45it/s]
dan_lambda_0.1: epoch 8:  10%|▉         | 20/203 [00:04<00:39,  4.63it/s]
dan_lambda_0.1: epoch 8:  10%|█         | 21/203 [00:04<00:37,  4.89it/s]
dan_lambda_0.1: epoch 8:  11%|█         | 22/203 [00:05<00:36,  5.00it/s]
dan_lambda_0.1: epoch 8:  11%|█▏        | 23/203 [00:05<00:35,  5.13it/s]
dan_lambda_0.1: epoch 8:  12%|█▏        | 24/203 [00:05<00:34,  5.22it/s]
dan_lambda_0.1: epoch 8:  12%|█▏        | 25/203 [00:05<00:32,  5.52it/s]
dan_lambda_0.1: epoch 8:  13%|█▎        | 26/203 [00:05<00:32,  5.46it/s]
dan_lambda_0.1: epoch 8:  13%|█▎        | 27/203 [00:05<00:32,  5.46it/s]
dan_lambda_0.1: epoch 8:  14%|█▍        | 28/203 [00:06<00:31,  5.56it/s]
dan_lambda_0.1: epoch 8:  14%|█▍        | 29/203 [00:06<00:30,  5.66it/s]
dan_lambda_0.1: epoch 8:  15%|█▍        | 30/203 [00:06<00:30,  5.69it/s]
dan_lambda_0.1: epoch 8:  15%|█▌        | 31/203 [00:06<00:30,  5.58it/s]
dan_lambda_0.1: epoch 8:  16%|█▌        | 32/203 [00:06<00:30,  5.54it/s]
dan_lambda_0.1: epoch 8:  16%|█▋        | 33/203 [00:07<00:30,  5.60it/s]
dan_lambda_0.1: epoch 8:  17%|█▋        | 34/203 [00:07<00:30,  5.62it/s]
dan_lambda_0.1: epoch 8:  17%|█▋        | 35/203 [00:07<00:31,  5.39it/s]
dan_lambda_0.1: epoch 8:  18%|█▊        | 36/203 [00:07<00:30,  5.45it/s]
dan_lambda_0.1: epoch 8:  18%|█▊        | 37/203 [00:07<00:29,  5.61it/s]
dan_lambda_0.1: epoch 8:  19%|█▊        | 38/203 [00:07<00:29,  5.61it/s]
dan_lambda_0.1: epoch 8:  19%|█▉        | 39/203 [00:08<00:29,  5.52it/s]
dan_lambda_0.1: epoch 8:  20%|█▉        | 40/203 [00:08<00:29,  5.58it/s]
dan_lambda_0.1: epoch 8:  20%|██        | 41/203 [00:08<00:29,  5.58it/s]
dan_lambda_0.1: epoch 8:  21%|██        | 42/203 [00:08<00:28,  5.66it/s]
dan_lambda_0.1: epoch 8:  21%|██        | 43/203 [00:08<00:27,  5.77it/s]
dan_lambda_0.1: epoch 8:  22%|██▏       | 44/203 [00:08<00:27,  5.80it/s]
dan_lambda_0.1: epoch 8:  22%|██▏       | 45/203 [00:09<00:26,  5.97it/s]
dan_lambda_0.1: epoch 8:  23%|██▎       | 46/203 [00:09<00:26,  6.02it/s]
dan_lambda_0.1: epoch 8:  23%|██▎       | 47/203 [00:09<00:34,  4.47it/s]
dan_lambda_0.1: epoch 8:  24%|██▎       | 48/203 [00:09<00:33,  4.68it/s]
dan_lambda_0.1: epoch 8:  24%|██▍       | 49/203 [00:10<00:31,  4.90it/s]
dan_lambda_0.1: epoch 8:  25%|██▍       | 50/203 [00:10<00:30,  5.03it/s]
dan_lambda_0.1: epoch 8:  25%|██▌       | 51/203 [00:10<00:29,  5.16it/s]
dan_lambda_0.1: epoch 8:  26%|██▌       | 52/203 [00:10<00:28,  5.37it/s]
dan_lambda_0.1: epoch 8:  26%|██▌       | 53/203 [00:10<00:27,  5.54it/s]
dan_lambda_0.1: epoch 8:  27%|██▋       | 54/203 [00:10<00:27,  5.50it/s]
dan_lambda_0.1: epoch 8:  27%|██▋       | 55/203 [00:11<00:27,  5.45it/s]
dan_lambda_0.1: epoch 8:  28%|██▊       | 56/203 [00:11<00:26,  5.50it/s]
dan_lambda_0.1: epoch 8:  28%|██▊       | 57/203 [00:11<00:26,  5.53it/s]
dan_lambda_0.1: epoch 8:  29%|██▊       | 58/203 [00:11<00:26,  5.43it/s]
dan_lambda_0.1: epoch 8:  29%|██▉       | 59/203 [00:11<00:26,  5.48it/s]
dan_lambda_0.1: epoch 8:  30%|██▉       | 60/203 [00:11<00:25,  5.51it/s]
dan_lambda_0.1: epoch 8:  30%|███       | 61/203 [00:12<00:25,  5.59it/s]
dan_lambda_0.1: epoch 8:  31%|███       | 62/203 [00:12<00:24,  5.65it/s]
dan_lambda_0.1: epoch 8:  31%|███       | 63/203 [00:12<00:25,  5.58it/s]
dan_lambda_0.1: epoch 8:  32%|███▏      | 64/203 [00:12<00:24,  5.56it/s]
dan_lambda_0.1: epoch 8:  32%|███▏      | 65/203 [00:12<00:25,  5.49it/s]
dan_lambda_0.1: epoch 8:  33%|███▎      | 66/203 [00:13<00:24,  5.58it/s]
dan_lambda_0.1: epoch 8:  33%|███▎      | 67/203 [00:13<00:24,  5.63it/s]
dan_lambda_0.1: epoch 8:  33%|███▎      | 68/203 [00:13<00:23,  5.75it/s]
dan_lambda_0.1: epoch 8:  34%|███▍      | 69/203 [00:13<00:23,  5.73it/s]
dan_lambda_0.1: epoch 8:  34%|███▍      | 70/203 [00:13<00:23,  5.59it/s]
dan_lambda_0.1: epoch 8:  35%|███▍      | 71/203 [00:13<00:24,  5.49it/s]
dan_lambda_0.1: epoch 8:  35%|███▌      | 72/203 [00:14<00:23,  5.54it/s]
dan_lambda_0.1: epoch 8:  36%|███▌      | 73/203 [00:14<00:23,  5.64it/s]
dan_lambda_0.1: epoch 8:  36%|███▋      | 74/203 [00:14<00:23,  5.58it/s]
dan_lambda_0.1: epoch 8:  37%|███▋      | 75/203 [00:14<00:24,  5.33it/s]
dan_lambda_0.1: epoch 8:  37%|███▋      | 76/203 [00:14<00:24,  5.25it/s]
dan_lambda_0.1: epoch 8:  38%|███▊      | 77/203 [00:15<00:25,  4.95it/s]
dan_lambda_0.1: epoch 8:  38%|███▊      | 78/203 [00:15<00:24,  5.05it/s]
dan_lambda_0.1: epoch 8:  39%|███▉      | 79/203 [00:15<00:26,  4.73it/s]
dan_lambda_0.1: epoch 8:  39%|███▉      | 80/203 [00:15<00:25,  4.84it/s]
dan_lambda_0.1: epoch 8:  40%|███▉      | 81/203 [00:15<00:25,  4.80it/s]
dan_lambda_0.1: epoch 8:  40%|████      | 82/203 [00:16<00:25,  4.76it/s]
dan_lambda_0.1: epoch 8:  41%|████      | 83/203 [00:16<00:31,  3.79it/s]
dan_lambda_0.1: epoch 8:  41%|████▏     | 84/203 [00:16<00:28,  4.15it/s]
dan_lambda_0.1: epoch 8:  42%|████▏     | 85/203 [00:17<00:29,  4.00it/s]
dan_lambda_0.1: epoch 8:  42%|████▏     | 86/203 [00:17<00:27,  4.32it/s]
dan_lambda_0.1: epoch 8:  43%|████▎     | 87/203 [00:17<00:27,  4.25it/s]
dan_lambda_0.1: epoch 8:  43%|████▎     | 88/203 [00:17<00:26,  4.27it/s]
dan_lambda_0.1: epoch 8:  44%|████▍     | 89/203 [00:17<00:26,  4.25it/s]
dan_lambda_0.1: epoch 8:  44%|████▍     | 90/203 [00:18<00:27,  4.09it/s]
dan_lambda_0.1: epoch 8:  45%|████▍     | 91/203 [00:18<00:26,  4.30it/s]
dan_lambda_0.1: epoch 8:  45%|████▌     | 92/203 [00:18<00:26,  4.22it/s]
dan_lambda_0.1: epoch 8:  46%|████▌     | 93/203 [00:18<00:25,  4.24it/s]
dan_lambda_0.1: epoch 8:  46%|████▋     | 94/203 [00:19<00:24,  4.45it/s]
dan_lambda_0.1: epoch 8:  47%|████▋     | 95/203 [00:19<00:25,  4.26it/s]
dan_lambda_0.1: epoch 8:  47%|████▋     | 96/203 [00:19<00:24,  4.31it/s]
dan_lambda_0.1: epoch 8:  48%|████▊     | 97/203 [00:19<00:24,  4.38it/s]
dan_lambda_0.1: epoch 8:  48%|████▊     | 98/203 [00:20<00:23,  4.38it/s]
dan_lambda_0.1: epoch 8:  49%|████▉     | 99/203 [00:20<00:24,  4.24it/s]
dan_lambda_0.1: epoch 8:  49%|████▉     | 100/203 [00:20<00:22,  4.52it/s]
dan_lambda_0.1: epoch 8:  50%|████▉     | 101/203 [00:20<00:21,  4.75it/s]
dan_lambda_0.1: epoch 8:  50%|█████     | 102/203 [00:20<00:20,  4.90it/s]
dan_lambda_0.1: epoch 8:  51%|█████     | 103/203 [00:21<00:20,  4.99it/s]
dan_lambda_0.1: epoch 8:  51%|█████     | 104/203 [00:21<00:19,  5.13it/s]
dan_lambda_0.1: epoch 8:  52%|█████▏    | 105/203 [00:21<00:19,  5.14it/s]
dan_lambda_0.1: epoch 8:  52%|█████▏    | 106/203 [00:21<00:18,  5.34it/s]
dan_lambda_0.1: epoch 8:  53%|█████▎    | 107/203 [00:21<00:17,  5.51it/s]
dan_lambda_0.1: epoch 8:  53%|█████▎    | 108/203 [00:21<00:17,  5.50it/s]
dan_lambda_0.1: epoch 8:  54%|█████▎    | 109/203 [00:22<00:16,  5.65it/s]
dan_lambda_0.1: epoch 8:  54%|█████▍    | 110/203 [00:22<00:16,  5.60it/s]
dan_lambda_0.1: epoch 8:  55%|█████▍    | 111/203 [00:22<00:15,  5.81it/s]
dan_lambda_0.1: epoch 8:  55%|█████▌    | 112/203 [00:22<00:16,  5.66it/s]
dan_lambda_0.1: epoch 8:  56%|█████▌    | 113/203 [00:22<00:15,  5.65it/s]
dan_lambda_0.1: epoch 8:  56%|█████▌    | 114/203 [00:22<00:15,  5.82it/s]
dan_lambda_0.1: epoch 8:  57%|█████▋    | 115/203 [00:23<00:15,  5.82it/s]
dan_lambda_0.1: epoch 8:  57%|█████▋    | 116/203 [00:23<00:14,  5.85it/s]
dan_lambda_0.1: epoch 8:  58%|█████▊    | 117/203 [00:23<00:15,  5.50it/s]
dan_lambda_0.1: epoch 8:  58%|█████▊    | 118/203 [00:23<00:15,  5.65it/s]
dan_lambda_0.1: epoch 8:  59%|█████▊    | 119/203 [00:23<00:15,  5.56it/s]
dan_lambda_0.1: epoch 8:  59%|█████▉    | 120/203 [00:24<00:14,  5.65it/s]
dan_lambda_0.1: epoch 8:  60%|█████▉    | 121/203 [00:24<00:14,  5.72it/s]
dan_lambda_0.1: epoch 8:  60%|██████    | 122/203 [00:24<00:14,  5.62it/s]
dan_lambda_0.1: epoch 8:  61%|██████    | 123/203 [00:24<00:14,  5.58it/s]
dan_lambda_0.1: epoch 8:  61%|██████    | 124/203 [00:24<00:13,  5.69it/s]
dan_lambda_0.1: epoch 8:  62%|██████▏   | 125/203 [00:24<00:14,  5.51it/s]
dan_lambda_0.1: epoch 8:  62%|██████▏   | 126/203 [00:25<00:13,  5.66it/s]
dan_lambda_0.1: epoch 8:  63%|██████▎   | 127/203 [00:25<00:13,  5.70it/s]
dan_lambda_0.1: epoch 8:  63%|██████▎   | 128/203 [00:25<00:12,  5.83it/s]
dan_lambda_0.1: epoch 8:  64%|██████▎   | 129/203 [00:25<00:12,  5.74it/s]
dan_lambda_0.1: epoch 8:  64%|██████▍   | 130/203 [00:25<00:12,  5.65it/s]
dan_lambda_0.1: epoch 8:  65%|██████▍   | 131/203 [00:25<00:12,  5.61it/s]
dan_lambda_0.1: epoch 8:  65%|██████▌   | 132/203 [00:26<00:12,  5.56it/s]
dan_lambda_0.1: epoch 8:  66%|██████▌   | 133/203 [00:26<00:12,  5.57it/s]
dan_lambda_0.1: epoch 8:  66%|██████▌   | 134/203 [00:26<00:12,  5.64it/s]
dan_lambda_0.1: epoch 8:  67%|██████▋   | 135/203 [00:26<00:11,  5.67it/s]
dan_lambda_0.1: epoch 8:  67%|██████▋   | 136/203 [00:26<00:12,  5.56it/s]
dan_lambda_0.1: epoch 8:  67%|██████▋   | 137/203 [00:27<00:11,  5.64it/s]
dan_lambda_0.1: epoch 8:  68%|██████▊   | 138/203 [00:27<00:11,  5.73it/s]
dan_lambda_0.1: epoch 8:  68%|██████▊   | 139/203 [00:27<00:11,  5.81it/s]
dan_lambda_0.1: epoch 8:  69%|██████▉   | 140/203 [00:27<00:10,  5.88it/s]
dan_lambda_0.1: epoch 8:  69%|██████▉   | 141/203 [00:27<00:11,  5.51it/s]
dan_lambda_0.1: epoch 8:  70%|██████▉   | 142/203 [00:27<00:11,  5.50it/s]
dan_lambda_0.1: epoch 8:  70%|███████   | 143/203 [00:28<00:10,  5.61it/s]
dan_lambda_0.1: epoch 8:  71%|███████   | 144/203 [00:28<00:10,  5.53it/s]
dan_lambda_0.1: epoch 8:  71%|███████▏  | 145/203 [00:28<00:10,  5.55it/s]
dan_lambda_0.1: epoch 8:  72%|███████▏  | 146/203 [00:28<00:10,  5.54it/s]
dan_lambda_0.1: epoch 8:  72%|███████▏  | 147/203 [00:28<00:10,  5.52it/s]
dan_lambda_0.1: epoch 8:  73%|███████▎  | 148/203 [00:28<00:09,  5.58it/s]
dan_lambda_0.1: epoch 8:  73%|███████▎  | 149/203 [00:29<00:09,  5.56it/s]
dan_lambda_0.1: epoch 8:  74%|███████▍  | 150/203 [00:29<00:09,  5.56it/s]
dan_lambda_0.1: epoch 8:  74%|███████▍  | 151/203 [00:29<00:09,  5.45it/s]
dan_lambda_0.1: epoch 8:  75%|███████▍  | 152/203 [00:29<00:09,  5.50it/s]
dan_lambda_0.1: epoch 8:  75%|███████▌  | 153/203 [00:29<00:09,  5.50it/s]
dan_lambda_0.1: epoch 8:  76%|███████▌  | 154/203 [00:30<00:08,  5.61it/s]
dan_lambda_0.1: epoch 8:  76%|███████▋  | 155/203 [00:30<00:08,  5.67it/s]
dan_lambda_0.1: epoch 8:  77%|███████▋  | 156/203 [00:30<00:08,  5.24it/s]
dan_lambda_0.1: epoch 8:  77%|███████▋  | 157/203 [00:30<00:09,  4.90it/s]
dan_lambda_0.1: epoch 8:  78%|███████▊  | 158/203 [00:30<00:09,  4.95it/s]
dan_lambda_0.1: epoch 8:  78%|███████▊  | 159/203 [00:31<00:09,  4.58it/s]
dan_lambda_0.1: epoch 8:  79%|███████▉  | 160/203 [00:31<00:09,  4.53it/s]
dan_lambda_0.1: epoch 8:  79%|███████▉  | 161/203 [00:31<00:09,  4.65it/s]
dan_lambda_0.1: epoch 8:  80%|███████▉  | 162/203 [00:31<00:09,  4.39it/s]
dan_lambda_0.1: epoch 8:  80%|████████  | 163/203 [00:32<00:09,  4.37it/s]
dan_lambda_0.1: epoch 8:  81%|████████  | 164/203 [00:32<00:08,  4.48it/s]
dan_lambda_0.1: epoch 8:  81%|████████▏ | 165/203 [00:32<00:08,  4.69it/s]
dan_lambda_0.1: epoch 8:  82%|████████▏ | 166/203 [00:32<00:08,  4.54it/s]
dan_lambda_0.1: epoch 8:  82%|████████▏ | 167/203 [00:32<00:08,  4.37it/s]
dan_lambda_0.1: epoch 8:  83%|████████▎ | 168/203 [00:33<00:08,  4.27it/s]
dan_lambda_0.1: epoch 8:  83%|████████▎ | 169/203 [00:33<00:07,  4.40it/s]
dan_lambda_0.1: epoch 8:  84%|████████▎ | 170/203 [00:33<00:08,  3.77it/s]
dan_lambda_0.1: epoch 8:  84%|████████▍ | 171/203 [00:33<00:07,  4.00it/s]
dan_lambda_0.1: epoch 8:  85%|████████▍ | 172/203 [00:34<00:07,  3.93it/s]
dan_lambda_0.1: epoch 8:  85%|████████▌ | 173/203 [00:34<00:07,  4.09it/s]
dan_lambda_0.1: epoch 8:  86%|████████▌ | 174/203 [00:34<00:07,  4.12it/s]
dan_lambda_0.1: epoch 8:  86%|████████▌ | 175/203 [00:34<00:06,  4.22it/s]
dan_lambda_0.1: epoch 8:  87%|████████▋ | 176/203 [00:35<00:06,  4.24it/s]
dan_lambda_0.1: epoch 8:  87%|████████▋ | 177/203 [00:35<00:05,  4.38it/s]
dan_lambda_0.1: epoch 8:  88%|████████▊ | 178/203 [00:35<00:06,  4.13it/s]
dan_lambda_0.1: epoch 8:  88%|████████▊ | 179/203 [00:35<00:05,  4.50it/s]
dan_lambda_0.1: epoch 8:  89%|████████▊ | 180/203 [00:36<00:05,  4.58it/s]
dan_lambda_0.1: epoch 8:  89%|████████▉ | 181/203 [00:36<00:04,  4.83it/s]
dan_lambda_0.1: epoch 8:  90%|████████▉ | 182/203 [00:36<00:04,  5.08it/s]
dan_lambda_0.1: epoch 8:  90%|█████████ | 183/203 [00:36<00:03,  5.03it/s]
dan_lambda_0.1: epoch 8:  91%|█████████ | 184/203 [00:36<00:03,  5.06it/s]
dan_lambda_0.1: epoch 8:  91%|█████████ | 185/203 [00:36<00:03,  5.37it/s]
dan_lambda_0.1: epoch 8:  92%|█████████▏| 186/203 [00:37<00:03,  5.55it/s]
dan_lambda_0.1: epoch 8:  92%|█████████▏| 187/203 [00:37<00:02,  5.61it/s]
dan_lambda_0.1: epoch 8:  93%|█████████▎| 188/203 [00:37<00:02,  5.45it/s]
dan_lambda_0.1: epoch 8:  93%|█████████▎| 189/203 [00:37<00:02,  5.42it/s]
dan_lambda_0.1: epoch 8:  94%|█████████▎| 190/203 [00:37<00:02,  5.48it/s]
dan_lambda_0.1: epoch 8:  94%|█████████▍| 191/203 [00:38<00:02,  5.48it/s]
dan_lambda_0.1: epoch 8:  95%|█████████▍| 192/203 [00:38<00:01,  5.57it/s]
dan_lambda_0.1: epoch 8:  95%|█████████▌| 193/203 [00:38<00:01,  5.73it/s]
dan_lambda_0.1: epoch 8:  96%|█████████▌| 194/203 [00:38<00:01,  5.58it/s]
dan_lambda_0.1: epoch 8:  96%|█████████▌| 195/203 [00:38<00:01,  5.57it/s]
dan_lambda_0.1: epoch 8:  97%|█████████▋| 196/203 [00:38<00:01,  5.57it/s]
dan_lambda_0.1: epoch 8:  97%|█████████▋| 197/203 [00:39<00:01,  5.59it/s]
dan_lambda_0.1: epoch 8:  98%|█████████▊| 198/203 [00:39<00:00,  5.64it/s]
dan_lambda_0.1: epoch 8:  98%|█████████▊| 199/203 [00:39<00:00,  5.70it/s]
dan_lambda_0.1: epoch 8:  99%|█████████▊| 200/203 [00:39<00:00,  5.57it/s]
dan_lambda_0.1: epoch 8:  99%|█████████▉| 201/203 [00:39<00:00,  5.65it/s]
dan_lambda_0.1: epoch 8: 100%|█████████▉| 202/203 [00:39<00:00,  5.70it/s]
dan_lambda_0.1: epoch 8: 100%|██████████| 203/203 [00:40<00:00,  5.53it/s]
                                                                          
dan_lambda_0.1: epoch 8, source macro-f1=0.9355

dan_lambda_10: epoch 1:   0%|          | 0/203 [00:00<?, ?it/s]
dan_lambda_10: epoch 1:   0%|          | 1/203 [00:00<02:59,  1.13it/s]
dan_lambda_10: epoch 1:   1%|          | 2/203 [00:01<01:36,  2.08it/s]
dan_lambda_10: epoch 1:   1%|▏         | 3/203 [00:01<01:09,  2.89it/s]
dan_lambda_10: epoch 1:   2%|▏         | 4/203 [00:01<00:55,  3.60it/s]
dan_lambda_10: epoch 1:   2%|▏         | 5/203 [00:01<00:50,  3.91it/s]
dan_lambda_10: epoch 1:   3%|▎         | 6/203 [00:01<00:46,  4.20it/s]
dan_lambda_10: epoch 1:   3%|▎         | 7/203 [00:02<00:44,  4.42it/s]
dan_lambda_10: epoch 1:   4%|▍         | 8/203 [00:02<00:45,  4.27it/s]
dan_lambda_10: epoch 1:   4%|▍         | 9/203 [00:02<00:45,  4.30it/s]
dan_lambda_10: epoch 1:   5%|▍         | 10/203 [00:02<00:45,  4.25it/s]
dan_lambda_10: epoch 1:   5%|▌         | 11/203 [00:02<00:42,  4.52it/s]
dan_lambda_10: epoch 1:   6%|▌         | 12/203 [00:03<00:44,  4.29it/s]
dan_lambda_10: epoch 1:   6%|▋         | 13/203 [00:03<00:43,  4.36it/s]
dan_lambda_10: epoch 1:   7%|▋         | 14/203 [00:03<00:43,  4.31it/s]
dan_lambda_10: epoch 1:   7%|▋         | 15/203 [00:03<00:43,  4.31it/s]
dan_lambda_10: epoch 1:   8%|▊         | 16/203 [00:04<00:45,  4.14it/s]
dan_lambda_10: epoch 1:   8%|▊         | 17/203 [00:04<00:45,  4.12it/s]
dan_lambda_10: epoch 1:   9%|▉         | 18/203 [00:04<00:44,  4.12it/s]
dan_lambda_10: epoch 1:   9%|▉         | 19/203 [00:04<00:46,  3.92it/s]
dan_lambda_10: epoch 1:  10%|▉         | 20/203 [00:05<00:43,  4.20it/s]
dan_lambda_10: epoch 1:  10%|█         | 21/203 [00:05<00:43,  4.19it/s]
dan_lambda_10: epoch 1:  11%|█         | 22/203 [00:05<00:42,  4.27it/s]
dan_lambda_10: epoch 1:  11%|█▏        | 23/203 [00:05<00:41,  4.29it/s]
dan_lambda_10: epoch 1:  12%|█▏        | 24/203 [00:06<00:41,  4.32it/s]
dan_lambda_10: epoch 1:  12%|█▏        | 25/203 [00:06<00:43,  4.12it/s]
dan_lambda_10: epoch 1:  13%|█▎        | 26/203 [00:06<00:42,  4.18it/s]
dan_lambda_10: epoch 1:  13%|█▎        | 27/203 [00:06<00:42,  4.16it/s]
dan_lambda_10: epoch 1:  14%|█▍        | 28/203 [00:07<00:41,  4.22it/s]
dan_lambda_10: epoch 1:  14%|█▍        | 29/203 [00:07<00:41,  4.23it/s]
dan_lambda_10: epoch 1:  15%|█▍        | 30/203 [00:07<00:39,  4.41it/s]
dan_lambda_10: epoch 1:  15%|█▌        | 31/203 [00:07<00:38,  4.45it/s]
dan_lambda_10: epoch 1:  16%|█▌        | 32/203 [00:07<00:35,  4.82it/s]
dan_lambda_10: epoch 1:  16%|█▋        | 33/203 [00:08<00:34,  4.87it/s]
dan_lambda_10: epoch 1:  17%|█▋        | 34/203 [00:08<00:33,  5.07it/s]
dan_lambda_10: epoch 1:  17%|█▋        | 35/203 [00:08<00:33,  5.01it/s]
dan_lambda_10: epoch 1:  18%|█▊        | 36/203 [00:08<00:32,  5.11it/s]
dan_lambda_10: epoch 1:  18%|█▊        | 37/203 [00:08<00:32,  5.13it/s]
dan_lambda_10: epoch 1:  19%|█▊        | 38/203 [00:09<00:31,  5.22it/s]
dan_lambda_10: epoch 1:  19%|█▉        | 39/203 [00:09<00:30,  5.33it/s]
dan_lambda_10: epoch 1:  20%|█▉        | 40/203 [00:09<00:29,  5.45it/s]
dan_lambda_10: epoch 1:  20%|██        | 41/203 [00:09<00:29,  5.57it/s]
dan_lambda_10: epoch 1:  21%|██        | 42/203 [00:09<00:28,  5.60it/s]
dan_lambda_10: epoch 1:  21%|██        | 43/203 [00:09<00:28,  5.54it/s]
dan_lambda_10: epoch 1:  22%|██▏       | 44/203 [00:10<00:27,  5.68it/s]
dan_lambda_10: epoch 1:  22%|██▏       | 45/203 [00:10<00:28,  5.58it/s]
dan_lambda_10: epoch 1:  23%|██▎       | 46/203 [00:10<00:27,  5.70it/s]
dan_lambda_10: epoch 1:  23%|██▎       | 47/203 [00:10<00:28,  5.51it/s]
dan_lambda_10: epoch 1:  24%|██▎       | 48/203 [00:10<00:27,  5.65it/s]
dan_lambda_10: epoch 1:  24%|██▍       | 49/203 [00:10<00:27,  5.57it/s]
dan_lambda_10: epoch 1:  25%|██▍       | 50/203 [00:11<00:27,  5.59it/s]
dan_lambda_10: epoch 1:  25%|██▌       | 51/203 [00:11<00:27,  5.54it/s]
dan_lambda_10: epoch 1:  26%|██▌       | 52/203 [00:11<00:26,  5.68it/s]
dan_lambda_10: epoch 1:  26%|██▌       | 53/203 [00:11<00:26,  5.65it/s]
dan_lambda_10: epoch 1:  27%|██▋       | 54/203 [00:11<00:26,  5.60it/s]
dan_lambda_10: epoch 1:  27%|██▋       | 55/203 [00:12<00:26,  5.62it/s]
dan_lambda_10: epoch 1:  28%|██▊       | 56/203 [00:12<00:26,  5.59it/s]
dan_lambda_10: epoch 1:  28%|██▊       | 57/203 [00:12<00:26,  5.55it/s]
dan_lambda_10: epoch 1:  29%|██▊       | 58/203 [00:12<00:25,  5.59it/s]
dan_lambda_10: epoch 1:  29%|██▉       | 59/203 [00:12<00:25,  5.70it/s]
dan_lambda_10: epoch 1:  30%|██▉       | 60/203 [00:12<00:25,  5.71it/s]
dan_lambda_10: epoch 1:  30%|███       | 61/203 [00:13<00:24,  5.74it/s]
dan_lambda_10: epoch 1:  31%|███       | 62/203 [00:13<00:24,  5.68it/s]
dan_lambda_10: epoch 1:  31%|███       | 63/203 [00:13<00:24,  5.62it/s]
dan_lambda_10: epoch 1:  32%|███▏      | 64/203 [00:13<00:24,  5.65it/s]
dan_lambda_10: epoch 1:  32%|███▏      | 65/203 [00:13<00:24,  5.70it/s]
dan_lambda_10: epoch 1:  33%|███▎      | 66/203 [00:13<00:23,  5.76it/s]
dan_lambda_10: epoch 1:  33%|███▎      | 67/203 [00:14<00:24,  5.53it/s]
dan_lambda_10: epoch 1:  33%|███▎      | 68/203 [00:14<00:24,  5.59it/s]
dan_lambda_10: epoch 1:  34%|███▍      | 69/203 [00:14<00:23,  5.59it/s]
dan_lambda_10: epoch 1:  34%|███▍      | 70/203 [00:14<00:24,  5.42it/s]
dan_lambda_10: epoch 1:  35%|███▍      | 71/203 [00:14<00:23,  5.53it/s]
dan_lambda_10: epoch 1:  35%|███▌      | 72/203 [00:15<00:23,  5.52it/s]
dan_lambda_10: epoch 1:  36%|███▌      | 73/203 [00:15<00:22,  5.66it/s]
dan_lambda_10: epoch 1:  36%|███▋      | 74/203 [00:15<00:23,  5.52it/s]
dan_lambda_10: epoch 1:  37%|███▋      | 75/203 [00:15<00:22,  5.70it/s]
dan_lambda_10: epoch 1:  37%|███▋      | 76/203 [00:15<00:22,  5.68it/s]
dan_lambda_10: epoch 1:  38%|███▊      | 77/203 [00:15<00:22,  5.65it/s]
dan_lambda_10: epoch 1:  38%|███▊      | 78/203 [00:16<00:21,  5.68it/s]
dan_lambda_10: epoch 1:  39%|███▉      | 79/203 [00:16<00:21,  5.64it/s]
dan_lambda_10: epoch 1:  39%|███▉      | 80/203 [00:16<00:21,  5.60it/s]
dan_lambda_10: epoch 1:  40%|███▉      | 81/203 [00:16<00:21,  5.59it/s]
dan_lambda_10: epoch 1:  40%|████      | 82/203 [00:16<00:21,  5.60it/s]
dan_lambda_10: epoch 1:  41%|████      | 83/203 [00:17<00:20,  5.73it/s]
dan_lambda_10: epoch 1:  41%|████▏     | 84/203 [00:17<00:20,  5.74it/s]
dan_lambda_10: epoch 1:  42%|████▏     | 85/203 [00:17<00:20,  5.88it/s]
dan_lambda_10: epoch 1:  42%|████▏     | 86/203 [00:17<00:20,  5.70it/s]
dan_lambda_10: epoch 1:  43%|████▎     | 87/203 [00:17<00:21,  5.34it/s]
dan_lambda_10: epoch 1:  43%|████▎     | 88/203 [00:17<00:21,  5.25it/s]
dan_lambda_10: epoch 1:  44%|████▍     | 89/203 [00:18<00:21,  5.38it/s]
dan_lambda_10: epoch 1:  44%|████▍     | 90/203 [00:18<00:22,  5.08it/s]
dan_lambda_10: epoch 1:  45%|████▍     | 91/203 [00:18<00:23,  4.77it/s]
dan_lambda_10: epoch 1:  45%|████▌     | 92/203 [00:18<00:23,  4.66it/s]
dan_lambda_10: epoch 1:  46%|████▌     | 93/203 [00:19<00:24,  4.56it/s]
dan_lambda_10: epoch 1:  46%|████▋     | 94/203 [00:19<00:24,  4.41it/s]
dan_lambda_10: epoch 1:  47%|████▋     | 95/203 [00:19<00:23,  4.64it/s]
dan_lambda_10: epoch 1:  47%|████▋     | 96/203 [00:19<00:25,  4.16it/s]
dan_lambda_10: epoch 1:  48%|████▊     | 97/203 [00:20<00:25,  4.16it/s]
dan_lambda_10: epoch 1:  48%|████▊     | 98/203 [00:20<00:24,  4.28it/s]
dan_lambda_10: epoch 1:  49%|████▉     | 99/203 [00:20<00:23,  4.36it/s]
dan_lambda_10: epoch 1:  49%|████▉     | 100/203 [00:20<00:22,  4.48it/s]
dan_lambda_10: epoch 1:  50%|████▉     | 101/203 [00:20<00:23,  4.40it/s]
dan_lambda_10: epoch 1:  50%|█████     | 102/203 [00:21<00:22,  4.52it/s]
dan_lambda_10: epoch 1:  51%|█████     | 103/203 [00:21<00:22,  4.44it/s]
dan_lambda_10: epoch 1:  51%|█████     | 104/203 [00:21<00:22,  4.46it/s]
dan_lambda_10: epoch 1:  52%|█████▏    | 105/203 [00:21<00:22,  4.45it/s]
dan_lambda_10: epoch 1:  52%|█████▏    | 106/203 [00:22<00:21,  4.44it/s]
dan_lambda_10: epoch 1:  53%|█████▎    | 107/203 [00:22<00:23,  4.13it/s]
dan_lambda_10: epoch 1:  53%|█████▎    | 108/203 [00:22<00:21,  4.40it/s]
dan_lambda_10: epoch 1:  54%|█████▎    | 109/203 [00:22<00:22,  4.21it/s]
dan_lambda_10: epoch 1:  54%|█████▍    | 110/203 [00:22<00:21,  4.35it/s]
dan_lambda_10: epoch 1:  55%|█████▍    | 111/203 [00:23<00:20,  4.55it/s]
dan_lambda_10: epoch 1:  55%|█████▌    | 112/203 [00:23<00:18,  4.82it/s]
dan_lambda_10: epoch 1:  56%|█████▌    | 113/203 [00:23<00:18,  4.96it/s]
dan_lambda_10: epoch 1:  56%|█████▌    | 114/203 [00:23<00:17,  5.16it/s]
dan_lambda_10: epoch 1:  57%|█████▋    | 115/203 [00:23<00:16,  5.20it/s]
dan_lambda_10: epoch 1:  57%|█████▋    | 116/203 [00:24<00:15,  5.46it/s]
dan_lambda_10: epoch 1:  58%|█████▊    | 117/203 [00:24<00:15,  5.49it/s]
dan_lambda_10: epoch 1:  58%|█████▊    | 118/203 [00:24<00:15,  5.45it/s]
dan_lambda_10: epoch 1:  59%|█████▊    | 119/203 [00:24<00:15,  5.50it/s]
dan_lambda_10: epoch 1:  59%|█████▉    | 120/203 [00:24<00:14,  5.54it/s]
dan_lambda_10: epoch 1:  60%|█████▉    | 121/203 [00:24<00:14,  5.56it/s]
dan_lambda_10: epoch 1:  60%|██████    | 122/203 [00:25<00:14,  5.57it/s]
dan_lambda_10: epoch 1:  61%|██████    | 123/203 [00:25<00:14,  5.57it/s]
dan_lambda_10: epoch 1:  61%|██████    | 124/203 [00:25<00:14,  5.50it/s]
dan_lambda_10: epoch 1:  62%|██████▏   | 125/203 [00:25<00:14,  5.53it/s]
dan_lambda_10: epoch 1:  62%|██████▏   | 126/203 [00:25<00:13,  5.53it/s]
dan_lambda_10: epoch 1:  63%|██████▎   | 127/203 [00:26<00:13,  5.55it/s]
dan_lambda_10: epoch 1:  63%|██████▎   | 128/203 [00:26<00:13,  5.54it/s]
dan_lambda_10: epoch 1:  64%|██████▎   | 129/203 [00:26<00:12,  5.71it/s]
dan_lambda_10: epoch 1:  64%|██████▍   | 130/203 [00:26<00:13,  5.44it/s]
dan_lambda_10: epoch 1:  65%|██████▍   | 131/203 [00:26<00:13,  5.53it/s]
dan_lambda_10: epoch 1:  65%|██████▌   | 132/203 [00:26<00:12,  5.55it/s]
dan_lambda_10: epoch 1:  66%|██████▌   | 133/203 [00:27<00:12,  5.61it/s]
dan_lambda_10: epoch 1:  66%|██████▌   | 134/203 [00:27<00:12,  5.68it/s]
dan_lambda_10: epoch 1:  67%|██████▋   | 135/203 [00:27<00:11,  5.81it/s]
dan_lambda_10: epoch 1:  67%|██████▋   | 136/203 [00:27<00:11,  5.76it/s]
dan_lambda_10: epoch 1:  67%|██████▋   | 137/203 [00:27<00:11,  5.68it/s]
dan_lambda_10: epoch 1:  68%|██████▊   | 138/203 [00:27<00:11,  5.64it/s]
dan_lambda_10: epoch 1:  68%|██████▊   | 139/203 [00:28<00:11,  5.58it/s]
dan_lambda_10: epoch 1:  69%|██████▉   | 140/203 [00:28<00:11,  5.67it/s]
dan_lambda_10: epoch 1:  69%|██████▉   | 141/203 [00:28<00:10,  5.72it/s]
dan_lambda_10: epoch 1:  70%|██████▉   | 142/203 [00:28<00:10,  5.62it/s]
dan_lambda_10: epoch 1:  70%|███████   | 143/203 [00:28<00:10,  5.75it/s]
dan_lambda_10: epoch 1:  71%|███████   | 144/203 [00:29<00:10,  5.73it/s]
dan_lambda_10: epoch 1:  71%|███████▏  | 145/203 [00:29<00:10,  5.77it/s]
dan_lambda_10: epoch 1:  72%|███████▏  | 146/203 [00:29<00:09,  5.80it/s]
dan_lambda_10: epoch 1:  72%|███████▏  | 147/203 [00:29<00:09,  5.64it/s]
dan_lambda_10: epoch 1:  73%|███████▎  | 148/203 [00:29<00:09,  5.67it/s]
dan_lambda_10: epoch 1:  73%|███████▎  | 149/203 [00:29<00:09,  5.71it/s]
dan_lambda_10: epoch 1:  74%|███████▍  | 150/203 [00:30<00:09,  5.73it/s]
dan_lambda_10: epoch 1:  74%|███████▍  | 151/203 [00:30<00:09,  5.74it/s]
dan_lambda_10: epoch 1:  75%|███████▍  | 152/203 [00:30<00:08,  5.89it/s]
dan_lambda_10: epoch 1:  75%|███████▌  | 153/203 [00:30<00:08,  5.83it/s]
dan_lambda_10: epoch 1:  76%|███████▌  | 154/203 [00:30<00:08,  5.67it/s]
dan_lambda_10: epoch 1:  76%|███████▋  | 155/203 [00:30<00:08,  5.78it/s]
dan_lambda_10: epoch 1:  77%|███████▋  | 156/203 [00:31<00:08,  5.78it/s]
dan_lambda_10: epoch 1:  77%|███████▋  | 157/203 [00:31<00:07,  5.81it/s]
dan_lambda_10: epoch 1:  78%|███████▊  | 158/203 [00:31<00:07,  5.72it/s]
dan_lambda_10: epoch 1:  78%|███████▊  | 159/203 [00:31<00:07,  5.75it/s]
dan_lambda_10: epoch 1:  79%|███████▉  | 160/203 [00:31<00:07,  5.75it/s]
dan_lambda_10: epoch 1:  79%|███████▉  | 161/203 [00:31<00:07,  5.91it/s]
dan_lambda_10: epoch 1:  80%|███████▉  | 162/203 [00:32<00:06,  5.94it/s]
dan_lambda_10: epoch 1:  80%|████████  | 163/203 [00:32<00:06,  5.91it/s]
dan_lambda_10: epoch 1:  81%|████████  | 164/203 [00:32<00:08,  4.57it/s]
dan_lambda_10: epoch 1:  81%|████████▏ | 165/203 [00:32<00:07,  4.82it/s]
dan_lambda_10: epoch 1:  82%|████████▏ | 166/203 [00:33<00:07,  4.97it/s]
dan_lambda_10: epoch 1:  82%|████████▏ | 167/203 [00:33<00:07,  5.04it/s]
dan_lambda_10: epoch 1:  83%|████████▎ | 168/203 [00:33<00:08,  4.10it/s]
dan_lambda_10: epoch 1:  83%|████████▎ | 169/203 [00:33<00:07,  4.29it/s]
dan_lambda_10: epoch 1:  84%|████████▎ | 170/203 [00:33<00:07,  4.38it/s]
dan_lambda_10: epoch 1:  84%|████████▍ | 171/203 [00:34<00:07,  4.40it/s]
dan_lambda_10: epoch 1:  85%|████████▍ | 172/203 [00:34<00:07,  4.35it/s]
dan_lambda_10: epoch 1:  85%|████████▌ | 173/203 [00:34<00:07,  4.26it/s]
dan_lambda_10: epoch 1:  86%|████████▌ | 174/203 [00:34<00:06,  4.40it/s]
dan_lambda_10: epoch 1:  86%|████████▌ | 175/203 [00:35<00:06,  4.38it/s]
dan_lambda_10: epoch 1:  87%|████████▋ | 176/203 [00:35<00:06,  4.32it/s]
dan_lambda_10: epoch 1:  87%|████████▋ | 177/203 [00:35<00:05,  4.54it/s]
dan_lambda_10: epoch 1:  88%|████████▊ | 178/203 [00:35<00:05,  4.43it/s]
dan_lambda_10: epoch 1:  88%|████████▊ | 179/203 [00:36<00:05,  4.39it/s]
dan_lambda_10: epoch 1:  89%|████████▊ | 180/203 [00:36<00:05,  4.36it/s]
dan_lambda_10: epoch 1:  89%|████████▉ | 181/203 [00:36<00:05,  4.38it/s]
dan_lambda_10: epoch 1:  90%|████████▉ | 182/203 [00:36<00:04,  4.22it/s]
dan_lambda_10: epoch 1:  90%|█████████ | 183/203 [00:36<00:04,  4.22it/s]
dan_lambda_10: epoch 1:  91%|█████████ | 184/203 [00:37<00:04,  4.00it/s]
dan_lambda_10: epoch 1:  91%|█████████ | 185/203 [00:37<00:04,  4.12it/s]
dan_lambda_10: epoch 1:  92%|█████████▏| 186/203 [00:37<00:04,  4.14it/s]
dan_lambda_10: epoch 1:  92%|█████████▏| 187/203 [00:37<00:03,  4.40it/s]
dan_lambda_10: epoch 1:  93%|█████████▎| 188/203 [00:38<00:03,  4.18it/s]
dan_lambda_10: epoch 1:  93%|█████████▎| 189/203 [00:38<00:03,  4.39it/s]
dan_lambda_10: epoch 1:  94%|█████████▎| 190/203 [00:38<00:02,  4.35it/s]
dan_lambda_10: epoch 1:  94%|█████████▍| 191/203 [00:38<00:02,  4.60it/s]
dan_lambda_10: epoch 1:  95%|█████████▍| 192/203 [00:39<00:02,  4.71it/s]
dan_lambda_10: epoch 1:  95%|█████████▌| 193/203 [00:39<00:02,  4.94it/s]
dan_lambda_10: epoch 1:  96%|█████████▌| 194/203 [00:39<00:01,  5.06it/s]
dan_lambda_10: epoch 1:  96%|█████████▌| 195/203 [00:39<00:01,  5.29it/s]
dan_lambda_10: epoch 1:  97%|█████████▋| 196/203 [00:39<00:01,  5.27it/s]
dan_lambda_10: epoch 1:  97%|█████████▋| 197/203 [00:39<00:01,  5.44it/s]
dan_lambda_10: epoch 1:  98%|█████████▊| 198/203 [00:40<00:00,  5.38it/s]
dan_lambda_10: epoch 1:  98%|█████████▊| 199/203 [00:40<00:00,  5.60it/s]
dan_lambda_10: epoch 1:  99%|█████████▊| 200/203 [00:40<00:00,  5.63it/s]
dan_lambda_10: epoch 1:  99%|█████████▉| 201/203 [00:40<00:00,  5.73it/s]
dan_lambda_10: epoch 1: 100%|█████████▉| 202/203 [00:40<00:00,  5.83it/s]
dan_lambda_10: epoch 1: 100%|██████████| 203/203 [00:40<00:00,  5.95it/s]
                                                                         
dan_lambda_10: epoch 1, source macro-f1=0.0507

dan_lambda_10: epoch 2:   0%|          | 0/203 [00:00<?, ?it/s]
dan_lambda_10: epoch 2:   0%|          | 1/203 [00:00<00:31,  6.36it/s]
dan_lambda_10: epoch 2:   1%|          | 2/203 [00:00<00:42,  4.72it/s]
dan_lambda_10: epoch 2:   1%|▏         | 3/203 [00:00<00:37,  5.29it/s]
dan_lambda_10: epoch 2:   2%|▏         | 4/203 [00:00<00:37,  5.35it/s]
dan_lambda_10: epoch 2:   2%|▏         | 5/203 [00:00<00:36,  5.47it/s]
dan_lambda_10: epoch 2:   3%|▎         | 6/203 [00:01<00:36,  5.45it/s]
dan_lambda_10: epoch 2:   3%|▎         | 7/203 [00:01<00:34,  5.61it/s]
dan_lambda_10: epoch 2:   4%|▍         | 8/203 [00:01<00:34,  5.73it/s]
dan_lambda_10: epoch 2:   4%|▍         | 9/203 [00:01<00:34,  5.58it/s]
dan_lambda_10: epoch 2:   5%|▍         | 10/203 [00:01<00:34,  5.55it/s]
dan_lambda_10: epoch 2:   5%|▌         | 11/203 [00:01<00:34,  5.62it/s]
dan_lambda_10: epoch 2:   6%|▌         | 12/203 [00:02<00:34,  5.58it/s]
dan_lambda_10: epoch 2:   6%|▋         | 13/203 [00:02<00:33,  5.59it/s]
dan_lambda_10: epoch 2:   7%|▋         | 14/203 [00:02<00:33,  5.57it/s]
dan_lambda_10: epoch 2:   7%|▋         | 15/203 [00:02<00:33,  5.63it/s]
dan_lambda_10: epoch 2:   8%|▊         | 16/203 [00:02<00:33,  5.52it/s]
dan_lambda_10: epoch 2:   8%|▊         | 17/203 [00:03<00:33,  5.61it/s]
dan_lambda_10: epoch 2:   9%|▉         | 18/203 [00:03<00:33,  5.60it/s]
dan_lambda_10: epoch 2:   9%|▉         | 19/203 [00:03<00:33,  5.48it/s]
dan_lambda_10: epoch 2:  10%|▉         | 20/203 [00:03<00:33,  5.52it/s]
dan_lambda_10: epoch 2:  10%|█         | 21/203 [00:03<00:32,  5.53it/s]
dan_lambda_10: epoch 2:  11%|█         | 22/203 [00:04<00:34,  5.25it/s]
dan_lambda_10: epoch 2:  11%|█▏        | 23/203 [00:04<00:34,  5.20it/s]
dan_lambda_10: epoch 2:  12%|█▏        | 24/203 [00:04<00:35,  5.04it/s]
dan_lambda_10: epoch 2:  12%|█▏        | 25/203 [00:04<00:35,  5.04it/s]
dan_lambda_10: epoch 2:  13%|█▎        | 26/203 [00:04<00:38,  4.66it/s]
dan_lambda_10: epoch 2:  13%|█▎        | 27/203 [00:05<00:38,  4.57it/s]
dan_lambda_10: epoch 2:  14%|█▍        | 28/203 [00:05<00:38,  4.55it/s]
dan_lambda_10: epoch 2:  14%|█▍        | 29/203 [00:05<00:37,  4.62it/s]
dan_lambda_10: epoch 2:  15%|█▍        | 30/203 [00:05<00:36,  4.72it/s]
dan_lambda_10: epoch 2:  15%|█▌        | 31/203 [00:05<00:36,  4.66it/s]
dan_lambda_10: epoch 2:  16%|█▌        | 32/203 [00:06<00:46,  3.68it/s]
dan_lambda_10: epoch 2:  16%|█▋        | 33/203 [00:06<00:44,  3.80it/s]
dan_lambda_10: epoch 2:  17%|█▋        | 34/203 [00:06<00:41,  4.09it/s]
dan_lambda_10: epoch 2:  17%|█▋        | 35/203 [00:07<00:40,  4.17it/s]
dan_lambda_10: epoch 2:  18%|█▊        | 36/203 [00:07<00:40,  4.13it/s]
dan_lambda_10: epoch 2:  18%|█▊        | 37/203 [00:07<00:39,  4.23it/s]
dan_lambda_10: epoch 2:  19%|█▊        | 38/203 [00:07<00:39,  4.21it/s]
dan_lambda_10: epoch 2:  19%|█▉        | 39/203 [00:07<00:38,  4.25it/s]
dan_lambda_10: epoch 2:  20%|█▉        | 40/203 [00:08<00:38,  4.27it/s]
dan_lambda_10: epoch 2:  20%|██        | 41/203 [00:08<00:37,  4.35it/s]
dan_lambda_10: epoch 2:  21%|██        | 42/203 [00:08<00:38,  4.19it/s]
dan_lambda_10: epoch 2:  21%|██        | 43/203 [00:08<00:40,  3.91it/s]
dan_lambda_10: epoch 2:  22%|██▏       | 44/203 [00:09<00:39,  4.02it/s]
dan_lambda_10: epoch 2:  22%|██▏       | 45/203 [00:09<00:46,  3.42it/s]
dan_lambda_10: epoch 2:  23%|██▎       | 46/203 [00:09<00:40,  3.91it/s]
dan_lambda_10: epoch 2:  23%|██▎       | 47/203 [00:09<00:36,  4.26it/s]
dan_lambda_10: epoch 2:  24%|██▎       | 48/203 [00:10<00:34,  4.55it/s]
dan_lambda_10: epoch 2:  24%|██▍       | 49/203 [00:10<00:31,  4.83it/s]
dan_lambda_10: epoch 2:  25%|██▍       | 50/203 [00:10<00:29,  5.19it/s]
dan_lambda_10: epoch 2:  25%|██▌       | 51/203 [00:10<00:29,  5.19it/s]
dan_lambda_10: epoch 2:  26%|██▌       | 52/203 [00:10<00:28,  5.29it/s]
dan_lambda_10: epoch 2:  26%|██▌       | 53/203 [00:11<00:27,  5.41it/s]
dan_lambda_10: epoch 2:  27%|██▋       | 54/203 [00:11<00:27,  5.49it/s]
dan_lambda_10: epoch 2:  27%|██▋       | 55/203 [00:11<00:26,  5.57it/s]
dan_lambda_10: epoch 2:  28%|██▊       | 56/203 [00:11<00:26,  5.49it/s]
dan_lambda_10: epoch 2:  28%|██▊       | 57/203 [00:11<00:25,  5.62it/s]
dan_lambda_10: epoch 2:  29%|██▊       | 58/203 [00:11<00:25,  5.63it/s]
dan_lambda_10: epoch 2:  29%|██▉       | 59/203 [00:12<00:24,  5.79it/s]
dan_lambda_10: epoch 2:  30%|██▉       | 60/203 [00:12<00:25,  5.65it/s]
dan_lambda_10: epoch 2:  30%|███       | 61/203 [00:12<00:25,  5.54it/s]
dan_lambda_10: epoch 2:  31%|███       | 62/203 [00:12<00:25,  5.58it/s]
dan_lambda_10: epoch 2:  31%|███       | 63/203 [00:12<00:24,  5.64it/s]
dan_lambda_10: epoch 2:  32%|███▏      | 64/203 [00:12<00:24,  5.62it/s]
dan_lambda_10: epoch 2:  32%|███▏      | 65/203 [00:13<00:24,  5.62it/s]
dan_lambda_10: epoch 2:  33%|███▎      | 66/203 [00:13<00:23,  5.81it/s]
dan_lambda_10: epoch 2:  33%|███▎      | 67/203 [00:13<00:24,  5.59it/s]
dan_lambda_10: epoch 2:  33%|███▎      | 68/203 [00:13<00:23,  5.67it/s]
dan_lambda_10: epoch 2:  34%|███▍      | 69/203 [00:13<00:23,  5.76it/s]
dan_lambda_10: epoch 2:  34%|███▍      | 70/203 [00:14<00:23,  5.73it/s]
dan_lambda_10: epoch 2:  35%|███▍      | 71/203 [00:14<00:23,  5.62it/s]
dan_lambda_10: epoch 2:  35%|███▌      | 72/203 [00:14<00:22,  5.76it/s]
dan_lambda_10: epoch 2:  36%|███▌      | 73/203 [00:14<00:22,  5.85it/s]
dan_lambda_10: epoch 2:  36%|███▋      | 74/203 [00:14<00:22,  5.86it/s]
dan_lambda_10: epoch 2:  37%|███▋      | 75/203 [00:14<00:22,  5.75it/s]
dan_lambda_10: epoch 2:  37%|███▋      | 76/203 [00:15<00:22,  5.70it/s]
dan_lambda_10: epoch 2:  38%|███▊      | 77/203 [00:15<00:21,  5.74it/s]
dan_lambda_10: epoch 2:  38%|███▊      | 78/203 [00:15<00:21,  5.76it/s]
dan_lambda_10: epoch 2:  39%|███▉      | 79/203 [00:15<00:22,  5.43it/s]
dan_lambda_10: epoch 2:  39%|███▉      | 80/203 [00:15<00:22,  5.51it/s]
dan_lambda_10: epoch 2:  40%|███▉      | 81/203 [00:15<00:22,  5.49it/s]
dan_lambda_10: epoch 2:  40%|████      | 82/203 [00:16<00:21,  5.58it/s]
dan_lambda_10: epoch 2:  41%|████      | 83/203 [00:16<00:21,  5.71it/s]
dan_lambda_10: epoch 2:  41%|████▏     | 84/203 [00:16<00:20,  5.71it/s]
dan_lambda_10: epoch 2:  42%|████▏     | 85/203 [00:16<00:20,  5.67it/s]
dan_lambda_10: epoch 2:  42%|████▏     | 86/203 [00:16<00:19,  5.88it/s]
dan_lambda_10: epoch 2:  43%|████▎     | 87/203 [00:17<00:20,  5.73it/s]
dan_lambda_10: epoch 2:  43%|████▎     | 88/203 [00:17<00:19,  5.81it/s]
dan_lambda_10: epoch 2:  44%|████▍     | 89/203 [00:17<00:20,  5.63it/s]
dan_lambda_10: epoch 2:  44%|████▍     | 90/203 [00:17<00:19,  5.81it/s]
dan_lambda_10: epoch 2:  45%|████▍     | 91/203 [00:17<00:19,  5.72it/s]
dan_lambda_10: epoch 2:  45%|████▌     | 92/203 [00:17<00:19,  5.65it/s]
dan_lambda_10: epoch 2:  46%|████▌     | 93/203 [00:18<00:19,  5.74it/s]
dan_lambda_10: epoch 2:  46%|████▋     | 94/203 [00:18<00:18,  5.81it/s]
dan_lambda_10: epoch 2:  47%|████▋     | 95/203 [00:18<00:18,  5.70it/s]
dan_lambda_10: epoch 2:  47%|████▋     | 96/203 [00:18<00:18,  5.79it/s]
dan_lambda_10: epoch 2:  48%|████▊     | 97/203 [00:18<00:18,  5.67it/s]
dan_lambda_10: epoch 2:  48%|████▊     | 98/203 [00:18<00:18,  5.73it/s]
dan_lambda_10: epoch 2:  49%|████▉     | 99/203 [00:19<00:17,  5.79it/s]
dan_lambda_10: epoch 2:  49%|████▉     | 100/203 [00:19<00:17,  5.77it/s]
dan_lambda_10: epoch 2:  50%|████▉     | 101/203 [00:19<00:18,  5.66it/s]
dan_lambda_10: epoch 2:  50%|█████     | 102/203 [00:19<00:18,  5.38it/s]
dan_lambda_10: epoch 2:  51%|█████     | 103/203 [00:19<00:19,  5.23it/s]
dan_lambda_10: epoch 2:  51%|█████     | 104/203 [00:20<00:18,  5.25it/s]
dan_lambda_10: epoch 2:  52%|█████▏    | 105/203 [00:20<00:20,  4.87it/s]
dan_lambda_10: epoch 2:  52%|█████▏    | 106/203 [00:20<00:20,  4.84it/s]
dan_lambda_10: epoch 2:  53%|█████▎    | 107/203 [00:20<00:20,  4.74it/s]
dan_lambda_10: epoch 2:  53%|█████▎    | 108/203 [00:20<00:21,  4.49it/s]
dan_lambda_10: epoch 2:  54%|█████▎    | 109/203 [00:21<00:23,  4.02it/s]
dan_lambda_10: epoch 2:  54%|█████▍    | 110/203 [00:21<00:23,  3.96it/s]
dan_lambda_10: epoch 2:  55%|█████▍    | 111/203 [00:21<00:22,  4.11it/s]
dan_lambda_10: epoch 2:  55%|█████▌    | 112/203 [00:21<00:21,  4.23it/s]
dan_lambda_10: epoch 2:  56%|█████▌    | 113/203 [00:22<00:20,  4.37it/s]
dan_lambda_10: epoch 2:  56%|█████▌    | 114/203 [00:22<00:20,  4.41it/s]
dan_lambda_10: epoch 2:  57%|█████▋    | 115/203 [00:22<00:20,  4.25it/s]
dan_lambda_10: epoch 2:  57%|█████▋    | 116/203 [00:22<00:20,  4.35it/s]
dan_lambda_10: epoch 2:  58%|█████▊    | 117/203 [00:23<00:21,  4.01it/s]
dan_lambda_10: epoch 2:  58%|█████▊    | 118/203 [00:23<00:20,  4.19it/s]
dan_lambda_10: epoch 2:  59%|█████▊    | 119/203 [00:23<00:19,  4.21it/s]
dan_lambda_10: epoch 2:  59%|█████▉    | 120/203 [00:23<00:19,  4.20it/s]
dan_lambda_10: epoch 2:  60%|█████▉    | 121/203 [00:24<00:18,  4.33it/s]
dan_lambda_10: epoch 2:  60%|██████    | 122/203 [00:24<00:17,  4.51it/s]
dan_lambda_10: epoch 2:  61%|██████    | 123/203 [00:24<00:16,  4.74it/s]
dan_lambda_10: epoch 2:  61%|██████    | 124/203 [00:24<00:22,  3.51it/s]
dan_lambda_10: epoch 2:  62%|██████▏   | 125/203 [00:25<00:20,  3.84it/s]
dan_lambda_10: epoch 2:  62%|██████▏   | 126/203 [00:25<00:19,  4.04it/s]
dan_lambda_10: epoch 2:  63%|██████▎   | 127/203 [00:25<00:18,  4.18it/s]
dan_lambda_10: epoch 2:  63%|██████▎   | 128/203 [00:25<00:16,  4.50it/s]
dan_lambda_10: epoch 2:  64%|██████▎   | 129/203 [00:25<00:15,  4.73it/s]
dan_lambda_10: epoch 2:  64%|██████▍   | 130/203 [00:26<00:14,  5.07it/s]
dan_lambda_10: epoch 2:  65%|██████▍   | 131/203 [00:26<00:13,  5.35it/s]
dan_lambda_10: epoch 2:  65%|██████▌   | 132/203 [00:26<00:14,  4.95it/s]
dan_lambda_10: epoch 2:  66%|██████▌   | 133/203 [00:26<00:13,  5.14it/s]
dan_lambda_10: epoch 2:  66%|██████▌   | 134/203 [00:26<00:12,  5.32it/s]
dan_lambda_10: epoch 2:  67%|██████▋   | 135/203 [00:27<00:12,  5.39it/s]
dan_lambda_10: epoch 2:  67%|██████▋   | 136/203 [00:27<00:12,  5.42it/s]
dan_lambda_10: epoch 2:  67%|██████▋   | 137/203 [00:27<00:11,  5.60it/s]
dan_lambda_10: epoch 2:  68%|██████▊   | 138/203 [00:27<00:11,  5.53it/s]
dan_lambda_10: epoch 2:  68%|██████▊   | 139/203 [00:27<00:11,  5.76it/s]
dan_lambda_10: epoch 2:  69%|██████▉   | 140/203 [00:27<00:11,  5.60it/s]
dan_lambda_10: epoch 2:  69%|██████▉   | 141/203 [00:28<00:10,  5.65it/s]
dan_lambda_10: epoch 2:  70%|██████▉   | 142/203 [00:28<00:10,  5.76it/s]
dan_lambda_10: epoch 2:  70%|███████   | 143/203 [00:28<00:10,  5.88it/s]
dan_lambda_10: epoch 2:  71%|███████   | 144/203 [00:28<00:09,  5.93it/s]
dan_lambda_10: epoch 2:  71%|███████▏  | 145/203 [00:28<00:09,  5.92it/s]
dan_lambda_10: epoch 2:  72%|███████▏  | 146/203 [00:28<00:09,  5.82it/s]
dan_lambda_10: epoch 2:  72%|███████▏  | 147/203 [00:29<00:09,  5.83it/s]
dan_lambda_10: epoch 2:  73%|███████▎  | 148/203 [00:29<00:09,  5.74it/s]
dan_lambda_10: epoch 2:  73%|███████▎  | 149/203 [00:29<00:09,  5.63it/s]
dan_lambda_10: epoch 2:  74%|███████▍  | 150/203 [00:29<00:09,  5.54it/s]
dan_lambda_10: epoch 2:  74%|███████▍  | 151/203 [00:29<00:09,  5.78it/s]
dan_lambda_10: epoch 2:  75%|███████▍  | 152/203 [00:29<00:09,  5.66it/s]
dan_lambda_10: epoch 2:  75%|███████▌  | 153/203 [00:30<00:08,  5.80it/s]
dan_lambda_10: epoch 2:  76%|███████▌  | 154/203 [00:30<00:08,  5.73it/s]
dan_lambda_10: epoch 2:  76%|███████▋  | 155/203 [00:30<00:08,  5.75it/s]
dan_lambda_10: epoch 2:  77%|███████▋  | 156/203 [00:30<00:08,  5.62it/s]
dan_lambda_10: epoch 2:  77%|███████▋  | 157/203 [00:30<00:08,  5.56it/s]
dan_lambda_10: epoch 2:  78%|███████▊  | 158/203 [00:31<00:07,  5.72it/s]
dan_lambda_10: epoch 2:  78%|███████▊  | 159/203 [00:31<00:07,  5.65it/s]
dan_lambda_10: epoch 2:  79%|███████▉  | 160/203 [00:31<00:07,  5.74it/s]
dan_lambda_10: epoch 2:  79%|███████▉  | 161/203 [00:31<00:07,  5.64it/s]
dan_lambda_10: epoch 2:  80%|███████▉  | 162/203 [00:31<00:07,  5.85it/s]
dan_lambda_10: epoch 2:  80%|████████  | 163/203 [00:31<00:06,  5.89it/s]
dan_lambda_10: epoch 2:  81%|████████  | 164/203 [00:32<00:06,  5.98it/s]
dan_lambda_10: epoch 2:  81%|████████▏ | 165/203 [00:32<00:06,  5.97it/s]
dan_lambda_10: epoch 2:  82%|████████▏ | 166/203 [00:32<00:06,  5.92it/s]
dan_lambda_10: epoch 2:  82%|████████▏ | 167/203 [00:32<00:06,  5.70it/s]
dan_lambda_10: epoch 2:  83%|████████▎ | 168/203 [00:32<00:06,  5.80it/s]
dan_lambda_10: epoch 2:  83%|████████▎ | 169/203 [00:32<00:05,  5.86it/s]
dan_lambda_10: epoch 2:  84%|████████▎ | 170/203 [00:33<00:05,  5.97it/s]
dan_lambda_10: epoch 2:  84%|████████▍ | 171/203 [00:33<00:05,  5.92it/s]
dan_lambda_10: epoch 2:  85%|████████▍ | 172/203 [00:33<00:05,  5.95it/s]
dan_lambda_10: epoch 2:  85%|████████▌ | 173/203 [00:33<00:05,  5.88it/s]
dan_lambda_10: epoch 2:  86%|████████▌ | 174/203 [00:33<00:05,  5.55it/s]
dan_lambda_10: epoch 2:  86%|████████▌ | 175/203 [00:33<00:04,  5.77it/s]
dan_lambda_10: epoch 2:  87%|████████▋ | 176/203 [00:34<00:04,  5.79it/s]
dan_lambda_10: epoch 2:  87%|████████▋ | 177/203 [00:34<00:04,  5.82it/s]
dan_lambda_10: epoch 2:  88%|████████▊ | 178/203 [00:34<00:04,  5.86it/s]
dan_lambda_10: epoch 2:  88%|████████▊ | 179/203 [00:34<00:04,  5.87it/s]
dan_lambda_10: epoch 2:  89%|████████▊ | 180/203 [00:34<00:04,  5.71it/s]
dan_lambda_10: epoch 2:  89%|████████▉ | 181/203 [00:35<00:03,  5.69it/s]
dan_lambda_10: epoch 2:  90%|████████▉ | 182/203 [00:35<00:03,  5.73it/s]
dan_lambda_10: epoch 2:  90%|█████████ | 183/203 [00:35<00:03,  5.83it/s]
dan_lambda_10: epoch 2:  91%|█████████ | 184/203 [00:35<00:03,  5.83it/s]
dan_lambda_10: epoch 2:  91%|█████████ | 185/203 [00:35<00:03,  5.59it/s]
dan_lambda_10: epoch 2:  92%|█████████▏| 186/203 [00:35<00:03,  5.30it/s]
dan_lambda_10: epoch 2:  92%|█████████▏| 187/203 [00:36<00:03,  5.31it/s]
dan_lambda_10: epoch 2:  93%|█████████▎| 188/203 [00:36<00:02,  5.10it/s]
dan_lambda_10: epoch 2:  93%|█████████▎| 189/203 [00:36<00:02,  4.68it/s]
dan_lambda_10: epoch 2:  94%|█████████▎| 190/203 [00:36<00:02,  4.64it/s]
dan_lambda_10: epoch 2:  94%|█████████▍| 191/203 [00:37<00:02,  4.44it/s]
dan_lambda_10: epoch 2:  95%|█████████▍| 192/203 [00:37<00:02,  4.42it/s]
dan_lambda_10: epoch 2:  95%|█████████▌| 193/203 [00:37<00:02,  4.58it/s]
dan_lambda_10: epoch 2:  96%|█████████▌| 194/203 [00:37<00:02,  4.50it/s]
dan_lambda_10: epoch 2:  96%|█████████▌| 195/203 [00:37<00:01,  4.52it/s]
dan_lambda_10: epoch 2:  97%|█████████▋| 196/203 [00:38<00:01,  4.42it/s]
dan_lambda_10: epoch 2:  97%|█████████▋| 197/203 [00:38<00:01,  4.29it/s]
dan_lambda_10: epoch 2:  98%|█████████▊| 198/203 [00:38<00:01,  4.22it/s]
dan_lambda_10: epoch 2:  98%|█████████▊| 199/203 [00:38<00:00,  4.12it/s]
dan_lambda_10: epoch 2:  99%|█████████▊| 200/203 [00:39<00:00,  4.29it/s]
dan_lambda_10: epoch 2:  99%|█████████▉| 201/203 [00:39<00:00,  4.26it/s]
dan_lambda_10: epoch 2: 100%|█████████▉| 202/203 [00:39<00:00,  4.47it/s]
dan_lambda_10: epoch 2: 100%|██████████| 203/203 [00:39<00:00,  4.73it/s]
                                                                         
dan_lambda_10: epoch 2, source macro-f1=0.0507

dan_lambda_10: epoch 3:   0%|          | 0/203 [00:00<?, ?it/s]
dan_lambda_10: epoch 3:   0%|          | 1/203 [00:00<00:32,  6.23it/s]
dan_lambda_10: epoch 3:   1%|          | 2/203 [00:00<00:32,  6.19it/s]
dan_lambda_10: epoch 3:   1%|▏         | 3/203 [00:00<00:39,  5.06it/s]
dan_lambda_10: epoch 3:   2%|▏         | 4/203 [00:00<00:36,  5.42it/s]
dan_lambda_10: epoch 3:   2%|▏         | 5/203 [00:00<00:35,  5.59it/s]
dan_lambda_10: epoch 3:   3%|▎         | 6/203 [00:01<00:34,  5.72it/s]
dan_lambda_10: epoch 3:   3%|▎         | 7/203 [00:01<00:33,  5.89it/s]
dan_lambda_10: epoch 3:   4%|▍         | 8/203 [00:01<00:33,  5.84it/s]
dan_lambda_10: epoch 3:   4%|▍         | 9/203 [00:01<00:33,  5.80it/s]
dan_lambda_10: epoch 3:   5%|▍         | 10/203 [00:01<00:32,  5.85it/s]
dan_lambda_10: epoch 3:   5%|▌         | 11/203 [00:01<00:33,  5.67it/s]
dan_lambda_10: epoch 3:   6%|▌         | 12/203 [00:02<00:33,  5.73it/s]
dan_lambda_10: epoch 3:   6%|▋         | 13/203 [00:02<00:34,  5.55it/s]
dan_lambda_10: epoch 3:   7%|▋         | 14/203 [00:02<00:33,  5.70it/s]
dan_lambda_10: epoch 3:   7%|▋         | 15/203 [00:02<00:32,  5.82it/s]
dan_lambda_10: epoch 3:   8%|▊         | 16/203 [00:02<00:31,  5.89it/s]
dan_lambda_10: epoch 3:   8%|▊         | 17/203 [00:02<00:31,  5.98it/s]
dan_lambda_10: epoch 3:   9%|▉         | 18/203 [00:03<00:32,  5.77it/s]
dan_lambda_10: epoch 3:   9%|▉         | 19/203 [00:03<00:32,  5.58it/s]
dan_lambda_10: epoch 3:  10%|▉         | 20/203 [00:03<00:32,  5.60it/s]
dan_lambda_10: epoch 3:  10%|█         | 21/203 [00:03<00:32,  5.58it/s]
dan_lambda_10: epoch 3:  11%|█         | 22/203 [00:03<00:31,  5.72it/s]
dan_lambda_10: epoch 3:  11%|█▏        | 23/203 [00:04<00:31,  5.81it/s]
dan_lambda_10: epoch 3:  12%|█▏        | 24/203 [00:04<00:30,  5.80it/s]
dan_lambda_10: epoch 3:  12%|█▏        | 25/203 [00:04<00:30,  5.92it/s]
dan_lambda_10: epoch 3:  13%|█▎        | 26/203 [00:04<00:29,  5.95it/s]
dan_lambda_10: epoch 3:  13%|█▎        | 27/203 [00:04<00:29,  5.90it/s]
dan_lambda_10: epoch 3:  14%|█▍        | 28/203 [00:04<00:29,  5.87it/s]
dan_lambda_10: epoch 3:  14%|█▍        | 29/203 [00:05<00:29,  5.88it/s]
dan_lambda_10: epoch 3:  15%|█▍        | 30/203 [00:05<00:29,  5.81it/s]
dan_lambda_10: epoch 3:  15%|█▌        | 31/203 [00:05<00:29,  5.83it/s]
dan_lambda_10: epoch 3:  16%|█▌        | 32/203 [00:05<00:29,  5.86it/s]
dan_lambda_10: epoch 3:  16%|█▋        | 33/203 [00:05<00:28,  5.92it/s]
dan_lambda_10: epoch 3:  17%|█▋        | 34/203 [00:05<00:29,  5.72it/s]
dan_lambda_10: epoch 3:  17%|█▋        | 35/203 [00:06<00:29,  5.63it/s]
dan_lambda_10: epoch 3:  18%|█▊        | 36/203 [00:06<00:28,  5.80it/s]
dan_lambda_10: epoch 3:  18%|█▊        | 37/203 [00:06<00:29,  5.71it/s]
dan_lambda_10: epoch 3:  19%|█▊        | 38/203 [00:06<00:29,  5.62it/s]
dan_lambda_10: epoch 3:  19%|█▉        | 39/203 [00:06<00:28,  5.71it/s]
dan_lambda_10: epoch 3:  20%|█▉        | 40/203 [00:06<00:28,  5.76it/s]
dan_lambda_10: epoch 3:  20%|██        | 41/203 [00:07<00:28,  5.71it/s]
dan_lambda_10: epoch 3:  21%|██        | 42/203 [00:07<00:27,  5.77it/s]
dan_lambda_10: epoch 3:  21%|██        | 43/203 [00:07<00:29,  5.41it/s]
dan_lambda_10: epoch 3:  22%|██▏       | 44/203 [00:07<00:30,  5.16it/s]
dan_lambda_10: epoch 3:  22%|██▏       | 45/203 [00:07<00:31,  4.98it/s]
dan_lambda_10: epoch 3:  23%|██▎       | 46/203 [00:08<00:32,  4.86it/s]
dan_lambda_10: epoch 3:  23%|██▎       | 47/203 [00:08<00:35,  4.43it/s]
dan_lambda_10: epoch 3:  24%|██▎       | 48/203 [00:08<00:35,  4.36it/s]
dan_lambda_10: epoch 3:  24%|██▍       | 49/203 [00:08<00:36,  4.22it/s]
dan_lambda_10: epoch 3:  25%|██▍       | 50/203 [00:09<00:34,  4.38it/s]
dan_lambda_10: epoch 3:  25%|██▌       | 51/203 [00:09<00:36,  4.22it/s]
dan_lambda_10: epoch 3:  26%|██▌       | 52/203 [00:09<00:34,  4.43it/s]
dan_lambda_10: epoch 3:  26%|██▌       | 53/203 [00:09<00:33,  4.43it/s]
dan_lambda_10: epoch 3:  27%|██▋       | 54/203 [00:10<00:33,  4.42it/s]
dan_lambda_10: epoch 3:  27%|██▋       | 55/203 [00:10<00:33,  4.40it/s]
dan_lambda_10: epoch 3:  28%|██▊       | 56/203 [00:10<00:33,  4.34it/s]
dan_lambda_10: epoch 3:  28%|██▊       | 57/203 [00:10<00:33,  4.35it/s]
dan_lambda_10: epoch 3:  29%|██▊       | 58/203 [00:11<00:37,  3.89it/s]
dan_lambda_10: epoch 3:  29%|██▉       | 59/203 [00:11<00:34,  4.15it/s]
dan_lambda_10: epoch 3:  30%|██▉       | 60/203 [00:11<00:34,  4.16it/s]
dan_lambda_10: epoch 3:  30%|███       | 61/203 [00:11<00:31,  4.45it/s]
dan_lambda_10: epoch 3:  31%|███       | 62/203 [00:11<00:31,  4.43it/s]
dan_lambda_10: epoch 3:  31%|███       | 63/203 [00:12<00:40,  3.45it/s]
dan_lambda_10: epoch 3:  32%|███▏      | 64/203 [00:12<00:38,  3.60it/s]
dan_lambda_10: epoch 3:  32%|███▏      | 65/203 [00:12<00:34,  3.95it/s]
dan_lambda_10: epoch 3:  33%|███▎      | 66/203 [00:13<00:32,  4.18it/s]
dan_lambda_10: epoch 3:  33%|███▎      | 67/203 [00:13<00:30,  4.43it/s]
dan_lambda_10: epoch 3:  33%|███▎      | 68/203 [00:13<00:28,  4.68it/s]
dan_lambda_10: epoch 3:  34%|███▍      | 69/203 [00:13<00:27,  4.91it/s]
dan_lambda_10: epoch 3:  34%|███▍      | 70/203 [00:13<00:25,  5.18it/s]
dan_lambda_10: epoch 3:  35%|███▍      | 71/203 [00:13<00:24,  5.30it/s]
dan_lambda_10: epoch 3:  35%|███▌      | 72/203 [00:14<00:24,  5.37it/s]
dan_lambda_10: epoch 3:  36%|███▌      | 73/203 [00:14<00:23,  5.54it/s]
dan_lambda_10: epoch 3:  36%|███▋      | 74/203 [00:14<00:23,  5.58it/s]
dan_lambda_10: epoch 3:  37%|███▋      | 75/203 [00:14<00:22,  5.70it/s]
dan_lambda_10: epoch 3:  37%|███▋      | 76/203 [00:14<00:22,  5.71it/s]
dan_lambda_10: epoch 3:  38%|███▊      | 77/203 [00:14<00:21,  5.77it/s]
dan_lambda_10: epoch 3:  38%|███▊      | 78/203 [00:15<00:22,  5.67it/s]
dan_lambda_10: epoch 3:  39%|███▉      | 79/203 [00:15<00:22,  5.63it/s]
dan_lambda_10: epoch 3:  39%|███▉      | 80/203 [00:15<00:21,  5.69it/s]
dan_lambda_10: epoch 3:  40%|███▉      | 81/203 [00:15<00:21,  5.75it/s]
dan_lambda_10: epoch 3:  40%|████      | 82/203 [00:15<00:20,  5.99it/s]
dan_lambda_10: epoch 3:  41%|████      | 83/203 [00:15<00:19,  6.00it/s]
dan_lambda_10: epoch 3:  41%|████▏     | 84/203 [00:16<00:26,  4.51it/s]
dan_lambda_10: epoch 3:  42%|████▏     | 85/203 [00:16<00:25,  4.70it/s]
dan_lambda_10: epoch 3:  42%|████▏     | 86/203 [00:16<00:23,  4.93it/s]
dan_lambda_10: epoch 3:  43%|████▎     | 87/203 [00:16<00:23,  4.99it/s]
dan_lambda_10: epoch 3:  43%|████▎     | 88/203 [00:17<00:22,  5.20it/s]
dan_lambda_10: epoch 3:  44%|████▍     | 89/203 [00:17<00:20,  5.45it/s]
dan_lambda_10: epoch 3:  44%|████▍     | 90/203 [00:17<00:20,  5.42it/s]
dan_lambda_10: epoch 3:  45%|████▍     | 91/203 [00:17<00:20,  5.43it/s]
dan_lambda_10: epoch 3:  45%|████▌     | 92/203 [00:17<00:19,  5.60it/s]
dan_lambda_10: epoch 3:  46%|████▌     | 93/203 [00:17<00:19,  5.70it/s]
dan_lambda_10: epoch 3:  46%|████▋     | 94/203 [00:18<00:18,  5.76it/s]
dan_lambda_10: epoch 3:  47%|████▋     | 95/203 [00:18<00:18,  5.79it/s]
dan_lambda_10: epoch 3:  47%|████▋     | 96/203 [00:18<00:20,  5.23it/s]
dan_lambda_10: epoch 3:  48%|████▊     | 97/203 [00:18<00:19,  5.34it/s]
dan_lambda_10: epoch 3:  48%|████▊     | 98/203 [00:18<00:19,  5.46it/s]
dan_lambda_10: epoch 3:  49%|████▉     | 99/203 [00:19<00:19,  5.46it/s]
dan_lambda_10: epoch 3:  49%|████▉     | 100/203 [00:19<00:18,  5.63it/s]
dan_lambda_10: epoch 3:  50%|████▉     | 101/203 [00:19<00:17,  5.76it/s]
dan_lambda_10: epoch 3:  50%|█████     | 102/203 [00:19<00:18,  5.58it/s]
dan_lambda_10: epoch 3:  51%|█████     | 103/203 [00:19<00:17,  5.68it/s]
dan_lambda_10: epoch 3:  51%|█████     | 104/203 [00:19<00:17,  5.66it/s]
dan_lambda_10: epoch 3:  52%|█████▏    | 105/203 [00:20<00:17,  5.68it/s]
dan_lambda_10: epoch 3:  52%|█████▏    | 106/203 [00:20<00:17,  5.62it/s]
dan_lambda_10: epoch 3:  53%|█████▎    | 107/203 [00:20<00:16,  5.66it/s]
dan_lambda_10: epoch 3:  53%|█████▎    | 108/203 [00:20<00:16,  5.77it/s]
dan_lambda_10: epoch 3:  54%|█████▎    | 109/203 [00:20<00:16,  5.67it/s]
dan_lambda_10: epoch 3:  54%|█████▍    | 110/203 [00:20<00:16,  5.64it/s]
dan_lambda_10: epoch 3:  55%|█████▍    | 111/203 [00:21<00:16,  5.65it/s]
dan_lambda_10: epoch 3:  55%|█████▌    | 112/203 [00:21<00:16,  5.65it/s]
dan_lambda_10: epoch 3:  56%|█████▌    | 113/203 [00:21<00:15,  5.77it/s]
dan_lambda_10: epoch 3:  56%|█████▌    | 114/203 [00:21<00:15,  5.76it/s]
dan_lambda_10: epoch 3:  57%|█████▋    | 115/203 [00:21<00:15,  5.78it/s]
dan_lambda_10: epoch 3:  57%|█████▋    | 116/203 [00:21<00:15,  5.79it/s]
dan_lambda_10: epoch 3:  58%|█████▊    | 117/203 [00:22<00:14,  5.81it/s]
dan_lambda_10: epoch 3:  58%|█████▊    | 118/203 [00:22<00:14,  5.70it/s]
dan_lambda_10: epoch 3:  59%|█████▊    | 119/203 [00:22<00:14,  5.79it/s]
dan_lambda_10: epoch 3:  59%|█████▉    | 120/203 [00:22<00:14,  5.57it/s]
dan_lambda_10: epoch 3:  60%|█████▉    | 121/203 [00:22<00:14,  5.64it/s]
dan_lambda_10: epoch 3:  60%|██████    | 122/203 [00:23<00:14,  5.60it/s]
dan_lambda_10: epoch 3:  61%|██████    | 123/203 [00:23<00:15,  5.30it/s]
dan_lambda_10: epoch 3:  61%|██████    | 124/203 [00:23<00:15,  5.14it/s]
dan_lambda_10: epoch 3:  62%|██████▏   | 125/203 [00:23<00:16,  4.80it/s]
dan_lambda_10: epoch 3:  62%|██████▏   | 126/203 [00:23<00:16,  4.74it/s]
dan_lambda_10: epoch 3:  63%|██████▎   | 127/203 [00:24<00:16,  4.58it/s]
dan_lambda_10: epoch 3:  63%|██████▎   | 128/203 [00:24<00:17,  4.25it/s]
dan_lambda_10: epoch 3:  64%|██████▎   | 129/203 [00:24<00:17,  4.32it/s]
dan_lambda_10: epoch 3:  64%|██████▍   | 130/203 [00:24<00:17,  4.28it/s]
dan_lambda_10: epoch 3:  65%|██████▍   | 131/203 [00:25<00:16,  4.32it/s]
dan_lambda_10: epoch 3:  65%|██████▌   | 132/203 [00:25<00:16,  4.37it/s]
dan_lambda_10: epoch 3:  66%|██████▌   | 133/203 [00:25<00:16,  4.30it/s]
dan_lambda_10: epoch 3:  66%|██████▌   | 134/203 [00:25<00:16,  4.21it/s]
dan_lambda_10: epoch 3:  67%|██████▋   | 135/203 [00:26<00:15,  4.26it/s]
dan_lambda_10: epoch 3:  67%|██████▋   | 136/203 [00:26<00:15,  4.26it/s]
dan_lambda_10: epoch 3:  67%|██████▋   | 137/203 [00:26<00:15,  4.23it/s]
dan_lambda_10: epoch 3:  68%|██████▊   | 138/203 [00:26<00:15,  4.21it/s]
dan_lambda_10: epoch 3:  68%|██████▊   | 139/203 [00:27<00:14,  4.31it/s]
dan_lambda_10: epoch 3:  69%|██████▉   | 140/203 [00:27<00:14,  4.29it/s]
dan_lambda_10: epoch 3:  69%|██████▉   | 141/203 [00:27<00:14,  4.35it/s]
dan_lambda_10: epoch 3:  70%|██████▉   | 142/203 [00:27<00:14,  4.07it/s]
dan_lambda_10: epoch 3:  70%|███████   | 143/203 [00:27<00:14,  4.22it/s]
dan_lambda_10: epoch 3:  71%|███████   | 144/203 [00:28<00:13,  4.27it/s]
dan_lambda_10: epoch 3:  71%|███████▏  | 145/203 [00:28<00:13,  4.29it/s]
dan_lambda_10: epoch 3:  72%|███████▏  | 146/203 [00:28<00:12,  4.65it/s]
dan_lambda_10: epoch 3:  72%|███████▏  | 147/203 [00:28<00:11,  4.77it/s]
dan_lambda_10: epoch 3:  73%|███████▎  | 148/203 [00:28<00:11,  4.99it/s]
dan_lambda_10: epoch 3:  73%|███████▎  | 149/203 [00:29<00:10,  5.28it/s]
dan_lambda_10: epoch 3:  74%|███████▍  | 150/203 [00:29<00:09,  5.31it/s]
dan_lambda_10: epoch 3:  74%|███████▍  | 151/203 [00:29<00:09,  5.25it/s]
dan_lambda_10: epoch 3:  75%|███████▍  | 152/203 [00:29<00:09,  5.36it/s]
dan_lambda_10: epoch 3:  75%|███████▌  | 153/203 [00:29<00:09,  5.49it/s]
dan_lambda_10: epoch 3:  76%|███████▌  | 154/203 [00:30<00:08,  5.47it/s]
dan_lambda_10: epoch 3:  76%|███████▋  | 155/203 [00:30<00:08,  5.61it/s]
dan_lambda_10: epoch 3:  77%|███████▋  | 156/203 [00:30<00:08,  5.61it/s]
dan_lambda_10: epoch 3:  77%|███████▋  | 157/203 [00:30<00:08,  5.72it/s]
dan_lambda_10: epoch 3:  78%|███████▊  | 158/203 [00:30<00:07,  5.64it/s]
dan_lambda_10: epoch 3:  78%|███████▊  | 159/203 [00:30<00:07,  5.77it/s]
dan_lambda_10: epoch 3:  79%|███████▉  | 160/203 [00:31<00:07,  5.65it/s]
dan_lambda_10: epoch 3:  79%|███████▉  | 161/203 [00:31<00:07,  5.75it/s]
dan_lambda_10: epoch 3:  80%|███████▉  | 162/203 [00:31<00:07,  5.78it/s]
dan_lambda_10: epoch 3:  80%|████████  | 163/203 [00:31<00:07,  5.64it/s]
dan_lambda_10: epoch 3:  81%|████████  | 164/203 [00:31<00:06,  5.73it/s]
dan_lambda_10: epoch 3:  81%|████████▏ | 165/203 [00:31<00:06,  5.73it/s]
dan_lambda_10: epoch 3:  82%|████████▏ | 166/203 [00:32<00:06,  5.74it/s]
dan_lambda_10: epoch 3:  82%|████████▏ | 167/203 [00:32<00:06,  5.79it/s]
dan_lambda_10: epoch 3:  83%|████████▎ | 168/203 [00:32<00:06,  5.70it/s]
dan_lambda_10: epoch 3:  83%|████████▎ | 169/203 [00:32<00:05,  5.73it/s]
dan_lambda_10: epoch 3:  84%|████████▎ | 170/203 [00:32<00:05,  5.84it/s]
dan_lambda_10: epoch 3:  84%|████████▍ | 171/203 [00:33<00:05,  5.73it/s]
dan_lambda_10: epoch 3:  85%|████████▍ | 172/203 [00:33<00:05,  5.88it/s]
dan_lambda_10: epoch 3:  85%|████████▌ | 173/203 [00:33<00:05,  5.87it/s]
dan_lambda_10: epoch 3:  86%|████████▌ | 174/203 [00:33<00:04,  5.97it/s]
dan_lambda_10: epoch 3:  86%|████████▌ | 175/203 [00:33<00:04,  5.96it/s]
dan_lambda_10: epoch 3:  87%|████████▋ | 176/203 [00:33<00:04,  5.85it/s]
dan_lambda_10: epoch 3:  87%|████████▋ | 177/203 [00:34<00:04,  5.89it/s]
dan_lambda_10: epoch 3:  88%|████████▊ | 178/203 [00:34<00:04,  5.76it/s]
dan_lambda_10: epoch 3:  88%|████████▊ | 179/203 [00:34<00:04,  5.85it/s]
dan_lambda_10: epoch 3:  89%|████████▊ | 180/203 [00:34<00:04,  5.75it/s]
dan_lambda_10: epoch 3:  89%|████████▉ | 181/203 [00:34<00:03,  5.53it/s]
dan_lambda_10: epoch 3:  90%|████████▉ | 182/203 [00:34<00:03,  5.56it/s]
dan_lambda_10: epoch 3:  90%|█████████ | 183/203 [00:35<00:03,  5.58it/s]
dan_lambda_10: epoch 3:  91%|█████████ | 184/203 [00:35<00:03,  5.50it/s]
dan_lambda_10: epoch 3:  91%|█████████ | 185/203 [00:35<00:03,  5.52it/s]
dan_lambda_10: epoch 3:  92%|█████████▏| 186/203 [00:35<00:03,  5.56it/s]
dan_lambda_10: epoch 3:  92%|█████████▏| 187/203 [00:35<00:02,  5.56it/s]
dan_lambda_10: epoch 3:  93%|█████████▎| 188/203 [00:35<00:02,  5.73it/s]
dan_lambda_10: epoch 3:  93%|█████████▎| 189/203 [00:36<00:02,  5.85it/s]
dan_lambda_10: epoch 3:  94%|█████████▎| 190/203 [00:36<00:02,  5.72it/s]
dan_lambda_10: epoch 3:  94%|█████████▍| 191/203 [00:36<00:02,  5.62it/s]
dan_lambda_10: epoch 3:  95%|█████████▍| 192/203 [00:36<00:01,  5.65it/s]
dan_lambda_10: epoch 3:  95%|█████████▌| 193/203 [00:36<00:01,  5.63it/s]
dan_lambda_10: epoch 3:  96%|█████████▌| 194/203 [00:37<00:01,  5.78it/s]
dan_lambda_10: epoch 3:  96%|█████████▌| 195/203 [00:37<00:01,  5.73it/s]
dan_lambda_10: epoch 3:  97%|█████████▋| 196/203 [00:37<00:01,  5.63it/s]
dan_lambda_10: epoch 3:  97%|█████████▋| 197/203 [00:37<00:01,  5.71it/s]
dan_lambda_10: epoch 3:  98%|█████████▊| 198/203 [00:37<00:00,  5.78it/s]
dan_lambda_10: epoch 3:  98%|█████████▊| 199/203 [00:37<00:00,  5.73it/s]
dan_lambda_10: epoch 3:  99%|█████████▊| 200/203 [00:38<00:00,  5.74it/s]
dan_lambda_10: epoch 3:  99%|█████████▉| 201/203 [00:38<00:00,  5.73it/s]
dan_lambda_10: epoch 3: 100%|█████████▉| 202/203 [00:38<00:00,  5.71it/s]
dan_lambda_10: epoch 3: 100%|██████████| 203/203 [00:38<00:00,  5.76it/s]
                                                                         
dan_lambda_10: epoch 3, source macro-f1=0.0507

dan_lambda_10: epoch 4:   0%|          | 0/203 [00:00<?, ?it/s]
dan_lambda_10: epoch 4:   0%|          | 1/203 [00:00<00:33,  6.12it/s]
dan_lambda_10: epoch 4:   1%|          | 2/203 [00:00<00:33,  6.03it/s]
dan_lambda_10: epoch 4:   1%|▏         | 3/203 [00:00<00:33,  6.02it/s]
dan_lambda_10: epoch 4:   2%|▏         | 4/203 [00:00<00:39,  5.03it/s]
dan_lambda_10: epoch 4:   2%|▏         | 5/203 [00:00<00:37,  5.35it/s]
dan_lambda_10: epoch 4:   3%|▎         | 6/203 [00:01<00:35,  5.47it/s]
dan_lambda_10: epoch 4:   3%|▎         | 7/203 [00:01<00:34,  5.62it/s]
dan_lambda_10: epoch 4:   4%|▍         | 8/203 [00:01<00:34,  5.67it/s]
dan_lambda_10: epoch 4:   4%|▍         | 9/203 [00:01<00:34,  5.61it/s]
dan_lambda_10: epoch 4:   5%|▍         | 10/203 [00:01<00:33,  5.81it/s]
dan_lambda_10: epoch 4:   5%|▌         | 11/203 [00:01<00:33,  5.72it/s]
dan_lambda_10: epoch 4:   6%|▌         | 12/203 [00:02<00:32,  5.95it/s]
dan_lambda_10: epoch 4:   6%|▋         | 13/203 [00:02<00:33,  5.75it/s]
dan_lambda_10: epoch 4:   7%|▋         | 14/203 [00:02<00:33,  5.64it/s]
dan_lambda_10: epoch 4:   7%|▋         | 15/203 [00:02<00:33,  5.53it/s]
dan_lambda_10: epoch 4:   8%|▊         | 16/203 [00:02<00:33,  5.54it/s]
dan_lambda_10: epoch 4:   8%|▊         | 17/203 [00:03<00:33,  5.57it/s]
dan_lambda_10: epoch 4:   9%|▉         | 18/203 [00:03<00:33,  5.48it/s]
dan_lambda_10: epoch 4:   9%|▉         | 19/203 [00:03<00:32,  5.63it/s]
dan_lambda_10: epoch 4:  10%|▉         | 20/203 [00:03<00:32,  5.68it/s]
dan_lambda_10: epoch 4:  10%|█         | 21/203 [00:03<00:31,  5.75it/s]
dan_lambda_10: epoch 4:  11%|█         | 22/203 [00:03<00:31,  5.71it/s]
dan_lambda_10: epoch 4:  11%|█▏        | 23/203 [00:04<00:31,  5.66it/s]
dan_lambda_10: epoch 4:  12%|█▏        | 24/203 [00:04<00:31,  5.63it/s]
dan_lambda_10: epoch 4:  12%|█▏        | 25/203 [00:04<00:31,  5.74it/s]
dan_lambda_10: epoch 4:  13%|█▎        | 26/203 [00:04<00:31,  5.58it/s]
dan_lambda_10: epoch 4:  13%|█▎        | 27/203 [00:04<00:31,  5.63it/s]
dan_lambda_10: epoch 4:  14%|█▍        | 28/203 [00:04<00:30,  5.72it/s]
dan_lambda_10: epoch 4:  14%|█▍        | 29/203 [00:05<00:30,  5.71it/s]
dan_lambda_10: epoch 4:  15%|█▍        | 30/203 [00:05<00:30,  5.75it/s]
dan_lambda_10: epoch 4:  15%|█▌        | 31/203 [00:05<00:29,  5.75it/s]
dan_lambda_10: epoch 4:  16%|█▌        | 32/203 [00:05<00:30,  5.53it/s]
dan_lambda_10: epoch 4:  16%|█▋        | 33/203 [00:05<00:30,  5.66it/s]
dan_lambda_10: epoch 4:  17%|█▋        | 34/203 [00:06<00:30,  5.61it/s]
dan_lambda_10: epoch 4:  17%|█▋        | 35/203 [00:06<00:30,  5.57it/s]
dan_lambda_10: epoch 4:  18%|█▊        | 36/203 [00:06<00:30,  5.45it/s]
dan_lambda_10: epoch 4:  18%|█▊        | 37/203 [00:06<00:29,  5.64it/s]
dan_lambda_10: epoch 4:  19%|█▊        | 38/203 [00:06<00:28,  5.74it/s]
dan_lambda_10: epoch 4:  19%|█▉        | 39/203 [00:06<00:28,  5.81it/s]
dan_lambda_10: epoch 4:  20%|█▉        | 40/203 [00:07<00:28,  5.65it/s]
dan_lambda_10: epoch 4:  20%|██        | 41/203 [00:07<00:28,  5.71it/s]
dan_lambda_10: epoch 4:  21%|██        | 42/203 [00:07<00:27,  5.77it/s]
dan_lambda_10: epoch 4:  21%|██        | 43/203 [00:07<00:27,  5.80it/s]
dan_lambda_10: epoch 4:  22%|██▏       | 44/203 [00:07<00:36,  4.34it/s]
dan_lambda_10: epoch 4:  22%|██▏       | 45/203 [00:08<00:34,  4.62it/s]
dan_lambda_10: epoch 4:  23%|██▎       | 46/203 [00:08<00:32,  4.80it/s]
dan_lambda_10: epoch 4:  23%|██▎       | 47/203 [00:08<00:30,  5.05it/s]
dan_lambda_10: epoch 4:  24%|██▎       | 48/203 [00:08<00:29,  5.20it/s]
dan_lambda_10: epoch 4:  24%|██▍       | 49/203 [00:08<00:28,  5.35it/s]
dan_lambda_10: epoch 4:  25%|██▍       | 50/203 [00:09<00:27,  5.47it/s]
dan_lambda_10: epoch 4:  25%|██▌       | 51/203 [00:09<00:27,  5.60it/s]
dan_lambda_10: epoch 4:  26%|██▌       | 52/203 [00:09<00:27,  5.53it/s]
dan_lambda_10: epoch 4:  26%|██▌       | 53/203 [00:09<00:26,  5.58it/s]
dan_lambda_10: epoch 4:  27%|██▋       | 54/203 [00:09<00:26,  5.61it/s]
dan_lambda_10: epoch 4:  27%|██▋       | 55/203 [00:09<00:26,  5.55it/s]
dan_lambda_10: epoch 4:  28%|██▊       | 56/203 [00:10<00:26,  5.56it/s]
dan_lambda_10: epoch 4:  28%|██▊       | 57/203 [00:10<00:26,  5.59it/s]
dan_lambda_10: epoch 4:  29%|██▊       | 58/203 [00:10<00:27,  5.36it/s]
dan_lambda_10: epoch 4:  29%|██▉       | 59/203 [00:10<00:27,  5.32it/s]
dan_lambda_10: epoch 4:  30%|██▉       | 60/203 [00:11<00:33,  4.21it/s]
dan_lambda_10: epoch 4:  30%|███       | 61/203 [00:11<00:33,  4.21it/s]
dan_lambda_10: epoch 4:  31%|███       | 62/203 [00:11<00:33,  4.15it/s]
dan_lambda_10: epoch 4:  31%|███       | 63/203 [00:11<00:33,  4.21it/s]
dan_lambda_10: epoch 4:  32%|███▏      | 64/203 [00:11<00:32,  4.28it/s]
dan_lambda_10: epoch 4:  32%|███▏      | 65/203 [00:12<00:32,  4.25it/s]
dan_lambda_10: epoch 4:  33%|███▎      | 66/203 [00:12<00:31,  4.36it/s]
dan_lambda_10: epoch 4:  33%|███▎      | 67/203 [00:12<00:31,  4.35it/s]
dan_lambda_10: epoch 4:  33%|███▎      | 68/203 [00:12<00:32,  4.12it/s]
dan_lambda_10: epoch 4:  34%|███▍      | 69/203 [00:13<00:31,  4.24it/s]
dan_lambda_10: epoch 4:  34%|███▍      | 70/203 [00:13<00:31,  4.25it/s]
dan_lambda_10: epoch 4:  35%|███▍      | 71/203 [00:13<00:30,  4.27it/s]
dan_lambda_10: epoch 4:  35%|███▌      | 72/203 [00:13<00:31,  4.12it/s]
dan_lambda_10: epoch 4:  36%|███▌      | 73/203 [00:14<00:30,  4.31it/s]
dan_lambda_10: epoch 4:  36%|███▋      | 74/203 [00:14<00:31,  4.14it/s]
dan_lambda_10: epoch 4:  37%|███▋      | 75/203 [00:14<00:29,  4.41it/s]
dan_lambda_10: epoch 4:  37%|███▋      | 76/203 [00:14<00:29,  4.26it/s]
dan_lambda_10: epoch 4:  38%|███▊      | 77/203 [00:14<00:27,  4.58it/s]
dan_lambda_10: epoch 4:  38%|███▊      | 78/203 [00:15<00:28,  4.46it/s]
dan_lambda_10: epoch 4:  39%|███▉      | 79/203 [00:15<00:27,  4.49it/s]
dan_lambda_10: epoch 4:  39%|███▉      | 80/203 [00:15<00:25,  4.77it/s]
dan_lambda_10: epoch 4:  40%|███▉      | 81/203 [00:15<00:25,  4.87it/s]
dan_lambda_10: epoch 4:  40%|████      | 82/203 [00:16<00:24,  4.85it/s]
dan_lambda_10: epoch 4:  41%|████      | 83/203 [00:16<00:23,  5.07it/s]
dan_lambda_10: epoch 4:  41%|████▏     | 84/203 [00:16<00:23,  5.06it/s]
dan_lambda_10: epoch 4:  42%|████▏     | 85/203 [00:16<00:22,  5.30it/s]
dan_lambda_10: epoch 4:  42%|████▏     | 86/203 [00:16<00:21,  5.42it/s]
dan_lambda_10: epoch 4:  43%|████▎     | 87/203 [00:16<00:20,  5.58it/s]
dan_lambda_10: epoch 4:  43%|████▎     | 88/203 [00:17<00:20,  5.56it/s]
dan_lambda_10: epoch 4:  44%|████▍     | 89/203 [00:17<00:20,  5.61it/s]
dan_lambda_10: epoch 4:  44%|████▍     | 90/203 [00:17<00:19,  5.68it/s]
dan_lambda_10: epoch 4:  45%|████▍     | 91/203 [00:17<00:19,  5.81it/s]
dan_lambda_10: epoch 4:  45%|████▌     | 92/203 [00:17<00:19,  5.76it/s]
dan_lambda_10: epoch 4:  46%|████▌     | 93/203 [00:17<00:19,  5.77it/s]
dan_lambda_10: epoch 4:  46%|████▋     | 94/203 [00:18<00:21,  4.97it/s]
dan_lambda_10: epoch 4:  47%|████▋     | 95/203 [00:18<00:20,  5.21it/s]
dan_lambda_10: epoch 4:  47%|████▋     | 96/203 [00:18<00:20,  5.30it/s]
dan_lambda_10: epoch 4:  48%|████▊     | 97/203 [00:18<00:19,  5.52it/s]
dan_lambda_10: epoch 4:  48%|████▊     | 98/203 [00:18<00:19,  5.51it/s]
dan_lambda_10: epoch 4:  49%|████▉     | 99/203 [00:19<00:18,  5.67it/s]
dan_lambda_10: epoch 4:  49%|████▉     | 100/203 [00:19<00:18,  5.58it/s]
dan_lambda_10: epoch 4:  50%|████▉     | 101/203 [00:19<00:18,  5.64it/s]
dan_lambda_10: epoch 4:  50%|█████     | 102/203 [00:19<00:17,  5.85it/s]
dan_lambda_10: epoch 4:  51%|█████     | 103/203 [00:19<00:16,  5.90it/s]
dan_lambda_10: epoch 4:  51%|█████     | 104/203 [00:19<00:16,  6.04it/s]
dan_lambda_10: epoch 4:  52%|█████▏    | 105/203 [00:20<00:16,  5.86it/s]
dan_lambda_10: epoch 4:  52%|█████▏    | 106/203 [00:20<00:16,  5.76it/s]
dan_lambda_10: epoch 4:  53%|█████▎    | 107/203 [00:20<00:17,  5.62it/s]
dan_lambda_10: epoch 4:  53%|█████▎    | 108/203 [00:20<00:17,  5.59it/s]
dan_lambda_10: epoch 4:  54%|█████▎    | 109/203 [00:20<00:16,  5.76it/s]
dan_lambda_10: epoch 4:  54%|█████▍    | 110/203 [00:20<00:16,  5.68it/s]
dan_lambda_10: epoch 4:  55%|█████▍    | 111/203 [00:21<00:15,  5.81it/s]
dan_lambda_10: epoch 4:  55%|█████▌    | 112/203 [00:21<00:16,  5.65it/s]
dan_lambda_10: epoch 4:  56%|█████▌    | 113/203 [00:21<00:16,  5.40it/s]
dan_lambda_10: epoch 4:  56%|█████▌    | 114/203 [00:21<00:16,  5.55it/s]
dan_lambda_10: epoch 4:  57%|█████▋    | 115/203 [00:21<00:15,  5.69it/s]
dan_lambda_10: epoch 4:  57%|█████▋    | 116/203 [00:22<00:15,  5.79it/s]
dan_lambda_10: epoch 4:  58%|█████▊    | 117/203 [00:22<00:14,  5.83it/s]
dan_lambda_10: epoch 4:  58%|█████▊    | 118/203 [00:22<00:15,  5.64it/s]
dan_lambda_10: epoch 4:  59%|█████▊    | 119/203 [00:22<00:14,  5.66it/s]
dan_lambda_10: epoch 4:  59%|█████▉    | 120/203 [00:22<00:14,  5.67it/s]
dan_lambda_10: epoch 4:  60%|█████▉    | 121/203 [00:22<00:14,  5.78it/s]
dan_lambda_10: epoch 4:  60%|██████    | 122/203 [00:23<00:14,  5.72it/s]
dan_lambda_10: epoch 4:  61%|██████    | 123/203 [00:23<00:14,  5.68it/s]
dan_lambda_10: epoch 4:  61%|██████    | 124/203 [00:23<00:14,  5.60it/s]
dan_lambda_10: epoch 4:  62%|██████▏   | 125/203 [00:23<00:13,  5.58it/s]
dan_lambda_10: epoch 4:  62%|██████▏   | 126/203 [00:23<00:13,  5.58it/s]
dan_lambda_10: epoch 4:  63%|██████▎   | 127/203 [00:23<00:13,  5.73it/s]
dan_lambda_10: epoch 4:  63%|██████▎   | 128/203 [00:24<00:13,  5.59it/s]
dan_lambda_10: epoch 4:  64%|██████▎   | 129/203 [00:24<00:13,  5.51it/s]
dan_lambda_10: epoch 4:  64%|██████▍   | 130/203 [00:24<00:13,  5.56it/s]
dan_lambda_10: epoch 4:  65%|██████▍   | 131/203 [00:24<00:12,  5.58it/s]
dan_lambda_10: epoch 4:  65%|██████▌   | 132/203 [00:24<00:12,  5.65it/s]
dan_lambda_10: epoch 4:  66%|██████▌   | 133/203 [00:25<00:12,  5.59it/s]
dan_lambda_10: epoch 4:  66%|██████▌   | 134/203 [00:25<00:12,  5.71it/s]
dan_lambda_10: epoch 4:  67%|██████▋   | 135/203 [00:25<00:11,  5.81it/s]
dan_lambda_10: epoch 4:  67%|██████▋   | 136/203 [00:25<00:12,  5.37it/s]
dan_lambda_10: epoch 4:  67%|██████▋   | 137/203 [00:25<00:13,  4.81it/s]
dan_lambda_10: epoch 4:  68%|██████▊   | 138/203 [00:26<00:13,  4.72it/s]
dan_lambda_10: epoch 4:  68%|██████▊   | 139/203 [00:26<00:13,  4.59it/s]
dan_lambda_10: epoch 4:  69%|██████▉   | 140/203 [00:26<00:14,  4.40it/s]
dan_lambda_10: epoch 4:  69%|██████▉   | 141/203 [00:26<00:14,  4.34it/s]
dan_lambda_10: epoch 4:  70%|██████▉   | 142/203 [00:27<00:13,  4.43it/s]
dan_lambda_10: epoch 4:  70%|███████   | 143/203 [00:27<00:13,  4.32it/s]
dan_lambda_10: epoch 4:  71%|███████   | 144/203 [00:27<00:13,  4.46it/s]
dan_lambda_10: epoch 4:  71%|███████▏  | 145/203 [00:27<00:12,  4.50it/s]
dan_lambda_10: epoch 4:  72%|███████▏  | 146/203 [00:28<00:14,  3.93it/s]
dan_lambda_10: epoch 4:  72%|███████▏  | 147/203 [00:28<00:13,  4.16it/s]
dan_lambda_10: epoch 4:  73%|███████▎  | 148/203 [00:28<00:13,  4.15it/s]
dan_lambda_10: epoch 4:  73%|███████▎  | 149/203 [00:28<00:13,  4.15it/s]
dan_lambda_10: epoch 4:  74%|███████▍  | 150/203 [00:28<00:13,  4.07it/s]
dan_lambda_10: epoch 4:  74%|███████▍  | 151/203 [00:29<00:12,  4.13it/s]
dan_lambda_10: epoch 4:  75%|███████▍  | 152/203 [00:29<00:14,  3.46it/s]
dan_lambda_10: epoch 4:  75%|███████▌  | 153/203 [00:29<00:13,  3.69it/s]
dan_lambda_10: epoch 4:  76%|███████▌  | 154/203 [00:30<00:12,  4.04it/s]
dan_lambda_10: epoch 4:  76%|███████▋  | 155/203 [00:30<00:12,  3.93it/s]
dan_lambda_10: epoch 4:  77%|███████▋  | 156/203 [00:30<00:11,  4.11it/s]
dan_lambda_10: epoch 4:  77%|███████▋  | 157/203 [00:30<00:10,  4.33it/s]
dan_lambda_10: epoch 4:  78%|███████▊  | 158/203 [00:30<00:10,  4.17it/s]
dan_lambda_10: epoch 4:  78%|███████▊  | 159/203 [00:31<00:10,  4.37it/s]
dan_lambda_10: epoch 4:  79%|███████▉  | 160/203 [00:31<00:09,  4.67it/s]
dan_lambda_10: epoch 4:  79%|███████▉  | 161/203 [00:31<00:08,  4.92it/s]
dan_lambda_10: epoch 4:  80%|███████▉  | 162/203 [00:31<00:07,  5.17it/s]
dan_lambda_10: epoch 4:  80%|████████  | 163/203 [00:31<00:07,  5.29it/s]
dan_lambda_10: epoch 4:  81%|████████  | 164/203 [00:32<00:07,  5.36it/s]
dan_lambda_10: epoch 4:  81%|████████▏ | 165/203 [00:32<00:06,  5.43it/s]
dan_lambda_10: epoch 4:  82%|████████▏ | 166/203 [00:32<00:06,  5.52it/s]
dan_lambda_10: epoch 4:  82%|████████▏ | 167/203 [00:32<00:06,  5.66it/s]
dan_lambda_10: epoch 4:  83%|████████▎ | 168/203 [00:32<00:06,  5.69it/s]
dan_lambda_10: epoch 4:  83%|████████▎ | 169/203 [00:32<00:05,  5.76it/s]
dan_lambda_10: epoch 4:  84%|████████▎ | 170/203 [00:33<00:05,  5.72it/s]
dan_lambda_10: epoch 4:  84%|████████▍ | 171/203 [00:33<00:05,  5.60it/s]
dan_lambda_10: epoch 4:  85%|████████▍ | 172/203 [00:33<00:05,  5.57it/s]
dan_lambda_10: epoch 4:  85%|████████▌ | 173/203 [00:33<00:05,  5.59it/s]
dan_lambda_10: epoch 4:  86%|████████▌ | 174/203 [00:33<00:05,  5.63it/s]
dan_lambda_10: epoch 4:  86%|████████▌ | 175/203 [00:34<00:05,  5.60it/s]
dan_lambda_10: epoch 4:  87%|████████▋ | 176/203 [00:34<00:04,  5.75it/s]
dan_lambda_10: epoch 4:  87%|████████▋ | 177/203 [00:34<00:04,  5.81it/s]
dan_lambda_10: epoch 4:  88%|████████▊ | 178/203 [00:34<00:04,  5.84it/s]
dan_lambda_10: epoch 4:  88%|████████▊ | 179/203 [00:34<00:04,  5.86it/s]
dan_lambda_10: epoch 4:  89%|████████▊ | 180/203 [00:34<00:03,  5.90it/s]
dan_lambda_10: epoch 4:  89%|████████▉ | 181/203 [00:35<00:03,  5.80it/s]
dan_lambda_10: epoch 4:  90%|████████▉ | 182/203 [00:35<00:03,  5.80it/s]
dan_lambda_10: epoch 4:  90%|█████████ | 183/203 [00:35<00:03,  5.75it/s]
dan_lambda_10: epoch 4:  91%|█████████ | 184/203 [00:35<00:03,  5.79it/s]
dan_lambda_10: epoch 4:  91%|█████████ | 185/203 [00:35<00:03,  5.84it/s]
dan_lambda_10: epoch 4:  92%|█████████▏| 186/203 [00:35<00:02,  5.75it/s]
dan_lambda_10: epoch 4:  92%|█████████▏| 187/203 [00:36<00:02,  5.68it/s]
dan_lambda_10: epoch 4:  93%|█████████▎| 188/203 [00:36<00:02,  5.73it/s]
dan_lambda_10: epoch 4:  93%|█████████▎| 189/203 [00:36<00:02,  5.87it/s]
dan_lambda_10: epoch 4:  94%|█████████▎| 190/203 [00:36<00:02,  5.78it/s]
dan_lambda_10: epoch 4:  94%|█████████▍| 191/203 [00:36<00:02,  5.68it/s]
dan_lambda_10: epoch 4:  95%|█████████▍| 192/203 [00:36<00:01,  5.72it/s]
dan_lambda_10: epoch 4:  95%|█████████▌| 193/203 [00:37<00:01,  5.70it/s]
dan_lambda_10: epoch 4:  96%|█████████▌| 194/203 [00:37<00:01,  5.60it/s]
dan_lambda_10: epoch 4:  96%|█████████▌| 195/203 [00:37<00:01,  5.50it/s]
dan_lambda_10: epoch 4:  97%|█████████▋| 196/203 [00:37<00:01,  5.53it/s]
dan_lambda_10: epoch 4:  97%|█████████▋| 197/203 [00:37<00:01,  5.58it/s]
dan_lambda_10: epoch 4:  98%|█████████▊| 198/203 [00:38<00:00,  5.60it/s]
dan_lambda_10: epoch 4:  98%|█████████▊| 199/203 [00:38<00:00,  5.75it/s]
dan_lambda_10: epoch 4:  99%|█████████▊| 200/203 [00:38<00:00,  5.74it/s]
dan_lambda_10: epoch 4:  99%|█████████▉| 201/203 [00:38<00:00,  5.78it/s]
dan_lambda_10: epoch 4: 100%|█████████▉| 202/203 [00:38<00:00,  5.80it/s]
dan_lambda_10: epoch 4: 100%|██████████| 203/203 [00:38<00:00,  5.98it/s]
                                                                         
dan_lambda_10: epoch 4, source macro-f1=0.0507

dan_lambda_10: epoch 5:   0%|          | 0/203 [00:00<?, ?it/s]
dan_lambda_10: epoch 5:   0%|          | 1/203 [00:00<00:36,  5.55it/s]
dan_lambda_10: epoch 5:   1%|          | 2/203 [00:00<00:34,  5.86it/s]
dan_lambda_10: epoch 5:   1%|▏         | 3/203 [00:00<00:33,  5.90it/s]
dan_lambda_10: epoch 5:   2%|▏         | 4/203 [00:00<00:51,  3.84it/s]
dan_lambda_10: epoch 5:   2%|▏         | 5/203 [00:01<01:03,  3.12it/s]
dan_lambda_10: epoch 5:   3%|▎         | 6/203 [00:01<00:58,  3.39it/s]
dan_lambda_10: epoch 5:   3%|▎         | 7/203 [00:01<00:53,  3.69it/s]
dan_lambda_10: epoch 5:   4%|▍         | 8/203 [00:02<00:49,  3.94it/s]
dan_lambda_10: epoch 5:   4%|▍         | 9/203 [00:02<00:49,  3.92it/s]
dan_lambda_10: epoch 5:   5%|▍         | 10/203 [00:02<00:45,  4.20it/s]
dan_lambda_10: epoch 5:   5%|▌         | 11/203 [00:02<00:46,  4.17it/s]
dan_lambda_10: epoch 5:   6%|▌         | 12/203 [00:02<00:44,  4.34it/s]
dan_lambda_10: epoch 5:   6%|▋         | 13/203 [00:03<00:42,  4.43it/s]
dan_lambda_10: epoch 5:   7%|▋         | 14/203 [00:03<00:41,  4.61it/s]
dan_lambda_10: epoch 5:   7%|▋         | 15/203 [00:03<00:39,  4.76it/s]
dan_lambda_10: epoch 5:   8%|▊         | 16/203 [00:03<00:37,  4.97it/s]
dan_lambda_10: epoch 5:   8%|▊         | 17/203 [00:03<00:37,  4.99it/s]
dan_lambda_10: epoch 5:   9%|▉         | 18/203 [00:04<00:34,  5.31it/s]
dan_lambda_10: epoch 5:   9%|▉         | 19/203 [00:04<00:33,  5.43it/s]
dan_lambda_10: epoch 5:  10%|▉         | 20/203 [00:04<00:33,  5.48it/s]
dan_lambda_10: epoch 5:  10%|█         | 21/203 [00:04<00:32,  5.64it/s]
dan_lambda_10: epoch 5:  11%|█         | 22/203 [00:04<00:31,  5.84it/s]
dan_lambda_10: epoch 5:  11%|█▏        | 23/203 [00:04<00:30,  5.94it/s]
dan_lambda_10: epoch 5:  12%|█▏        | 24/203 [00:05<00:34,  5.15it/s]
dan_lambda_10: epoch 5:  12%|█▏        | 25/203 [00:05<00:33,  5.26it/s]
dan_lambda_10: epoch 5:  13%|█▎        | 26/203 [00:05<00:32,  5.45it/s]
dan_lambda_10: epoch 5:  13%|█▎        | 27/203 [00:05<00:32,  5.47it/s]
dan_lambda_10: epoch 5:  14%|█▍        | 28/203 [00:05<00:31,  5.58it/s]
dan_lambda_10: epoch 5:  14%|█▍        | 29/203 [00:06<00:30,  5.65it/s]
dan_lambda_10: epoch 5:  15%|█▍        | 30/203 [00:06<00:31,  5.53it/s]
dan_lambda_10: epoch 5:  15%|█▌        | 31/203 [00:06<00:30,  5.61it/s]
dan_lambda_10: epoch 5:  16%|█▌        | 32/203 [00:06<00:30,  5.58it/s]
dan_lambda_10: epoch 5:  16%|█▋        | 33/203 [00:06<00:30,  5.53it/s]
dan_lambda_10: epoch 5:  17%|█▋        | 34/203 [00:06<00:29,  5.68it/s]
dan_lambda_10: epoch 5:  17%|█▋        | 35/203 [00:07<00:29,  5.65it/s]
dan_lambda_10: epoch 5:  18%|█▊        | 36/203 [00:07<00:30,  5.55it/s]
dan_lambda_10: epoch 5:  18%|█▊        | 37/203 [00:07<00:29,  5.55it/s]
dan_lambda_10: epoch 5:  19%|█▊        | 38/203 [00:07<00:29,  5.53it/s]
dan_lambda_10: epoch 5:  19%|█▉        | 39/203 [00:07<00:28,  5.68it/s]
dan_lambda_10: epoch 5:  20%|█▉        | 40/203 [00:08<00:29,  5.50it/s]
dan_lambda_10: epoch 5:  20%|██        | 41/203 [00:08<00:29,  5.56it/s]
dan_lambda_10: epoch 5:  21%|██        | 42/203 [00:08<00:29,  5.44it/s]
dan_lambda_10: epoch 5:  21%|██        | 43/203 [00:08<00:28,  5.58it/s]
dan_lambda_10: epoch 5:  22%|██▏       | 44/203 [00:08<00:28,  5.56it/s]
dan_lambda_10: epoch 5:  22%|██▏       | 45/203 [00:08<00:27,  5.68it/s]
dan_lambda_10: epoch 5:  23%|██▎       | 46/203 [00:09<00:27,  5.70it/s]
dan_lambda_10: epoch 5:  23%|██▎       | 47/203 [00:09<00:28,  5.45it/s]
dan_lambda_10: epoch 5:  24%|██▎       | 48/203 [00:09<00:27,  5.54it/s]
dan_lambda_10: epoch 5:  24%|██▍       | 49/203 [00:09<00:27,  5.58it/s]
dan_lambda_10: epoch 5:  25%|██▍       | 50/203 [00:09<00:27,  5.56it/s]
dan_lambda_10: epoch 5:  25%|██▌       | 51/203 [00:09<00:26,  5.72it/s]
dan_lambda_10: epoch 5:  26%|██▌       | 52/203 [00:10<00:26,  5.74it/s]
dan_lambda_10: epoch 5:  26%|██▌       | 53/203 [00:10<00:25,  5.81it/s]
dan_lambda_10: epoch 5:  27%|██▋       | 54/203 [00:10<00:25,  5.79it/s]
dan_lambda_10: epoch 5:  27%|██▋       | 55/203 [00:10<00:25,  5.71it/s]
dan_lambda_10: epoch 5:  28%|██▊       | 56/203 [00:10<00:25,  5.67it/s]
dan_lambda_10: epoch 5:  28%|██▊       | 57/203 [00:11<00:25,  5.73it/s]
dan_lambda_10: epoch 5:  29%|██▊       | 58/203 [00:11<00:24,  5.82it/s]
dan_lambda_10: epoch 5:  29%|██▉       | 59/203 [00:11<00:25,  5.70it/s]
dan_lambda_10: epoch 5:  30%|██▉       | 60/203 [00:11<00:24,  5.82it/s]
dan_lambda_10: epoch 5:  30%|███       | 61/203 [00:11<00:23,  5.92it/s]
dan_lambda_10: epoch 5:  31%|███       | 62/203 [00:11<00:23,  5.93it/s]
dan_lambda_10: epoch 5:  31%|███       | 63/203 [00:12<00:23,  5.95it/s]
dan_lambda_10: epoch 5:  32%|███▏      | 64/203 [00:12<00:23,  5.84it/s]
dan_lambda_10: epoch 5:  32%|███▏      | 65/203 [00:12<00:24,  5.57it/s]
dan_lambda_10: epoch 5:  33%|███▎      | 66/203 [00:12<00:24,  5.50it/s]
dan_lambda_10: epoch 5:  33%|███▎      | 67/203 [00:12<00:24,  5.56it/s]
dan_lambda_10: epoch 5:  33%|███▎      | 68/203 [00:12<00:23,  5.64it/s]
dan_lambda_10: epoch 5:  34%|███▍      | 69/203 [00:13<00:24,  5.53it/s]
dan_lambda_10: epoch 5:  34%|███▍      | 70/203 [00:13<00:24,  5.35it/s]
dan_lambda_10: epoch 5:  35%|███▍      | 71/203 [00:13<00:24,  5.30it/s]
dan_lambda_10: epoch 5:  35%|███▌      | 72/203 [00:13<00:25,  5.11it/s]
dan_lambda_10: epoch 5:  36%|███▌      | 73/203 [00:13<00:25,  5.09it/s]
dan_lambda_10: epoch 5:  36%|███▋      | 74/203 [00:14<00:27,  4.77it/s]
dan_lambda_10: epoch 5:  37%|███▋      | 75/203 [00:14<00:25,  4.93it/s]
dan_lambda_10: epoch 5:  37%|███▋      | 76/203 [00:14<00:27,  4.56it/s]
dan_lambda_10: epoch 5:  38%|███▊      | 77/203 [00:14<00:27,  4.66it/s]
dan_lambda_10: epoch 5:  38%|███▊      | 78/203 [00:15<00:28,  4.36it/s]
dan_lambda_10: epoch 5:  39%|███▉      | 79/203 [00:15<00:27,  4.56it/s]
dan_lambda_10: epoch 5:  39%|███▉      | 80/203 [00:15<00:27,  4.49it/s]
dan_lambda_10: epoch 5:  40%|███▉      | 81/203 [00:15<00:27,  4.47it/s]
dan_lambda_10: epoch 5:  40%|████      | 82/203 [00:15<00:26,  4.54it/s]
dan_lambda_10: epoch 5:  41%|████      | 83/203 [00:16<00:27,  4.44it/s]
dan_lambda_10: epoch 5:  41%|████▏     | 84/203 [00:16<00:26,  4.52it/s]
dan_lambda_10: epoch 5:  42%|████▏     | 85/203 [00:16<00:26,  4.51it/s]
dan_lambda_10: epoch 5:  42%|████▏     | 86/203 [00:16<00:25,  4.56it/s]
dan_lambda_10: epoch 5:  43%|████▎     | 87/203 [00:17<00:27,  4.17it/s]
dan_lambda_10: epoch 5:  43%|████▎     | 88/203 [00:17<00:26,  4.41it/s]
dan_lambda_10: epoch 5:  44%|████▍     | 89/203 [00:17<00:27,  4.10it/s]
dan_lambda_10: epoch 5:  44%|████▍     | 90/203 [00:17<00:26,  4.27it/s]
dan_lambda_10: epoch 5:  45%|████▍     | 91/203 [00:18<00:25,  4.36it/s]
dan_lambda_10: epoch 5:  45%|████▌     | 92/203 [00:18<00:24,  4.46it/s]
dan_lambda_10: epoch 5:  46%|████▌     | 93/203 [00:18<00:25,  4.37it/s]
dan_lambda_10: epoch 5:  46%|████▋     | 94/203 [00:18<00:25,  4.35it/s]
dan_lambda_10: epoch 5:  47%|████▋     | 95/203 [00:18<00:25,  4.24it/s]
dan_lambda_10: epoch 5:  47%|████▋     | 96/203 [00:19<00:24,  4.39it/s]
dan_lambda_10: epoch 5:  48%|████▊     | 97/203 [00:19<00:23,  4.53it/s]
dan_lambda_10: epoch 5:  48%|████▊     | 98/203 [00:19<00:23,  4.54it/s]
dan_lambda_10: epoch 5:  49%|████▉     | 99/203 [00:19<00:21,  4.77it/s]
dan_lambda_10: epoch 5:  49%|████▉     | 100/203 [00:19<00:21,  4.88it/s]
dan_lambda_10: epoch 5:  50%|████▉     | 101/203 [00:20<00:20,  5.08it/s]
dan_lambda_10: epoch 5:  50%|█████     | 102/203 [00:20<00:20,  5.05it/s]
dan_lambda_10: epoch 5:  51%|█████     | 103/203 [00:20<00:19,  5.13it/s]
dan_lambda_10: epoch 5:  51%|█████     | 104/203 [00:20<00:18,  5.23it/s]
dan_lambda_10: epoch 5:  52%|█████▏    | 105/203 [00:20<00:18,  5.44it/s]
dan_lambda_10: epoch 5:  52%|█████▏    | 106/203 [00:21<00:17,  5.47it/s]
dan_lambda_10: epoch 5:  53%|█████▎    | 107/203 [00:21<00:17,  5.54it/s]
dan_lambda_10: epoch 5:  53%|█████▎    | 108/203 [00:21<00:16,  5.62it/s]
dan_lambda_10: epoch 5:  54%|█████▎    | 109/203 [00:21<00:16,  5.65it/s]
dan_lambda_10: epoch 5:  54%|█████▍    | 110/203 [00:21<00:16,  5.61it/s]
dan_lambda_10: epoch 5:  55%|█████▍    | 111/203 [00:21<00:16,  5.69it/s]
dan_lambda_10: epoch 5:  55%|█████▌    | 112/203 [00:22<00:16,  5.61it/s]
dan_lambda_10: epoch 5:  56%|█████▌    | 113/203 [00:22<00:16,  5.56it/s]
dan_lambda_10: epoch 5:  56%|█████▌    | 114/203 [00:22<00:16,  5.53it/s]
dan_lambda_10: epoch 5:  57%|█████▋    | 115/203 [00:22<00:15,  5.79it/s]
dan_lambda_10: epoch 5:  57%|█████▋    | 116/203 [00:22<00:14,  5.81it/s]
dan_lambda_10: epoch 5:  58%|█████▊    | 117/203 [00:23<00:14,  5.78it/s]
dan_lambda_10: epoch 5:  58%|█████▊    | 118/203 [00:23<00:15,  5.64it/s]
dan_lambda_10: epoch 5:  59%|█████▊    | 119/203 [00:23<00:15,  5.56it/s]
dan_lambda_10: epoch 5:  59%|█████▉    | 120/203 [00:23<00:14,  5.69it/s]
dan_lambda_10: epoch 5:  60%|█████▉    | 121/203 [00:23<00:14,  5.69it/s]
dan_lambda_10: epoch 5:  60%|██████    | 122/203 [00:23<00:14,  5.78it/s]
dan_lambda_10: epoch 5:  61%|██████    | 123/203 [00:24<00:13,  5.88it/s]
dan_lambda_10: epoch 5:  61%|██████    | 124/203 [00:24<00:13,  5.92it/s]
dan_lambda_10: epoch 5:  62%|██████▏   | 125/203 [00:24<00:15,  5.08it/s]
dan_lambda_10: epoch 5:  62%|██████▏   | 126/203 [00:24<00:14,  5.23it/s]
dan_lambda_10: epoch 5:  63%|██████▎   | 127/203 [00:24<00:14,  5.40it/s]
dan_lambda_10: epoch 5:  63%|██████▎   | 128/203 [00:25<00:13,  5.45it/s]
dan_lambda_10: epoch 5:  64%|██████▎   | 129/203 [00:25<00:13,  5.58it/s]
dan_lambda_10: epoch 5:  64%|██████▍   | 130/203 [00:25<00:13,  5.49it/s]
dan_lambda_10: epoch 5:  65%|██████▍   | 131/203 [00:25<00:13,  5.46it/s]
dan_lambda_10: epoch 5:  65%|██████▌   | 132/203 [00:25<00:12,  5.51it/s]
dan_lambda_10: epoch 5:  66%|██████▌   | 133/203 [00:25<00:12,  5.45it/s]
dan_lambda_10: epoch 5:  66%|██████▌   | 134/203 [00:26<00:12,  5.61it/s]
dan_lambda_10: epoch 5:  67%|██████▋   | 135/203 [00:26<00:12,  5.62it/s]
dan_lambda_10: epoch 5:  67%|██████▋   | 136/203 [00:26<00:12,  5.50it/s]
dan_lambda_10: epoch 5:  67%|██████▋   | 137/203 [00:26<00:11,  5.51it/s]
dan_lambda_10: epoch 5:  68%|██████▊   | 138/203 [00:26<00:11,  5.53it/s]
dan_lambda_10: epoch 5:  68%|██████▊   | 139/203 [00:26<00:11,  5.74it/s]
dan_lambda_10: epoch 5:  69%|██████▉   | 140/203 [00:27<00:10,  5.75it/s]
dan_lambda_10: epoch 5:  69%|██████▉   | 141/203 [00:27<00:10,  5.82it/s]
dan_lambda_10: epoch 5:  70%|██████▉   | 142/203 [00:27<00:10,  5.93it/s]
dan_lambda_10: epoch 5:  70%|███████   | 143/203 [00:27<00:10,  5.80it/s]
dan_lambda_10: epoch 5:  71%|███████   | 144/203 [00:27<00:10,  5.75it/s]
dan_lambda_10: epoch 5:  71%|███████▏  | 145/203 [00:28<00:10,  5.73it/s]
dan_lambda_10: epoch 5:  72%|███████▏  | 146/203 [00:28<00:09,  5.83it/s]
dan_lambda_10: epoch 5:  72%|███████▏  | 147/203 [00:28<00:09,  5.85it/s]
dan_lambda_10: epoch 5:  73%|███████▎  | 148/203 [00:28<00:09,  5.68it/s]
dan_lambda_10: epoch 5:  73%|███████▎  | 149/203 [00:28<00:09,  5.67it/s]
dan_lambda_10: epoch 5:  74%|███████▍  | 150/203 [00:28<00:09,  5.52it/s]
dan_lambda_10: epoch 5:  74%|███████▍  | 151/203 [00:29<00:09,  5.56it/s]
dan_lambda_10: epoch 5:  75%|███████▍  | 152/203 [00:29<00:09,  5.58it/s]
dan_lambda_10: epoch 5:  75%|███████▌  | 153/203 [00:29<00:09,  5.40it/s]
dan_lambda_10: epoch 5:  76%|███████▌  | 154/203 [00:29<00:09,  5.22it/s]
dan_lambda_10: epoch 5:  76%|███████▋  | 155/203 [00:29<00:09,  5.17it/s]
dan_lambda_10: epoch 5:  77%|███████▋  | 156/203 [00:30<00:09,  5.08it/s]
dan_lambda_10: epoch 5:  77%|███████▋  | 157/203 [00:30<00:09,  4.95it/s]
dan_lambda_10: epoch 5:  78%|███████▊  | 158/203 [00:30<00:09,  4.69it/s]
dan_lambda_10: epoch 5:  78%|███████▊  | 159/203 [00:30<00:09,  4.55it/s]
dan_lambda_10: epoch 5:  79%|███████▉  | 160/203 [00:30<00:09,  4.54it/s]
dan_lambda_10: epoch 5:  79%|███████▉  | 161/203 [00:31<00:09,  4.40it/s]
dan_lambda_10: epoch 5:  80%|███████▉  | 162/203 [00:31<00:09,  4.52it/s]
dan_lambda_10: epoch 5:  80%|████████  | 163/203 [00:31<00:09,  4.42it/s]
dan_lambda_10: epoch 5:  81%|████████  | 164/203 [00:31<00:09,  4.15it/s]
dan_lambda_10: epoch 5:  81%|████████▏ | 165/203 [00:32<00:09,  4.20it/s]
dan_lambda_10: epoch 5:  82%|████████▏ | 166/203 [00:32<00:08,  4.43it/s]
dan_lambda_10: epoch 5:  82%|████████▏ | 167/203 [00:32<00:11,  3.21it/s]
dan_lambda_10: epoch 5:  83%|████████▎ | 168/203 [00:33<00:10,  3.47it/s]
dan_lambda_10: epoch 5:  83%|████████▎ | 169/203 [00:33<00:09,  3.67it/s]
dan_lambda_10: epoch 5:  84%|████████▎ | 170/203 [00:33<00:08,  3.88it/s]
dan_lambda_10: epoch 5:  84%|████████▍ | 171/203 [00:33<00:07,  4.09it/s]
dan_lambda_10: epoch 5:  85%|████████▍ | 172/203 [00:34<00:07,  4.13it/s]
dan_lambda_10: epoch 5:  85%|████████▌ | 173/203 [00:34<00:06,  4.40it/s]
dan_lambda_10: epoch 5:  86%|████████▌ | 174/203 [00:34<00:06,  4.41it/s]
dan_lambda_10: epoch 5:  86%|████████▌ | 175/203 [00:34<00:06,  4.30it/s]
dan_lambda_10: epoch 5:  87%|████████▋ | 176/203 [00:34<00:05,  4.67it/s]
dan_lambda_10: epoch 5:  87%|████████▋ | 177/203 [00:35<00:05,  4.85it/s]
dan_lambda_10: epoch 5:  88%|████████▊ | 178/203 [00:35<00:04,  5.00it/s]
dan_lambda_10: epoch 5:  88%|████████▊ | 179/203 [00:35<00:04,  5.26it/s]
dan_lambda_10: epoch 5:  89%|████████▊ | 180/203 [00:35<00:04,  5.29it/s]
dan_lambda_10: epoch 5:  89%|████████▉ | 181/203 [00:35<00:04,  5.32it/s]
dan_lambda_10: epoch 5:  90%|████████▉ | 182/203 [00:35<00:03,  5.49it/s]
dan_lambda_10: epoch 5:  90%|█████████ | 183/203 [00:36<00:03,  5.47it/s]
dan_lambda_10: epoch 5:  91%|█████████ | 184/203 [00:36<00:03,  5.51it/s]
dan_lambda_10: epoch 5:  91%|█████████ | 185/203 [00:36<00:03,  5.50it/s]
dan_lambda_10: epoch 5:  92%|█████████▏| 186/203 [00:36<00:03,  5.54it/s]
dan_lambda_10: epoch 5:  92%|█████████▏| 187/203 [00:36<00:02,  5.76it/s]
dan_lambda_10: epoch 5:  93%|█████████▎| 188/203 [00:36<00:02,  5.78it/s]
dan_lambda_10: epoch 5:  93%|█████████▎| 189/203 [00:37<00:02,  5.85it/s]
dan_lambda_10: epoch 5:  94%|█████████▎| 190/203 [00:37<00:02,  5.98it/s]
dan_lambda_10: epoch 5:  94%|█████████▍| 191/203 [00:37<00:02,  5.31it/s]
dan_lambda_10: epoch 5:  95%|█████████▍| 192/203 [00:37<00:01,  5.52it/s]
dan_lambda_10: epoch 5:  95%|█████████▌| 193/203 [00:37<00:01,  5.51it/s]
dan_lambda_10: epoch 5:  96%|█████████▌| 194/203 [00:38<00:01,  5.54it/s]
dan_lambda_10: epoch 5:  96%|█████████▌| 195/203 [00:38<00:01,  5.57it/s]
dan_lambda_10: epoch 5:  97%|█████████▋| 196/203 [00:38<00:01,  5.66it/s]
dan_lambda_10: epoch 5:  97%|█████████▋| 197/203 [00:38<00:01,  5.53it/s]
dan_lambda_10: epoch 5:  98%|█████████▊| 198/203 [00:38<00:00,  5.64it/s]
dan_lambda_10: epoch 5:  98%|█████████▊| 199/203 [00:38<00:00,  5.77it/s]
dan_lambda_10: epoch 5:  99%|█████████▊| 200/203 [00:39<00:00,  5.81it/s]
dan_lambda_10: epoch 5:  99%|█████████▉| 201/203 [00:39<00:00,  5.64it/s]
dan_lambda_10: epoch 5: 100%|█████████▉| 202/203 [00:39<00:00,  5.55it/s]
dan_lambda_10: epoch 5: 100%|██████████| 203/203 [00:39<00:00,  5.50it/s]
                                                                         
dan_lambda_10: epoch 5, source macro-f1=0.0507

dan_lambda_10: epoch 6:   0%|          | 0/203 [00:00<?, ?it/s]
dan_lambda_10: epoch 6:   0%|          | 1/203 [00:00<00:34,  5.84it/s]
dan_lambda_10: epoch 6:   1%|          | 2/203 [00:00<00:33,  5.94it/s]
dan_lambda_10: epoch 6:   1%|▏         | 3/203 [00:00<00:34,  5.79it/s]
dan_lambda_10: epoch 6:   2%|▏         | 4/203 [00:00<00:34,  5.85it/s]
dan_lambda_10: epoch 6:   2%|▏         | 5/203 [00:00<00:33,  5.83it/s]
dan_lambda_10: epoch 6:   3%|▎         | 6/203 [00:01<00:39,  4.96it/s]
dan_lambda_10: epoch 6:   3%|▎         | 7/203 [00:01<00:36,  5.32it/s]
dan_lambda_10: epoch 6:   4%|▍         | 8/203 [00:01<00:36,  5.40it/s]
dan_lambda_10: epoch 6:   4%|▍         | 9/203 [00:01<00:36,  5.31it/s]
dan_lambda_10: epoch 6:   5%|▍         | 10/203 [00:01<00:38,  5.06it/s]
dan_lambda_10: epoch 6:   5%|▌         | 11/203 [00:02<00:38,  5.04it/s]
dan_lambda_10: epoch 6:   6%|▌         | 12/203 [00:02<00:37,  5.10it/s]
dan_lambda_10: epoch 6:   6%|▋         | 13/203 [00:02<00:37,  5.09it/s]
dan_lambda_10: epoch 6:   7%|▋         | 14/203 [00:02<00:42,  4.48it/s]
dan_lambda_10: epoch 6:   7%|▋         | 15/203 [00:02<00:40,  4.66it/s]
dan_lambda_10: epoch 6:   8%|▊         | 16/203 [00:03<00:42,  4.38it/s]
dan_lambda_10: epoch 6:   8%|▊         | 17/203 [00:03<00:41,  4.47it/s]
dan_lambda_10: epoch 6:   9%|▉         | 18/203 [00:03<00:42,  4.37it/s]
dan_lambda_10: epoch 6:   9%|▉         | 19/203 [00:03<00:41,  4.47it/s]
dan_lambda_10: epoch 6:  10%|▉         | 20/203 [00:04<00:39,  4.59it/s]
dan_lambda_10: epoch 6:  10%|█         | 21/203 [00:04<00:42,  4.26it/s]
dan_lambda_10: epoch 6:  11%|█         | 22/203 [00:04<00:41,  4.34it/s]
dan_lambda_10: epoch 6:  11%|█▏        | 23/203 [00:04<00:43,  4.15it/s]
dan_lambda_10: epoch 6:  12%|█▏        | 24/203 [00:05<00:40,  4.44it/s]
dan_lambda_10: epoch 6:  12%|█▏        | 25/203 [00:05<00:42,  4.15it/s]
dan_lambda_10: epoch 6:  13%|█▎        | 26/203 [00:05<00:39,  4.45it/s]
dan_lambda_10: epoch 6:  13%|█▎        | 27/203 [00:05<00:41,  4.26it/s]
dan_lambda_10: epoch 6:  14%|█▍        | 28/203 [00:05<00:39,  4.46it/s]
dan_lambda_10: epoch 6:  14%|█▍        | 29/203 [00:06<00:40,  4.26it/s]
dan_lambda_10: epoch 6:  15%|█▍        | 30/203 [00:06<00:38,  4.44it/s]
dan_lambda_10: epoch 6:  15%|█▌        | 31/203 [00:06<00:43,  3.94it/s]
dan_lambda_10: epoch 6:  16%|█▌        | 32/203 [00:06<00:43,  3.92it/s]
dan_lambda_10: epoch 6:  16%|█▋        | 33/203 [00:07<00:40,  4.18it/s]
dan_lambda_10: epoch 6:  17%|█▋        | 34/203 [00:07<00:37,  4.54it/s]
dan_lambda_10: epoch 6:  17%|█▋        | 35/203 [00:07<00:34,  4.86it/s]
dan_lambda_10: epoch 6:  18%|█▊        | 36/203 [00:07<00:32,  5.09it/s]
dan_lambda_10: epoch 6:  18%|█▊        | 37/203 [00:07<00:31,  5.25it/s]
dan_lambda_10: epoch 6:  19%|█▊        | 38/203 [00:08<00:30,  5.47it/s]
dan_lambda_10: epoch 6:  19%|█▉        | 39/203 [00:08<00:30,  5.46it/s]
dan_lambda_10: epoch 6:  20%|█▉        | 40/203 [00:08<00:29,  5.48it/s]
dan_lambda_10: epoch 6:  20%|██        | 41/203 [00:08<00:28,  5.63it/s]
dan_lambda_10: epoch 6:  21%|██        | 42/203 [00:08<00:28,  5.64it/s]
dan_lambda_10: epoch 6:  21%|██        | 43/203 [00:08<00:28,  5.71it/s]
dan_lambda_10: epoch 6:  22%|██▏       | 44/203 [00:09<00:27,  5.70it/s]
dan_lambda_10: epoch 6:  22%|██▏       | 45/203 [00:09<00:27,  5.72it/s]
dan_lambda_10: epoch 6:  23%|██▎       | 46/203 [00:09<00:27,  5.72it/s]
dan_lambda_10: epoch 6:  23%|██▎       | 47/203 [00:09<00:26,  5.90it/s]
dan_lambda_10: epoch 6:  24%|██▎       | 48/203 [00:09<00:26,  5.93it/s]
dan_lambda_10: epoch 6:  24%|██▍       | 49/203 [00:09<00:26,  5.72it/s]
dan_lambda_10: epoch 6:  25%|██▍       | 50/203 [00:10<00:26,  5.77it/s]
dan_lambda_10: epoch 6:  25%|██▌       | 51/203 [00:10<00:26,  5.79it/s]
dan_lambda_10: epoch 6:  26%|██▌       | 52/203 [00:10<00:25,  5.85it/s]
dan_lambda_10: epoch 6:  26%|██▌       | 53/203 [00:10<00:26,  5.72it/s]
dan_lambda_10: epoch 6:  27%|██▋       | 54/203 [00:10<00:26,  5.65it/s]
dan_lambda_10: epoch 6:  27%|██▋       | 55/203 [00:11<00:25,  5.73it/s]
dan_lambda_10: epoch 6:  28%|██▊       | 56/203 [00:11<00:25,  5.71it/s]
dan_lambda_10: epoch 6:  28%|██▊       | 57/203 [00:11<00:25,  5.78it/s]
dan_lambda_10: epoch 6:  29%|██▊       | 58/203 [00:11<00:24,  5.81it/s]
dan_lambda_10: epoch 6:  29%|██▉       | 59/203 [00:11<00:24,  5.85it/s]
dan_lambda_10: epoch 6:  30%|██▉       | 60/203 [00:11<00:24,  5.80it/s]
dan_lambda_10: epoch 6:  30%|███       | 61/203 [00:12<00:24,  5.89it/s]
dan_lambda_10: epoch 6:  31%|███       | 62/203 [00:12<00:24,  5.83it/s]
dan_lambda_10: epoch 6:  31%|███       | 63/203 [00:12<00:24,  5.74it/s]
dan_lambda_10: epoch 6:  32%|███▏      | 64/203 [00:12<00:24,  5.60it/s]
dan_lambda_10: epoch 6:  32%|███▏      | 65/203 [00:12<00:24,  5.56it/s]
dan_lambda_10: epoch 6:  33%|███▎      | 66/203 [00:12<00:24,  5.64it/s]
dan_lambda_10: epoch 6:  33%|███▎      | 67/203 [00:13<00:24,  5.61it/s]
dan_lambda_10: epoch 6:  33%|███▎      | 68/203 [00:13<00:23,  5.80it/s]
dan_lambda_10: epoch 6:  34%|███▍      | 69/203 [00:13<00:23,  5.75it/s]
dan_lambda_10: epoch 6:  34%|███▍      | 70/203 [00:13<00:23,  5.76it/s]
dan_lambda_10: epoch 6:  35%|███▍      | 71/203 [00:13<00:23,  5.69it/s]
dan_lambda_10: epoch 6:  35%|███▌      | 72/203 [00:13<00:23,  5.68it/s]
dan_lambda_10: epoch 6:  36%|███▌      | 73/203 [00:14<00:23,  5.55it/s]
dan_lambda_10: epoch 6:  36%|███▋      | 74/203 [00:14<00:23,  5.59it/s]
dan_lambda_10: epoch 6:  37%|███▋      | 75/203 [00:14<00:22,  5.75it/s]
dan_lambda_10: epoch 6:  37%|███▋      | 76/203 [00:14<00:22,  5.72it/s]
dan_lambda_10: epoch 6:  38%|███▊      | 77/203 [00:14<00:22,  5.60it/s]
dan_lambda_10: epoch 6:  38%|███▊      | 78/203 [00:15<00:21,  5.84it/s]
dan_lambda_10: epoch 6:  39%|███▉      | 79/203 [00:15<00:21,  5.90it/s]
dan_lambda_10: epoch 6:  39%|███▉      | 80/203 [00:15<00:20,  5.92it/s]
dan_lambda_10: epoch 6:  40%|███▉      | 81/203 [00:15<00:20,  5.91it/s]
dan_lambda_10: epoch 6:  40%|████      | 82/203 [00:15<00:21,  5.72it/s]
dan_lambda_10: epoch 6:  41%|████      | 83/203 [00:15<00:21,  5.71it/s]
dan_lambda_10: epoch 6:  41%|████▏     | 84/203 [00:16<00:21,  5.60it/s]
dan_lambda_10: epoch 6:  42%|████▏     | 85/203 [00:16<00:20,  5.75it/s]
dan_lambda_10: epoch 6:  42%|████▏     | 86/203 [00:16<00:20,  5.81it/s]
dan_lambda_10: epoch 6:  43%|████▎     | 87/203 [00:16<00:20,  5.74it/s]
dan_lambda_10: epoch 6:  43%|████▎     | 88/203 [00:16<00:20,  5.68it/s]
dan_lambda_10: epoch 6:  44%|████▍     | 89/203 [00:16<00:19,  5.71it/s]
dan_lambda_10: epoch 6:  44%|████▍     | 90/203 [00:17<00:19,  5.88it/s]
dan_lambda_10: epoch 6:  45%|████▍     | 91/203 [00:17<00:20,  5.57it/s]
dan_lambda_10: epoch 6:  45%|████▌     | 92/203 [00:17<00:20,  5.43it/s]
dan_lambda_10: epoch 6:  46%|████▌     | 93/203 [00:17<00:21,  5.19it/s]
dan_lambda_10: epoch 6:  46%|████▋     | 94/203 [00:17<00:21,  5.15it/s]
dan_lambda_10: epoch 6:  47%|████▋     | 95/203 [00:18<00:22,  4.86it/s]
dan_lambda_10: epoch 6:  47%|████▋     | 96/203 [00:18<00:22,  4.80it/s]
dan_lambda_10: epoch 6:  48%|████▊     | 97/203 [00:18<00:22,  4.72it/s]
dan_lambda_10: epoch 6:  48%|████▊     | 98/203 [00:18<00:23,  4.51it/s]
dan_lambda_10: epoch 6:  49%|████▉     | 99/203 [00:19<00:22,  4.55it/s]
dan_lambda_10: epoch 6:  49%|████▉     | 100/203 [00:19<00:22,  4.65it/s]
dan_lambda_10: epoch 6:  50%|████▉     | 101/203 [00:19<00:22,  4.53it/s]
dan_lambda_10: epoch 6:  50%|█████     | 102/203 [00:19<00:23,  4.34it/s]
dan_lambda_10: epoch 6:  51%|█████     | 103/203 [00:19<00:23,  4.21it/s]
dan_lambda_10: epoch 6:  51%|█████     | 104/203 [00:20<00:22,  4.33it/s]
dan_lambda_10: epoch 6:  52%|█████▏    | 105/203 [00:20<00:21,  4.51it/s]
dan_lambda_10: epoch 6:  52%|█████▏    | 106/203 [00:20<00:23,  4.19it/s]
dan_lambda_10: epoch 6:  53%|█████▎    | 107/203 [00:20<00:21,  4.37it/s]
dan_lambda_10: epoch 6:  53%|█████▎    | 108/203 [00:21<00:22,  4.24it/s]
dan_lambda_10: epoch 6:  54%|█████▎    | 109/203 [00:21<00:25,  3.69it/s]
dan_lambda_10: epoch 6:  54%|█████▍    | 110/203 [00:21<00:24,  3.77it/s]
dan_lambda_10: epoch 6:  55%|█████▍    | 111/203 [00:21<00:22,  4.08it/s]
dan_lambda_10: epoch 6:  55%|█████▌    | 112/203 [00:22<00:22,  4.03it/s]
dan_lambda_10: epoch 6:  56%|█████▌    | 113/203 [00:22<00:21,  4.20it/s]
dan_lambda_10: epoch 6:  56%|█████▌    | 114/203 [00:22<00:20,  4.32it/s]
dan_lambda_10: epoch 6:  57%|█████▋    | 115/203 [00:22<00:19,  4.52it/s]
dan_lambda_10: epoch 6:  57%|█████▋    | 116/203 [00:23<00:18,  4.66it/s]
dan_lambda_10: epoch 6:  58%|█████▊    | 117/203 [00:23<00:17,  4.90it/s]
dan_lambda_10: epoch 6:  58%|█████▊    | 118/203 [00:23<00:16,  5.01it/s]
dan_lambda_10: epoch 6:  59%|█████▊    | 119/203 [00:23<00:16,  5.17it/s]
dan_lambda_10: epoch 6:  59%|█████▉    | 120/203 [00:23<00:15,  5.43it/s]
dan_lambda_10: epoch 6:  60%|█████▉    | 121/203 [00:23<00:14,  5.51it/s]
dan_lambda_10: epoch 6:  60%|██████    | 122/203 [00:24<00:14,  5.44it/s]
dan_lambda_10: epoch 6:  61%|██████    | 123/203 [00:24<00:14,  5.56it/s]
dan_lambda_10: epoch 6:  61%|██████    | 124/203 [00:24<00:14,  5.63it/s]
dan_lambda_10: epoch 6:  62%|██████▏   | 125/203 [00:24<00:13,  5.75it/s]
dan_lambda_10: epoch 6:  62%|██████▏   | 126/203 [00:24<00:13,  5.88it/s]
dan_lambda_10: epoch 6:  63%|██████▎   | 127/203 [00:25<00:16,  4.50it/s]
dan_lambda_10: epoch 6:  63%|██████▎   | 128/203 [00:25<00:15,  4.73it/s]
dan_lambda_10: epoch 6:  64%|██████▎   | 129/203 [00:25<00:14,  4.96it/s]
dan_lambda_10: epoch 6:  64%|██████▍   | 130/203 [00:25<00:14,  5.08it/s]
dan_lambda_10: epoch 6:  65%|██████▍   | 131/203 [00:25<00:13,  5.23it/s]
dan_lambda_10: epoch 6:  65%|██████▌   | 132/203 [00:25<00:13,  5.40it/s]
dan_lambda_10: epoch 6:  66%|██████▌   | 133/203 [00:26<00:12,  5.40it/s]
dan_lambda_10: epoch 6:  66%|██████▌   | 134/203 [00:26<00:12,  5.47it/s]
dan_lambda_10: epoch 6:  67%|██████▋   | 135/203 [00:26<00:12,  5.56it/s]
dan_lambda_10: epoch 6:  67%|██████▋   | 136/203 [00:26<00:11,  5.59it/s]
dan_lambda_10: epoch 6:  67%|██████▋   | 137/203 [00:26<00:11,  5.78it/s]
dan_lambda_10: epoch 6:  68%|██████▊   | 138/203 [00:27<00:11,  5.85it/s]
dan_lambda_10: epoch 6:  68%|██████▊   | 139/203 [00:27<00:10,  5.84it/s]
dan_lambda_10: epoch 6:  69%|██████▉   | 140/203 [00:27<00:10,  5.95it/s]
dan_lambda_10: epoch 6:  69%|██████▉   | 141/203 [00:27<00:10,  5.89it/s]
dan_lambda_10: epoch 6:  70%|██████▉   | 142/203 [00:27<00:10,  5.91it/s]
dan_lambda_10: epoch 6:  70%|███████   | 143/203 [00:27<00:10,  5.82it/s]
dan_lambda_10: epoch 6:  71%|███████   | 144/203 [00:28<00:10,  5.78it/s]
dan_lambda_10: epoch 6:  71%|███████▏  | 145/203 [00:28<00:10,  5.77it/s]
dan_lambda_10: epoch 6:  72%|███████▏  | 146/203 [00:28<00:09,  5.83it/s]
dan_lambda_10: epoch 6:  72%|███████▏  | 147/203 [00:28<00:09,  5.91it/s]
dan_lambda_10: epoch 6:  73%|███████▎  | 148/203 [00:28<00:09,  5.80it/s]
dan_lambda_10: epoch 6:  73%|███████▎  | 149/203 [00:28<00:09,  5.62it/s]
dan_lambda_10: epoch 6:  74%|███████▍  | 150/203 [00:29<00:09,  5.62it/s]
dan_lambda_10: epoch 6:  74%|███████▍  | 151/203 [00:29<00:08,  5.80it/s]
dan_lambda_10: epoch 6:  75%|███████▍  | 152/203 [00:29<00:08,  6.01it/s]
dan_lambda_10: epoch 6:  75%|███████▌  | 153/203 [00:29<00:08,  6.10it/s]
dan_lambda_10: epoch 6:  76%|███████▌  | 154/203 [00:29<00:07,  6.28it/s]
dan_lambda_10: epoch 6:  76%|███████▋  | 155/203 [00:29<00:08,  5.55it/s]
dan_lambda_10: epoch 6:  77%|███████▋  | 156/203 [00:30<00:09,  4.91it/s]
dan_lambda_10: epoch 6:  77%|███████▋  | 157/203 [00:30<00:08,  5.25it/s]
dan_lambda_10: epoch 6:  78%|███████▊  | 158/203 [00:30<00:08,  5.37it/s]
dan_lambda_10: epoch 6:  78%|███████▊  | 159/203 [00:30<00:07,  5.52it/s]
dan_lambda_10: epoch 6:  79%|███████▉  | 160/203 [00:30<00:07,  5.67it/s]
dan_lambda_10: epoch 6:  79%|███████▉  | 161/203 [00:31<00:08,  5.06it/s]
dan_lambda_10: epoch 6:  80%|███████▉  | 162/203 [00:31<00:07,  5.27it/s]
dan_lambda_10: epoch 6:  80%|████████  | 163/203 [00:31<00:07,  5.57it/s]
dan_lambda_10: epoch 6:  81%|████████  | 164/203 [00:31<00:06,  5.68it/s]
dan_lambda_10: epoch 6:  81%|████████▏ | 165/203 [00:31<00:06,  5.76it/s]
dan_lambda_10: epoch 6:  82%|████████▏ | 166/203 [00:31<00:06,  5.71it/s]
dan_lambda_10: epoch 6:  82%|████████▏ | 167/203 [00:32<00:06,  5.98it/s]
dan_lambda_10: epoch 6:  83%|████████▎ | 168/203 [00:32<00:05,  6.10it/s]
dan_lambda_10: epoch 6:  83%|████████▎ | 169/203 [00:32<00:05,  5.95it/s]
dan_lambda_10: epoch 6:  84%|████████▎ | 170/203 [00:32<00:05,  5.85it/s]
dan_lambda_10: epoch 6:  84%|████████▍ | 171/203 [00:32<00:05,  5.94it/s]
dan_lambda_10: epoch 6:  85%|████████▍ | 172/203 [00:33<00:05,  5.49it/s]
dan_lambda_10: epoch 6:  85%|████████▌ | 173/203 [00:33<00:05,  5.39it/s]
dan_lambda_10: epoch 6:  86%|████████▌ | 174/203 [00:33<00:05,  5.31it/s]
dan_lambda_10: epoch 6:  86%|████████▌ | 175/203 [00:33<00:05,  5.01it/s]
dan_lambda_10: epoch 6:  87%|████████▋ | 176/203 [00:33<00:05,  4.70it/s]
dan_lambda_10: epoch 6:  87%|████████▋ | 177/203 [00:34<00:05,  4.64it/s]
dan_lambda_10: epoch 6:  88%|████████▊ | 178/203 [00:34<00:05,  4.68it/s]
dan_lambda_10: epoch 6:  88%|████████▊ | 179/203 [00:34<00:05,  4.48it/s]
dan_lambda_10: epoch 6:  89%|████████▊ | 180/203 [00:34<00:05,  4.46it/s]
dan_lambda_10: epoch 6:  89%|████████▉ | 181/203 [00:34<00:04,  4.48it/s]
dan_lambda_10: epoch 6:  90%|████████▉ | 182/203 [00:35<00:04,  4.60it/s]
dan_lambda_10: epoch 6:  90%|█████████ | 183/203 [00:35<00:04,  4.41it/s]
dan_lambda_10: epoch 6:  91%|█████████ | 184/203 [00:35<00:04,  4.44it/s]
dan_lambda_10: epoch 6:  91%|█████████ | 185/203 [00:35<00:04,  4.38it/s]
dan_lambda_10: epoch 6:  92%|█████████▏| 186/203 [00:36<00:03,  4.40it/s]
dan_lambda_10: epoch 6:  92%|█████████▏| 187/203 [00:36<00:04,  3.86it/s]
dan_lambda_10: epoch 6:  93%|█████████▎| 188/203 [00:36<00:03,  4.02it/s]
dan_lambda_10: epoch 6:  93%|█████████▎| 189/203 [00:36<00:03,  3.76it/s]
dan_lambda_10: epoch 6:  94%|█████████▎| 190/203 [00:37<00:03,  4.07it/s]
dan_lambda_10: epoch 6:  94%|█████████▍| 191/203 [00:37<00:02,  4.05it/s]
dan_lambda_10: epoch 6:  95%|█████████▍| 192/203 [00:37<00:02,  4.18it/s]
dan_lambda_10: epoch 6:  95%|█████████▌| 193/203 [00:37<00:02,  4.30it/s]
dan_lambda_10: epoch 6:  96%|█████████▌| 194/203 [00:38<00:02,  4.46it/s]
dan_lambda_10: epoch 6:  96%|█████████▌| 195/203 [00:38<00:01,  4.01it/s]
dan_lambda_10: epoch 6:  97%|█████████▋| 196/203 [00:38<00:01,  4.38it/s]
dan_lambda_10: epoch 6:  97%|█████████▋| 197/203 [00:38<00:01,  4.76it/s]
dan_lambda_10: epoch 6:  98%|█████████▊| 198/203 [00:38<00:00,  5.04it/s]
dan_lambda_10: epoch 6:  98%|█████████▊| 199/203 [00:39<00:00,  5.13it/s]
dan_lambda_10: epoch 6:  99%|█████████▊| 200/203 [00:39<00:00,  5.35it/s]
dan_lambda_10: epoch 6:  99%|█████████▉| 201/203 [00:39<00:00,  5.36it/s]
dan_lambda_10: epoch 6: 100%|█████████▉| 202/203 [00:39<00:00,  5.48it/s]
dan_lambda_10: epoch 6: 100%|██████████| 203/203 [00:39<00:00,  5.64it/s]
                                                                         
dan_lambda_10: epoch 6, source macro-f1=0.0507
source_only: target accuracy=0.6592, separability=1.0000
dan: target accuracy=0.1008, separability=0.5632
dann: target accuracy=0.2026, separability=0.9217
cdan: target accuracy=0.6266, separability=1.0000
dan_lambda_0.1: target accuracy=0.7564, separability=0.9753
dan_lambda_10: target accuracy=0.0407, separability=0.8475
finished: /content/drive/MyDrive/ATML_PA1/task2_results/final/main_comparison.csv
