
  0%|          | 0.00/170M [00:00<?, ?B/s]
  0%|          | 32.8k/170M [00:00<22:29, 126kB/s]
  0%|          | 65.5k/170M [00:00<22:27, 127kB/s]
  0%|          | 98.3k/170M [00:00<22:29, 126kB/s]
  0%|          | 131k/170M [00:01<22:30, 126kB/s] 
  0%|          | 164k/170M [00:01<22:32, 126kB/s]
  0%|          | 197k/170M [00:01<22:31, 126kB/s]
  0%|          | 229k/170M [00:01<22:30, 126kB/s]
  0%|          | 262k/170M [00:02<22:28, 126kB/s]
  0%|          | 295k/170M [00:02<22:25, 127kB/s]
  0%|          | 328k/170M [00:02<22:23, 127kB/s]
  0%|          | 360k/170M [00:02<24:01, 118kB/s]
  0%|          | 393k/170M [00:03<23:27, 121kB/s]
  0%|          | 426k/170M [00:03<23:02, 123kB/s]
  0%|          | 459k/170M [00:03<22:45, 124kB/s]
  0%|          | 492k/170M [00:03<22:34, 125kB/s]
  0%|          | 524k/170M [00:04<22:26, 126kB/s]
  0%|          | 557k/170M [00:04<22:21, 127kB/s]
  0%|          | 590k/170M [00:04<22:17, 127kB/s]
  0%|          | 623k/170M [00:04<22:15, 127kB/s]
  0%|          | 655k/170M [00:05<22:13, 127kB/s]
  0%|          | 688k/170M [00:05<23:52, 119kB/s]
  0%|          | 721k/170M [00:05<23:21, 121kB/s]
  0%|          | 754k/170M [00:06<23:00, 123kB/s]
  0%|          | 786k/170M [00:06<22:45, 124kB/s]
  0%|          | 819k/170M [00:06<22:34, 125kB/s]
  0%|          | 852k/170M [00:06<22:27, 126kB/s]
  1%|          | 885k/170M [00:07<22:22, 126kB/s]
  1%|          | 918k/170M [00:07<22:16, 127kB/s]
  1%|          | 950k/170M [00:07<22:13, 127kB/s]
  1%|          | 983k/170M [00:07<22:11, 127kB/s]
  1%|          | 1.02M/170M [00:08<22:07, 128kB/s]
  1%|          | 1.05M/170M [00:08<23:42, 119kB/s]
  1%|          | 1.08M/170M [00:08<23:10, 122kB/s]
  1%|          | 1.11M/170M [00:08<22:47, 124kB/s]
  1%|          | 1.15M/170M [00:09<22:31, 125kB/s]
  1%|          | 1.18M/170M [00:09<22:19, 126kB/s]
  1%|          | 1.21M/170M [00:09<22:10, 127kB/s]
  1%|          | 1.25M/170M [00:09<22:05, 128kB/s]
  1%|          | 1.28M/170M [00:10<22:03, 128kB/s]
  1%|          | 1.31M/170M [00:10<22:02, 128kB/s]
  1%|          | 1.34M/170M [00:10<22:00, 128kB/s]
  1%|          | 1.38M/170M [00:11<23:35, 119kB/s]
  1%|          | 1.41M/170M [00:11<22:59, 123kB/s]
  1%|          | 1.44M/170M [00:11<22:36, 125kB/s]
  1%|          | 1.47M/170M [00:11<22:21, 126kB/s]
  1%|          | 1.51M/170M [00:12<22:10, 127kB/s]
  1%|          | 1.54M/170M [00:12<22:04, 128kB/s]
  1%|          | 1.57M/170M [00:12<21:58, 128kB/s]
  1%|          | 1.61M/170M [00:12<21:54, 128kB/s]
  1%|          | 1.64M/170M [00:13<21:51, 129kB/s]
  1%|          | 1.67M/170M [00:13<21:52, 129kB/s]
  1%|          | 1.70M/170M [00:13<21:51, 129kB/s]
  1%|          | 1.74M/170M [00:13<23:30, 120kB/s]
  1%|          | 1.77M/170M [00:14<23:00, 122kB/s]
  1%|          | 1.80M/170M [00:14<22:38, 124kB/s]
  1%|          | 1.84M/170M [00:14<22:22, 126kB/s]
  1%|          | 1.87M/170M [00:14<22:12, 127kB/s]
  1%|          | 1.90M/170M [00:15<22:03, 127kB/s]
  1%|          | 1.93M/170M [00:15<21:55, 128kB/s]
  1%|          | 1.97M/170M [00:15<21:49, 129kB/s]
  1%|          | 2.00M/170M [00:15<21:43, 129kB/s]
  1%|          | 2.03M/170M [00:16<21:43, 129kB/s]
  1%|          | 2.06M/170M [00:16<23:22, 120kB/s]
  1%|          | 2.10M/170M [00:16<22:51, 123kB/s]
  1%|          | 2.13M/170M [00:16<22:30, 125kB/s]
  1%|▏         | 2.16M/170M [00:17<22:17, 126kB/s]
  1%|▏         | 2.20M/170M [00:17<22:08, 127kB/s]
  1%|▏         | 2.23M/170M [00:17<21:59, 127kB/s]
  1%|▏         | 2.26M/170M [00:18<21:53, 128kB/s]
  1%|▏         | 2.29M/170M [00:18<21:50, 128kB/s]
  1%|▏         | 2.33M/170M [00:18<21:47, 129kB/s]
  1%|▏         | 2.36M/170M [00:18<21:43, 129kB/s]
  1%|▏         | 2.39M/170M [00:19<23:19, 120kB/s]
  1%|▏         | 2.42M/170M [00:19<22:49, 123kB/s]
  1%|▏         | 2.46M/170M [00:19<22:30, 124kB/s]
  1%|▏         | 2.49M/170M [00:19<22:20, 125kB/s]
  1%|▏         | 2.52M/170M [00:20<22:09, 126kB/s]
  1%|▏         | 2.56M/170M [00:20<22:01, 127kB/s]
  2%|▏         | 2.59M/170M [00:20<21:58, 127kB/s]
  2%|▏         | 2.62M/170M [00:20<21:54, 128kB/s]
  2%|▏         | 2.65M/170M [00:21<21:52, 128kB/s]
  2%|▏         | 2.69M/170M [00:21<21:47, 128kB/s]
  2%|▏         | 2.72M/170M [00:21<21:48, 128kB/s]
  2%|▏         | 2.75M/170M [00:21<23:25, 119kB/s]
  2%|▏         | 2.79M/170M [00:22<25:48, 108kB/s]
  2%|▏         | 2.82M/170M [00:22<24:30, 114kB/s]
  2%|▏         | 2.85M/170M [00:22<22:08, 126kB/s]
  2%|▏         | 2.88M/170M [00:22<21:14, 132kB/s]
  2%|▏         | 2.92M/170M [00:23<21:34, 129kB/s]
  2%|▏         | 2.95M/170M [00:23<21:45, 128kB/s]
  2%|▏         | 2.98M/170M [00:23<21:56, 127kB/s]
  2%|▏         | 3.01M/170M [00:24<22:03, 127kB/s]
  2%|▏         | 3.05M/170M [00:24<22:08, 126kB/s]
  2%|▏         | 3.08M/170M [00:24<23:52, 117kB/s]
  2%|▏         | 3.11M/170M [00:25<26:27, 105kB/s]
  2%|▏         | 3.15M/170M [00:25<26:35, 105kB/s]
  2%|▏         | 3.18M/170M [00:25<25:16, 110kB/s]
  2%|▏         | 3.21M/170M [00:25<22:42, 123kB/s]
  2%|▏         | 3.24M/170M [00:25<20:51, 134kB/s]
  2%|▏         | 3.28M/170M [00:26<20:38, 135kB/s]
  2%|▏         | 3.31M/170M [00:26<21:20, 131kB/s]
  2%|▏         | 3.34M/170M [00:26<21:44, 128kB/s]
  2%|▏         | 3.38M/170M [00:27<22:02, 126kB/s]
  2%|▏         | 3.41M/170M [00:27<22:24, 124kB/s]
  2%|▏         | 3.44M/170M [00:27<24:17, 115kB/s]
  2%|▏         | 3.47M/170M [00:27<25:04, 111kB/s]
  2%|▏         | 3.51M/170M [00:28<24:43, 113kB/s]
  2%|▏         | 3.54M/170M [00:28<23:32, 118kB/s]
  2%|▏         | 3.57M/170M [00:28<22:31, 124kB/s]
  2%|▏         | 3.60M/170M [00:28<22:32, 123kB/s]
  2%|▏         | 3.64M/170M [00:29<22:39, 123kB/s]
  2%|▏         | 3.67M/170M [00:29<22:42, 122kB/s]
  2%|▏         | 3.70M/170M [00:29<22:46, 122kB/s]
  2%|▏         | 3.74M/170M [00:30<22:46, 122kB/s]
  2%|▏         | 3.77M/170M [00:30<24:31, 113kB/s]
  2%|▏         | 3.80M/170M [00:30<24:00, 116kB/s]
  2%|▏         | 3.83M/170M [00:30<23:40, 117kB/s]
  2%|▏         | 3.87M/170M [00:31<23:23, 119kB/s]
  2%|▏         | 3.90M/170M [00:31<23:13, 120kB/s]
  2%|▏         | 3.93M/170M [00:31<23:06, 120kB/s]
  2%|▏         | 3.96M/170M [00:32<22:59, 121kB/s]
  2%|▏         | 4.00M/170M [00:32<22:55, 121kB/s]
  2%|▏         | 4.03M/170M [00:32<23:02, 120kB/s]
  2%|▏         | 4.06M/170M [00:32<23:09, 120kB/s]
  2%|▏         | 4.10M/170M [00:33<23:13, 119kB/s]
  2%|▏         | 4.13M/170M [00:33<25:03, 111kB/s]
  2%|▏         | 4.16M/170M [00:33<24:32, 113kB/s]
  2%|▏         | 4.19M/170M [00:34<24:12, 115kB/s]
  2%|▏         | 4.23M/170M [00:34<24:00, 115kB/s]
  2%|▏         | 4.26M/170M [00:34<23:48, 116kB/s]
  3%|▎         | 4.29M/170M [00:34<23:41, 117kB/s]
  3%|▎         | 4.33M/170M [00:35<23:33, 118kB/s]
  3%|▎         | 4.36M/170M [00:35<23:30, 118kB/s]
  3%|▎         | 4.39M/170M [00:35<24:31, 113kB/s]
  3%|▎         | 4.42M/170M [00:35<24:17, 114kB/s]
  3%|▎         | 4.46M/170M [00:36<29:51, 92.7kB/s]
  3%|▎         | 4.49M/170M [00:36<27:47, 99.6kB/s]
  3%|▎         | 4.52M/170M [00:37<25:30, 108kB/s] 
  3%|▎         | 4.55M/170M [00:37<21:28, 129kB/s]
  3%|▎         | 4.59M/170M [00:37<20:48, 133kB/s]
  3%|▎         | 4.62M/170M [00:37<24:36, 112kB/s]
  3%|▎         | 4.65M/170M [00:38<25:24, 109kB/s]
  3%|▎         | 4.69M/170M [00:38<24:15, 114kB/s]
  3%|▎         | 4.72M/170M [00:38<22:04, 125kB/s]
  3%|▎         | 4.75M/170M [00:38<23:33, 117kB/s]
  3%|▎         | 4.78M/170M [00:39<25:15, 109kB/s]
  3%|▎         | 4.82M/170M [00:39<27:17, 101kB/s]
  3%|▎         | 4.85M/170M [00:39<25:41, 107kB/s]
  3%|▎         | 4.88M/170M [00:40<24:42, 112kB/s]
  3%|▎         | 4.92M/170M [00:40<28:11, 97.9kB/s]
  3%|▎         | 4.95M/170M [00:40<26:10, 105kB/s] 
  3%|▎         | 4.98M/170M [00:41<23:24, 118kB/s]
  3%|▎         | 5.01M/170M [00:41<21:11, 130kB/s]
  3%|▎         | 5.05M/170M [00:41<18:16, 151kB/s]
  3%|▎         | 5.08M/170M [00:41<17:38, 156kB/s]
  3%|▎         | 5.11M/170M [00:41<19:03, 145kB/s]
  3%|▎         | 5.14M/170M [00:42<23:16, 118kB/s]
  3%|▎         | 5.18M/170M [00:42<22:26, 123kB/s]
  3%|▎         | 5.21M/170M [00:42<21:26, 129kB/s]
  3%|▎         | 5.24M/170M [00:42<22:56, 120kB/s]
  3%|▎         | 5.28M/170M [00:43<23:59, 115kB/s]
  3%|▎         | 5.31M/170M [00:43<21:49, 126kB/s]
  3%|▎         | 5.34M/170M [00:43<20:59, 131kB/s]
  3%|▎         | 5.37M/170M [00:44<27:14, 101kB/s]
  3%|▎         | 5.41M/170M [00:44<27:09, 101kB/s]
  3%|▎         | 5.44M/170M [00:44<23:53, 115kB/s]
  3%|▎         | 5.47M/170M [00:44<23:03, 119kB/s]
  3%|▎         | 5.51M/170M [00:45<19:38, 140kB/s]
  3%|▎         | 5.54M/170M [00:45<20:15, 136kB/s]
  3%|▎         | 5.57M/170M [00:45<23:50, 115kB/s]
  3%|▎         | 5.60M/170M [00:46<23:01, 119kB/s]
  3%|▎         | 5.64M/170M [00:46<22:31, 122kB/s]
  3%|▎         | 5.67M/170M [00:46<20:40, 133kB/s]
  3%|▎         | 5.70M/170M [00:46<23:16, 118kB/s]
  3%|▎         | 5.73M/170M [00:47<24:15, 113kB/s]
  3%|▎         | 5.77M/170M [00:47<21:58, 125kB/s]
  3%|▎         | 5.80M/170M [00:47<20:08, 136kB/s]
  3%|▎         | 5.83M/170M [00:47<22:01, 125kB/s]
  3%|▎         | 5.87M/170M [00:48<22:11, 124kB/s]
  3%|▎         | 5.90M/170M [00:48<22:18, 123kB/s]
  3%|▎         | 5.93M/170M [00:48<22:24, 122kB/s]
  3%|▎         | 5.96M/170M [00:48<23:36, 116kB/s]
  4%|▎         | 6.00M/170M [00:49<22:21, 123kB/s]
  4%|▎         | 6.03M/170M [00:49<22:32, 122kB/s]
  4%|▎         | 6.06M/170M [00:49<25:21, 108kB/s]
  4%|▎         | 6.09M/170M [00:50<25:48, 106kB/s]
  4%|▎         | 6.13M/170M [00:50<23:12, 118kB/s]
  4%|▎         | 6.16M/170M [00:50<22:48, 120kB/s]
  4%|▎         | 6.19M/170M [00:50<22:55, 119kB/s]
  4%|▎         | 6.23M/170M [00:51<23:00, 119kB/s]
  4%|▎         | 6.26M/170M [00:51<23:02, 119kB/s]
  4%|▎         | 6.29M/170M [00:51<23:05, 119kB/s]
  4%|▎         | 6.32M/170M [00:52<23:08, 118kB/s]
  4%|▎         | 6.36M/170M [00:52<23:13, 118kB/s]
  4%|▎         | 6.39M/170M [00:52<23:15, 118kB/s]
  4%|▍         | 6.42M/170M [00:52<23:17, 117kB/s]
  4%|▍         | 6.46M/170M [00:53<23:21, 117kB/s]
  4%|▍         | 6.49M/170M [00:53<25:06, 109kB/s]
  4%|▍         | 6.52M/170M [00:53<24:43, 111kB/s]
  4%|▍         | 6.55M/170M [00:54<24:27, 112kB/s]
  4%|▍         | 6.59M/170M [00:54<24:21, 112kB/s]
  4%|▍         | 6.62M/170M [00:54<24:12, 113kB/s]
  4%|▍         | 6.65M/170M [00:54<24:09, 113kB/s]
  4%|▍         | 6.68M/170M [00:55<24:07, 113kB/s]
  4%|▍         | 6.72M/170M [00:55<24:02, 114kB/s]
  4%|▍         | 6.75M/170M [00:55<24:02, 113kB/s]
  4%|▍         | 6.78M/170M [00:56<24:01, 114kB/s]
  4%|▍         | 6.82M/170M [00:56<24:01, 114kB/s]
  4%|▍         | 6.85M/170M [00:56<25:49, 106kB/s]
  4%|▍         | 6.88M/170M [00:57<25:19, 108kB/s]
  4%|▍         | 6.91M/170M [00:57<24:58, 109kB/s]
  4%|▍         | 6.95M/170M [00:57<24:44, 110kB/s]
  4%|▍         | 6.98M/170M [00:57<24:34, 111kB/s]
  4%|▍         | 7.01M/170M [00:58<24:25, 112kB/s]
  4%|▍         | 7.05M/170M [00:58<24:19, 112kB/s]
  4%|▍         | 7.08M/170M [00:58<24:18, 112kB/s]
  4%|▍         | 7.11M/170M [00:59<24:17, 112kB/s]
  4%|▍         | 7.14M/170M [00:59<24:17, 112kB/s]
  4%|▍         | 7.18M/170M [00:59<26:02, 105kB/s]
  4%|▍         | 7.21M/170M [01:00<25:28, 107kB/s]
  4%|▍         | 7.24M/170M [01:00<25:04, 109kB/s]
  4%|▍         | 7.27M/170M [01:00<24:49, 110kB/s]
  4%|▍         | 7.31M/170M [01:00<24:34, 111kB/s]
  4%|▍         | 7.34M/170M [01:01<24:29, 111kB/s]
  4%|▍         | 7.37M/170M [01:01<24:21, 112kB/s]
  4%|▍         | 7.41M/170M [01:01<24:18, 112kB/s]
  4%|▍         | 7.44M/170M [01:02<24:15, 112kB/s]
  4%|▍         | 7.47M/170M [01:02<24:15, 112kB/s]
  4%|▍         | 7.50M/170M [01:02<24:14, 112kB/s]
  4%|▍         | 7.54M/170M [01:03<25:57, 105kB/s]
  4%|▍         | 7.57M/170M [01:03<25:15, 107kB/s]
  4%|▍         | 7.60M/170M [01:03<24:43, 110kB/s]
  4%|▍         | 7.63M/170M [01:03<24:23, 111kB/s]
  4%|▍         | 7.67M/170M [01:04<24:07, 113kB/s]
  5%|▍         | 7.70M/170M [01:04<23:55, 113kB/s]
  5%|▍         | 7.73M/170M [01:04<23:49, 114kB/s]
  5%|▍         | 7.77M/170M [01:04<23:40, 115kB/s]
  5%|▍         | 7.80M/170M [01:05<23:37, 115kB/s]
  5%|▍         | 7.83M/170M [01:05<23:32, 115kB/s]
  5%|▍         | 7.86M/170M [01:05<26:07, 104kB/s]
  5%|▍         | 7.90M/170M [01:06<24:29, 111kB/s]
  5%|▍         | 7.93M/170M [01:06<24:10, 112kB/s]
  5%|▍         | 7.96M/170M [01:06<24:00, 113kB/s]
  5%|▍         | 8.00M/170M [01:07<23:51, 114kB/s]
  5%|▍         | 8.03M/170M [01:07<23:38, 115kB/s]
  5%|▍         | 8.06M/170M [01:07<23:30, 115kB/s]
  5%|▍         | 8.09M/170M [01:07<23:23, 116kB/s]
  5%|▍         | 8.13M/170M [01:08<23:19, 116kB/s]
  5%|▍         | 8.16M/170M [01:08<23:17, 116kB/s]
  5%|▍         | 8.19M/170M [01:08<26:15, 103kB/s]
  5%|▍         | 8.22M/170M [01:09<27:44, 97.5kB/s]
  5%|▍         | 8.26M/170M [01:09<24:30, 110kB/s] 
  5%|▍         | 8.29M/170M [01:09<22:07, 122kB/s]
  5%|▍         | 8.32M/170M [01:09<22:16, 121kB/s]
  5%|▍         | 8.36M/170M [01:10<25:06, 108kB/s]
  5%|▍         | 8.39M/170M [01:10<25:29, 106kB/s]
  5%|▍         | 8.42M/170M [01:10<22:49, 118kB/s]
  5%|▍         | 8.45M/170M [01:11<21:02, 128kB/s]
  5%|▍         | 8.49M/170M [01:11<24:18, 111kB/s]
  5%|▍         | 8.52M/170M [01:11<26:31, 102kB/s]
  5%|▌         | 8.55M/170M [01:12<26:25, 102kB/s]
  5%|▌         | 8.59M/170M [01:12<23:05, 117kB/s]
  5%|▌         | 8.62M/170M [01:12<20:27, 132kB/s]
  5%|▌         | 8.65M/170M [01:12<21:09, 127kB/s]
  5%|▌         | 8.68M/170M [01:13<21:39, 125kB/s]
  5%|▌         | 8.72M/170M [01:13<23:26, 115kB/s]
  5%|▌         | 8.75M/170M [01:13<25:35, 105kB/s]
  5%|▌         | 8.78M/170M [01:13<22:58, 117kB/s]
  5%|▌         | 8.81M/170M [01:14<21:03, 128kB/s]
  5%|▌         | 8.85M/170M [01:14<21:25, 126kB/s]
  5%|▌         | 8.88M/170M [01:14<23:40, 114kB/s]
  5%|▌         | 8.91M/170M [01:15<23:29, 115kB/s]
  5%|▌         | 8.95M/170M [01:15<23:25, 115kB/s]
  5%|▌         | 8.98M/170M [01:15<23:24, 115kB/s]
  5%|▌         | 9.01M/170M [01:15<23:29, 115kB/s]
  5%|▌         | 9.04M/170M [01:16<23:27, 115kB/s]
  5%|▌         | 9.08M/170M [01:16<23:34, 114kB/s]
  5%|▌         | 9.11M/170M [01:16<23:39, 114kB/s]
  5%|▌         | 9.14M/170M [01:17<23:39, 114kB/s]
  5%|▌         | 9.18M/170M [01:17<23:44, 113kB/s]
  5%|▌         | 9.21M/170M [01:17<23:48, 113kB/s]
  5%|▌         | 9.24M/170M [01:18<25:37, 105kB/s]
  5%|▌         | 9.27M/170M [01:18<29:17, 91.7kB/s]
  5%|▌         | 9.31M/170M [01:18<26:47, 100kB/s] 
  5%|▌         | 9.34M/170M [01:18<23:26, 115kB/s]
  5%|▌         | 9.37M/170M [01:19<22:53, 117kB/s]
  6%|▌         | 9.40M/170M [01:19<23:11, 116kB/s]
  6%|▌         | 9.44M/170M [01:19<23:23, 115kB/s]
  6%|▌         | 9.47M/170M [01:20<23:32, 114kB/s]
  6%|▌         | 9.50M/170M [01:20<23:38, 113kB/s]
  6%|▌         | 9.54M/170M [01:20<23:41, 113kB/s]
  6%|▌         | 9.57M/170M [01:21<28:33, 93.9kB/s]
  6%|▌         | 9.60M/170M [01:21<31:02, 86.4kB/s]
  6%|▌         | 9.63M/170M [01:21<27:50, 96.3kB/s]
  6%|▌         | 9.67M/170M [01:22<24:15, 110kB/s] 
  6%|▌         | 9.70M/170M [01:22<20:34, 130kB/s]
  6%|▌         | 9.73M/170M [01:22<21:26, 125kB/s]
  6%|▌         | 9.76M/170M [01:22<22:11, 121kB/s]
  6%|▌         | 9.80M/170M [01:23<22:40, 118kB/s]
  6%|▌         | 9.83M/170M [01:23<23:03, 116kB/s]
  6%|▌         | 9.86M/170M [01:23<23:19, 115kB/s]
  6%|▌         | 9.90M/170M [01:23<23:26, 114kB/s]
  6%|▌         | 9.93M/170M [01:24<25:19, 106kB/s]
  6%|▌         | 9.96M/170M [01:24<24:51, 108kB/s]
  6%|▌         | 9.99M/170M [01:25<29:59, 89.2kB/s]
  6%|▌         | 10.0M/170M [01:25<28:46, 93.0kB/s]
  6%|▌         | 10.1M/170M [01:25<24:58, 107kB/s] 
  6%|▌         | 10.1M/170M [01:25<22:16, 120kB/s]
  6%|▌         | 10.1M/170M [01:26<23:53, 112kB/s]
  6%|▌         | 10.2M/170M [01:26<26:14, 102kB/s]
  6%|▌         | 10.2M/170M [01:26<24:29, 109kB/s]
  6%|▌         | 10.2M/170M [01:26<21:51, 122kB/s]
  6%|▌         | 10.3M/170M [01:27<24:40, 108kB/s]
  6%|▌         | 10.3M/170M [01:27<24:58, 107kB/s]
  6%|▌         | 10.3M/170M [01:27<22:08, 121kB/s]
  6%|▌         | 10.4M/170M [01:28<21:59, 121kB/s]
  6%|▌         | 10.4M/170M [01:28<22:28, 119kB/s]
  6%|▌         | 10.4M/170M [01:28<22:50, 117kB/s]
  6%|▌         | 10.5M/170M [01:29<27:10, 98.2kB/s]
  6%|▌         | 10.5M/170M [01:29<25:16, 106kB/s] 
  6%|▌         | 10.5M/170M [01:29<22:21, 119kB/s]
  6%|▌         | 10.6M/170M [01:29<21:56, 122kB/s]
  6%|▌         | 10.6M/170M [01:30<27:12, 98.0kB/s]
  6%|▌         | 10.6M/170M [01:30<23:06, 115kB/s] 
  6%|▌         | 10.6M/170M [01:30<27:39, 96.3kB/s]
  6%|▋         | 10.7M/170M [01:31<28:51, 92.3kB/s]
  6%|▋         | 10.7M/170M [01:31<26:12, 102kB/s] 
  6%|▋         | 10.7M/170M [01:31<23:03, 115kB/s]
  6%|▋         | 10.8M/170M [01:32<22:26, 119kB/s]
  6%|▋         | 10.8M/170M [01:32<22:08, 120kB/s]
  6%|▋         | 10.8M/170M [01:32<21:31, 124kB/s]
  6%|▋         | 10.9M/170M [01:33<25:36, 104kB/s]
  6%|▋         | 10.9M/170M [01:33<25:53, 103kB/s]
  6%|▋         | 10.9M/170M [01:33<25:37, 104kB/s]
  6%|▋         | 11.0M/170M [01:33<21:35, 123kB/s]
  6%|▋         | 11.0M/170M [01:34<27:33, 96.4kB/s]
  6%|▋         | 11.0M/170M [01:34<31:47, 83.6kB/s]
  6%|▋         | 11.1M/170M [01:35<29:52, 88.9kB/s]
  7%|▋         | 11.1M/170M [01:35<25:45, 103kB/s] 
  7%|▋         | 11.1M/170M [01:35<22:31, 118kB/s]
  7%|▋         | 11.2M/170M [01:35<18:57, 140kB/s]
  7%|▋         | 11.2M/170M [01:35<17:56, 148kB/s]
  7%|▋         | 11.2M/170M [01:36<19:42, 135kB/s]
  7%|▋         | 11.3M/170M [01:36<29:42, 89.3kB/s]
  7%|▋         | 11.3M/170M [01:37<27:00, 98.2kB/s]
  7%|▋         | 11.3M/170M [01:37<23:48, 111kB/s] 
  7%|▋         | 11.4M/170M [01:37<20:59, 126kB/s]
  7%|▋         | 11.4M/170M [01:37<21:14, 125kB/s]
  7%|▋         | 11.4M/170M [01:38<22:05, 120kB/s]
  7%|▋         | 11.5M/170M [01:38<27:03, 98.0kB/s]
  7%|▋         | 11.5M/170M [01:38<28:11, 94.0kB/s]
  7%|▋         | 11.5M/170M [01:39<25:53, 102kB/s] 
  7%|▋         | 11.6M/170M [01:39<22:42, 117kB/s]
  7%|▋         | 11.6M/170M [01:39<20:37, 128kB/s]
  7%|▋         | 11.6M/170M [01:40<26:39, 99.3kB/s]
  7%|▋         | 11.7M/170M [01:40<26:07, 101kB/s] 
  7%|▋         | 11.7M/170M [01:40<23:03, 115kB/s]
  7%|▋         | 11.7M/170M [01:40<22:53, 116kB/s]
  7%|▋         | 11.8M/170M [01:41<23:28, 113kB/s]
  7%|▋         | 11.8M/170M [01:41<23:51, 111kB/s]
  7%|▋         | 11.8M/170M [01:41<24:09, 109kB/s]
  7%|▋         | 11.9M/170M [01:42<24:26, 108kB/s]
  7%|▋         | 11.9M/170M [01:42<24:37, 107kB/s]
  7%|▋         | 11.9M/170M [01:42<24:45, 107kB/s]
  7%|▋         | 12.0M/170M [01:43<26:44, 98.8kB/s]
  7%|▋         | 12.0M/170M [01:43<26:17, 101kB/s] 
  7%|▋         | 12.0M/170M [01:43<25:57, 102kB/s]
  7%|▋         | 12.1M/170M [01:43<25:42, 103kB/s]
  7%|▋         | 12.1M/170M [01:44<25:31, 103kB/s]
  7%|▋         | 12.1M/170M [01:44<25:23, 104kB/s]
  7%|▋         | 12.2M/170M [01:44<25:18, 104kB/s]
  7%|▋         | 12.2M/170M [01:45<28:50, 91.5kB/s]
  7%|▋         | 12.2M/170M [01:45<25:00, 105kB/s] 
  7%|▋         | 12.3M/170M [01:45<24:11, 109kB/s]
  7%|▋         | 12.3M/170M [01:46<27:14, 96.8kB/s]
  7%|▋         | 12.3M/170M [01:46<28:29, 92.5kB/s]
  7%|▋         | 12.4M/170M [01:46<26:07, 101kB/s] 
  7%|▋         | 12.4M/170M [01:47<24:14, 109kB/s]
  7%|▋         | 12.4M/170M [01:47<26:30, 99.4kB/s]
  7%|▋         | 12.5M/170M [01:47<23:52, 110kB/s] 
  7%|▋         | 12.5M/170M [01:48<24:01, 110kB/s]
  7%|▋         | 12.5M/170M [01:48<24:12, 109kB/s]
  7%|▋         | 12.6M/170M [01:48<24:16, 108kB/s]
  7%|▋         | 12.6M/170M [01:49<24:21, 108kB/s]
  7%|▋         | 12.6M/170M [01:49<24:21, 108kB/s]
  7%|▋         | 12.6M/170M [01:49<26:10, 101kB/s]
  7%|▋         | 12.7M/170M [01:50<28:38, 91.8kB/s]
  7%|▋         | 12.7M/170M [01:50<29:14, 90.0kB/s]
  7%|▋         | 12.7M/170M [01:50<26:29, 99.3kB/s]
  7%|▋         | 12.8M/170M [01:50<23:06, 114kB/s] 
  8%|▊         | 12.8M/170M [01:51<24:35, 107kB/s]
  8%|▊         | 12.8M/170M [01:51<24:32, 107kB/s]
  8%|▊         | 12.9M/170M [01:51<21:50, 120kB/s]
  8%|▊         | 12.9M/170M [01:52<24:51, 106kB/s]
  8%|▊         | 12.9M/170M [01:52<23:45, 110kB/s]
  8%|▊         | 13.0M/170M [01:52<24:00, 109kB/s]
  8%|▊         | 13.0M/170M [01:53<23:28, 112kB/s]
  8%|▊         | 13.0M/170M [01:53<24:31, 107kB/s]
  8%|▊         | 13.1M/170M [01:53<26:22, 99.5kB/s]
  8%|▊         | 13.1M/170M [01:54<24:44, 106kB/s] 
  8%|▊         | 13.1M/170M [01:54<23:18, 113kB/s]
  8%|▊         | 13.2M/170M [01:54<26:28, 99.1kB/s]
  8%|▊         | 13.2M/170M [01:55<26:17, 99.7kB/s]
  8%|▊         | 13.2M/170M [01:55<24:21, 108kB/s] 
  8%|▊         | 13.3M/170M [01:55<23:08, 113kB/s]
  8%|▊         | 13.3M/170M [01:55<23:50, 110kB/s]
  8%|▊         | 13.3M/170M [01:56<23:29, 112kB/s]
  8%|▊         | 13.4M/170M [01:56<25:34, 102kB/s]
  8%|▊         | 13.4M/170M [01:56<22:36, 116kB/s]
  8%|▊         | 13.4M/170M [01:57<25:36, 102kB/s]
  8%|▊         | 13.5M/170M [01:57<25:29, 103kB/s]
  8%|▊         | 13.5M/170M [01:57<22:37, 116kB/s]
  8%|▊         | 13.5M/170M [01:58<25:03, 104kB/s]
  8%|▊         | 13.6M/170M [01:58<25:03, 104kB/s]
  8%|▊         | 13.6M/170M [01:58<22:18, 117kB/s]
  8%|▊         | 13.6M/170M [01:58<23:14, 112kB/s]
  8%|▊         | 13.7M/170M [01:59<26:52, 97.3kB/s]
  8%|▊         | 13.7M/170M [01:59<24:42, 106kB/s] 
  8%|▊         | 13.7M/170M [01:59<23:44, 110kB/s]
  8%|▊         | 13.8M/170M [02:00<25:15, 103kB/s]
  8%|▊         | 13.8M/170M [02:00<26:48, 97.4kB/s]
  8%|▊         | 13.8M/170M [02:00<24:49, 105kB/s] 
  8%|▊         | 13.9M/170M [02:00<22:05, 118kB/s]
  8%|▊         | 13.9M/170M [02:01<25:12, 104kB/s]
  8%|▊         | 13.9M/170M [02:01<25:24, 103kB/s]
  8%|▊         | 14.0M/170M [02:01<23:43, 110kB/s]
  8%|▊         | 14.0M/170M [02:02<21:08, 123kB/s]
  8%|▊         | 14.0M/170M [02:02<22:44, 115kB/s]
  8%|▊         | 14.1M/170M [02:02<25:15, 103kB/s]
  8%|▊         | 14.1M/170M [02:03<22:29, 116kB/s]
  8%|▊         | 14.1M/170M [02:03<25:08, 104kB/s]
  8%|▊         | 14.2M/170M [02:03<23:33, 111kB/s]
  8%|▊         | 14.2M/170M [02:03<22:14, 117kB/s]
  8%|▊         | 14.2M/170M [02:04<29:22, 88.6kB/s]
  8%|▊         | 14.3M/170M [02:04<26:38, 97.7kB/s]
  8%|▊         | 14.3M/170M [02:05<23:21, 111kB/s] 
  8%|▊         | 14.3M/170M [02:05<22:25, 116kB/s]
  8%|▊         | 14.4M/170M [02:05<21:55, 119kB/s]
  8%|▊         | 14.4M/170M [02:05<22:20, 116kB/s]
  8%|▊         | 14.4M/170M [02:06<22:40, 115kB/s]
  8%|▊         | 14.5M/170M [02:06<22:53, 114kB/s]
  8%|▊         | 14.5M/170M [02:06<22:57, 113kB/s]
  9%|▊         | 14.5M/170M [02:07<23:04, 113kB/s]
  9%|▊         | 14.5M/170M [02:07<23:05, 113kB/s]
  9%|▊         | 14.6M/170M [02:07<23:05, 113kB/s]
  9%|▊         | 14.6M/170M [02:07<25:24, 102kB/s]
  9%|▊         | 14.6M/170M [02:08<22:26, 116kB/s]
  9%|▊         | 14.7M/170M [02:08<24:17, 107kB/s]
  9%|▊         | 14.7M/170M [02:08<27:57, 92.9kB/s]
  9%|▊         | 14.7M/170M [02:09<25:35, 101kB/s] 
  9%|▊         | 14.8M/170M [02:09<28:39, 90.6kB/s]
  9%|▊         | 14.8M/170M [02:10<27:23, 94.7kB/s]
  9%|▊         | 14.8M/170M [02:10<23:50, 109kB/s] 
  9%|▊         | 14.9M/170M [02:10<20:07, 129kB/s]
  9%|▊         | 14.9M/170M [02:10<19:26, 133kB/s]
  9%|▉         | 14.9M/170M [02:10<20:31, 126kB/s]
  9%|▉         | 15.0M/170M [02:11<21:18, 122kB/s]
  9%|▉         | 15.0M/170M [02:11<21:49, 119kB/s]
  9%|▉         | 15.0M/170M [02:11<23:50, 109kB/s]
  9%|▉         | 15.1M/170M [02:12<23:31, 110kB/s]
  9%|▉         | 15.1M/170M [02:12<23:20, 111kB/s]
  9%|▉         | 15.1M/170M [02:12<23:14, 111kB/s]
  9%|▉         | 15.2M/170M [02:12<23:11, 112kB/s]
  9%|▉         | 15.2M/170M [02:13<23:09, 112kB/s]
  9%|▉         | 15.2M/170M [02:13<23:08, 112kB/s]
  9%|▉         | 15.3M/170M [02:13<23:08, 112kB/s]
  9%|▉         | 15.3M/170M [02:14<23:08, 112kB/s]
  9%|▉         | 15.3M/170M [02:14<23:08, 112kB/s]
  9%|▉         | 15.4M/170M [02:14<25:02, 103kB/s]
  9%|▉         | 15.4M/170M [02:15<30:10, 85.7kB/s]
  9%|▉         | 15.4M/170M [02:15<28:40, 90.2kB/s]
  9%|▉         | 15.5M/170M [02:15<24:47, 104kB/s] 
  9%|▉         | 15.5M/170M [02:16<21:47, 119kB/s]
  9%|▉         | 15.5M/170M [02:16<21:20, 121kB/s]
  9%|▉         | 15.6M/170M [02:16<22:01, 117kB/s]
  9%|▉         | 15.6M/170M [02:16<23:30, 110kB/s]
  9%|▉         | 15.6M/170M [02:17<22:30, 115kB/s]
  9%|▉         | 15.7M/170M [02:17<24:03, 107kB/s]
  9%|▉         | 15.7M/170M [02:17<22:40, 114kB/s]
  9%|▉         | 15.7M/170M [02:18<31:12, 82.6kB/s]
  9%|▉         | 15.8M/170M [02:18<27:50, 92.6kB/s]
  9%|▉         | 15.8M/170M [02:18<23:57, 108kB/s] 
  9%|▉         | 15.8M/170M [02:19<23:55, 108kB/s]
  9%|▉         | 15.9M/170M [02:19<24:17, 106kB/s]
  9%|▉         | 15.9M/170M [02:19<23:03, 112kB/s]
  9%|▉         | 15.9M/170M [02:19<20:48, 124kB/s]
  9%|▉         | 16.0M/170M [02:20<24:13, 106kB/s]
  9%|▉         | 16.0M/170M [02:20<23:15, 111kB/s]
  9%|▉         | 16.0M/170M [02:20<22:03, 117kB/s]
  9%|▉         | 16.1M/170M [02:21<25:59, 99.1kB/s]
  9%|▉         | 16.1M/170M [02:21<22:48, 113kB/s] 
  9%|▉         | 16.1M/170M [02:22<28:15, 91.1kB/s]
  9%|▉         | 16.2M/170M [02:22<27:22, 94.0kB/s]
  9%|▉         | 16.2M/170M [02:22<25:07, 102kB/s] 
 10%|▉         | 16.2M/170M [02:22<21:58, 117kB/s]
 10%|▉         | 16.3M/170M [02:23<20:10, 127kB/s]
 10%|▉         | 16.3M/170M [02:23<22:18, 115kB/s]
 10%|▉         | 16.3M/170M [02:23<21:27, 120kB/s]
 10%|▉         | 16.4M/170M [02:24<24:46, 104kB/s]
 10%|▉         | 16.4M/170M [02:24<23:07, 111kB/s]
 10%|▉         | 16.4M/170M [02:24<28:37, 89.7kB/s]
 10%|▉         | 16.4M/170M [02:25<26:16, 97.7kB/s]
 10%|▉         | 16.5M/170M [02:25<24:08, 106kB/s] 
 10%|▉         | 16.5M/170M [02:25<23:25, 110kB/s]
 10%|▉         | 16.5M/170M [02:25<21:46, 118kB/s]
 10%|▉         | 16.6M/170M [02:26<22:02, 116kB/s]
 10%|▉         | 16.6M/170M [02:26<22:34, 114kB/s]
 10%|▉         | 16.6M/170M [02:26<25:55, 98.9kB/s]
 10%|▉         | 16.7M/170M [02:27<24:15, 106kB/s] 
 10%|▉         | 16.7M/170M [02:27<25:04, 102kB/s]
 10%|▉         | 16.7M/170M [02:27<25:21, 101kB/s]
 10%|▉         | 16.8M/170M [02:28<23:38, 108kB/s]
 10%|▉         | 16.8M/170M [02:28<22:54, 112kB/s]
 10%|▉         | 16.8M/170M [02:28<25:35, 100kB/s]
 10%|▉         | 16.9M/170M [02:28<22:31, 114kB/s]
 10%|▉         | 16.9M/170M [02:29<24:02, 106kB/s]
 10%|▉         | 16.9M/170M [02:29<22:46, 112kB/s]
 10%|▉         | 17.0M/170M [02:29<25:22, 101kB/s]
 10%|▉         | 17.0M/170M [02:30<23:42, 108kB/s]
 10%|▉         | 17.0M/170M [02:30<25:29, 100kB/s]
 10%|█         | 17.1M/170M [02:31<28:11, 90.7kB/s]
 10%|█         | 17.1M/170M [02:31<24:22, 105kB/s] 
 10%|█         | 17.1M/170M [02:31<23:09, 110kB/s]
 10%|█         | 17.2M/170M [02:31<22:15, 115kB/s]
 10%|█         | 17.2M/170M [02:32<24:52, 103kB/s]
 10%|█         | 17.2M/170M [02:32<23:20, 109kB/s]
 10%|█         | 17.3M/170M [02:32<25:01, 102kB/s]
 10%|█         | 17.3M/170M [02:32<22:05, 116kB/s]
 10%|█         | 17.3M/170M [02:33<21:48, 117kB/s]
 10%|█         | 17.4M/170M [02:33<23:37, 108kB/s]
 10%|█         | 17.4M/170M [02:33<23:59, 106kB/s]
 10%|█         | 17.4M/170M [02:34<25:30, 100kB/s]
 10%|█         | 17.5M/170M [02:34<25:18, 101kB/s]
 10%|█         | 17.5M/170M [02:34<23:39, 108kB/s]
 10%|█         | 17.5M/170M [02:35<22:30, 113kB/s]
 10%|█         | 17.6M/170M [02:35<22:38, 113kB/s]
 10%|█         | 17.6M/170M [02:35<22:47, 112kB/s]
 10%|█         | 17.6M/170M [02:36<25:52, 98.5kB/s]
 10%|█         | 17.7M/170M [02:36<22:33, 113kB/s] 
 10%|█         | 17.7M/170M [02:36<25:12, 101kB/s]
 10%|█         | 17.7M/170M [02:37<26:34, 95.8kB/s]
 10%|█         | 17.8M/170M [02:37<24:41, 103kB/s] 
 10%|█         | 17.8M/170M [02:37<21:57, 116kB/s]
 10%|█         | 17.8M/170M [02:37<23:11, 110kB/s]
 10%|█         | 17.9M/170M [02:38<25:04, 101kB/s]
 10%|█         | 17.9M/170M [02:38<23:32, 108kB/s]
 11%|█         | 17.9M/170M [02:38<21:20, 119kB/s]
 11%|█         | 18.0M/170M [02:39<23:00, 111kB/s]
 11%|█         | 18.0M/170M [02:39<22:03, 115kB/s]
 11%|█         | 18.0M/170M [02:39<24:18, 105kB/s]
 11%|█         | 18.1M/170M [02:40<25:59, 97.7kB/s]
 11%|█         | 18.1M/170M [02:40<24:03, 106kB/s] 
 11%|█         | 18.1M/170M [02:40<22:43, 112kB/s]
 11%|█         | 18.2M/170M [02:40<21:03, 121kB/s]
 11%|█         | 18.2M/170M [02:41<21:27, 118kB/s]
 11%|█         | 18.2M/170M [02:41<25:43, 98.7kB/s]
 11%|█         | 18.3M/170M [02:41<25:41, 98.8kB/s]
 11%|█         | 18.3M/170M [02:42<23:40, 107kB/s] 
 11%|█         | 18.3M/170M [02:42<21:00, 121kB/s]
 11%|█         | 18.4M/170M [02:42<19:44, 128kB/s]
 11%|█         | 18.4M/170M [02:42<20:33, 123kB/s]
 11%|█         | 18.4M/170M [02:43<21:06, 120kB/s]
 11%|█         | 18.4M/170M [02:43<23:12, 109kB/s]
 11%|█         | 18.5M/170M [02:43<22:59, 110kB/s]
 11%|█         | 18.5M/170M [02:44<27:02, 93.7kB/s]
 11%|█         | 18.5M/170M [02:44<27:52, 90.9kB/s]
 11%|█         | 18.6M/170M [02:44<25:21, 99.8kB/s]
 11%|█         | 18.6M/170M [02:45<22:13, 114kB/s] 
 11%|█         | 18.6M/170M [02:45<21:57, 115kB/s]
 11%|█         | 18.7M/170M [02:45<24:18, 104kB/s]
 11%|█         | 18.7M/170M [02:46<23:01, 110kB/s]
 11%|█         | 18.7M/170M [02:46<20:36, 123kB/s]
 11%|█         | 18.8M/170M [02:46<23:33, 107kB/s]
 11%|█         | 18.8M/170M [02:47<26:51, 94.1kB/s]
 11%|█         | 18.8M/170M [02:47<24:48, 102kB/s] 
 11%|█         | 18.9M/170M [02:47<21:53, 115kB/s]
 11%|█         | 18.9M/170M [02:47<19:32, 129kB/s]
 11%|█         | 18.9M/170M [02:48<21:37, 117kB/s]
 11%|█         | 19.0M/170M [02:48<21:09, 119kB/s]
 11%|█         | 19.0M/170M [02:48<19:49, 127kB/s]
 11%|█         | 19.0M/170M [02:48<20:34, 123kB/s]
 11%|█         | 19.1M/170M [02:49<21:06, 120kB/s]
 11%|█         | 19.1M/170M [02:49<21:30, 117kB/s]
 11%|█         | 19.1M/170M [02:49<23:28, 107kB/s]
 11%|█         | 19.2M/170M [02:50<24:08, 104kB/s]
 11%|█▏        | 19.2M/170M [02:50<22:38, 111kB/s]
 11%|█▏        | 19.2M/170M [02:50<22:35, 112kB/s]
 11%|█▏        | 19.3M/170M [02:51<25:32, 98.7kB/s]
 11%|█▏        | 19.3M/170M [02:51<22:21, 113kB/s] 
 11%|█▏        | 19.3M/170M [02:51<21:40, 116kB/s]
 11%|█▏        | 19.4M/170M [02:51<21:48, 115kB/s]
 11%|█▏        | 19.4M/170M [02:52<22:00, 114kB/s]
 11%|█▏        | 19.4M/170M [02:52<22:08, 114kB/s]
 11%|█▏        | 19.5M/170M [02:52<23:49, 106kB/s]
 11%|█▏        | 19.5M/170M [02:53<24:30, 103kB/s]
 11%|█▏        | 19.5M/170M [02:53<22:39, 111kB/s]
 11%|█▏        | 19.6M/170M [02:53<22:30, 112kB/s]
 11%|█▏        | 19.6M/170M [02:54<25:06, 100kB/s]
 12%|█▏        | 19.6M/170M [02:54<27:50, 90.3kB/s]
 12%|█▏        | 19.7M/170M [02:54<25:20, 99.2kB/s]
 12%|█▏        | 19.7M/170M [02:54<22:15, 113kB/s] 
 12%|█▏        | 19.7M/170M [02:55<18:53, 133kB/s]
 12%|█▏        | 19.8M/170M [02:55<23:36, 106kB/s]
 12%|█▏        | 19.8M/170M [02:55<24:10, 104kB/s]
 12%|█▏        | 19.8M/170M [02:56<22:50, 110kB/s]
 12%|█▏        | 19.9M/170M [02:56<20:27, 123kB/s]
 12%|█▏        | 19.9M/170M [02:56<20:37, 122kB/s]
 12%|█▏        | 19.9M/170M [02:57<26:35, 94.4kB/s]
 12%|█▏        | 20.0M/170M [02:57<26:03, 96.3kB/s]
 12%|█▏        | 20.0M/170M [02:57<22:46, 110kB/s] 
 12%|█▏        | 20.0M/170M [02:57<20:23, 123kB/s]
 12%|█▏        | 20.1M/170M [02:58<21:56, 114kB/s]
 12%|█▏        | 20.1M/170M [02:58<25:45, 97.3kB/s]
 12%|█▏        | 20.1M/170M [02:58<23:53, 105kB/s] 
 12%|█▏        | 20.2M/170M [02:59<22:31, 111kB/s]
 12%|█▏        | 20.2M/170M [02:59<22:20, 112kB/s]
 12%|█▏        | 20.2M/170M [02:59<25:54, 96.6kB/s]
 12%|█▏        | 20.3M/170M [03:00<24:05, 104kB/s] 
 12%|█▏        | 20.3M/170M [03:00<21:25, 117kB/s]
 12%|█▏        | 20.3M/170M [03:00<19:11, 130kB/s]
 12%|█▏        | 20.3M/170M [03:01<24:55, 100kB/s]
 12%|█▏        | 20.4M/170M [03:01<24:46, 101kB/s]
 12%|█▏        | 20.4M/170M [03:01<21:56, 114kB/s]
 12%|█▏        | 20.4M/170M [03:01<19:46, 126kB/s]
 12%|█▏        | 20.5M/170M [03:01<19:15, 130kB/s]
 12%|█▏        | 20.5M/170M [03:02<21:57, 114kB/s]
 12%|█▏        | 20.5M/170M [03:02<27:35, 90.6kB/s]
 12%|█▏        | 20.6M/170M [03:03<26:42, 93.6kB/s]
 12%|█▏        | 20.6M/170M [03:03<23:15, 107kB/s] 
 12%|█▏        | 20.6M/170M [03:03<20:49, 120kB/s]
 12%|█▏        | 20.7M/170M [03:03<19:39, 127kB/s]
 12%|█▏        | 20.7M/170M [03:04<25:43, 97.0kB/s]
 12%|█▏        | 20.7M/170M [03:04<25:08, 99.3kB/s]
 12%|█▏        | 20.8M/170M [03:04<22:08, 113kB/s] 
 12%|█▏        | 20.8M/170M [03:05<19:43, 127kB/s]
 12%|█▏        | 20.8M/170M [03:05<22:03, 113kB/s]
 12%|█▏        | 20.9M/170M [03:05<25:15, 98.7kB/s]
 12%|█▏        | 20.9M/170M [03:06<25:01, 99.6kB/s]
 12%|█▏        | 20.9M/170M [03:06<24:45, 101kB/s] 
 12%|█▏        | 21.0M/170M [03:06<23:09, 108kB/s]
 12%|█▏        | 21.0M/170M [03:06<20:41, 120kB/s]
 12%|█▏        | 21.0M/170M [03:07<18:56, 131kB/s]
 12%|█▏        | 21.1M/170M [03:07<20:43, 120kB/s]
 12%|█▏        | 21.1M/170M [03:07<20:29, 121kB/s]
 12%|█▏        | 21.1M/170M [03:07<21:05, 118kB/s]
 12%|█▏        | 21.2M/170M [03:08<23:14, 107kB/s]
 12%|█▏        | 21.2M/170M [03:08<23:01, 108kB/s]
 12%|█▏        | 21.2M/170M [03:08<22:48, 109kB/s]
 12%|█▏        | 21.3M/170M [03:09<22:40, 110kB/s]
 12%|█▏        | 21.3M/170M [03:09<22:37, 110kB/s]
 13%|█▎        | 21.3M/170M [03:09<22:30, 110kB/s]
 13%|█▎        | 21.4M/170M [03:10<22:29, 111kB/s]
 13%|█▎        | 21.4M/170M [03:10<25:16, 98.3kB/s]
 13%|█▎        | 21.4M/170M [03:10<22:04, 113kB/s] 
 13%|█▎        | 21.5M/170M [03:11<21:39, 115kB/s]
 13%|█▎        | 21.5M/170M [03:11<21:50, 114kB/s]
 13%|█▎        | 21.5M/170M [03:11<23:41, 105kB/s]
 13%|█▎        | 21.6M/170M [03:11<23:16, 107kB/s]
 13%|█▎        | 21.6M/170M [03:12<23:00, 108kB/s]
 13%|█▎        | 21.6M/170M [03:12<22:51, 109kB/s]
 13%|█▎        | 21.7M/170M [03:12<22:44, 109kB/s]
 13%|█▎        | 21.7M/170M [03:13<22:35, 110kB/s]
 13%|█▎        | 21.7M/170M [03:13<22:30, 110kB/s]
 13%|█▎        | 21.8M/170M [03:13<22:30, 110kB/s]
 13%|█▎        | 21.8M/170M [03:14<22:31, 110kB/s]
 13%|█▎        | 21.8M/170M [03:14<22:34, 110kB/s]
 13%|█▎        | 21.9M/170M [03:14<24:16, 102kB/s]
 13%|█▎        | 21.9M/170M [03:15<23:54, 104kB/s]
 13%|█▎        | 21.9M/170M [03:15<23:35, 105kB/s]
 13%|█▎        | 22.0M/170M [03:15<23:25, 106kB/s]
 13%|█▎        | 22.0M/170M [03:15<23:20, 106kB/s]
 13%|█▎        | 22.0M/170M [03:16<23:18, 106kB/s]
 13%|█▎        | 22.1M/170M [03:16<23:19, 106kB/s]
 13%|█▎        | 22.1M/170M [03:16<23:13, 106kB/s]
 13%|█▎        | 22.1M/170M [03:17<23:13, 106kB/s]
 13%|█▎        | 22.2M/170M [03:17<23:11, 107kB/s]
 13%|█▎        | 22.2M/170M [03:17<23:10, 107kB/s]
 13%|█▎        | 22.2M/170M [03:18<24:56, 99.1kB/s]
 13%|█▎        | 22.2M/170M [03:18<24:29, 101kB/s] 
 13%|█▎        | 22.3M/170M [03:18<24:08, 102kB/s]
 13%|█▎        | 22.3M/170M [03:19<23:53, 103kB/s]
 13%|█▎        | 22.3M/170M [03:19<23:48, 104kB/s]
 13%|█▎        | 22.4M/170M [03:19<23:43, 104kB/s]
 13%|█▎        | 22.4M/170M [03:20<23:38, 104kB/s]
 13%|█▎        | 22.4M/170M [03:20<23:35, 105kB/s]
 13%|█▎        | 22.5M/170M [03:20<23:32, 105kB/s]
 13%|█▎        | 22.5M/170M [03:20<23:28, 105kB/s]
 13%|█▎        | 22.5M/170M [03:21<25:12, 97.8kB/s]
 13%|█▎        | 22.6M/170M [03:21<28:41, 85.9kB/s]
 13%|█▎        | 22.6M/170M [03:22<27:18, 90.3kB/s]
 13%|█▎        | 22.6M/170M [03:22<26:27, 93.1kB/s]
 13%|█▎        | 22.7M/170M [03:22<24:10, 102kB/s] 
 13%|█▎        | 22.7M/170M [03:22<22:38, 109kB/s]
 13%|█▎        | 22.7M/170M [03:23<20:42, 119kB/s]
 13%|█▎        | 22.8M/170M [03:23<21:28, 115kB/s]
 13%|█▎        | 22.8M/170M [03:23<24:26, 101kB/s]
 13%|█▎        | 22.8M/170M [03:24<22:40, 109kB/s]
 13%|█▎        | 22.9M/170M [03:24<23:32, 105kB/s]
 13%|█▎        | 22.9M/170M [03:24<26:59, 91.1kB/s]
 13%|█▎        | 22.9M/170M [03:25<25:55, 94.9kB/s]
 13%|█▎        | 23.0M/170M [03:25<23:14, 106kB/s] 
 13%|█▎        | 23.0M/170M [03:25<21:48, 113kB/s]
 14%|█▎        | 23.0M/170M [03:26<21:50, 113kB/s]
 14%|█▎        | 23.1M/170M [03:26<22:11, 111kB/s]
 14%|█▎        | 23.1M/170M [03:26<22:27, 109kB/s]
 14%|█▎        | 23.1M/170M [03:26<22:36, 109kB/s]
 14%|█▎        | 23.2M/170M [03:27<22:45, 108kB/s]
 14%|█▎        | 23.2M/170M [03:27<22:53, 107kB/s]
 14%|█▎        | 23.2M/170M [03:28<24:42, 99.3kB/s]
 14%|█▎        | 23.3M/170M [03:28<24:11, 101kB/s] 
 14%|█▎        | 23.3M/170M [03:28<23:50, 103kB/s]
 14%|█▎        | 23.3M/170M [03:28<23:32, 104kB/s]
 14%|█▎        | 23.4M/170M [03:29<23:21, 105kB/s]
 14%|█▎        | 23.4M/170M [03:29<23:13, 106kB/s]
 14%|█▎        | 23.4M/170M [03:29<23:10, 106kB/s]
 14%|█▍        | 23.5M/170M [03:30<23:04, 106kB/s]
 14%|█▍        | 23.5M/170M [03:30<23:01, 106kB/s]
 14%|█▍        | 23.5M/170M [03:30<23:03, 106kB/s]
 14%|█▍        | 23.6M/170M [03:31<24:47, 98.8kB/s]
 14%|█▍        | 23.6M/170M [03:31<26:58, 90.8kB/s]
 14%|█▍        | 23.6M/170M [03:31<25:53, 94.5kB/s]
 14%|█▍        | 23.7M/170M [03:32<22:43, 108kB/s] 
 14%|█▍        | 23.7M/170M [03:32<22:24, 109kB/s]
 14%|█▍        | 23.7M/170M [03:32<24:42, 99.0kB/s]
 14%|█▍        | 23.8M/170M [03:33<24:33, 99.6kB/s]
 14%|█▍        | 23.8M/170M [03:33<25:54, 94.4kB/s]
 14%|█▍        | 23.8M/170M [03:33<23:58, 102kB/s] 
 14%|█▍        | 23.9M/170M [03:33<21:04, 116kB/s]
 14%|█▍        | 23.9M/170M [03:34<21:06, 116kB/s]
 14%|█▍        | 23.9M/170M [03:34<29:44, 82.2kB/s]
 14%|█▍        | 24.0M/170M [03:35<28:09, 86.7kB/s]
 14%|█▍        | 24.0M/170M [03:35<29:40, 82.3kB/s]
 14%|█▍        | 24.0M/170M [03:35<26:31, 92.0kB/s]
 14%|█▍        | 24.1M/170M [03:36<22:50, 107kB/s] 
 14%|█▍        | 24.1M/170M [03:36<20:04, 122kB/s]
 14%|█▍        | 24.1M/170M [03:36<17:58, 136kB/s]
 14%|█▍        | 24.2M/170M [03:36<19:28, 125kB/s]
 14%|█▍        | 24.2M/170M [03:37<22:53, 107kB/s]
 14%|█▍        | 24.2M/170M [03:37<20:31, 119kB/s]
 14%|█▍        | 24.2M/170M [03:37<26:21, 92.5kB/s]
 14%|█▍        | 24.3M/170M [03:38<24:05, 101kB/s] 
 14%|█▍        | 24.3M/170M [03:38<21:30, 113kB/s]
 14%|█▍        | 24.3M/170M [03:38<24:18, 100kB/s]
 14%|█▍        | 24.4M/170M [03:39<21:35, 113kB/s]
 14%|█▍        | 24.4M/170M [03:39<25:27, 95.7kB/s]
 14%|█▍        | 24.4M/170M [03:39<26:22, 92.3kB/s]
 14%|█▍        | 24.5M/170M [03:40<25:18, 96.1kB/s]
 14%|█▍        | 24.5M/170M [03:40<22:21, 109kB/s] 
 14%|█▍        | 24.5M/170M [03:40<19:38, 124kB/s]
 14%|█▍        | 24.6M/170M [03:41<24:19, 100kB/s]
 14%|█▍        | 24.6M/170M [03:41<27:06, 89.7kB/s]
 14%|█▍        | 24.6M/170M [03:41<23:29, 103kB/s] 
 14%|█▍        | 24.7M/170M [03:41<20:29, 119kB/s]
 14%|█▍        | 24.7M/170M [03:42<20:31, 118kB/s]
 15%|█▍        | 24.7M/170M [03:42<21:09, 115kB/s]
 15%|█▍        | 24.8M/170M [03:42<21:35, 112kB/s]
 15%|█▍        | 24.8M/170M [03:43<24:44, 98.1kB/s]
 15%|█▍        | 24.8M/170M [03:43<21:48, 111kB/s] 
 15%|█▍        | 24.9M/170M [03:43<21:31, 113kB/s]
 15%|█▍        | 24.9M/170M [03:44<21:54, 111kB/s]
 15%|█▍        | 24.9M/170M [03:44<25:54, 93.7kB/s]
 15%|█▍        | 25.0M/170M [03:44<22:57, 106kB/s] 
 15%|█▍        | 25.0M/170M [03:45<25:45, 94.1kB/s]
 15%|█▍        | 25.0M/170M [03:45<23:52, 102kB/s] 
 15%|█▍        | 25.1M/170M [03:45<24:12, 100kB/s]
 15%|█▍        | 25.1M/170M [03:46<22:44, 107kB/s]
 15%|█▍        | 25.1M/170M [03:46<25:55, 93.5kB/s]
 15%|█▍        | 25.2M/170M [03:46<25:11, 96.1kB/s]
 15%|█▍        | 25.2M/170M [03:46<21:55, 110kB/s] 
 15%|█▍        | 25.2M/170M [03:47<19:30, 124kB/s]
 15%|█▍        | 25.3M/170M [03:47<22:42, 107kB/s]
 15%|█▍        | 25.3M/170M [03:47<22:01, 110kB/s]
 15%|█▍        | 25.3M/170M [03:48<22:06, 109kB/s]
 15%|█▍        | 25.4M/170M [03:48<24:51, 97.3kB/s]
 15%|█▍        | 25.4M/170M [03:48<21:47, 111kB/s] 
 15%|█▍        | 25.4M/170M [03:49<23:00, 105kB/s]
 15%|█▍        | 25.5M/170M [03:49<21:54, 110kB/s]
 15%|█▍        | 25.5M/170M [03:49<25:32, 94.6kB/s]
 15%|█▍        | 25.5M/170M [03:50<23:33, 103kB/s] 
 15%|█▍        | 25.6M/170M [03:50<20:52, 116kB/s]
 15%|█▌        | 25.6M/170M [03:50<23:10, 104kB/s]
 15%|█▌        | 25.6M/170M [03:51<24:45, 97.5kB/s]
 15%|█▌        | 25.7M/170M [03:51<21:46, 111kB/s] 
 15%|█▌        | 25.7M/170M [03:51<26:41, 90.4kB/s]
 15%|█▌        | 25.7M/170M [03:52<24:30, 98.4kB/s]
 15%|█▌        | 25.8M/170M [03:52<22:34, 107kB/s] 
 15%|█▌        | 25.8M/170M [03:52<22:30, 107kB/s]
 15%|█▌        | 25.8M/170M [03:52<22:52, 105kB/s]
 15%|█▌        | 25.9M/170M [03:53<21:35, 112kB/s]
 15%|█▌        | 25.9M/170M [03:53<22:37, 107kB/s]
 15%|█▌        | 25.9M/170M [03:53<25:40, 93.9kB/s]
 15%|█▌        | 26.0M/170M [03:54<24:57, 96.5kB/s]
 15%|█▌        | 26.0M/170M [03:54<21:37, 111kB/s] 
 15%|█▌        | 26.0M/170M [03:54<22:31, 107kB/s]
 15%|█▌        | 26.1M/170M [03:55<25:40, 93.8kB/s]
 15%|█▌        | 26.1M/170M [03:55<23:38, 102kB/s] 
 15%|█▌        | 26.1M/170M [03:55<20:41, 116kB/s]
 15%|█▌        | 26.1M/170M [03:55<18:28, 130kB/s]
 15%|█▌        | 26.2M/170M [03:56<25:48, 93.2kB/s]
 15%|█▌        | 26.2M/170M [03:56<23:44, 101kB/s] 
 15%|█▌        | 26.2M/170M [03:56<20:59, 115kB/s]
 15%|█▌        | 26.3M/170M [03:57<18:45, 128kB/s]
 15%|█▌        | 26.3M/170M [03:57<20:44, 116kB/s]
 15%|█▌        | 26.3M/170M [03:57<21:06, 114kB/s]
 15%|█▌        | 26.4M/170M [03:58<21:24, 112kB/s]
 15%|█▌        | 26.4M/170M [03:58<22:17, 108kB/s]
 16%|█▌        | 26.4M/170M [03:58<21:40, 111kB/s]
 16%|█▌        | 26.5M/170M [03:58<21:50, 110kB/s]
 16%|█▌        | 26.5M/170M [03:59<21:54, 110kB/s]
 16%|█▌        | 26.5M/170M [03:59<28:13, 85.0kB/s]
 16%|█▌        | 26.6M/170M [04:00<25:27, 94.2kB/s]
 16%|█▌        | 26.6M/170M [04:00<22:12, 108kB/s] 
 16%|█▌        | 26.6M/170M [04:00<22:35, 106kB/s]
 16%|█▌        | 26.7M/170M [04:00<22:37, 106kB/s]
 16%|█▌        | 26.7M/170M [04:01<20:26, 117kB/s]
 16%|█▌        | 26.7M/170M [04:01<21:42, 110kB/s]
 16%|█▌        | 26.8M/170M [04:01<20:58, 114kB/s]
 16%|█▌        | 26.8M/170M [04:02<23:55, 100kB/s]
 16%|█▌        | 26.8M/170M [04:02<25:01, 95.7kB/s]
 16%|█▌        | 26.9M/170M [04:02<24:48, 96.5kB/s]
 16%|█▌        | 26.9M/170M [04:03<24:02, 99.5kB/s]
 16%|█▌        | 26.9M/170M [04:03<21:09, 113kB/s] 
 16%|█▌        | 27.0M/170M [04:03<20:24, 117kB/s]
 16%|█▌        | 27.0M/170M [04:03<20:57, 114kB/s]
 16%|█▌        | 27.0M/170M [04:04<22:24, 107kB/s]
 16%|█▌        | 27.1M/170M [04:04<21:07, 113kB/s]
 16%|█▌        | 27.1M/170M [04:04<21:24, 112kB/s]
 16%|█▌        | 27.1M/170M [04:05<21:38, 110kB/s]
 16%|█▌        | 27.2M/170M [04:05<21:45, 110kB/s]
 16%|█▌        | 27.2M/170M [04:05<21:54, 109kB/s]
 16%|█▌        | 27.2M/170M [04:06<21:57, 109kB/s]
 16%|█▌        | 27.3M/170M [04:06<21:58, 109kB/s]
 16%|█▌        | 27.3M/170M [04:06<21:58, 109kB/s]
 16%|█▌        | 27.3M/170M [04:07<23:40, 101kB/s]
 16%|█▌        | 27.4M/170M [04:07<23:09, 103kB/s]
 16%|█▌        | 27.4M/170M [04:07<22:49, 104kB/s]
 16%|█▌        | 27.4M/170M [04:07<22:38, 105kB/s]
 16%|█▌        | 27.5M/170M [04:08<22:26, 106kB/s]
 16%|█▌        | 27.5M/170M [04:08<22:28, 106kB/s]
 16%|█▌        | 27.5M/170M [04:08<22:27, 106kB/s]
 16%|█▌        | 27.6M/170M [04:09<22:26, 106kB/s]
 16%|█▌        | 27.6M/170M [04:09<22:30, 106kB/s]
 16%|█▌        | 27.6M/170M [04:09<22:29, 106kB/s]
 16%|█▌        | 27.7M/170M [04:10<24:06, 98.8kB/s]
 16%|█▌        | 27.7M/170M [04:10<23:43, 100kB/s] 
 16%|█▋        | 27.7M/170M [04:10<23:19, 102kB/s]
 16%|█▋        | 27.8M/170M [04:11<23:08, 103kB/s]
 16%|█▋        | 27.8M/170M [04:11<22:50, 104kB/s]
 16%|█▋        | 27.8M/170M [04:11<22:41, 105kB/s]
 16%|█▋        | 27.9M/170M [04:12<22:33, 105kB/s]
 16%|█▋        | 27.9M/170M [04:12<22:32, 105kB/s]
 16%|█▋        | 27.9M/170M [04:12<22:30, 106kB/s]
 16%|█▋        | 28.0M/170M [04:12<22:30, 106kB/s]
 16%|█▋        | 28.0M/170M [04:13<22:29, 106kB/s]
 16%|█▋        | 28.0M/170M [04:13<24:13, 98.0kB/s]
 16%|█▋        | 28.0M/170M [04:13<23:39, 100kB/s] 
 16%|█▋        | 28.1M/170M [04:14<23:20, 102kB/s]
 16%|█▋        | 28.1M/170M [04:14<23:04, 103kB/s]
 17%|█▋        | 28.1M/170M [04:14<22:53, 104kB/s]
 17%|█▋        | 28.2M/170M [04:15<22:45, 104kB/s]
 17%|█▋        | 28.2M/170M [04:15<22:38, 105kB/s]
 17%|█▋        | 28.2M/170M [04:15<22:31, 105kB/s]
 17%|█▋        | 28.3M/170M [04:16<28:32, 83.0kB/s]
 17%|█▋        | 28.3M/170M [04:16<25:37, 92.5kB/s]
 17%|█▋        | 28.3M/170M [04:16<23:25, 101kB/s] 
 17%|█▋        | 28.4M/170M [04:17<20:52, 113kB/s]
 17%|█▋        | 28.4M/170M [04:17<21:18, 111kB/s]
 17%|█▋        | 28.4M/170M [04:17<21:36, 110kB/s]
 17%|█▋        | 28.5M/170M [04:18<21:49, 108kB/s]
 17%|█▋        | 28.5M/170M [04:18<21:57, 108kB/s]
 17%|█▋        | 28.5M/170M [04:18<22:04, 107kB/s]
 17%|█▋        | 28.6M/170M [04:19<22:08, 107kB/s]
 17%|█▋        | 28.6M/170M [04:19<22:10, 107kB/s]
 17%|█▋        | 28.6M/170M [04:19<22:10, 107kB/s]
 17%|█▋        | 28.7M/170M [04:19<22:10, 107kB/s]
 17%|█▋        | 28.7M/170M [04:20<23:50, 99.1kB/s]
 17%|█▋        | 28.7M/170M [04:20<23:21, 101kB/s] 
 17%|█▋        | 28.8M/170M [04:20<23:03, 102kB/s]
 17%|█▋        | 28.8M/170M [04:21<22:49, 103kB/s]
 17%|█▋        | 28.8M/170M [04:21<22:36, 104kB/s]
 17%|█▋        | 28.9M/170M [04:21<22:28, 105kB/s]
 17%|█▋        | 28.9M/170M [04:22<22:21, 106kB/s]
 17%|█▋        | 28.9M/170M [04:22<22:14, 106kB/s]
 17%|█▋        | 29.0M/170M [04:22<22:12, 106kB/s]
 17%|█▋        | 29.0M/170M [04:23<22:07, 107kB/s]
 17%|█▋        | 29.0M/170M [04:23<23:39, 99.6kB/s]
 17%|█▋        | 29.1M/170M [04:23<23:04, 102kB/s] 
 17%|█▋        | 29.1M/170M [04:24<22:40, 104kB/s]
 17%|█▋        | 29.1M/170M [04:24<22:20, 105kB/s]
 17%|█▋        | 29.2M/170M [04:24<22:08, 106kB/s]
 17%|█▋        | 29.2M/170M [04:24<22:00, 107kB/s]
 17%|█▋        | 29.2M/170M [04:25<21:53, 108kB/s]
 17%|█▋        | 29.3M/170M [04:25<21:51, 108kB/s]
 17%|█▋        | 29.3M/170M [04:25<21:49, 108kB/s]
 17%|█▋        | 29.3M/170M [04:26<21:43, 108kB/s]
 17%|█▋        | 29.4M/170M [04:26<23:20, 101kB/s]
 17%|█▋        | 29.4M/170M [04:26<22:46, 103kB/s]
 17%|█▋        | 29.4M/170M [04:27<22:22, 105kB/s]
 17%|█▋        | 29.5M/170M [04:27<22:05, 106kB/s]
 17%|█▋        | 29.5M/170M [04:27<21:54, 107kB/s]
 17%|█▋        | 29.5M/170M [04:28<21:46, 108kB/s]
 17%|█▋        | 29.6M/170M [04:28<21:39, 108kB/s]
 17%|█▋        | 29.6M/170M [04:28<21:32, 109kB/s]
 17%|█▋        | 29.6M/170M [04:28<21:31, 109kB/s]
 17%|█▋        | 29.7M/170M [04:29<21:30, 109kB/s]
 17%|█▋        | 29.7M/170M [04:29<21:30, 109kB/s]
 17%|█▋        | 29.7M/170M [04:29<23:37, 99.3kB/s]
 17%|█▋        | 29.8M/170M [04:30<22:21, 105kB/s] 
 17%|█▋        | 29.8M/170M [04:30<22:00, 107kB/s]
 17%|█▋        | 29.8M/170M [04:30<21:45, 108kB/s]
 18%|█▊        | 29.9M/170M [04:31<21:33, 109kB/s]
 18%|█▊        | 29.9M/170M [04:31<24:08, 97.0kB/s]
 18%|█▊        | 29.9M/170M [04:31<21:12, 110kB/s] 
 18%|█▊        | 29.9M/170M [04:32<20:33, 114kB/s]
 18%|█▊        | 30.0M/170M [04:32<20:47, 113kB/s]
 18%|█▊        | 30.0M/170M [04:32<20:57, 112kB/s]
 18%|█▊        | 30.0M/170M [04:32<22:44, 103kB/s]
 18%|█▊        | 30.1M/170M [04:33<22:21, 105kB/s]
 18%|█▊        | 30.1M/170M [04:33<22:06, 106kB/s]
 18%|█▊        | 30.1M/170M [04:33<21:56, 107kB/s]
 18%|█▊        | 30.2M/170M [04:34<21:51, 107kB/s]
 18%|█▊        | 30.2M/170M [04:34<21:41, 108kB/s]
 18%|█▊        | 30.2M/170M [04:34<21:41, 108kB/s]
 18%|█▊        | 30.3M/170M [04:35<21:38, 108kB/s]
 18%|█▊        | 30.3M/170M [04:35<21:36, 108kB/s]
 18%|█▊        | 30.3M/170M [04:35<21:35, 108kB/s]
 18%|█▊        | 30.4M/170M [04:35<21:26, 109kB/s]
 18%|█▊        | 30.4M/170M [04:36<22:59, 102kB/s]
 18%|█▊        | 30.4M/170M [04:36<22:28, 104kB/s]
 18%|█▊        | 30.5M/170M [04:36<22:08, 105kB/s]
 18%|█▊        | 30.5M/170M [04:37<21:56, 106kB/s]
 18%|█▊        | 30.5M/170M [04:37<21:47, 107kB/s]
 18%|█▊        | 30.6M/170M [04:37<21:43, 107kB/s]
 18%|█▊        | 30.6M/170M [04:38<21:35, 108kB/s]
 18%|█▊        | 30.6M/170M [04:38<21:30, 108kB/s]
 18%|█▊        | 30.7M/170M [04:38<21:29, 108kB/s]
 18%|█▊        | 30.7M/170M [04:39<21:23, 109kB/s]
 18%|█▊        | 30.7M/170M [04:39<22:53, 102kB/s]
 18%|█▊        | 30.8M/170M [04:39<22:21, 104kB/s]
 18%|█▊        | 30.8M/170M [04:40<21:55, 106kB/s]
 18%|█▊        | 30.8M/170M [04:40<21:39, 107kB/s]
 18%|█▊        | 30.9M/170M [04:40<21:27, 108kB/s]
 18%|█▊        | 30.9M/170M [04:40<21:20, 109kB/s]
 18%|█▊        | 30.9M/170M [04:41<21:15, 109kB/s]
 18%|█▊        | 31.0M/170M [04:41<21:12, 110kB/s]
 18%|█▊        | 31.0M/170M [04:41<21:12, 110kB/s]
 18%|█▊        | 31.0M/170M [04:42<21:14, 109kB/s]
 18%|█▊        | 31.1M/170M [04:42<22:54, 101kB/s]
 18%|█▊        | 31.1M/170M [04:42<22:25, 104kB/s]
 18%|█▊        | 31.1M/170M [04:43<22:05, 105kB/s]
 18%|█▊        | 31.2M/170M [04:43<21:56, 106kB/s]
 18%|█▊        | 31.2M/170M [04:43<21:49, 106kB/s]
 18%|█▊        | 31.2M/170M [04:44<21:44, 107kB/s]
 18%|█▊        | 31.3M/170M [04:44<21:39, 107kB/s]
 18%|█▊        | 31.3M/170M [04:44<21:36, 107kB/s]
 18%|█▊        | 31.3M/170M [04:44<21:32, 108kB/s]
 18%|█▊        | 31.4M/170M [04:45<21:26, 108kB/s]
 18%|█▊        | 31.4M/170M [04:45<21:22, 108kB/s]
 18%|█▊        | 31.4M/170M [04:45<22:58, 101kB/s]
 18%|█▊        | 31.5M/170M [04:46<22:29, 103kB/s]
 18%|█▊        | 31.5M/170M [04:46<22:06, 105kB/s]
 18%|█▊        | 31.5M/170M [04:46<21:50, 106kB/s]
 19%|█▊        | 31.6M/170M [04:47<21:40, 107kB/s]
 19%|█▊        | 31.6M/170M [04:47<21:32, 107kB/s]
 19%|█▊        | 31.6M/170M [04:47<21:28, 108kB/s]
 19%|█▊        | 31.7M/170M [04:48<21:25, 108kB/s]
 19%|█▊        | 31.7M/170M [04:48<21:20, 108kB/s]
 19%|█▊        | 31.7M/170M [04:48<21:20, 108kB/s]
 19%|█▊        | 31.8M/170M [04:48<22:53, 101kB/s]
 19%|█▊        | 31.8M/170M [04:49<22:24, 103kB/s]
 19%|█▊        | 31.8M/170M [04:49<24:41, 93.6kB/s]
 19%|█▊        | 31.9M/170M [04:49<22:41, 102kB/s] 
 19%|█▊        | 31.9M/170M [04:50<20:26, 113kB/s]
 19%|█▊        | 31.9M/170M [04:50<20:36, 112kB/s]
 19%|█▊        | 31.9M/170M [04:50<20:42, 111kB/s]
 19%|█▉        | 32.0M/170M [04:51<23:13, 99.4kB/s]
 19%|█▉        | 32.0M/170M [04:51<21:52, 105kB/s] 
 19%|█▉        | 32.0M/170M [04:51<20:26, 113kB/s]
 19%|█▉        | 32.1M/170M [04:52<23:36, 97.7kB/s]
 19%|█▉        | 32.1M/170M [04:52<24:37, 93.6kB/s]
 19%|█▉        | 32.1M/170M [04:52<21:21, 108kB/s] 
 19%|█▉        | 32.2M/170M [04:52<19:07, 121kB/s]
 19%|█▉        | 32.2M/170M [04:53<22:43, 101kB/s]
 19%|█▉        | 32.2M/170M [04:53<21:32, 107kB/s]
 19%|█▉        | 32.3M/170M [04:53<19:02, 121kB/s]
 19%|█▉        | 32.3M/170M [04:54<19:37, 117kB/s]
 19%|█▉        | 32.3M/170M [04:54<18:43, 123kB/s]
 19%|█▉        | 32.4M/170M [04:54<21:28, 107kB/s]
 19%|█▉        | 32.4M/170M [04:55<20:20, 113kB/s]
 19%|█▉        | 32.4M/170M [04:55<20:15, 114kB/s]
 19%|█▉        | 32.5M/170M [04:55<23:45, 96.8kB/s]
 19%|█▉        | 32.5M/170M [04:56<23:22, 98.4kB/s]
 19%|█▉        | 32.5M/170M [04:56<20:29, 112kB/s] 
 19%|█▉        | 32.6M/170M [04:56<18:15, 126kB/s]
 19%|█▉        | 32.6M/170M [04:56<19:16, 119kB/s]
 19%|█▉        | 32.6M/170M [04:57<21:07, 109kB/s]
 19%|█▉        | 32.7M/170M [04:57<22:47, 101kB/s]
 19%|█▉        | 32.7M/170M [04:57<21:27, 107kB/s]
 19%|█▉        | 32.7M/170M [04:57<19:10, 120kB/s]
 19%|█▉        | 32.8M/170M [04:58<17:15, 133kB/s]
 19%|█▉        | 32.8M/170M [04:58<21:17, 108kB/s]
 19%|█▉        | 32.8M/170M [04:58<20:18, 113kB/s]
 19%|█▉        | 32.9M/170M [04:59<21:16, 108kB/s]
 19%|█▉        | 32.9M/170M [04:59<21:35, 106kB/s]
 19%|█▉        | 32.9M/170M [04:59<20:29, 112kB/s]
 19%|█▉        | 33.0M/170M [04:59<18:20, 125kB/s]
 19%|█▉        | 33.0M/170M [05:00<17:55, 128kB/s]
 19%|█▉        | 33.0M/170M [05:00<18:29, 124kB/s]
 19%|█▉        | 33.1M/170M [05:00<19:45, 116kB/s]
 19%|█▉        | 33.1M/170M [05:01<19:02, 120kB/s]
 19%|█▉        | 33.1M/170M [05:01<20:31, 112kB/s]
 19%|█▉        | 33.2M/170M [05:01<20:22, 112kB/s]
 19%|█▉        | 33.2M/170M [05:02<22:38, 101kB/s]
 19%|█▉        | 33.2M/170M [05:02<21:22, 107kB/s]
 20%|█▉        | 33.3M/170M [05:02<20:18, 113kB/s]
 20%|█▉        | 33.3M/170M [05:02<20:53, 109kB/s]
 20%|█▉        | 33.3M/170M [05:03<20:04, 114kB/s]
 20%|█▉        | 33.4M/170M [05:03<18:13, 125kB/s]
 20%|█▉        | 33.4M/170M [05:03<18:30, 123kB/s]
 20%|█▉        | 33.4M/170M [05:04<20:23, 112kB/s]
 20%|█▉        | 33.5M/170M [05:04<23:12, 98.4kB/s]
 20%|█▉        | 33.5M/170M [05:04<21:27, 106kB/s] 
 20%|█▉        | 33.5M/170M [05:04<18:29, 123kB/s]
 20%|█▉        | 33.6M/170M [05:05<18:46, 122kB/s]
 20%|█▉        | 33.6M/170M [05:05<19:08, 119kB/s]
 20%|█▉        | 33.6M/170M [05:05<21:40, 105kB/s]
 20%|█▉        | 33.7M/170M [05:05<18:29, 123kB/s]
 20%|█▉        | 33.7M/170M [05:06<18:42, 122kB/s]
 20%|█▉        | 33.7M/170M [05:06<21:16, 107kB/s]
 20%|█▉        | 33.8M/170M [05:07<22:59, 99.1kB/s]
 20%|█▉        | 33.8M/170M [05:07<21:37, 105kB/s] 
 20%|█▉        | 33.8M/170M [05:07<19:38, 116kB/s]
 20%|█▉        | 33.8M/170M [05:07<17:59, 127kB/s]
 20%|█▉        | 33.9M/170M [05:07<18:24, 124kB/s]
 20%|█▉        | 33.9M/170M [05:08<18:39, 122kB/s]
 20%|█▉        | 33.9M/170M [05:08<18:52, 121kB/s]
 20%|█▉        | 34.0M/170M [05:08<18:59, 120kB/s]
 20%|█▉        | 34.0M/170M [05:09<19:04, 119kB/s]
 20%|█▉        | 34.0M/170M [05:09<19:06, 119kB/s]
 20%|█▉        | 34.1M/170M [05:09<19:11, 118kB/s]
 20%|██        | 34.1M/170M [05:09<19:12, 118kB/s]
 20%|██        | 34.1M/170M [05:10<20:41, 110kB/s]
 20%|██        | 34.2M/170M [05:10<20:14, 112kB/s]
 20%|██        | 34.2M/170M [05:10<20:00, 114kB/s]
 20%|██        | 34.2M/170M [05:11<19:56, 114kB/s]
 20%|██        | 34.3M/170M [05:11<19:48, 115kB/s]
 20%|██        | 34.3M/170M [05:11<19:45, 115kB/s]
 20%|██        | 34.3M/170M [05:11<19:41, 115kB/s]
 20%|██        | 34.4M/170M [05:12<19:37, 116kB/s]
 20%|██        | 34.4M/170M [05:12<19:28, 116kB/s]
 20%|██        | 34.4M/170M [05:12<19:27, 117kB/s]
 20%|██        | 34.5M/170M [05:13<19:21, 117kB/s]
 20%|██        | 34.5M/170M [05:13<20:47, 109kB/s]
 20%|██        | 34.5M/170M [05:13<20:19, 111kB/s]
 20%|██        | 34.6M/170M [05:13<20:02, 113kB/s]
 20%|██        | 34.6M/170M [05:14<19:53, 114kB/s]
 20%|██        | 34.6M/170M [05:14<19:40, 115kB/s]
 20%|██        | 34.7M/170M [05:14<19:38, 115kB/s]
 20%|██        | 34.7M/170M [05:15<19:30, 116kB/s]
 20%|██        | 34.7M/170M [05:15<19:26, 116kB/s]
 20%|██        | 34.8M/170M [05:15<19:28, 116kB/s]
 20%|██        | 34.8M/170M [05:15<19:35, 115kB/s]
 20%|██        | 34.8M/170M [05:16<21:07, 107kB/s]
 20%|██        | 34.9M/170M [05:16<20:45, 109kB/s]
 20%|██        | 34.9M/170M [05:16<20:32, 110kB/s]
 20%|██        | 34.9M/170M [05:17<20:22, 111kB/s]
 21%|██        | 35.0M/170M [05:17<20:19, 111kB/s]
 21%|██        | 35.0M/170M [05:17<20:15, 111kB/s]
 21%|██        | 35.0M/170M [05:18<20:12, 112kB/s]
 21%|██        | 35.1M/170M [05:18<20:12, 112kB/s]
 21%|██        | 35.1M/170M [05:18<20:15, 111kB/s]
 21%|██        | 35.1M/170M [05:18<20:08, 112kB/s]
 21%|██        | 35.2M/170M [05:19<21:36, 104kB/s]
 21%|██        | 35.2M/170M [05:19<21:03, 107kB/s]
 21%|██        | 35.2M/170M [05:19<20:44, 109kB/s]
 21%|██        | 35.3M/170M [05:20<20:29, 110kB/s]
 21%|██        | 35.3M/170M [05:20<20:12, 112kB/s]
 21%|██        | 35.3M/170M [05:20<20:08, 112kB/s]
 21%|██        | 35.4M/170M [05:21<20:08, 112kB/s]
 21%|██        | 35.4M/170M [05:21<19:58, 113kB/s]
 21%|██        | 35.4M/170M [05:21<19:53, 113kB/s]
 21%|██        | 35.5M/170M [05:21<19:52, 113kB/s]
 21%|██        | 35.5M/170M [05:22<19:47, 114kB/s]
 21%|██        | 35.5M/170M [05:22<21:13, 106kB/s]
 21%|██        | 35.6M/170M [05:22<20:45, 108kB/s]
 21%|██        | 35.6M/170M [05:23<20:28, 110kB/s]
 21%|██        | 35.6M/170M [05:23<20:15, 111kB/s]
 21%|██        | 35.7M/170M [05:23<20:05, 112kB/s]
 21%|██        | 35.7M/170M [05:23<19:58, 113kB/s]
 21%|██        | 35.7M/170M [05:24<19:50, 113kB/s]
 21%|██        | 35.7M/170M [05:24<19:44, 114kB/s]
 21%|██        | 35.8M/170M [05:24<19:41, 114kB/s]
 21%|██        | 35.8M/170M [05:25<19:40, 114kB/s]
 21%|██        | 35.8M/170M [05:25<21:08, 106kB/s]
 21%|██        | 35.9M/170M [05:25<20:42, 108kB/s]
 21%|██        | 35.9M/170M [05:26<20:22, 110kB/s]
 21%|██        | 35.9M/170M [05:26<20:08, 111kB/s]
 21%|██        | 36.0M/170M [05:26<19:56, 112kB/s]
 21%|██        | 36.0M/170M [05:26<19:51, 113kB/s]
 21%|██        | 36.0M/170M [05:27<19:50, 113kB/s]
 21%|██        | 36.1M/170M [05:27<19:52, 113kB/s]
 21%|██        | 36.1M/170M [05:27<19:51, 113kB/s]
 21%|██        | 36.1M/170M [05:28<19:52, 113kB/s]
 21%|██        | 36.2M/170M [05:28<19:55, 112kB/s]
 21%|██        | 36.2M/170M [05:28<21:29, 104kB/s]
 21%|██▏       | 36.2M/170M [05:29<21:02, 106kB/s]
 21%|██▏       | 36.3M/170M [05:29<20:46, 108kB/s]
 21%|██▏       | 36.3M/170M [05:29<20:34, 109kB/s]
 21%|██▏       | 36.3M/170M [05:29<20:23, 110kB/s]
 21%|██▏       | 36.4M/170M [05:30<20:18, 110kB/s]
 21%|██▏       | 36.4M/170M [05:30<20:16, 110kB/s]
 21%|██▏       | 36.4M/170M [05:30<20:16, 110kB/s]
 21%|██▏       | 36.5M/170M [05:31<20:15, 110kB/s]
 21%|██▏       | 36.5M/170M [05:31<20:14, 110kB/s]
 21%|██▏       | 36.5M/170M [05:31<21:41, 103kB/s]
 21%|██▏       | 36.6M/170M [05:32<21:15, 105kB/s]
 21%|██▏       | 36.6M/170M [05:32<20:56, 107kB/s]
 21%|██▏       | 36.6M/170M [05:32<20:47, 107kB/s]
 22%|██▏       | 36.7M/170M [05:32<20:38, 108kB/s]
 22%|██▏       | 36.7M/170M [05:33<20:32, 109kB/s]
 22%|██▏       | 36.7M/170M [05:33<20:30, 109kB/s]
 22%|██▏       | 36.8M/170M [05:33<20:31, 109kB/s]
 22%|██▏       | 36.8M/170M [05:34<20:24, 109kB/s]
 22%|██▏       | 36.8M/170M [05:34<20:23, 109kB/s]
 22%|██▏       | 36.9M/170M [05:34<20:25, 109kB/s]
 22%|██▏       | 36.9M/170M [05:35<21:48, 102kB/s]
 22%|██▏       | 36.9M/170M [05:35<21:20, 104kB/s]
 22%|██▏       | 37.0M/170M [05:35<21:06, 105kB/s]
 22%|██▏       | 37.0M/170M [05:36<20:44, 107kB/s]
 22%|██▏       | 37.0M/170M [05:36<20:34, 108kB/s]
 22%|██▏       | 37.1M/170M [05:36<20:37, 108kB/s]
 22%|██▏       | 37.1M/170M [05:36<20:25, 109kB/s]
 22%|██▏       | 37.1M/170M [05:37<20:25, 109kB/s]
 22%|██▏       | 37.2M/170M [05:37<20:22, 109kB/s]
 22%|██▏       | 37.2M/170M [05:37<20:25, 109kB/s]
 22%|██▏       | 37.2M/170M [05:38<21:44, 102kB/s]
 22%|██▏       | 37.3M/170M [05:38<21:15, 104kB/s]
 22%|██▏       | 37.3M/170M [05:38<20:56, 106kB/s]
 22%|██▏       | 37.3M/170M [05:39<20:41, 107kB/s]
 22%|██▏       | 37.4M/170M [05:39<20:31, 108kB/s]
 22%|██▏       | 37.4M/170M [05:39<20:28, 108kB/s]
 22%|██▏       | 37.4M/170M [05:39<20:26, 109kB/s]
 22%|██▏       | 37.5M/170M [05:40<20:21, 109kB/s]
 22%|██▏       | 37.5M/170M [05:40<20:24, 109kB/s]
 22%|██▏       | 37.5M/170M [05:40<20:17, 109kB/s]
 22%|██▏       | 37.6M/170M [05:41<21:46, 102kB/s]
 22%|██▏       | 37.6M/170M [05:41<21:16, 104kB/s]
 22%|██▏       | 37.6M/170M [05:41<20:53, 106kB/s]
 22%|██▏       | 37.7M/170M [05:42<20:38, 107kB/s]
 22%|██▏       | 37.7M/170M [05:42<20:27, 108kB/s]
 22%|██▏       | 37.7M/170M [05:42<20:17, 109kB/s]
 22%|██▏       | 37.7M/170M [05:43<20:11, 110kB/s]
 22%|██▏       | 37.8M/170M [05:43<20:07, 110kB/s]
 22%|██▏       | 37.8M/170M [05:43<20:05, 110kB/s]
 22%|██▏       | 37.8M/170M [05:43<20:03, 110kB/s]
 22%|██▏       | 37.9M/170M [05:44<20:04, 110kB/s]
 22%|██▏       | 37.9M/170M [05:44<21:33, 103kB/s]
 22%|██▏       | 37.9M/170M [05:44<21:07, 105kB/s]
 22%|██▏       | 38.0M/170M [05:45<20:43, 107kB/s]
 22%|██▏       | 38.0M/170M [05:45<20:28, 108kB/s]
 22%|██▏       | 38.0M/170M [05:45<20:21, 108kB/s]
 22%|██▏       | 38.1M/170M [05:46<20:12, 109kB/s]
 22%|██▏       | 38.1M/170M [05:46<20:07, 110kB/s]
 22%|██▏       | 38.1M/170M [05:46<20:07, 110kB/s]
 22%|██▏       | 38.2M/170M [05:46<20:05, 110kB/s]
 22%|██▏       | 38.2M/170M [05:47<20:04, 110kB/s]
 22%|██▏       | 38.2M/170M [05:47<21:35, 102kB/s]
 22%|██▏       | 38.3M/170M [05:47<21:08, 104kB/s]
 22%|██▏       | 38.3M/170M [05:48<20:42, 106kB/s]
 22%|██▏       | 38.3M/170M [05:48<20:27, 108kB/s]
 23%|██▎       | 38.4M/170M [05:48<20:15, 109kB/s]
 23%|██▎       | 38.4M/170M [05:49<20:11, 109kB/s]
 23%|██▎       | 38.4M/170M [05:49<20:02, 110kB/s]
 23%|██▎       | 38.5M/170M [05:49<19:55, 110kB/s]
 23%|██▎       | 38.5M/170M [05:50<19:54, 111kB/s]
 23%|██▎       | 38.5M/170M [05:50<19:55, 110kB/s]
 23%|██▎       | 38.6M/170M [05:50<19:54, 110kB/s]
 23%|██▎       | 38.6M/170M [05:50<21:20, 103kB/s]
 23%|██▎       | 38.6M/170M [05:51<20:53, 105kB/s]
 23%|██▎       | 38.7M/170M [05:51<20:33, 107kB/s]
 23%|██▎       | 38.7M/170M [05:51<20:14, 109kB/s]
 23%|██▎       | 38.7M/170M [05:52<20:03, 110kB/s]
 23%|██▎       | 38.8M/170M [05:52<19:56, 110kB/s]
 23%|██▎       | 38.8M/170M [05:52<19:49, 111kB/s]
 23%|██▎       | 38.8M/170M [05:53<19:49, 111kB/s]
 23%|██▎       | 38.9M/170M [05:53<19:46, 111kB/s]
 23%|██▎       | 38.9M/170M [05:53<19:43, 111kB/s]
 23%|██▎       | 38.9M/170M [05:53<21:10, 104kB/s]
 23%|██▎       | 39.0M/170M [05:54<20:44, 106kB/s]
 23%|██▎       | 39.0M/170M [05:54<20:24, 107kB/s]
 23%|██▎       | 39.0M/170M [05:54<20:10, 109kB/s]
 23%|██▎       | 39.1M/170M [05:55<19:59, 110kB/s]
 23%|██▎       | 39.1M/170M [05:55<19:48, 111kB/s]
 23%|██▎       | 39.1M/170M [05:55<19:50, 110kB/s]
 23%|██▎       | 39.2M/170M [05:56<19:48, 111kB/s]
 23%|██▎       | 39.2M/170M [05:56<19:44, 111kB/s]
 23%|██▎       | 39.2M/170M [05:56<19:38, 111kB/s]
 23%|██▎       | 39.3M/170M [05:56<21:03, 104kB/s]
 23%|██▎       | 39.3M/170M [05:57<20:32, 106kB/s]
 23%|██▎       | 39.3M/170M [05:57<20:15, 108kB/s]
 23%|██▎       | 39.4M/170M [05:57<20:01, 109kB/s]
 23%|██▎       | 39.4M/170M [05:58<19:52, 110kB/s]
 23%|██▎       | 39.4M/170M [05:58<19:45, 111kB/s]
 23%|██▎       | 39.5M/170M [05:58<19:39, 111kB/s]
 23%|██▎       | 39.5M/170M [05:59<19:32, 112kB/s]
 23%|██▎       | 39.5M/170M [05:59<19:26, 112kB/s]
 23%|██▎       | 39.6M/170M [05:59<19:23, 113kB/s]
 23%|██▎       | 39.6M/170M [05:59<19:19, 113kB/s]
 23%|██▎       | 39.6M/170M [06:00<20:42, 105kB/s]
 23%|██▎       | 39.6M/170M [06:00<20:12, 108kB/s]
 23%|██▎       | 39.7M/170M [06:00<19:52, 110kB/s]
 23%|██▎       | 39.7M/170M [06:01<19:36, 111kB/s]
 23%|██▎       | 39.7M/170M [06:01<19:26, 112kB/s]
 23%|██▎       | 39.8M/170M [06:01<19:14, 113kB/s]
 23%|██▎       | 39.8M/170M [06:01<19:12, 113kB/s]
 23%|██▎       | 39.8M/170M [06:02<19:11, 114kB/s]
 23%|██▎       | 39.9M/170M [06:02<19:04, 114kB/s]
 23%|██▎       | 39.9M/170M [06:02<19:05, 114kB/s]
 23%|██▎       | 39.9M/170M [06:03<20:33, 106kB/s]
 23%|██▎       | 40.0M/170M [06:03<20:07, 108kB/s]
 23%|██▎       | 40.0M/170M [06:03<19:48, 110kB/s]
 23%|██▎       | 40.0M/170M [06:04<19:35, 111kB/s]
 24%|██▎       | 40.1M/170M [06:04<19:24, 112kB/s]
 24%|██▎       | 40.1M/170M [06:04<19:16, 113kB/s]
 24%|██▎       | 40.1M/170M [06:04<19:11, 113kB/s]
 24%|██▎       | 40.2M/170M [06:05<19:08, 113kB/s]
 24%|██▎       | 40.2M/170M [06:05<19:01, 114kB/s]
 24%|██▎       | 40.2M/170M [06:05<19:00, 114kB/s]
 24%|██▎       | 40.3M/170M [06:06<18:58, 114kB/s]
 24%|██▎       | 40.3M/170M [06:06<20:24, 106kB/s]
 24%|██▎       | 40.3M/170M [06:06<19:58, 109kB/s]
 24%|██▎       | 40.4M/170M [06:06<19:42, 110kB/s]
 24%|██▎       | 40.4M/170M [06:07<19:31, 111kB/s]
 24%|██▎       | 40.4M/170M [06:07<19:23, 112kB/s]
 24%|██▎       | 40.5M/170M [06:07<19:14, 113kB/s]
 24%|██▍       | 40.5M/170M [06:08<19:13, 113kB/s]
 24%|██▍       | 40.5M/170M [06:08<19:09, 113kB/s]
 24%|██▍       | 40.6M/170M [06:08<19:05, 113kB/s]
 24%|██▍       | 40.6M/170M [06:09<19:02, 114kB/s]
 24%|██▍       | 40.6M/170M [06:09<20:24, 106kB/s]
 24%|██▍       | 40.7M/170M [06:09<19:55, 109kB/s]
 24%|██▍       | 40.7M/170M [06:09<19:34, 111kB/s]
 24%|██▍       | 40.7M/170M [06:10<19:18, 112kB/s]
 24%|██▍       | 40.8M/170M [06:10<19:04, 113kB/s]
 24%|██▍       | 40.8M/170M [06:10<18:55, 114kB/s]
 24%|██▍       | 40.8M/170M [06:11<18:49, 115kB/s]
 24%|██▍       | 40.9M/170M [06:11<18:46, 115kB/s]
 24%|██▍       | 40.9M/170M [06:11<18:38, 116kB/s]
 24%|██▍       | 40.9M/170M [06:11<18:38, 116kB/s]
 24%|██▍       | 41.0M/170M [06:12<18:34, 116kB/s]
 24%|██▍       | 41.0M/170M [06:12<19:55, 108kB/s]
 24%|██▍       | 41.0M/170M [06:12<19:28, 111kB/s]
 24%|██▍       | 41.1M/170M [06:13<19:08, 113kB/s]
 24%|██▍       | 41.1M/170M [06:13<18:55, 114kB/s]
 24%|██▍       | 41.1M/170M [06:13<18:44, 115kB/s]
 24%|██▍       | 41.2M/170M [06:13<18:35, 116kB/s]
 24%|██▍       | 41.2M/170M [06:14<18:29, 117kB/s]
 24%|██▍       | 41.2M/170M [06:14<18:35, 116kB/s]
 24%|██▍       | 41.3M/170M [06:14<19:26, 111kB/s]
 24%|██▍       | 41.3M/170M [06:15<18:18, 118kB/s]
 24%|██▍       | 41.3M/170M [06:15<19:48, 109kB/s]
 24%|██▍       | 41.4M/170M [06:15<19:28, 111kB/s]
 24%|██▍       | 41.4M/170M [06:15<19:12, 112kB/s]
 24%|██▍       | 41.4M/170M [06:16<19:03, 113kB/s]
 24%|██▍       | 41.5M/170M [06:16<18:57, 113kB/s]
 24%|██▍       | 41.5M/170M [06:16<18:54, 114kB/s]
 24%|██▍       | 41.5M/170M [06:17<18:53, 114kB/s]
 24%|██▍       | 41.5M/170M [06:17<18:53, 114kB/s]
 24%|██▍       | 41.6M/170M [06:17<18:56, 113kB/s]
 24%|██▍       | 41.6M/170M [06:17<18:54, 114kB/s]
 24%|██▍       | 41.6M/170M [06:18<20:20, 106kB/s]
 24%|██▍       | 41.7M/170M [06:18<19:53, 108kB/s]
 24%|██▍       | 41.7M/170M [06:18<19:35, 110kB/s]
 24%|██▍       | 41.7M/170M [06:19<19:22, 111kB/s]
 25%|██▍       | 41.8M/170M [06:19<19:09, 112kB/s]
 25%|██▍       | 41.8M/170M [06:19<19:04, 112kB/s]
 25%|██▍       | 41.8M/170M [06:20<18:58, 113kB/s]
 25%|██▍       | 41.9M/170M [06:20<18:52, 114kB/s]
 25%|██▍       | 41.9M/170M [06:20<18:40, 115kB/s]
 25%|██▍       | 41.9M/170M [06:20<18:35, 115kB/s]
 25%|██▍       | 42.0M/170M [06:21<18:31, 116kB/s]
 25%|██▍       | 42.0M/170M [06:21<19:45, 108kB/s]
 25%|██▍       | 42.0M/170M [06:21<19:13, 111kB/s]
 25%|██▍       | 42.1M/170M [06:22<18:53, 113kB/s]
 25%|██▍       | 42.1M/170M [06:22<18:38, 115kB/s]
 25%|██▍       | 42.1M/170M [06:22<18:24, 116kB/s]
 25%|██▍       | 42.2M/170M [06:22<18:17, 117kB/s]
 25%|██▍       | 42.2M/170M [06:23<18:09, 118kB/s]
 25%|██▍       | 42.2M/170M [06:23<18:01, 119kB/s]
 25%|██▍       | 42.3M/170M [06:23<17:58, 119kB/s]
 25%|██▍       | 42.3M/170M [06:24<17:52, 120kB/s]
 25%|██▍       | 42.3M/170M [06:24<19:10, 111kB/s]
 25%|██▍       | 42.4M/170M [06:24<18:43, 114kB/s]
 25%|██▍       | 42.4M/170M [06:24<18:24, 116kB/s]
 25%|██▍       | 42.4M/170M [06:25<18:12, 117kB/s]
 25%|██▍       | 42.5M/170M [06:25<18:02, 118kB/s]
 25%|██▍       | 42.5M/170M [06:25<17:56, 119kB/s]
 25%|██▍       | 42.5M/170M [06:25<17:51, 119kB/s]
 25%|██▍       | 42.6M/170M [06:26<17:48, 120kB/s]
 25%|██▍       | 42.6M/170M [06:26<17:45, 120kB/s]
 25%|██▌       | 42.6M/170M [06:26<17:44, 120kB/s]
 25%|██▌       | 42.7M/170M [06:27<17:45, 120kB/s]
 25%|██▌       | 42.7M/170M [06:27<19:05, 112kB/s]
 25%|██▌       | 42.7M/170M [06:27<18:42, 114kB/s]
 25%|██▌       | 42.8M/170M [06:27<18:24, 116kB/s]
 25%|██▌       | 42.8M/170M [06:28<18:13, 117kB/s]
 25%|██▌       | 42.8M/170M [06:28<18:04, 118kB/s]
 25%|██▌       | 42.9M/170M [06:28<17:59, 118kB/s]
 25%|██▌       | 42.9M/170M [06:29<17:54, 119kB/s]
 25%|██▌       | 42.9M/170M [06:29<17:51, 119kB/s]
 25%|██▌       | 43.0M/170M [06:29<17:48, 119kB/s]
 25%|██▌       | 43.0M/170M [06:29<17:44, 120kB/s]
 25%|██▌       | 43.0M/170M [06:30<19:00, 112kB/s]
 25%|██▌       | 43.1M/170M [06:30<18:41, 114kB/s]
 25%|██▌       | 43.1M/170M [06:30<18:16, 116kB/s]
 25%|██▌       | 43.1M/170M [06:31<18:02, 118kB/s]
 25%|██▌       | 43.2M/170M [06:31<17:54, 118kB/s]
 25%|██▌       | 43.2M/170M [06:31<17:49, 119kB/s]
 25%|██▌       | 43.2M/170M [06:31<17:40, 120kB/s]
 25%|██▌       | 43.3M/170M [06:32<17:36, 120kB/s]
 25%|██▌       | 43.3M/170M [06:32<17:31, 121kB/s]
 25%|██▌       | 43.3M/170M [06:32<17:28, 121kB/s]
 25%|██▌       | 43.4M/170M [06:32<18:46, 113kB/s]
 25%|██▌       | 43.4M/170M [06:33<18:21, 115kB/s]
 25%|██▌       | 43.4M/170M [06:33<18:04, 117kB/s]
 25%|██▌       | 43.5M/170M [06:33<17:50, 119kB/s]
 26%|██▌       | 43.5M/170M [06:34<17:46, 119kB/s]
 26%|██▌       | 43.5M/170M [06:34<17:40, 120kB/s]
 26%|██▌       | 43.5M/170M [06:34<17:36, 120kB/s]
 26%|██▌       | 43.6M/170M [06:34<17:33, 120kB/s]
 26%|██▌       | 43.6M/170M [06:35<17:32, 121kB/s]
 26%|██▌       | 43.6M/170M [06:35<17:31, 121kB/s]
 26%|██▌       | 43.7M/170M [06:35<17:31, 121kB/s]
 26%|██▌       | 43.7M/170M [06:36<18:48, 112kB/s]
 26%|██▌       | 43.7M/170M [06:36<18:23, 115kB/s]
 26%|██▌       | 43.8M/170M [06:36<18:05, 117kB/s]
 26%|██▌       | 43.8M/170M [06:36<17:52, 118kB/s]
 26%|██▌       | 43.8M/170M [06:37<17:43, 119kB/s]
 26%|██▌       | 43.9M/170M [06:37<17:37, 120kB/s]
 26%|██▌       | 43.9M/170M [06:37<17:31, 120kB/s]
 26%|██▌       | 43.9M/170M [06:37<17:28, 121kB/s]
 26%|██▌       | 44.0M/170M [06:38<17:27, 121kB/s]
 26%|██▌       | 44.0M/170M [06:38<17:25, 121kB/s]
 26%|██▌       | 44.0M/170M [06:38<18:43, 113kB/s]
 26%|██▌       | 44.1M/170M [06:39<18:20, 115kB/s]
 26%|██▌       | 44.1M/170M [06:39<18:05, 116kB/s]
 26%|██▌       | 44.1M/170M [06:39<17:54, 118kB/s]
 26%|██▌       | 44.2M/170M [06:39<17:47, 118kB/s]
 26%|██▌       | 44.2M/170M [06:40<17:42, 119kB/s]
 26%|██▌       | 44.2M/170M [06:40<17:40, 119kB/s]
 26%|██▌       | 44.3M/170M [06:40<17:36, 119kB/s]
 26%|██▌       | 44.3M/170M [06:40<17:33, 120kB/s]
 26%|██▌       | 44.3M/170M [06:41<17:34, 120kB/s]
 26%|██▌       | 44.4M/170M [06:41<17:31, 120kB/s]
 26%|██▌       | 44.4M/170M [06:41<18:51, 111kB/s]
 26%|██▌       | 44.4M/170M [06:42<18:25, 114kB/s]
 26%|██▌       | 44.5M/170M [06:42<18:08, 116kB/s]
 26%|██▌       | 44.5M/170M [06:42<17:57, 117kB/s]
 26%|██▌       | 44.5M/170M [06:42<17:48, 118kB/s]
 26%|██▌       | 44.6M/170M [06:43<17:41, 119kB/s]
 26%|██▌       | 44.6M/170M [06:43<17:37, 119kB/s]
 26%|██▌       | 44.6M/170M [06:43<17:34, 119kB/s]
 26%|██▌       | 44.7M/170M [06:44<17:32, 120kB/s]
 26%|██▌       | 44.7M/170M [06:44<17:30, 120kB/s]
 26%|██▌       | 44.7M/170M [06:44<18:49, 111kB/s]
 26%|██▋       | 44.8M/170M [06:44<18:25, 114kB/s]
 26%|██▋       | 44.8M/170M [06:45<18:09, 115kB/s]
 26%|██▋       | 44.8M/170M [06:45<17:58, 116kB/s]
 26%|██▋       | 44.9M/170M [06:45<17:49, 118kB/s]
 26%|██▋       | 44.9M/170M [06:46<17:44, 118kB/s]
 26%|██▋       | 44.9M/170M [06:46<17:40, 118kB/s]
 26%|██▋       | 45.0M/170M [06:46<17:37, 119kB/s]
 26%|██▋       | 45.0M/170M [06:46<18:33, 113kB/s]
 26%|██▋       | 45.0M/170M [06:47<17:15, 121kB/s]
 26%|██▋       | 45.1M/170M [06:47<17:16, 121kB/s]
 26%|██▋       | 45.1M/170M [06:47<18:37, 112kB/s]
 26%|██▋       | 45.1M/170M [06:48<18:16, 114kB/s]
 26%|██▋       | 45.2M/170M [06:48<18:03, 116kB/s]
 27%|██▋       | 45.2M/170M [06:48<17:53, 117kB/s]
 27%|██▋       | 45.2M/170M [06:48<17:47, 117kB/s]
 27%|██▋       | 45.3M/170M [06:49<17:42, 118kB/s]
 27%|██▋       | 45.3M/170M [06:49<17:40, 118kB/s]
 27%|██▋       | 45.3M/170M [06:49<17:37, 118kB/s]
 27%|██▋       | 45.4M/170M [06:49<17:36, 118kB/s]
 27%|██▋       | 45.4M/170M [06:50<18:25, 113kB/s]
 27%|██▋       | 45.4M/170M [06:50<24:14, 86.0kB/s]
 27%|██▋       | 45.4M/170M [06:51<21:50, 95.5kB/s]
 27%|██▋       | 45.5M/170M [06:51<19:05, 109kB/s] 
 27%|██▋       | 45.5M/170M [06:51<16:04, 130kB/s]
 27%|██▋       | 45.5M/170M [06:51<15:05, 138kB/s]
 27%|██▋       | 45.6M/170M [06:51<15:45, 132kB/s]
 27%|██▋       | 45.6M/170M [06:52<16:18, 128kB/s]
 27%|██▋       | 45.6M/170M [06:52<16:41, 125kB/s]
 27%|██▋       | 45.7M/170M [06:52<16:56, 123kB/s]
 27%|██▋       | 45.7M/170M [06:53<17:08, 121kB/s]
 27%|██▋       | 45.7M/170M [06:53<18:36, 112kB/s]
 27%|██▋       | 45.8M/170M [06:53<18:16, 114kB/s]
 27%|██▋       | 45.8M/170M [06:53<18:05, 115kB/s]
 27%|██▋       | 45.8M/170M [06:54<17:58, 116kB/s]
 27%|██▋       | 45.9M/170M [06:54<17:47, 117kB/s]
 27%|██▋       | 45.9M/170M [06:54<20:01, 104kB/s]
 27%|██▋       | 45.9M/170M [06:55<17:09, 121kB/s]
 27%|██▋       | 46.0M/170M [06:55<17:49, 116kB/s]
 27%|██▋       | 46.0M/170M [06:55<18:37, 111kB/s]
 27%|██▋       | 46.0M/170M [06:55<17:16, 120kB/s]
 27%|██▋       | 46.1M/170M [06:56<19:11, 108kB/s]
 27%|██▋       | 46.1M/170M [06:56<23:11, 89.4kB/s]
 27%|██▋       | 46.1M/170M [06:57<21:17, 97.3kB/s]
 27%|██▋       | 46.2M/170M [06:57<19:39, 105kB/s] 
 27%|██▋       | 46.2M/170M [06:57<16:33, 125kB/s]
 27%|██▋       | 46.2M/170M [06:57<14:52, 139kB/s]
 27%|██▋       | 46.3M/170M [06:57<15:07, 137kB/s]
 27%|██▋       | 46.3M/170M [06:58<15:49, 131kB/s]
 27%|██▋       | 46.3M/170M [06:58<16:23, 126kB/s]
 27%|██▋       | 46.4M/170M [06:58<16:40, 124kB/s]
 27%|██▋       | 46.4M/170M [06:59<16:54, 122kB/s]
 27%|██▋       | 46.4M/170M [06:59<18:25, 112kB/s]
 27%|██▋       | 46.5M/170M [06:59<18:09, 114kB/s]
 27%|██▋       | 46.5M/170M [06:59<17:57, 115kB/s]
 27%|██▋       | 46.5M/170M [07:00<18:47, 110kB/s]
 27%|██▋       | 46.6M/170M [07:00<18:29, 112kB/s]
 27%|██▋       | 46.6M/170M [07:00<19:01, 109kB/s]
 27%|██▋       | 46.6M/170M [07:01<18:13, 113kB/s]
 27%|██▋       | 46.7M/170M [07:01<16:30, 125kB/s]
 27%|██▋       | 46.7M/170M [07:01<18:51, 109kB/s]
 27%|██▋       | 46.7M/170M [07:02<21:44, 94.9kB/s]
 27%|██▋       | 46.8M/170M [07:02<20:09, 102kB/s] 
 27%|██▋       | 46.8M/170M [07:02<19:04, 108kB/s]
 27%|██▋       | 46.8M/170M [07:02<16:00, 129kB/s]
 27%|██▋       | 46.9M/170M [07:03<15:02, 137kB/s]
 28%|██▊       | 46.9M/170M [07:03<15:40, 131kB/s]
 28%|██▊       | 46.9M/170M [07:03<16:05, 128kB/s]
 28%|██▊       | 47.0M/170M [07:03<16:22, 126kB/s]
 28%|██▊       | 47.0M/170M [07:04<18:49, 109kB/s]
 28%|██▊       | 47.0M/170M [07:04<20:23, 101kB/s]
 28%|██▊       | 47.1M/170M [07:04<19:18, 107kB/s]
 28%|██▊       | 47.1M/170M [07:05<17:09, 120kB/s]
 28%|██▊       | 47.1M/170M [07:05<15:46, 130kB/s]
 28%|██▊       | 47.2M/170M [07:05<15:51, 130kB/s]
 28%|██▊       | 47.2M/170M [07:05<16:11, 127kB/s]
 28%|██▊       | 47.2M/170M [07:06<16:26, 125kB/s]
 28%|██▊       | 47.3M/170M [07:06<16:33, 124kB/s]
 28%|██▊       | 47.3M/170M [07:06<16:35, 124kB/s]
 28%|██▊       | 47.3M/170M [07:06<16:47, 122kB/s]
 28%|██▊       | 47.3M/170M [07:07<16:49, 122kB/s]
 28%|██▊       | 47.4M/170M [07:07<16:45, 122kB/s]
 28%|██▊       | 47.4M/170M [07:07<16:46, 122kB/s]
 28%|██▊       | 47.4M/170M [07:08<18:05, 113kB/s]
 28%|██▊       | 47.5M/170M [07:08<17:42, 116kB/s]
 28%|██▊       | 47.5M/170M [07:08<17:27, 117kB/s]
 28%|██▊       | 47.5M/170M [07:08<17:17, 119kB/s]
 28%|██▊       | 47.6M/170M [07:09<17:07, 120kB/s]
 28%|██▊       | 47.6M/170M [07:09<16:59, 121kB/s]
 28%|██▊       | 47.6M/170M [07:09<16:53, 121kB/s]
 28%|██▊       | 47.7M/170M [07:09<16:48, 122kB/s]
 28%|██▊       | 47.7M/170M [07:10<16:42, 123kB/s]
 28%|██▊       | 47.7M/170M [07:10<16:43, 122kB/s]
 28%|██▊       | 47.8M/170M [07:10<16:40, 123kB/s]
 28%|██▊       | 47.8M/170M [07:11<17:50, 115kB/s]
 28%|██▊       | 47.8M/170M [07:11<17:27, 117kB/s]
 28%|██▊       | 47.9M/170M [07:11<17:11, 119kB/s]
 28%|██▊       | 47.9M/170M [07:11<16:56, 121kB/s]
 28%|██▊       | 47.9M/170M [07:12<16:46, 122kB/s]
 28%|██▊       | 48.0M/170M [07:12<16:39, 123kB/s]
 28%|██▊       | 48.0M/170M [07:12<16:35, 123kB/s]
 28%|██▊       | 48.0M/170M [07:12<16:29, 124kB/s]
 28%|██▊       | 48.1M/170M [07:13<16:28, 124kB/s]
 28%|██▊       | 48.1M/170M [07:13<16:25, 124kB/s]
 28%|██▊       | 48.1M/170M [07:13<17:36, 116kB/s]
 28%|██▊       | 48.2M/170M [07:14<18:04, 113kB/s]
 28%|██▊       | 48.2M/170M [07:14<17:44, 115kB/s]
 28%|██▊       | 48.2M/170M [07:14<18:36, 110kB/s]
 28%|██▊       | 48.3M/170M [07:14<17:46, 115kB/s]
 28%|██▊       | 48.3M/170M [07:15<16:03, 127kB/s]
 28%|██▊       | 48.3M/170M [07:15<14:54, 137kB/s]
 28%|██▊       | 48.4M/170M [07:15<17:16, 118kB/s]
 28%|██▊       | 48.4M/170M [07:15<16:50, 121kB/s]
 28%|██▊       | 48.4M/170M [07:16<15:25, 132kB/s]
 28%|██▊       | 48.5M/170M [07:16<17:04, 119kB/s]
 28%|██▊       | 48.5M/170M [07:16<20:13, 101kB/s]
 28%|██▊       | 48.5M/170M [07:17<19:02, 107kB/s]
 28%|██▊       | 48.6M/170M [07:17<16:56, 120kB/s]
 29%|██▊       | 48.6M/170M [07:17<14:47, 137kB/s]
 29%|██▊       | 48.6M/170M [07:17<13:55, 146kB/s]
 29%|██▊       | 48.7M/170M [07:17<14:38, 139kB/s]
 29%|██▊       | 48.7M/170M [07:18<15:02, 135kB/s]
 29%|██▊       | 48.7M/170M [07:18<15:22, 132kB/s]
 29%|██▊       | 48.8M/170M [07:18<15:36, 130kB/s]
 29%|██▊       | 48.8M/170M [07:18<15:49, 128kB/s]
 29%|██▊       | 48.8M/170M [07:19<17:07, 118kB/s]
 29%|██▊       | 48.9M/170M [07:19<16:50, 120kB/s]
 29%|██▊       | 48.9M/170M [07:19<16:42, 121kB/s]
 29%|██▊       | 48.9M/170M [07:20<16:25, 123kB/s]
 29%|██▊       | 49.0M/170M [07:20<16:24, 123kB/s]
 29%|██▊       | 49.0M/170M [07:20<16:21, 124kB/s]
 29%|██▉       | 49.0M/170M [07:20<16:19, 124kB/s]
 29%|██▉       | 49.1M/170M [07:21<16:16, 124kB/s]
 29%|██▉       | 49.1M/170M [07:21<16:15, 125kB/s]
 29%|██▉       | 49.1M/170M [07:21<16:14, 125kB/s]
 29%|██▉       | 49.2M/170M [07:21<16:17, 124kB/s]
 29%|██▉       | 49.2M/170M [07:22<17:30, 116kB/s]
 29%|██▉       | 49.2M/170M [07:22<17:10, 118kB/s]
 29%|██▉       | 49.3M/170M [07:22<16:52, 120kB/s]
 29%|██▉       | 49.3M/170M [07:23<16:39, 121kB/s]
 29%|██▉       | 49.3M/170M [07:23<16:41, 121kB/s]
 29%|██▉       | 49.3M/170M [07:23<16:38, 121kB/s]
 29%|██▉       | 49.4M/170M [07:23<16:34, 122kB/s]
 29%|██▉       | 49.4M/170M [07:24<16:32, 122kB/s]
 29%|██▉       | 49.4M/170M [07:24<16:31, 122kB/s]
 29%|██▉       | 49.5M/170M [07:24<16:26, 123kB/s]
 29%|██▉       | 49.5M/170M [07:25<17:46, 113kB/s]
 29%|██▉       | 49.5M/170M [07:25<17:19, 116kB/s]
 29%|██▉       | 49.6M/170M [07:25<17:00, 119kB/s]
 29%|██▉       | 49.6M/170M [07:25<16:47, 120kB/s]
 29%|██▉       | 49.6M/170M [07:26<16:37, 121kB/s]
 29%|██▉       | 49.7M/170M [07:26<16:31, 122kB/s]
 29%|██▉       | 49.7M/170M [07:26<16:28, 122kB/s]
 29%|██▉       | 49.7M/170M [07:26<16:24, 123kB/s]
 29%|██▉       | 49.8M/170M [07:27<16:18, 123kB/s]
 29%|██▉       | 49.8M/170M [07:27<16:17, 124kB/s]
 29%|██▉       | 49.8M/170M [07:27<17:28, 115kB/s]
 29%|██▉       | 49.9M/170M [07:27<17:05, 118kB/s]
 29%|██▉       | 49.9M/170M [07:28<16:51, 119kB/s]
 29%|██▉       | 49.9M/170M [07:28<16:42, 120kB/s]
 29%|██▉       | 50.0M/170M [07:28<16:39, 121kB/s]
 29%|██▉       | 50.0M/170M [07:29<16:32, 121kB/s]
 29%|██▉       | 50.0M/170M [07:29<16:36, 121kB/s]
 29%|██▉       | 50.1M/170M [07:29<16:40, 120kB/s]
 29%|██▉       | 50.1M/170M [07:29<16:37, 121kB/s]
 29%|██▉       | 50.1M/170M [07:30<16:38, 121kB/s]
 29%|██▉       | 50.2M/170M [07:30<16:41, 120kB/s]
 29%|██▉       | 50.2M/170M [07:30<17:56, 112kB/s]
 29%|██▉       | 50.2M/170M [07:31<18:24, 109kB/s]
 29%|██▉       | 50.3M/170M [07:31<17:07, 117kB/s]
 30%|██▉       | 50.3M/170M [07:31<17:02, 118kB/s]
 30%|██▉       | 50.3M/170M [07:31<16:58, 118kB/s]
 30%|██▉       | 50.4M/170M [07:32<17:43, 113kB/s]
 30%|██▉       | 50.4M/170M [07:32<16:34, 121kB/s]
 30%|██▉       | 50.4M/170M [07:32<16:34, 121kB/s]
 30%|██▉       | 50.5M/170M [07:32<16:37, 120kB/s]
 30%|██▉       | 50.5M/170M [07:33<20:57, 95.4kB/s]
 30%|██▉       | 50.5M/170M [07:33<21:53, 91.3kB/s]
 30%|██▉       | 50.6M/170M [07:34<18:53, 106kB/s] 
 30%|██▉       | 50.6M/170M [07:34<16:41, 120kB/s]
 30%|██▉       | 50.6M/170M [07:34<14:18, 140kB/s]
 30%|██▉       | 50.7M/170M [07:34<16:58, 118kB/s]
 30%|██▉       | 50.7M/170M [07:35<19:05, 105kB/s]
 30%|██▉       | 50.7M/170M [07:35<18:06, 110kB/s]
 30%|██▉       | 50.8M/170M [07:35<16:12, 123kB/s]
 30%|██▉       | 50.8M/170M [07:35<14:44, 135kB/s]
 30%|██▉       | 50.8M/170M [07:36<14:04, 142kB/s]
 30%|██▉       | 50.9M/170M [07:36<16:56, 118kB/s]
 30%|██▉       | 50.9M/170M [07:36<20:06, 99.2kB/s]
 30%|██▉       | 50.9M/170M [07:37<18:49, 106kB/s] 
 30%|██▉       | 51.0M/170M [07:37<16:44, 119kB/s]
 30%|██▉       | 51.0M/170M [07:37<14:19, 139kB/s]
 30%|██▉       | 51.0M/170M [07:37<14:35, 136kB/s]
 30%|██▉       | 51.1M/170M [07:38<18:21, 108kB/s]
 30%|██▉       | 51.1M/170M [07:38<18:41, 107kB/s]
 30%|██▉       | 51.1M/170M [07:38<16:45, 119kB/s]
 30%|███       | 51.2M/170M [07:38<15:14, 130kB/s]
 30%|███       | 51.2M/170M [07:39<14:02, 142kB/s]
 30%|███       | 51.2M/170M [07:39<16:51, 118kB/s]
 30%|███       | 51.2M/170M [07:39<15:48, 126kB/s]
 30%|███       | 51.3M/170M [07:39<15:55, 125kB/s]
 30%|███       | 51.3M/170M [07:40<16:04, 124kB/s]
 30%|███       | 51.3M/170M [07:40<18:13, 109kB/s]
 30%|███       | 51.4M/170M [07:40<15:30, 128kB/s]
 30%|███       | 51.4M/170M [07:40<15:41, 127kB/s]
 30%|███       | 51.4M/170M [07:41<15:53, 125kB/s]
 30%|███       | 51.5M/170M [07:41<18:13, 109kB/s]
 30%|███       | 51.5M/170M [07:42<19:41, 101kB/s]
 30%|███       | 51.5M/170M [07:42<19:44, 100kB/s]
 30%|███       | 51.6M/170M [07:42<17:24, 114kB/s]
 30%|███       | 51.6M/170M [07:42<15:40, 126kB/s]
 30%|███       | 51.6M/170M [07:43<16:14, 122kB/s]
 30%|███       | 51.7M/170M [07:43<16:00, 124kB/s]
 30%|███       | 51.7M/170M [07:43<15:23, 129kB/s]
 30%|███       | 51.7M/170M [07:43<15:47, 125kB/s]
 30%|███       | 51.8M/170M [07:44<16:03, 123kB/s]
 30%|███       | 51.8M/170M [07:44<16:13, 122kB/s]
 30%|███       | 51.8M/170M [07:44<16:19, 121kB/s]
 30%|███       | 51.9M/170M [07:44<16:24, 120kB/s]
 30%|███       | 51.9M/170M [07:45<19:41, 100kB/s]
 30%|███       | 51.9M/170M [07:45<18:32, 107kB/s]
 30%|███       | 52.0M/170M [07:45<17:29, 113kB/s]
 31%|███       | 52.0M/170M [07:46<15:54, 124kB/s]
 31%|███       | 52.0M/170M [07:46<16:07, 122kB/s]
 31%|███       | 52.1M/170M [07:46<16:18, 121kB/s]
 31%|███       | 52.1M/170M [07:46<16:24, 120kB/s]
 31%|███       | 52.1M/170M [07:47<16:29, 120kB/s]
 31%|███       | 52.2M/170M [07:47<16:31, 119kB/s]
 31%|███       | 52.2M/170M [07:47<16:31, 119kB/s]
 31%|███       | 52.2M/170M [07:48<17:47, 111kB/s]
 31%|███       | 52.3M/170M [07:48<17:25, 113kB/s]
 31%|███       | 52.3M/170M [07:48<17:08, 115kB/s]
 31%|███       | 52.3M/170M [07:48<16:56, 116kB/s]
 31%|███       | 52.4M/170M [07:49<16:47, 117kB/s]
 31%|███       | 52.4M/170M [07:49<16:41, 118kB/s]
 31%|███       | 52.4M/170M [07:49<16:38, 118kB/s]
 31%|███       | 52.5M/170M [07:50<16:33, 119kB/s]
 31%|███       | 52.5M/170M [07:50<16:31, 119kB/s]
 31%|███       | 52.5M/170M [07:50<16:27, 119kB/s]
 31%|███       | 52.6M/170M [07:50<16:23, 120kB/s]
 31%|███       | 52.6M/170M [07:51<17:35, 112kB/s]
 31%|███       | 52.6M/170M [07:51<17:11, 114kB/s]
 31%|███       | 52.7M/170M [07:51<16:53, 116kB/s]
 31%|███       | 52.7M/170M [07:51<16:39, 118kB/s]
 31%|███       | 52.7M/170M [07:52<16:29, 119kB/s]
 31%|███       | 52.8M/170M [07:52<16:22, 120kB/s]
 31%|███       | 52.8M/170M [07:52<16:16, 120kB/s]
 31%|███       | 52.8M/170M [07:53<16:13, 121kB/s]
 31%|███       | 52.9M/170M [07:53<16:11, 121kB/s]
 31%|███       | 52.9M/170M [07:53<16:10, 121kB/s]
 31%|███       | 52.9M/170M [07:53<17:20, 113kB/s]
 31%|███       | 53.0M/170M [07:54<16:58, 115kB/s]
 31%|███       | 53.0M/170M [07:54<16:42, 117kB/s]
 31%|███       | 53.0M/170M [07:54<16:29, 119kB/s]
 31%|███       | 53.1M/170M [07:55<16:20, 120kB/s]
 31%|███       | 53.1M/170M [07:55<16:13, 121kB/s]
 31%|███       | 53.1M/170M [07:55<16:07, 121kB/s]
 31%|███       | 53.1M/170M [07:55<16:05, 122kB/s]
 31%|███       | 53.2M/170M [07:56<16:05, 122kB/s]
 31%|███       | 53.2M/170M [07:56<16:04, 122kB/s]
 31%|███       | 53.2M/170M [07:56<16:03, 122kB/s]
 31%|███▏      | 53.3M/170M [07:56<17:15, 113kB/s]
 31%|███▏      | 53.3M/170M [07:57<16:52, 116kB/s]
 31%|███▏      | 53.3M/170M [07:57<16:38, 117kB/s]
 31%|███▏      | 53.4M/170M [07:57<16:27, 119kB/s]
 31%|███▏      | 53.4M/170M [07:58<16:18, 120kB/s]
 31%|███▏      | 53.4M/170M [07:58<16:17, 120kB/s]
 31%|███▏      | 53.5M/170M [07:58<16:14, 120kB/s]
 31%|███▏      | 53.5M/170M [07:58<16:11, 120kB/s]
 31%|███▏      | 53.5M/170M [07:59<16:08, 121kB/s]
 31%|███▏      | 53.6M/170M [07:59<16:07, 121kB/s]
 31%|███▏      | 53.6M/170M [07:59<17:18, 113kB/s]
 31%|███▏      | 53.6M/170M [07:59<16:54, 115kB/s]
 31%|███▏      | 53.7M/170M [08:00<16:40, 117kB/s]
 31%|███▏      | 53.7M/170M [08:00<16:28, 118kB/s]
 32%|███▏      | 53.7M/170M [08:00<19:27, 100kB/s]
 32%|███▏      | 53.8M/170M [08:01<20:30, 94.8kB/s]
 32%|███▏      | 53.8M/170M [08:01<18:53, 103kB/s] 
 32%|███▏      | 53.8M/170M [08:01<15:50, 123kB/s]
 32%|███▏      | 53.9M/170M [08:01<14:22, 135kB/s]
 32%|███▏      | 53.9M/170M [08:02<15:40, 124kB/s]
 32%|███▏      | 53.9M/170M [08:02<16:37, 117kB/s]
 32%|███▏      | 54.0M/170M [08:02<15:12, 128kB/s]
 32%|███▏      | 54.0M/170M [08:03<14:57, 130kB/s]
 32%|███▏      | 54.0M/170M [08:03<15:16, 127kB/s]
 32%|███▏      | 54.1M/170M [08:03<17:37, 110kB/s]
 32%|███▏      | 54.1M/170M [08:03<16:49, 115kB/s]
 32%|███▏      | 54.1M/170M [08:04<16:20, 119kB/s]
 32%|███▏      | 54.2M/170M [08:04<14:55, 130kB/s]
 32%|███▏      | 54.2M/170M [08:04<17:56, 108kB/s]
 32%|███▏      | 54.2M/170M [08:05<18:25, 105kB/s]
 32%|███▏      | 54.3M/170M [08:05<17:18, 112kB/s]
 32%|███▏      | 54.3M/170M [08:05<15:46, 123kB/s]
 32%|███▏      | 54.3M/170M [08:05<14:17, 135kB/s]
 32%|███▏      | 54.4M/170M [08:06<16:45, 116kB/s]
 32%|███▏      | 54.4M/170M [08:06<19:38, 98.5kB/s]
 32%|███▏      | 54.4M/170M [08:06<18:20, 105kB/s] 
 32%|███▏      | 54.5M/170M [08:07<16:19, 118kB/s]
 32%|███▏      | 54.5M/170M [08:07<14:51, 130kB/s]
 32%|███▏      | 54.5M/170M [08:07<12:49, 151kB/s]
 32%|███▏      | 54.6M/170M [08:07<13:37, 142kB/s]
 32%|███▏      | 54.6M/170M [08:07<15:26, 125kB/s]
 32%|███▏      | 54.6M/170M [08:08<17:18, 112kB/s]
 32%|███▏      | 54.7M/170M [08:08<15:34, 124kB/s]
 32%|███▏      | 54.7M/170M [08:08<15:06, 128kB/s]
 32%|███▏      | 54.7M/170M [08:09<15:19, 126kB/s]
 32%|███▏      | 54.8M/170M [08:09<17:29, 110kB/s]
 32%|███▏      | 54.8M/170M [08:09<16:59, 113kB/s]
 32%|███▏      | 54.8M/170M [08:09<16:17, 118kB/s]
 32%|███▏      | 54.9M/170M [08:10<14:43, 131kB/s]
 32%|███▏      | 54.9M/170M [08:10<16:50, 114kB/s]
 32%|███▏      | 54.9M/170M [08:10<16:30, 117kB/s]
 32%|███▏      | 55.0M/170M [08:11<15:59, 120kB/s]
 32%|███▏      | 55.0M/170M [08:11<15:42, 123kB/s]
 32%|███▏      | 55.0M/170M [08:11<18:53, 102kB/s]
 32%|███▏      | 55.1M/170M [08:12<18:56, 102kB/s]
 32%|███▏      | 55.1M/170M [08:12<16:48, 114kB/s]
 32%|███▏      | 55.1M/170M [08:12<15:10, 127kB/s]
 32%|███▏      | 55.1M/170M [08:12<14:07, 136kB/s]
 32%|███▏      | 55.2M/170M [08:13<16:35, 116kB/s]
 32%|███▏      | 55.2M/170M [08:13<16:05, 119kB/s]
 32%|███▏      | 55.2M/170M [08:13<14:49, 130kB/s]
 32%|███▏      | 55.3M/170M [08:13<14:35, 132kB/s]
 32%|███▏      | 55.3M/170M [08:14<18:03, 106kB/s]
 32%|███▏      | 55.3M/170M [08:14<19:41, 97.5kB/s]
 32%|███▏      | 55.4M/170M [08:14<18:55, 101kB/s] 
 32%|███▏      | 55.4M/170M [08:15<17:09, 112kB/s]
 33%|███▎      | 55.4M/170M [08:15<14:50, 129kB/s]
 33%|███▎      | 55.5M/170M [08:15<13:11, 145kB/s]
 33%|███▎      | 55.5M/170M [08:15<13:28, 142kB/s]
 33%|███▎      | 55.5M/170M [08:16<15:05, 127kB/s]
 33%|███▎      | 55.6M/170M [08:16<14:04, 136kB/s]
 33%|███▎      | 55.6M/170M [08:16<13:17, 144kB/s]
 33%|███▎      | 55.6M/170M [08:16<15:47, 121kB/s]
 33%|███▎      | 55.7M/170M [08:16<14:26, 133kB/s]
 33%|███▎      | 55.7M/170M [08:17<14:39, 130kB/s]
 33%|███▎      | 55.7M/170M [08:17<16:43, 114kB/s]
 33%|███▎      | 55.8M/170M [08:17<15:18, 125kB/s]
 33%|███▎      | 55.8M/170M [08:18<15:16, 125kB/s]
 33%|███▎      | 55.8M/170M [08:18<14:11, 135kB/s]
 33%|███▎      | 55.9M/170M [08:18<14:14, 134kB/s]
 33%|███▎      | 55.9M/170M [08:18<14:33, 131kB/s]
 33%|███▎      | 55.9M/170M [08:19<14:45, 129kB/s]
 33%|███▎      | 56.0M/170M [08:19<14:52, 128kB/s]
 33%|███▎      | 56.0M/170M [08:19<16:07, 118kB/s]
 33%|███▎      | 56.0M/170M [08:19<15:50, 120kB/s]
 33%|███▎      | 56.1M/170M [08:20<15:38, 122kB/s]
 33%|███▎      | 56.1M/170M [08:20<15:35, 122kB/s]
 33%|███▎      | 56.1M/170M [08:20<15:31, 123kB/s]
 33%|███▎      | 56.2M/170M [08:20<15:28, 123kB/s]
 33%|███▎      | 56.2M/170M [08:21<17:28, 109kB/s]
 33%|███▎      | 56.2M/170M [08:21<15:52, 120kB/s]
 33%|███▎      | 56.3M/170M [08:21<15:37, 122kB/s]
 33%|███▎      | 56.3M/170M [08:21<14:29, 131kB/s]
 33%|███▎      | 56.3M/170M [08:22<15:50, 120kB/s]
 33%|███▎      | 56.4M/170M [08:22<16:33, 115kB/s]
 33%|███▎      | 56.4M/170M [08:22<15:18, 124kB/s]
 33%|███▎      | 56.4M/170M [08:23<16:10, 118kB/s]
 33%|███▎      | 56.5M/170M [08:23<16:47, 113kB/s]
 33%|███▎      | 56.5M/170M [08:23<15:33, 122kB/s]
 33%|███▎      | 56.5M/170M [08:23<14:26, 132kB/s]
 33%|███▎      | 56.6M/170M [08:24<14:41, 129kB/s]
 33%|███▎      | 56.6M/170M [08:24<17:02, 111kB/s]
 33%|███▎      | 56.6M/170M [08:24<16:28, 115kB/s]
 33%|███▎      | 56.7M/170M [08:25<14:55, 127kB/s]
 33%|███▎      | 56.7M/170M [08:25<17:01, 111kB/s]
 33%|███▎      | 56.7M/170M [08:25<16:15, 117kB/s]
 33%|███▎      | 56.8M/170M [08:25<15:48, 120kB/s]
 33%|███▎      | 56.8M/170M [08:26<14:24, 132kB/s]
 33%|███▎      | 56.8M/170M [08:26<14:03, 135kB/s]
 33%|███▎      | 56.9M/170M [08:26<14:18, 132kB/s]
 33%|███▎      | 56.9M/170M [08:26<14:30, 131kB/s]
 33%|███▎      | 56.9M/170M [08:27<14:39, 129kB/s]
 33%|███▎      | 57.0M/170M [08:27<15:39, 121kB/s]
 33%|███▎      | 57.0M/170M [08:27<16:22, 116kB/s]
 33%|███▎      | 57.0M/170M [08:27<15:54, 119kB/s]
 33%|███▎      | 57.0M/170M [08:28<14:55, 127kB/s]
 33%|███▎      | 57.1M/170M [08:28<14:54, 127kB/s]
 33%|███▎      | 57.1M/170M [08:28<14:53, 127kB/s]
 34%|███▎      | 57.1M/170M [08:28<14:55, 127kB/s]
 34%|███▎      | 57.2M/170M [08:29<14:54, 127kB/s]
 34%|███▎      | 57.2M/170M [08:29<14:54, 127kB/s]
 34%|███▎      | 57.2M/170M [08:29<14:55, 126kB/s]
 34%|███▎      | 57.3M/170M [08:29<14:54, 127kB/s]
 34%|███▎      | 57.3M/170M [08:30<14:54, 127kB/s]
 34%|███▎      | 57.3M/170M [08:30<14:53, 127kB/s]
 34%|███▎      | 57.4M/170M [08:30<15:59, 118kB/s]
 34%|███▎      | 57.4M/170M [08:31<15:37, 121kB/s]
 34%|███▎      | 57.4M/170M [08:31<17:25, 108kB/s]
 34%|███▎      | 57.5M/170M [08:31<16:44, 112kB/s]
 34%|███▎      | 57.5M/170M [08:32<20:44, 90.8kB/s]
 34%|███▎      | 57.5M/170M [08:32<19:00, 99.0kB/s]
 34%|███▍      | 57.6M/170M [08:32<16:45, 112kB/s] 
 34%|███▍      | 57.6M/170M [08:32<14:57, 126kB/s]
 34%|███▍      | 57.6M/170M [08:33<12:49, 147kB/s]
 34%|███▍      | 57.7M/170M [08:33<11:19, 166kB/s]
 34%|███▍      | 57.7M/170M [08:33<13:12, 142kB/s]
 34%|███▍      | 57.7M/170M [08:33<13:47, 136kB/s]
 34%|███▍      | 57.8M/170M [08:34<14:06, 133kB/s]
 34%|███▍      | 57.8M/170M [08:34<16:13, 116kB/s]
 34%|███▍      | 57.8M/170M [08:34<15:45, 119kB/s]
 34%|███▍      | 57.9M/170M [08:34<14:24, 130kB/s]
 34%|███▍      | 57.9M/170M [08:35<13:50, 136kB/s]
 34%|███▍      | 57.9M/170M [08:35<15:02, 125kB/s]
 34%|███▍      | 58.0M/170M [08:35<14:06, 133kB/s]
 34%|███▍      | 58.0M/170M [08:35<14:27, 130kB/s]
 34%|███▍      | 58.0M/170M [08:36<15:44, 119kB/s]
 34%|███▍      | 58.1M/170M [08:36<15:34, 120kB/s]
 34%|███▍      | 58.1M/170M [08:36<15:23, 122kB/s]
 34%|███▍      | 58.1M/170M [08:37<17:12, 109kB/s]
 34%|███▍      | 58.2M/170M [08:37<16:30, 113kB/s]
 34%|███▍      | 58.2M/170M [08:37<15:00, 125kB/s]
 34%|███▍      | 58.2M/170M [08:37<14:17, 131kB/s]
 34%|███▍      | 58.3M/170M [08:38<14:34, 128kB/s]
 34%|███▍      | 58.3M/170M [08:38<14:44, 127kB/s]
 34%|███▍      | 58.3M/170M [08:38<14:53, 126kB/s]
 34%|███▍      | 58.4M/170M [08:38<16:57, 110kB/s]
 34%|███▍      | 58.4M/170M [08:39<18:35, 101kB/s]
 34%|███▍      | 58.4M/170M [08:39<16:18, 115kB/s]
 34%|███▍      | 58.5M/170M [08:39<14:34, 128kB/s]
 34%|███▍      | 58.5M/170M [08:40<16:30, 113kB/s]
 34%|███▍      | 58.5M/170M [08:40<16:00, 117kB/s]
 34%|███▍      | 58.6M/170M [08:40<14:34, 128kB/s]
 34%|███▍      | 58.6M/170M [08:40<14:21, 130kB/s]
 34%|███▍      | 58.6M/170M [08:41<14:38, 127kB/s]
 34%|███▍      | 58.7M/170M [08:41<15:54, 117kB/s]
 34%|███▍      | 58.7M/170M [08:41<16:18, 114kB/s]
 34%|███▍      | 58.7M/170M [08:41<15:52, 117kB/s]
 34%|███▍      | 58.8M/170M [08:42<15:13, 122kB/s]
 34%|███▍      | 58.8M/170M [08:42<15:12, 122kB/s]
 34%|███▍      | 58.8M/170M [08:42<15:11, 123kB/s]
 35%|███▍      | 58.9M/170M [08:43<17:10, 108kB/s]
 35%|███▍      | 58.9M/170M [08:43<17:21, 107kB/s]
 35%|███▍      | 58.9M/170M [08:43<15:29, 120kB/s]
 35%|███▍      | 58.9M/170M [08:43<14:06, 132kB/s]
 35%|███▍      | 59.0M/170M [08:44<13:57, 133kB/s]
 35%|███▍      | 59.0M/170M [08:44<14:14, 130kB/s]
 35%|███▍      | 59.0M/170M [08:44<14:23, 129kB/s]
 35%|███▍      | 59.1M/170M [08:45<17:28, 106kB/s]
 35%|███▍      | 59.1M/170M [08:45<15:42, 118kB/s]
 35%|███▍      | 59.1M/170M [08:45<14:39, 127kB/s]
 35%|███▍      | 59.2M/170M [08:45<14:41, 126kB/s]
 35%|███▍      | 59.2M/170M [08:45<14:45, 126kB/s]
 35%|███▍      | 59.2M/170M [08:46<14:46, 126kB/s]
 35%|███▍      | 59.3M/170M [08:46<14:46, 125kB/s]
 35%|███▍      | 59.3M/170M [08:46<14:45, 126kB/s]
 35%|███▍      | 59.3M/170M [08:46<14:45, 125kB/s]
 35%|███▍      | 59.4M/170M [08:47<14:47, 125kB/s]
 35%|███▍      | 59.4M/170M [08:47<15:53, 116kB/s]
 35%|███▍      | 59.4M/170M [08:47<15:34, 119kB/s]
 35%|███▍      | 59.5M/170M [08:48<15:20, 121kB/s]
 35%|███▍      | 59.5M/170M [08:48<15:10, 122kB/s]
 35%|███▍      | 59.5M/170M [08:48<15:03, 123kB/s]
 35%|███▍      | 59.6M/170M [08:48<14:59, 123kB/s]
 35%|███▍      | 59.6M/170M [08:49<14:54, 124kB/s]
 35%|███▍      | 59.6M/170M [08:49<14:51, 124kB/s]
 35%|███▍      | 59.7M/170M [08:49<15:58, 116kB/s]
 35%|███▌      | 59.7M/170M [08:50<16:19, 113kB/s]
 35%|███▌      | 59.7M/170M [08:50<15:48, 117kB/s]
 35%|███▌      | 59.8M/170M [08:50<16:45, 110kB/s]
 35%|███▌      | 59.8M/170M [08:50<16:26, 112kB/s]
 35%|███▌      | 59.8M/170M [08:51<15:31, 119kB/s]
 35%|███▌      | 59.9M/170M [08:51<14:06, 131kB/s]
 35%|███▌      | 59.9M/170M [08:51<13:40, 135kB/s]
 35%|███▌      | 59.9M/170M [08:51<13:57, 132kB/s]
 35%|███▌      | 60.0M/170M [08:52<14:10, 130kB/s]
 35%|███▌      | 60.0M/170M [08:52<14:20, 128kB/s]
 35%|███▌      | 60.0M/170M [08:52<14:25, 128kB/s]
 35%|███▌      | 60.1M/170M [08:53<16:28, 112kB/s]
 35%|███▌      | 60.1M/170M [08:53<16:49, 109kB/s]
 35%|███▌      | 60.1M/170M [08:53<15:06, 122kB/s]
 35%|███▌      | 60.2M/170M [08:53<14:17, 129kB/s]
 35%|███▌      | 60.2M/170M [08:54<15:13, 121kB/s]
 35%|███▌      | 60.2M/170M [08:54<14:10, 130kB/s]
 35%|███▌      | 60.3M/170M [08:54<14:19, 128kB/s]
 35%|███▌      | 60.3M/170M [08:54<16:17, 113kB/s]
 35%|███▌      | 60.3M/170M [08:55<15:37, 118kB/s]
 35%|███▌      | 60.4M/170M [08:55<15:13, 121kB/s]
 35%|███▌      | 60.4M/170M [08:55<13:52, 132kB/s]
 35%|███▌      | 60.4M/170M [08:55<14:34, 126kB/s]
 35%|███▌      | 60.5M/170M [08:56<14:33, 126kB/s]
 35%|███▌      | 60.5M/170M [08:56<14:32, 126kB/s]
 35%|███▌      | 60.5M/170M [08:56<14:31, 126kB/s]
 36%|███▌      | 60.6M/170M [08:57<16:27, 111kB/s]
 36%|███▌      | 60.6M/170M [08:57<13:57, 131kB/s]
 36%|███▌      | 60.6M/170M [08:57<14:10, 129kB/s]
 36%|███▌      | 60.7M/170M [08:57<14:15, 128kB/s]
 36%|███▌      | 60.7M/170M [08:57<14:22, 127kB/s]
 36%|███▌      | 60.7M/170M [08:58<14:26, 127kB/s]
 36%|███▌      | 60.8M/170M [08:58<14:28, 126kB/s]
 36%|███▌      | 60.8M/170M [08:58<15:37, 117kB/s]
 36%|███▌      | 60.8M/170M [08:59<15:19, 119kB/s]
 36%|███▌      | 60.9M/170M [08:59<15:04, 121kB/s]
 36%|███▌      | 60.9M/170M [08:59<14:53, 123kB/s]
 36%|███▌      | 60.9M/170M [08:59<14:50, 123kB/s]
 36%|███▌      | 60.9M/170M [09:00<14:43, 124kB/s]
 36%|███▌      | 61.0M/170M [09:00<14:37, 125kB/s]
 36%|███▌      | 61.0M/170M [09:00<14:36, 125kB/s]
 36%|███▌      | 61.0M/170M [09:00<14:33, 125kB/s]
 36%|███▌      | 61.1M/170M [09:01<14:33, 125kB/s]
 36%|███▌      | 61.1M/170M [09:01<15:40, 116kB/s]
 36%|███▌      | 61.1M/170M [09:01<16:21, 111kB/s]
 36%|███▌      | 61.2M/170M [09:02<16:28, 111kB/s]
 36%|███▌      | 61.2M/170M [09:02<14:46, 123kB/s]
 36%|███▌      | 61.2M/170M [09:02<14:05, 129kB/s]
 36%|███▌      | 61.3M/170M [09:02<14:12, 128kB/s]
 36%|███▌      | 61.3M/170M [09:03<14:16, 127kB/s]
 36%|███▌      | 61.3M/170M [09:03<14:19, 127kB/s]
 36%|███▌      | 61.4M/170M [09:03<16:11, 112kB/s]
 36%|███▌      | 61.4M/170M [09:03<15:34, 117kB/s]
 36%|███▌      | 61.4M/170M [09:04<14:07, 129kB/s]
 36%|███▌      | 61.5M/170M [09:04<14:44, 123kB/s]
 36%|███▌      | 61.5M/170M [09:04<16:26, 110kB/s]
 36%|███▌      | 61.5M/170M [09:05<15:42, 116kB/s]
 36%|███▌      | 61.6M/170M [09:05<14:16, 127kB/s]
 36%|███▌      | 61.6M/170M [09:05<13:38, 133kB/s]
 36%|███▌      | 61.6M/170M [09:05<13:51, 131kB/s]
 36%|███▌      | 61.7M/170M [09:05<13:59, 130kB/s]
 36%|███▌      | 61.7M/170M [09:06<14:06, 128kB/s]
 36%|███▌      | 61.7M/170M [09:06<14:10, 128kB/s]
 36%|███▌      | 61.8M/170M [09:06<14:12, 128kB/s]
 36%|███▌      | 61.8M/170M [09:07<15:19, 118kB/s]
 36%|███▋      | 61.8M/170M [09:07<14:59, 121kB/s]
 36%|███▋      | 61.9M/170M [09:07<14:45, 123kB/s]
 36%|███▋      | 61.9M/170M [09:07<14:36, 124kB/s]
 36%|███▋      | 61.9M/170M [09:08<14:30, 125kB/s]
 36%|███▋      | 62.0M/170M [09:08<15:27, 117kB/s]
 36%|███▋      | 62.0M/170M [09:08<15:10, 119kB/s]
 36%|███▋      | 62.0M/170M [09:08<14:24, 126kB/s]
 36%|███▋      | 62.1M/170M [09:09<15:42, 115kB/s]
 36%|███▋      | 62.1M/170M [09:09<17:13, 105kB/s]
 36%|███▋      | 62.1M/170M [09:09<17:16, 105kB/s]
 36%|███▋      | 62.2M/170M [09:10<15:15, 118kB/s]
 36%|███▋      | 62.2M/170M [09:10<13:21, 135kB/s]
 36%|███▋      | 62.2M/170M [09:10<12:25, 145kB/s]
 37%|███▋      | 62.3M/170M [09:10<12:55, 139kB/s]
 37%|███▋      | 62.3M/170M [09:11<13:19, 135kB/s]
 37%|███▋      | 62.3M/170M [09:11<13:33, 133kB/s]
 37%|███▋      | 62.4M/170M [09:11<13:43, 131kB/s]
 37%|███▋      | 62.4M/170M [09:11<13:49, 130kB/s]
 37%|███▋      | 62.4M/170M [09:12<13:52, 130kB/s]
 37%|███▋      | 62.5M/170M [09:12<13:58, 129kB/s]
 37%|███▋      | 62.5M/170M [09:12<15:02, 120kB/s]
 37%|███▋      | 62.5M/170M [09:12<14:42, 122kB/s]
 37%|███▋      | 62.6M/170M [09:13<14:29, 124kB/s]
 37%|███▋      | 62.6M/170M [09:13<14:19, 126kB/s]
 37%|███▋      | 62.6M/170M [09:13<14:13, 126kB/s]
 37%|███▋      | 62.7M/170M [09:13<14:09, 127kB/s]
 37%|███▋      | 62.7M/170M [09:14<14:05, 127kB/s]
 37%|███▋      | 62.7M/170M [09:14<15:03, 119kB/s]
 37%|███▋      | 62.8M/170M [09:14<14:49, 121kB/s]
 37%|███▋      | 62.8M/170M [09:14<13:39, 131kB/s]
 37%|███▋      | 62.8M/170M [09:15<14:36, 123kB/s]
 37%|███▋      | 62.8M/170M [09:15<14:26, 124kB/s]
 37%|███▋      | 62.9M/170M [09:15<15:16, 117kB/s]
 37%|███▋      | 62.9M/170M [09:16<15:01, 119kB/s]
 37%|███▋      | 62.9M/170M [09:16<13:47, 130kB/s]
 37%|███▋      | 63.0M/170M [09:16<13:36, 132kB/s]
 37%|███▋      | 63.0M/170M [09:16<13:39, 131kB/s]
 37%|███▋      | 63.0M/170M [09:17<15:44, 114kB/s]
 37%|███▋      | 63.1M/170M [09:17<15:16, 117kB/s]
 37%|███▋      | 63.1M/170M [09:17<13:56, 128kB/s]
 37%|███▋      | 63.1M/170M [09:17<12:48, 140kB/s]
 37%|███▋      | 63.2M/170M [09:18<13:58, 128kB/s]
 37%|███▋      | 63.2M/170M [09:18<15:49, 113kB/s]
 37%|███▋      | 63.2M/170M [09:18<16:42, 107kB/s]
 37%|███▋      | 63.3M/170M [09:19<17:46, 101kB/s]
 37%|███▋      | 63.3M/170M [09:19<15:41, 114kB/s]
 37%|███▋      | 63.3M/170M [09:19<14:05, 127kB/s]
 37%|███▋      | 63.4M/170M [09:19<12:07, 147kB/s]
 37%|███▋      | 63.4M/170M [09:19<13:06, 136kB/s]
 37%|███▋      | 63.4M/170M [09:20<12:27, 143kB/s]
 37%|███▋      | 63.5M/170M [09:20<13:00, 137kB/s]
 37%|███▋      | 63.5M/170M [09:20<13:16, 134kB/s]
 37%|███▋      | 63.5M/170M [09:20<13:09, 135kB/s]
 37%|███▋      | 63.6M/170M [09:21<14:15, 125kB/s]
 37%|███▋      | 63.6M/170M [09:21<13:16, 134kB/s]
 37%|███▋      | 63.6M/170M [09:21<13:35, 131kB/s]
 37%|███▋      | 63.7M/170M [09:21<13:29, 132kB/s]
 37%|███▋      | 63.7M/170M [09:22<15:26, 115kB/s]
 37%|███▋      | 63.7M/170M [09:22<13:14, 134kB/s]
 37%|███▋      | 63.8M/170M [09:22<13:13, 135kB/s]
 37%|███▋      | 63.8M/170M [09:23<15:26, 115kB/s]
 37%|███▋      | 63.8M/170M [09:23<19:05, 93.1kB/s]
 37%|███▋      | 63.9M/170M [09:23<16:38, 107kB/s] 
 37%|███▋      | 63.9M/170M [09:24<14:47, 120kB/s]
 37%|███▋      | 63.9M/170M [09:24<13:23, 133kB/s]
 38%|███▊      | 64.0M/170M [09:24<11:31, 154kB/s]
 38%|███▊      | 64.0M/170M [09:24<12:47, 139kB/s]
 38%|███▊      | 64.0M/170M [09:24<13:07, 135kB/s]
 38%|███▊      | 64.1M/170M [09:25<12:23, 143kB/s]
 38%|███▊      | 64.1M/170M [09:25<12:45, 139kB/s]
 38%|███▊      | 64.1M/170M [09:25<12:47, 139kB/s]
 38%|███▊      | 64.2M/170M [09:25<13:57, 127kB/s]
 38%|███▊      | 64.2M/170M [09:26<16:04, 110kB/s]
 38%|███▊      | 64.2M/170M [09:26<14:32, 122kB/s]
 38%|███▊      | 64.3M/170M [09:26<13:13, 134kB/s]
 38%|███▊      | 64.3M/170M [09:26<12:39, 140kB/s]
 38%|███▊      | 64.3M/170M [09:27<12:53, 137kB/s]
 38%|███▊      | 64.4M/170M [09:27<14:04, 126kB/s]
 38%|███▊      | 64.4M/170M [09:27<13:10, 134kB/s]
 38%|███▊      | 64.4M/170M [09:27<12:51, 137kB/s]
 38%|███▊      | 64.5M/170M [09:28<12:57, 136kB/s]
 38%|███▊      | 64.5M/170M [09:28<13:57, 127kB/s]
 38%|███▊      | 64.5M/170M [09:28<16:13, 109kB/s]
 38%|███▊      | 64.6M/170M [09:28<14:31, 122kB/s]
 38%|███▊      | 64.6M/170M [09:29<13:14, 133kB/s]
 38%|███▊      | 64.6M/170M [09:29<12:31, 141kB/s]
 38%|███▊      | 64.7M/170M [09:29<12:43, 139kB/s]
 38%|███▊      | 64.7M/170M [09:29<12:47, 138kB/s]
 38%|███▊      | 64.7M/170M [09:30<12:56, 136kB/s]
 38%|███▊      | 64.7M/170M [09:30<13:00, 136kB/s]
 38%|███▊      | 64.8M/170M [09:30<13:04, 135kB/s]
 38%|███▊      | 64.8M/170M [09:30<13:05, 135kB/s]
 38%|███▊      | 64.8M/170M [09:31<14:00, 126kB/s]
 38%|███▊      | 64.9M/170M [09:31<14:12, 124kB/s]
 38%|███▊      | 64.9M/170M [09:31<13:56, 126kB/s]
 38%|███▊      | 64.9M/170M [09:31<13:20, 132kB/s]
 38%|███▊      | 65.0M/170M [09:32<13:16, 132kB/s]
 38%|███▊      | 65.0M/170M [09:32<13:15, 133kB/s]
 38%|███▊      | 65.0M/170M [09:32<13:18, 132kB/s]
 38%|███▊      | 65.1M/170M [09:32<13:08, 134kB/s]
 38%|███▊      | 65.1M/170M [09:33<13:10, 133kB/s]
 38%|███▊      | 65.1M/170M [09:33<17:13, 102kB/s]
 38%|███▊      | 65.2M/170M [09:33<17:16, 102kB/s]
 38%|███▊      | 65.2M/170M [09:34<16:40, 105kB/s]
 38%|███▊      | 65.2M/170M [09:34<19:38, 89.3kB/s]
 38%|███▊      | 65.3M/170M [09:35<18:02, 97.2kB/s]
 38%|███▊      | 65.3M/170M [09:35<16:32, 106kB/s] 
 38%|███▊      | 65.3M/170M [09:35<13:43, 128kB/s]
 38%|███▊      | 65.4M/170M [09:35<12:36, 139kB/s]
 38%|███▊      | 65.4M/170M [09:35<11:03, 158kB/s]
 38%|███▊      | 65.4M/170M [09:35<10:18, 170kB/s]
 38%|███▊      | 65.5M/170M [09:36<11:09, 157kB/s]
 38%|███▊      | 65.5M/170M [09:36<11:43, 149kB/s]
 38%|███▊      | 65.5M/170M [09:36<12:05, 145kB/s]
 38%|███▊      | 65.6M/170M [09:36<13:21, 131kB/s]
 38%|███▊      | 65.6M/170M [09:37<13:14, 132kB/s]
 38%|███▊      | 65.6M/170M [09:37<13:09, 133kB/s]
 39%|███▊      | 65.7M/170M [09:37<13:05, 134kB/s]
 39%|███▊      | 65.7M/170M [09:37<13:03, 134kB/s]
 39%|███▊      | 65.7M/170M [09:38<13:01, 134kB/s]
 39%|███▊      | 65.8M/170M [09:38<12:57, 135kB/s]
 39%|███▊      | 65.8M/170M [09:38<12:57, 135kB/s]
 39%|███▊      | 65.8M/170M [09:38<12:55, 135kB/s]
 39%|███▊      | 65.9M/170M [09:39<12:55, 135kB/s]
 39%|███▊      | 65.9M/170M [09:39<13:56, 125kB/s]
 39%|███▊      | 65.9M/170M [09:39<13:40, 128kB/s]
 39%|███▊      | 66.0M/170M [09:39<13:28, 129kB/s]
 39%|███▊      | 66.0M/170M [09:40<13:20, 131kB/s]
 39%|███▊      | 66.0M/170M [09:40<13:14, 131kB/s]
 39%|███▊      | 66.1M/170M [09:40<13:11, 132kB/s]
 39%|███▉      | 66.1M/170M [09:40<13:08, 132kB/s]
 39%|███▉      | 66.1M/170M [09:41<13:06, 133kB/s]
 39%|███▉      | 66.2M/170M [09:41<13:04, 133kB/s]
 39%|███▉      | 66.2M/170M [09:41<13:02, 133kB/s]
 39%|███▉      | 66.2M/170M [09:41<14:00, 124kB/s]
 39%|███▉      | 66.3M/170M [09:42<13:42, 127kB/s]
 39%|███▉      | 66.3M/170M [09:42<13:28, 129kB/s]
 39%|███▉      | 66.3M/170M [09:42<13:20, 130kB/s]
 39%|███▉      | 66.4M/170M [09:42<13:14, 131kB/s]
 39%|███▉      | 66.4M/170M [09:43<13:10, 132kB/s]
 39%|███▉      | 66.4M/170M [09:43<13:05, 133kB/s]
 39%|███▉      | 66.5M/170M [09:43<13:00, 133kB/s]
 39%|███▉      | 66.5M/170M [09:43<12:57, 134kB/s]
 39%|███▉      | 66.5M/170M [09:44<12:55, 134kB/s]
 39%|███▉      | 66.6M/170M [09:44<12:53, 134kB/s]
 39%|███▉      | 66.6M/170M [09:44<13:49, 125kB/s]
 39%|███▉      | 66.6M/170M [09:44<13:31, 128kB/s]
 39%|███▉      | 66.7M/170M [09:45<13:18, 130kB/s]
 39%|███▉      | 66.7M/170M [09:45<13:08, 132kB/s]
 39%|███▉      | 66.7M/170M [09:45<13:00, 133kB/s]
 39%|███▉      | 66.7M/170M [09:45<12:55, 134kB/s]
 39%|███▉      | 66.8M/170M [09:46<12:51, 134kB/s]
 39%|███▉      | 66.8M/170M [09:46<12:49, 135kB/s]
 39%|███▉      | 66.8M/170M [09:46<12:48, 135kB/s]
 39%|███▉      | 66.9M/170M [09:46<12:46, 135kB/s]
 39%|███▉      | 66.9M/170M [09:47<13:43, 126kB/s]
 39%|███▉      | 66.9M/170M [09:47<13:26, 128kB/s]
 39%|███▉      | 67.0M/170M [09:47<13:14, 130kB/s]
 39%|███▉      | 67.0M/170M [09:47<13:07, 131kB/s]
 39%|███▉      | 67.0M/170M [09:48<13:02, 132kB/s]
 39%|███▉      | 67.1M/170M [09:48<12:58, 133kB/s]
 39%|███▉      | 67.1M/170M [09:48<12:54, 133kB/s]
 39%|███▉      | 67.1M/170M [09:48<12:52, 134kB/s]
 39%|███▉      | 67.2M/170M [09:49<12:50, 134kB/s]
 39%|███▉      | 67.2M/170M [09:49<12:47, 135kB/s]
 39%|███▉      | 67.2M/170M [09:49<12:50, 134kB/s]
 39%|███▉      | 67.3M/170M [09:49<13:49, 124kB/s]
 39%|███▉      | 67.3M/170M [09:50<13:32, 127kB/s]
 39%|███▉      | 67.3M/170M [09:50<13:21, 129kB/s]
 40%|███▉      | 67.4M/170M [09:50<13:14, 130kB/s]
 40%|███▉      | 67.4M/170M [09:50<13:09, 131kB/s]
 40%|███▉      | 67.4M/170M [09:51<13:05, 131kB/s]
 40%|███▉      | 67.5M/170M [09:51<13:03, 132kB/s]
 40%|███▉      | 67.5M/170M [09:51<13:01, 132kB/s]
 40%|███▉      | 67.5M/170M [09:51<13:00, 132kB/s]
 40%|███▉      | 67.6M/170M [09:52<12:59, 132kB/s]
 40%|███▉      | 67.6M/170M [09:52<13:56, 123kB/s]
 40%|███▉      | 67.6M/170M [09:52<13:39, 126kB/s]
 40%|███▉      | 67.7M/170M [09:52<13:25, 128kB/s]
 40%|███▉      | 67.7M/170M [09:53<13:17, 129kB/s]
 40%|███▉      | 67.7M/170M [09:53<13:10, 130kB/s]
 40%|███▉      | 67.8M/170M [09:53<13:05, 131kB/s]
 40%|███▉      | 67.8M/170M [09:53<13:02, 131kB/s]
 40%|███▉      | 67.8M/170M [09:54<12:59, 132kB/s]
 40%|███▉      | 67.9M/170M [09:54<12:57, 132kB/s]
 40%|███▉      | 67.9M/170M [09:54<12:55, 132kB/s]
 40%|███▉      | 67.9M/170M [09:54<13:54, 123kB/s]
 40%|███▉      | 68.0M/170M [09:55<13:38, 125kB/s]
 40%|███▉      | 68.0M/170M [09:55<13:25, 127kB/s]
 40%|███▉      | 68.0M/170M [09:55<13:18, 128kB/s]
 40%|███▉      | 68.1M/170M [09:55<13:13, 129kB/s]
 40%|███▉      | 68.1M/170M [09:56<13:08, 130kB/s]
 40%|███▉      | 68.1M/170M [09:56<13:06, 130kB/s]
 40%|███▉      | 68.2M/170M [09:56<13:04, 130kB/s]
 40%|███▉      | 68.2M/170M [09:56<13:02, 131kB/s]
 40%|████      | 68.2M/170M [09:57<13:00, 131kB/s]
 40%|████      | 68.3M/170M [09:57<12:58, 131kB/s]
 40%|████      | 68.3M/170M [09:57<13:58, 122kB/s]
 40%|████      | 68.3M/170M [09:58<13:42, 124kB/s]
 40%|████      | 68.4M/170M [09:58<13:30, 126kB/s]
 40%|████      | 68.4M/170M [09:58<13:22, 127kB/s]
 40%|████      | 68.4M/170M [09:58<13:17, 128kB/s]
 40%|████      | 68.5M/170M [09:59<13:14, 128kB/s]
 40%|████      | 68.5M/170M [09:59<13:10, 129kB/s]
 40%|████      | 68.5M/170M [09:59<13:09, 129kB/s]
 40%|████      | 68.6M/170M [09:59<13:06, 130kB/s]
 40%|████      | 68.6M/170M [10:00<13:01, 130kB/s]
 40%|████      | 68.6M/170M [10:00<13:55, 122kB/s]
 40%|████      | 68.6M/170M [10:00<13:37, 125kB/s]
 40%|████      | 68.7M/170M [10:00<13:24, 127kB/s]
 40%|████      | 68.7M/170M [10:01<13:17, 128kB/s]
 40%|████      | 68.7M/170M [10:01<13:08, 129kB/s]
 40%|████      | 68.8M/170M [10:01<13:04, 130kB/s]
 40%|████      | 68.8M/170M [10:01<12:58, 131kB/s]
 40%|████      | 68.8M/170M [10:02<12:53, 131kB/s]
 40%|████      | 68.9M/170M [10:02<12:48, 132kB/s]
 40%|████      | 68.9M/170M [10:02<12:47, 132kB/s]
 40%|████      | 68.9M/170M [10:02<12:43, 133kB/s]
 40%|████      | 69.0M/170M [10:03<13:36, 124kB/s]
 40%|████      | 69.0M/170M [10:03<13:18, 127kB/s]
 40%|████      | 69.0M/170M [10:03<13:04, 129kB/s]
 41%|████      | 69.1M/170M [10:03<12:56, 131kB/s]
 41%|████      | 69.1M/170M [10:04<12:50, 132kB/s]
 41%|████      | 69.1M/170M [10:04<12:46, 132kB/s]
 41%|████      | 69.2M/170M [10:04<12:44, 133kB/s]
 41%|████      | 69.2M/170M [10:04<12:41, 133kB/s]
 41%|████      | 69.2M/170M [10:05<12:40, 133kB/s]
 41%|████      | 69.3M/170M [10:05<12:37, 134kB/s]
 41%|████      | 69.3M/170M [10:05<13:33, 124kB/s]
 41%|████      | 69.3M/170M [10:05<13:19, 127kB/s]
 41%|████      | 69.4M/170M [10:06<13:06, 129kB/s]
 41%|████      | 69.4M/170M [10:06<12:59, 130kB/s]
 41%|████      | 69.4M/170M [10:06<12:53, 131kB/s]
 41%|████      | 69.5M/170M [10:06<12:49, 131kB/s]
 41%|████      | 69.5M/170M [10:07<12:42, 132kB/s]
 41%|████      | 69.5M/170M [10:07<12:38, 133kB/s]
 41%|████      | 69.6M/170M [10:07<12:35, 134kB/s]
 41%|████      | 69.6M/170M [10:07<12:32, 134kB/s]
 41%|████      | 69.6M/170M [10:08<12:30, 134kB/s]
 41%|████      | 69.7M/170M [10:08<13:23, 126kB/s]
 41%|████      | 69.7M/170M [10:08<13:05, 128kB/s]
 41%|████      | 69.7M/170M [10:08<12:52, 130kB/s]
 41%|████      | 69.8M/170M [10:09<12:39, 133kB/s]
 41%|████      | 69.8M/170M [10:09<12:30, 134kB/s]
 41%|████      | 69.8M/170M [10:09<12:24, 135kB/s]
 41%|████      | 69.9M/170M [10:09<12:21, 136kB/s]
 41%|████      | 69.9M/170M [10:10<12:18, 136kB/s]
 41%|████      | 69.9M/170M [10:10<12:17, 136kB/s]
 41%|████      | 70.0M/170M [10:10<12:16, 137kB/s]
 41%|████      | 70.0M/170M [10:10<13:11, 127kB/s]
 41%|████      | 70.0M/170M [10:11<12:57, 129kB/s]
 41%|████      | 70.1M/170M [10:11<12:49, 131kB/s]
 41%|████      | 70.1M/170M [10:11<12:44, 131kB/s]
 41%|████      | 70.1M/170M [10:11<12:36, 133kB/s]
 41%|████      | 70.2M/170M [10:12<12:34, 133kB/s]
 41%|████      | 70.2M/170M [10:12<12:34, 133kB/s]
 41%|████      | 70.2M/170M [10:12<12:34, 133kB/s]
 41%|████      | 70.3M/170M [10:12<12:32, 133kB/s]
 41%|████      | 70.3M/170M [10:13<12:35, 133kB/s]
 41%|████      | 70.3M/170M [10:13<14:54, 112kB/s]
 41%|████▏     | 70.4M/170M [10:13<12:56, 129kB/s]
 41%|████▏     | 70.4M/170M [10:13<12:52, 130kB/s]
 41%|████▏     | 70.4M/170M [10:14<12:49, 130kB/s]
 41%|████▏     | 70.5M/170M [10:14<12:48, 130kB/s]
 41%|████▏     | 70.5M/170M [10:14<12:45, 131kB/s]
 41%|████▏     | 70.5M/170M [10:14<12:44, 131kB/s]
 41%|████▏     | 70.5M/170M [10:15<12:44, 131kB/s]
 41%|████▏     | 70.6M/170M [10:15<12:41, 131kB/s]
 41%|████▏     | 70.6M/170M [10:15<12:40, 131kB/s]
 41%|████▏     | 70.6M/170M [10:15<12:41, 131kB/s]
 41%|████▏     | 70.7M/170M [10:16<13:37, 122kB/s]
 41%|████▏     | 70.7M/170M [10:16<13:22, 124kB/s]
 41%|████▏     | 70.7M/170M [10:16<13:07, 127kB/s]
 42%|████▏     | 70.8M/170M [10:16<12:59, 128kB/s]
 42%|████▏     | 70.8M/170M [10:17<12:53, 129kB/s]
 42%|████▏     | 70.8M/170M [10:17<12:51, 129kB/s]
 42%|████▏     | 70.9M/170M [10:17<12:47, 130kB/s]
 42%|████▏     | 70.9M/170M [10:17<12:47, 130kB/s]
 42%|████▏     | 70.9M/170M [10:18<12:44, 130kB/s]
 42%|████▏     | 71.0M/170M [10:18<12:45, 130kB/s]
 42%|████▏     | 71.0M/170M [10:18<13:41, 121kB/s]
 42%|████▏     | 71.0M/170M [10:18<13:21, 124kB/s]
 42%|████▏     | 71.1M/170M [10:19<13:13, 125kB/s]
 42%|████▏     | 71.1M/170M [10:19<13:05, 127kB/s]
 42%|████▏     | 71.1M/170M [10:19<12:58, 128kB/s]
 42%|████▏     | 71.2M/170M [10:19<12:54, 128kB/s]
 42%|████▏     | 71.2M/170M [10:20<12:47, 129kB/s]
 42%|████▏     | 71.2M/170M [10:20<12:46, 130kB/s]
 42%|████▏     | 71.3M/170M [10:20<12:43, 130kB/s]
 42%|████▏     | 71.3M/170M [10:20<12:43, 130kB/s]
 42%|████▏     | 71.3M/170M [10:21<12:40, 130kB/s]
 42%|████▏     | 71.4M/170M [10:21<13:34, 122kB/s]
 42%|████▏     | 71.4M/170M [10:21<13:15, 125kB/s]
 42%|████▏     | 71.4M/170M [10:22<13:02, 127kB/s]
 42%|████▏     | 71.5M/170M [10:22<12:59, 127kB/s]
 42%|████▏     | 71.5M/170M [10:22<12:51, 128kB/s]
 42%|████▏     | 71.5M/170M [10:22<12:45, 129kB/s]
 42%|████▏     | 71.6M/170M [10:23<12:41, 130kB/s]
 42%|████▏     | 71.6M/170M [10:23<12:37, 131kB/s]
 42%|████▏     | 71.6M/170M [10:23<12:36, 131kB/s]
 42%|████▏     | 71.7M/170M [10:23<12:33, 131kB/s]
 42%|████▏     | 71.7M/170M [10:24<13:28, 122kB/s]
 42%|████▏     | 71.7M/170M [10:24<13:07, 125kB/s]
 42%|████▏     | 71.8M/170M [10:24<12:57, 127kB/s]
 42%|████▏     | 71.8M/170M [10:24<12:51, 128kB/s]
 42%|████▏     | 71.8M/170M [10:25<12:45, 129kB/s]
 42%|████▏     | 71.9M/170M [10:25<12:42, 129kB/s]
 42%|████▏     | 71.9M/170M [10:25<12:45, 129kB/s]
 42%|████▏     | 71.9M/170M [10:25<12:46, 129kB/s]
 42%|████▏     | 72.0M/170M [10:26<12:50, 128kB/s]
 42%|████▏     | 72.0M/170M [10:26<12:53, 127kB/s]
 42%|████▏     | 72.0M/170M [10:26<13:52, 118kB/s]
 42%|████▏     | 72.1M/170M [10:26<13:37, 120kB/s]
 42%|████▏     | 72.1M/170M [10:27<13:28, 122kB/s]
 42%|████▏     | 72.1M/170M [10:27<13:23, 122kB/s]
 42%|████▏     | 72.2M/170M [10:27<13:23, 122kB/s]
 42%|████▏     | 72.2M/170M [10:28<13:18, 123kB/s]
 42%|████▏     | 72.2M/170M [10:28<13:16, 123kB/s]
 42%|████▏     | 72.3M/170M [10:28<13:15, 124kB/s]
 42%|████▏     | 72.3M/170M [10:28<13:13, 124kB/s]
 42%|████▏     | 72.3M/170M [10:29<13:11, 124kB/s]
 42%|████▏     | 72.4M/170M [10:29<13:13, 124kB/s]
 42%|████▏     | 72.4M/170M [10:29<14:11, 115kB/s]
 42%|████▏     | 72.4M/170M [10:29<13:58, 117kB/s]
 42%|████▏     | 72.5M/170M [10:30<13:43, 119kB/s]
 43%|████▎     | 72.5M/170M [10:30<13:37, 120kB/s]
 43%|████▎     | 72.5M/170M [10:30<13:30, 121kB/s]
 43%|████▎     | 72.5M/170M [10:31<13:29, 121kB/s]
 43%|████▎     | 72.6M/170M [10:31<13:26, 121kB/s]
 43%|████▎     | 72.6M/170M [10:31<13:27, 121kB/s]
 43%|████▎     | 72.6M/170M [10:31<13:27, 121kB/s]
 43%|████▎     | 72.7M/170M [10:32<13:27, 121kB/s]
 43%|████▎     | 72.7M/170M [10:32<14:29, 112kB/s]
 43%|████▎     | 72.7M/170M [10:32<14:12, 115kB/s]
 43%|████▎     | 72.8M/170M [10:32<13:59, 116kB/s]
 43%|████▎     | 72.8M/170M [10:33<13:51, 117kB/s]
 43%|████▎     | 72.8M/170M [10:33<13:44, 118kB/s]
 43%|████▎     | 72.9M/170M [10:33<13:41, 119kB/s]
 43%|████▎     | 72.9M/170M [10:34<13:36, 120kB/s]
 43%|████▎     | 72.9M/170M [10:34<13:35, 120kB/s]
 43%|████▎     | 73.0M/170M [10:34<13:36, 119kB/s]
 43%|████▎     | 73.0M/170M [10:34<13:34, 120kB/s]
 43%|████▎     | 73.0M/170M [10:35<13:34, 120kB/s]
 43%|████▎     | 73.1M/170M [10:35<14:33, 112kB/s]
 43%|████▎     | 73.1M/170M [10:35<14:15, 114kB/s]
 43%|████▎     | 73.1M/170M [10:36<14:03, 115kB/s]
 43%|████▎     | 73.2M/170M [10:36<13:53, 117kB/s]
 43%|████▎     | 73.2M/170M [10:36<13:47, 118kB/s]
 43%|████▎     | 73.2M/170M [10:36<13:42, 118kB/s]
 43%|████▎     | 73.3M/170M [10:37<13:39, 119kB/s]
 43%|████▎     | 73.3M/170M [10:37<13:35, 119kB/s]
 43%|████▎     | 73.3M/170M [10:37<13:34, 119kB/s]
 43%|████▎     | 73.4M/170M [10:37<13:32, 119kB/s]
 43%|████▎     | 73.4M/170M [10:38<14:33, 111kB/s]
 43%|████▎     | 73.4M/170M [10:38<14:11, 114kB/s]
 43%|████▎     | 73.5M/170M [10:38<13:57, 116kB/s]
 43%|████▎     | 73.5M/170M [10:39<13:48, 117kB/s]
 43%|████▎     | 73.5M/170M [10:39<13:40, 118kB/s]
 43%|████▎     | 73.6M/170M [10:39<13:34, 119kB/s]
 43%|████▎     | 73.6M/170M [10:39<13:33, 119kB/s]
 43%|████▎     | 73.6M/170M [10:40<13:30, 120kB/s]
 43%|████▎     | 73.7M/170M [10:40<13:28, 120kB/s]
 43%|████▎     | 73.7M/170M [10:40<13:26, 120kB/s]
 43%|████▎     | 73.7M/170M [10:41<13:25, 120kB/s]
 43%|████▎     | 73.8M/170M [10:41<14:23, 112kB/s]
 43%|████▎     | 73.8M/170M [10:41<14:04, 115kB/s]
 43%|████▎     | 73.8M/170M [10:41<13:50, 116kB/s]
 43%|████▎     | 73.9M/170M [10:42<13:41, 118kB/s]
 43%|████▎     | 73.9M/170M [10:42<13:35, 118kB/s]
 43%|████▎     | 73.9M/170M [10:42<13:33, 119kB/s]
 43%|████▎     | 74.0M/170M [10:42<13:28, 119kB/s]
 43%|████▎     | 74.0M/170M [10:43<13:28, 119kB/s]
 43%|████▎     | 74.0M/170M [10:43<13:27, 119kB/s]
 43%|████▎     | 74.1M/170M [10:43<13:28, 119kB/s]
 43%|████▎     | 74.1M/170M [10:44<14:30, 111kB/s]
 43%|████▎     | 74.1M/170M [10:44<14:10, 113kB/s]
 43%|████▎     | 74.2M/170M [10:44<13:56, 115kB/s]
 44%|████▎     | 74.2M/170M [10:44<13:46, 117kB/s]
 44%|████▎     | 74.2M/170M [10:45<13:38, 118kB/s]
 44%|████▎     | 74.3M/170M [10:45<13:32, 118kB/s]
 44%|████▎     | 74.3M/170M [10:45<13:28, 119kB/s]
 44%|████▎     | 74.3M/170M [10:46<13:25, 119kB/s]
 44%|████▎     | 74.4M/170M [10:46<13:23, 120kB/s]
 44%|████▎     | 74.4M/170M [10:46<13:21, 120kB/s]
 44%|████▎     | 74.4M/170M [10:46<14:20, 112kB/s]
 44%|████▎     | 74.4M/170M [10:47<14:02, 114kB/s]
 44%|████▎     | 74.5M/170M [10:47<13:48, 116kB/s]
 44%|████▎     | 74.5M/170M [10:47<13:37, 117kB/s]
 44%|████▎     | 74.5M/170M [10:48<13:29, 119kB/s]
 44%|████▎     | 74.6M/170M [10:48<13:23, 119kB/s]
 44%|████▍     | 74.6M/170M [10:48<13:19, 120kB/s]
 44%|████▍     | 74.6M/170M [10:48<13:18, 120kB/s]
 44%|████▍     | 74.7M/170M [10:49<13:16, 120kB/s]
 44%|████▍     | 74.7M/170M [10:49<13:15, 120kB/s]
 44%|████▍     | 74.7M/170M [10:49<13:14, 120kB/s]
 44%|████▍     | 74.8M/170M [10:50<14:16, 112kB/s]
 44%|████▍     | 74.8M/170M [10:50<13:58, 114kB/s]
 44%|████▍     | 74.8M/170M [10:50<13:44, 116kB/s]
 44%|████▍     | 74.9M/170M [10:50<13:36, 117kB/s]
 44%|████▍     | 74.9M/170M [10:51<13:31, 118kB/s]
 44%|████▍     | 74.9M/170M [10:51<13:28, 118kB/s]
 44%|████▍     | 75.0M/170M [10:51<13:24, 119kB/s]
 44%|████▍     | 75.0M/170M [10:51<13:19, 119kB/s]
 44%|████▍     | 75.0M/170M [10:52<13:17, 120kB/s]
 44%|████▍     | 75.1M/170M [10:52<13:17, 120kB/s]
 44%|████▍     | 75.1M/170M [10:52<15:00, 106kB/s]
 44%|████▍     | 75.1M/170M [10:53<15:12, 105kB/s]
 44%|████▍     | 75.2M/170M [10:53<13:51, 115kB/s]
 44%|████▍     | 75.2M/170M [10:53<12:47, 124kB/s]
 44%|████▍     | 75.2M/170M [10:53<12:53, 123kB/s]
 44%|████▍     | 75.3M/170M [10:54<12:55, 123kB/s]
 44%|████▍     | 75.3M/170M [10:54<12:58, 122kB/s]
 44%|████▍     | 75.3M/170M [10:54<13:00, 122kB/s]
 44%|████▍     | 75.4M/170M [10:54<12:56, 122kB/s]
 44%|████▍     | 75.4M/170M [10:55<12:56, 122kB/s]
 44%|████▍     | 75.4M/170M [10:55<12:54, 123kB/s]
 44%|████▍     | 75.5M/170M [10:55<13:53, 114kB/s]
 44%|████▍     | 75.5M/170M [10:56<13:34, 117kB/s]
 44%|████▍     | 75.5M/170M [10:56<13:21, 118kB/s]
 44%|████▍     | 75.6M/170M [10:56<13:11, 120kB/s]
 44%|████▍     | 75.6M/170M [10:56<13:06, 121kB/s]
 44%|████▍     | 75.6M/170M [10:57<13:01, 121kB/s]
 44%|████▍     | 75.7M/170M [10:57<12:57, 122kB/s]
 44%|████▍     | 75.7M/170M [10:57<12:55, 122kB/s]
 44%|████▍     | 75.7M/170M [10:57<12:52, 123kB/s]
 44%|████▍     | 75.8M/170M [10:58<12:47, 124kB/s]
 44%|████▍     | 75.8M/170M [10:58<13:42, 115kB/s]
 44%|████▍     | 75.8M/170M [10:58<13:23, 118kB/s]
 44%|████▍     | 75.9M/170M [10:59<13:09, 120kB/s]
 45%|████▍     | 75.9M/170M [10:59<13:43, 115kB/s]
 45%|████▍     | 75.9M/170M [10:59<13:37, 116kB/s]
 45%|████▍     | 76.0M/170M [10:59<13:21, 118kB/s]
 45%|████▍     | 76.0M/170M [11:00<13:49, 114kB/s]
 45%|████▍     | 76.0M/170M [11:00<13:27, 117kB/s]
 45%|████▍     | 76.1M/170M [11:00<13:12, 119kB/s]
 45%|████▍     | 76.1M/170M [11:00<12:05, 130kB/s]
 45%|████▍     | 76.1M/170M [11:01<12:27, 126kB/s]
 45%|████▍     | 76.2M/170M [11:01<12:33, 125kB/s]
 45%|████▍     | 76.2M/170M [11:01<12:36, 125kB/s]
 45%|████▍     | 76.2M/170M [11:02<12:42, 124kB/s]
 45%|████▍     | 76.3M/170M [11:02<12:45, 123kB/s]
 45%|████▍     | 76.3M/170M [11:02<12:47, 123kB/s]
 45%|████▍     | 76.3M/170M [11:02<12:48, 122kB/s]
 45%|████▍     | 76.3M/170M [11:03<13:38, 115kB/s]
 45%|████▍     | 76.4M/170M [11:03<14:08, 111kB/s]
 45%|████▍     | 76.4M/170M [11:03<13:05, 120kB/s]
 45%|████▍     | 76.4M/170M [11:03<12:08, 129kB/s]
 45%|████▍     | 76.5M/170M [11:04<14:09, 111kB/s]
 45%|████▍     | 76.5M/170M [11:04<14:29, 108kB/s]
 45%|████▍     | 76.5M/170M [11:04<13:51, 113kB/s]
 45%|████▍     | 76.6M/170M [11:05<12:14, 128kB/s]
 45%|████▍     | 76.6M/170M [11:05<12:27, 126kB/s]
 45%|████▍     | 76.6M/170M [11:05<12:35, 124kB/s]
 45%|████▍     | 76.7M/170M [11:05<12:41, 123kB/s]
 45%|████▍     | 76.7M/170M [11:06<12:44, 123kB/s]
 45%|████▌     | 76.7M/170M [11:06<12:46, 122kB/s]
 45%|████▌     | 76.8M/170M [11:06<12:48, 122kB/s]
 45%|████▌     | 76.8M/170M [11:07<13:44, 114kB/s]
 45%|████▌     | 76.8M/170M [11:07<13:24, 116kB/s]
 45%|████▌     | 76.9M/170M [11:07<14:55, 105kB/s]
 45%|████▌     | 76.9M/170M [11:07<13:35, 115kB/s]
 45%|████▌     | 76.9M/170M [11:08<13:19, 117kB/s]
 45%|████▌     | 77.0M/170M [11:08<12:14, 127kB/s]
 45%|████▌     | 77.0M/170M [11:08<11:57, 130kB/s]
 45%|████▌     | 77.0M/170M [11:08<12:03, 129kB/s]
 45%|████▌     | 77.1M/170M [11:09<12:51, 121kB/s]
 45%|████▌     | 77.1M/170M [11:09<16:39, 93.5kB/s]
 45%|████▌     | 77.1M/170M [11:10<17:06, 90.9kB/s]
 45%|████▌     | 77.2M/170M [11:10<15:41, 99.2kB/s]
 45%|████▌     | 77.2M/170M [11:10<12:55, 120kB/s] 
 45%|████▌     | 77.2M/170M [11:10<11:40, 133kB/s]
 45%|████▌     | 77.3M/170M [11:10<10:01, 155kB/s]
 45%|████▌     | 77.3M/170M [11:10<09:14, 168kB/s]
 45%|████▌     | 77.3M/170M [11:11<10:04, 154kB/s]
 45%|████▌     | 77.4M/170M [11:11<10:36, 146kB/s]
 45%|████▌     | 77.4M/170M [11:11<10:58, 141kB/s]
 45%|████▌     | 77.4M/170M [11:11<11:15, 138kB/s]
 45%|████▌     | 77.5M/170M [11:12<11:26, 135kB/s]
 45%|████▌     | 77.5M/170M [11:12<12:28, 124kB/s]
 45%|████▌     | 77.5M/170M [11:12<12:16, 126kB/s]
 45%|████▌     | 77.6M/170M [11:13<12:09, 127kB/s]
 46%|████▌     | 77.6M/170M [11:13<12:03, 128kB/s]
 46%|████▌     | 77.6M/170M [11:13<11:58, 129kB/s]
 46%|████▌     | 77.7M/170M [11:13<11:55, 130kB/s]
 46%|████▌     | 77.7M/170M [11:14<11:52, 130kB/s]
 46%|████▌     | 77.7M/170M [11:14<11:49, 131kB/s]
 46%|████▌     | 77.8M/170M [11:14<11:50, 130kB/s]
 46%|████▌     | 77.8M/170M [11:14<11:50, 131kB/s]
 46%|████▌     | 77.8M/170M [11:15<11:49, 131kB/s]
 46%|████▌     | 77.9M/170M [11:15<12:42, 121kB/s]
 46%|████▌     | 77.9M/170M [11:15<12:25, 124kB/s]
 46%|████▌     | 77.9M/170M [11:15<12:13, 126kB/s]
 46%|████▌     | 78.0M/170M [11:16<12:04, 128kB/s]
 46%|████▌     | 78.0M/170M [11:16<11:56, 129kB/s]
 46%|████▌     | 78.0M/170M [11:16<11:54, 129kB/s]
 46%|████▌     | 78.1M/170M [11:16<11:50, 130kB/s]
 46%|████▌     | 78.1M/170M [11:17<11:48, 130kB/s]
 46%|████▌     | 78.1M/170M [11:17<11:47, 131kB/s]
 46%|████▌     | 78.2M/170M [11:17<11:42, 131kB/s]
 46%|████▌     | 78.2M/170M [11:17<12:30, 123kB/s]
 46%|████▌     | 78.2M/170M [11:18<12:13, 126kB/s]
 46%|████▌     | 78.2M/170M [11:18<12:01, 128kB/s]
 46%|████▌     | 78.3M/170M [11:18<11:52, 129kB/s]
 46%|████▌     | 78.3M/170M [11:18<11:45, 131kB/s]
 46%|████▌     | 78.3M/170M [11:19<11:42, 131kB/s]
 46%|████▌     | 78.4M/170M [11:19<11:38, 132kB/s]
 46%|████▌     | 78.4M/170M [11:19<11:36, 132kB/s]
 46%|████▌     | 78.4M/170M [11:19<11:35, 132kB/s]
 46%|████▌     | 78.5M/170M [11:20<11:32, 133kB/s]
 46%|████▌     | 78.5M/170M [11:20<12:24, 124kB/s]
 46%|████▌     | 78.5M/170M [11:20<12:05, 127kB/s]
 46%|████▌     | 78.6M/170M [11:20<11:53, 129kB/s]
 46%|████▌     | 78.6M/170M [11:21<11:43, 131kB/s]
 46%|████▌     | 78.6M/170M [11:21<11:37, 132kB/s]
 46%|████▌     | 78.7M/170M [11:21<11:32, 133kB/s]
 46%|████▌     | 78.7M/170M [11:21<11:28, 133kB/s]
 46%|████▌     | 78.7M/170M [11:22<11:26, 134kB/s]
 46%|████▌     | 78.8M/170M [11:22<11:26, 134kB/s]
 46%|████▌     | 78.8M/170M [11:22<11:24, 134kB/s]
 46%|████▌     | 78.8M/170M [11:22<11:22, 134kB/s]
 46%|████▋     | 78.9M/170M [11:23<12:13, 125kB/s]
 46%|████▋     | 78.9M/170M [11:23<11:58, 128kB/s]
 46%|████▋     | 78.9M/170M [11:23<11:47, 129kB/s]
 46%|████▋     | 79.0M/170M [11:23<11:40, 131kB/s]
 46%|████▋     | 79.0M/170M [11:24<11:35, 132kB/s]
 46%|████▋     | 79.0M/170M [11:24<11:30, 132kB/s]
 46%|████▋     | 79.1M/170M [11:24<11:28, 133kB/s]
 46%|████▋     | 79.1M/170M [11:24<11:25, 133kB/s]
 46%|████▋     | 79.1M/170M [11:25<11:23, 134kB/s]
 46%|████▋     | 79.2M/170M [11:25<11:21, 134kB/s]
 46%|████▋     | 79.2M/170M [11:25<12:10, 125kB/s]
 46%|████▋     | 79.2M/170M [11:25<11:53, 128kB/s]
 46%|████▋     | 79.3M/170M [11:26<11:41, 130kB/s]
 47%|████▋     | 79.3M/170M [11:26<11:33, 131kB/s]
 47%|████▋     | 79.3M/170M [11:26<11:27, 133kB/s]
 47%|████▋     | 79.4M/170M [11:26<11:24, 133kB/s]
 47%|████▋     | 79.4M/170M [11:27<11:19, 134kB/s]
 47%|████▋     | 79.4M/170M [11:27<11:18, 134kB/s]
 47%|████▋     | 79.5M/170M [11:27<11:15, 135kB/s]
 47%|████▋     | 79.5M/170M [11:27<11:15, 135kB/s]
 47%|████▋     | 79.5M/170M [11:28<11:13, 135kB/s]
 47%|████▋     | 79.6M/170M [11:28<12:03, 126kB/s]
 47%|████▋     | 79.6M/170M [11:28<11:48, 128kB/s]
 47%|████▋     | 79.6M/170M [11:28<11:38, 130kB/s]
 47%|████▋     | 79.7M/170M [11:29<11:30, 132kB/s]
 47%|████▋     | 79.7M/170M [11:29<11:25, 132kB/s]
 47%|████▋     | 79.7M/170M [11:29<11:21, 133kB/s]
 47%|████▋     | 79.8M/170M [11:29<11:20, 133kB/s]
 47%|████▋     | 79.8M/170M [11:30<11:19, 133kB/s]
 47%|████▋     | 79.8M/170M [11:30<11:18, 134kB/s]
 47%|████▋     | 79.9M/170M [11:30<11:19, 133kB/s]
 47%|████▋     | 79.9M/170M [11:30<12:08, 124kB/s]
 47%|████▋     | 79.9M/170M [11:31<11:51, 127kB/s]
 47%|████▋     | 80.0M/170M [11:31<11:41, 129kB/s]
 47%|████▋     | 80.0M/170M [11:31<11:32, 131kB/s]
 47%|████▋     | 80.0M/170M [11:31<11:27, 132kB/s]
 47%|████▋     | 80.1M/170M [11:32<11:22, 133kB/s]
 47%|████▋     | 80.1M/170M [11:32<12:06, 125kB/s]
 47%|████▋     | 80.1M/170M [11:32<12:10, 124kB/s]
 47%|████▋     | 80.2M/170M [11:32<12:02, 125kB/s]
 47%|████▋     | 80.2M/170M [11:33<11:04, 136kB/s]
 47%|████▋     | 80.2M/170M [11:33<11:26, 131kB/s]
 47%|████▋     | 80.2M/170M [11:33<11:24, 132kB/s]
 47%|████▋     | 80.3M/170M [11:33<11:20, 133kB/s]
 47%|████▋     | 80.3M/170M [11:34<11:18, 133kB/s]
 47%|████▋     | 80.3M/170M [11:34<11:17, 133kB/s]
 47%|████▋     | 80.4M/170M [11:34<11:16, 133kB/s]
 47%|████▋     | 80.4M/170M [11:34<11:15, 133kB/s]
 47%|████▋     | 80.4M/170M [11:35<11:14, 133kB/s]
 47%|████▋     | 80.5M/170M [11:35<11:12, 134kB/s]
 47%|████▋     | 80.5M/170M [11:35<11:12, 134kB/s]
 47%|████▋     | 80.5M/170M [11:35<11:12, 134kB/s]
 47%|████▋     | 80.6M/170M [11:36<12:02, 125kB/s]
 47%|████▋     | 80.6M/170M [11:36<11:47, 127kB/s]
 47%|████▋     | 80.6M/170M [11:36<11:35, 129kB/s]
 47%|████▋     | 80.7M/170M [11:36<11:28, 131kB/s]
 47%|████▋     | 80.7M/170M [11:37<11:22, 132kB/s]
 47%|████▋     | 80.7M/170M [11:37<11:19, 132kB/s]
 47%|████▋     | 80.8M/170M [11:37<11:16, 133kB/s]
 47%|████▋     | 80.8M/170M [11:37<11:13, 133kB/s]
 47%|████▋     | 80.8M/170M [11:38<11:12, 133kB/s]
 47%|████▋     | 80.9M/170M [11:38<11:12, 133kB/s]
 47%|████▋     | 80.9M/170M [11:38<12:02, 124kB/s]
 47%|████▋     | 80.9M/170M [11:38<11:47, 127kB/s]
 47%|████▋     | 81.0M/170M [11:39<11:35, 129kB/s]
 48%|████▊     | 81.0M/170M [11:39<11:26, 130kB/s]
 48%|████▊     | 81.0M/170M [11:39<11:22, 131kB/s]
 48%|████▊     | 81.1M/170M [11:39<11:17, 132kB/s]
 48%|████▊     | 81.1M/170M [11:40<11:15, 132kB/s]
 48%|████▊     | 81.1M/170M [11:40<11:13, 133kB/s]
 48%|████▊     | 81.2M/170M [11:40<11:12, 133kB/s]
 48%|████▊     | 81.2M/170M [11:40<11:10, 133kB/s]
 48%|████▊     | 81.2M/170M [11:41<11:07, 134kB/s]
 48%|████▊     | 81.3M/170M [11:41<11:57, 124kB/s]
 48%|████▊     | 81.3M/170M [11:41<11:42, 127kB/s]
 48%|████▊     | 81.3M/170M [11:41<11:31, 129kB/s]
 48%|████▊     | 81.4M/170M [11:42<11:21, 131kB/s]
 48%|████▊     | 81.4M/170M [11:42<11:17, 132kB/s]
 48%|████▊     | 81.4M/170M [11:42<11:12, 132kB/s]
 48%|████▊     | 81.5M/170M [11:42<11:09, 133kB/s]
 48%|████▊     | 81.5M/170M [11:43<11:05, 134kB/s]
 48%|████▊     | 81.5M/170M [11:43<11:03, 134kB/s]
 48%|████▊     | 81.6M/170M [11:43<10:59, 135kB/s]
 48%|████▊     | 81.6M/170M [11:43<11:47, 126kB/s]
 48%|████▊     | 81.6M/170M [11:44<11:32, 128kB/s]
 48%|████▊     | 81.7M/170M [11:44<11:19, 131kB/s]
 48%|████▊     | 81.7M/170M [11:44<11:13, 132kB/s]
 48%|████▊     | 81.7M/170M [11:44<11:06, 133kB/s]
 48%|████▊     | 81.8M/170M [11:45<11:05, 133kB/s]
 48%|████▊     | 81.8M/170M [11:45<11:01, 134kB/s]
 48%|████▊     | 81.8M/170M [11:45<11:00, 134kB/s]
 48%|████▊     | 81.9M/170M [11:45<10:59, 134kB/s]
 48%|████▊     | 81.9M/170M [11:46<10:59, 134kB/s]
 48%|████▊     | 81.9M/170M [11:46<10:56, 135kB/s]
 48%|████▊     | 82.0M/170M [11:46<11:46, 125kB/s]
 48%|████▊     | 82.0M/170M [11:46<11:31, 128kB/s]
 48%|████▊     | 82.0M/170M [11:47<11:21, 130kB/s]
 48%|████▊     | 82.1M/170M [11:47<11:12, 131kB/s]
 48%|████▊     | 82.1M/170M [11:47<11:06, 133kB/s]
 48%|████▊     | 82.1M/170M [11:47<11:02, 133kB/s]
 48%|████▊     | 82.1M/170M [11:48<10:59, 134kB/s]
 48%|████▊     | 82.2M/170M [11:48<10:59, 134kB/s]
 48%|████▊     | 82.2M/170M [11:48<11:00, 134kB/s]
 48%|████▊     | 82.2M/170M [11:48<10:58, 134kB/s]
 48%|████▊     | 82.3M/170M [11:49<11:47, 125kB/s]
 48%|████▊     | 82.3M/170M [11:49<11:35, 127kB/s]
 48%|████▊     | 82.3M/170M [11:49<11:26, 128kB/s]
 48%|████▊     | 82.4M/170M [11:49<11:19, 130kB/s]
 48%|████▊     | 82.4M/170M [11:50<11:17, 130kB/s]
 48%|████▊     | 82.4M/170M [11:50<11:13, 131kB/s]
 48%|████▊     | 82.5M/170M [11:50<11:13, 131kB/s]
 48%|████▊     | 82.5M/170M [11:50<11:13, 131kB/s]
 48%|████▊     | 82.5M/170M [11:51<11:14, 130kB/s]
 48%|████▊     | 82.6M/170M [11:51<11:17, 130kB/s]
 48%|████▊     | 82.6M/170M [11:51<12:07, 121kB/s]
 48%|████▊     | 82.6M/170M [11:51<11:53, 123kB/s]
 48%|████▊     | 82.7M/170M [11:52<11:45, 124kB/s]
 49%|████▊     | 82.7M/170M [11:52<11:36, 126kB/s]
 49%|████▊     | 82.7M/170M [11:52<11:31, 127kB/s]
 49%|████▊     | 82.8M/170M [11:52<11:28, 127kB/s]
 49%|████▊     | 82.8M/170M [11:53<11:26, 128kB/s]
 49%|████▊     | 82.8M/170M [11:53<11:26, 128kB/s]
 49%|████▊     | 82.9M/170M [11:53<11:24, 128kB/s]
 49%|████▊     | 82.9M/170M [11:54<11:25, 128kB/s]
 49%|████▊     | 82.9M/170M [11:54<11:25, 128kB/s]
 49%|████▊     | 83.0M/170M [11:54<12:15, 119kB/s]
 49%|████▊     | 83.0M/170M [11:54<12:00, 121kB/s]
 49%|████▊     | 83.0M/170M [11:55<11:50, 123kB/s]
 49%|████▊     | 83.1M/170M [11:55<11:41, 125kB/s]
 49%|████▊     | 83.1M/170M [11:55<11:36, 126kB/s]
 49%|████▉     | 83.1M/170M [11:55<11:32, 126kB/s]
 49%|████▉     | 83.2M/170M [11:56<11:28, 127kB/s]
 49%|████▉     | 83.2M/170M [11:56<11:25, 127kB/s]
 49%|████▉     | 83.2M/170M [11:56<11:24, 128kB/s]
 49%|████▉     | 83.3M/170M [11:56<11:24, 128kB/s]
 49%|████▉     | 83.3M/170M [11:57<12:13, 119kB/s]
 49%|████▉     | 83.3M/170M [11:57<11:58, 121kB/s]
 49%|████▉     | 83.4M/170M [11:57<11:46, 123kB/s]
 49%|████▉     | 83.4M/170M [11:57<11:38, 125kB/s]
 49%|████▉     | 83.4M/170M [11:58<11:33, 125kB/s]
 49%|████▉     | 83.5M/170M [11:58<11:30, 126kB/s]
 49%|████▉     | 83.5M/170M [11:58<11:27, 127kB/s]
 49%|████▉     | 83.5M/170M [11:59<11:24, 127kB/s]
 49%|████▉     | 83.6M/170M [11:59<11:24, 127kB/s]
 49%|████▉     | 83.6M/170M [11:59<11:21, 128kB/s]
 49%|████▉     | 83.6M/170M [11:59<11:21, 127kB/s]
 49%|████▉     | 83.7M/170M [12:00<12:11, 119kB/s]
 49%|████▉     | 83.7M/170M [12:00<11:56, 121kB/s]
 49%|████▉     | 83.7M/170M [12:00<11:43, 123kB/s]
 49%|████▉     | 83.8M/170M [12:00<11:34, 125kB/s]
 49%|████▉     | 83.8M/170M [12:01<11:31, 125kB/s]
 49%|████▉     | 83.8M/170M [12:01<11:25, 126kB/s]
 49%|████▉     | 83.9M/170M [12:01<11:23, 127kB/s]
 49%|████▉     | 83.9M/170M [12:01<11:19, 127kB/s]
 49%|████▉     | 83.9M/170M [12:02<11:19, 128kB/s]
 49%|████▉     | 84.0M/170M [12:02<11:18, 128kB/s]
 49%|████▉     | 84.0M/170M [12:02<12:09, 119kB/s]
 49%|████▉     | 84.0M/170M [12:02<11:53, 121kB/s]
 49%|████▉     | 84.0M/170M [12:03<11:43, 123kB/s]
 49%|████▉     | 84.1M/170M [12:03<11:34, 124kB/s]
 49%|████▉     | 84.1M/170M [12:03<11:27, 126kB/s]
 49%|████▉     | 84.1M/170M [12:04<11:23, 126kB/s]
 49%|████▉     | 84.2M/170M [12:04<11:20, 127kB/s]
 49%|████▉     | 84.2M/170M [12:04<11:18, 127kB/s]
 49%|████▉     | 84.2M/170M [12:04<11:15, 128kB/s]
 49%|████▉     | 84.3M/170M [12:05<11:15, 128kB/s]
 49%|████▉     | 84.3M/170M [12:05<12:04, 119kB/s]
 49%|████▉     | 84.3M/170M [12:05<11:48, 122kB/s]
 49%|████▉     | 84.4M/170M [12:05<11:37, 124kB/s]
 50%|████▉     | 84.4M/170M [12:06<11:29, 125kB/s]
 50%|████▉     | 84.4M/170M [12:06<11:23, 126kB/s]
 50%|████▉     | 84.5M/170M [12:06<11:20, 126kB/s]
 50%|████▉     | 84.5M/170M [12:06<11:16, 127kB/s]
 50%|████▉     | 84.5M/170M [12:07<11:14, 127kB/s]
 50%|████▉     | 84.6M/170M [12:07<11:12, 128kB/s]
 50%|████▉     | 84.6M/170M [12:07<11:09, 128kB/s]
 50%|████▉     | 84.6M/170M [12:07<11:08, 129kB/s]
 50%|████▉     | 84.7M/170M [12:08<11:55, 120kB/s]
 50%|████▉     | 84.7M/170M [12:08<11:40, 122kB/s]
 50%|████▉     | 84.7M/170M [12:08<11:29, 124kB/s]
 50%|████▉     | 84.8M/170M [12:08<11:20, 126kB/s]
 50%|████▉     | 84.8M/170M [12:09<11:13, 127kB/s]
 50%|████▉     | 84.8M/170M [12:09<11:10, 128kB/s]
 50%|████▉     | 84.9M/170M [12:09<11:06, 129kB/s]
 50%|████▉     | 84.9M/170M [12:09<11:03, 129kB/s]
 50%|████▉     | 84.9M/170M [12:10<11:00, 129kB/s]
 50%|████▉     | 85.0M/170M [12:10<10:58, 130kB/s]
 50%|████▉     | 85.0M/170M [12:10<11:44, 121kB/s]
 50%|████▉     | 85.0M/170M [12:11<11:27, 124kB/s]
 50%|████▉     | 85.1M/170M [12:11<11:15, 126kB/s]
 50%|████▉     | 85.1M/170M [12:11<11:06, 128kB/s]
 50%|████▉     | 85.1M/170M [12:11<11:00, 129kB/s]
 50%|████▉     | 85.2M/170M [12:12<10:57, 130kB/s]
 50%|████▉     | 85.2M/170M [12:12<10:55, 130kB/s]
 50%|████▉     | 85.2M/170M [12:12<10:51, 131kB/s]
 50%|█████     | 85.3M/170M [12:12<10:52, 131kB/s]
 50%|█████     | 85.3M/170M [12:13<10:51, 131kB/s]
 50%|█████     | 85.3M/170M [12:13<10:51, 131kB/s]
 50%|█████     | 85.4M/170M [12:13<11:39, 122kB/s]
 50%|█████     | 85.4M/170M [12:13<11:23, 124kB/s]
 50%|█████     | 85.4M/170M [12:14<11:13, 126kB/s]
 50%|█████     | 85.5M/170M [12:14<11:05, 128kB/s]
 50%|█████     | 85.5M/170M [12:14<11:00, 129kB/s]
 50%|█████     | 85.5M/170M [12:14<10:54, 130kB/s]
 50%|█████     | 85.6M/170M [12:15<10:53, 130kB/s]
 50%|█████     | 85.6M/170M [12:15<10:53, 130kB/s]
 50%|█████     | 85.6M/170M [12:15<10:51, 130kB/s]
 50%|█████     | 85.7M/170M [12:15<10:51, 130kB/s]
 50%|█████     | 85.7M/170M [12:16<11:37, 122kB/s]
 50%|█████     | 85.7M/170M [12:16<11:23, 124kB/s]
 50%|█████     | 85.8M/170M [12:16<11:11, 126kB/s]
 50%|█████     | 85.8M/170M [12:16<11:04, 128kB/s]
 50%|█████     | 85.8M/170M [12:17<10:58, 129kB/s]
 50%|█████     | 85.9M/170M [12:17<10:55, 129kB/s]
 50%|█████     | 85.9M/170M [12:17<10:51, 130kB/s]
 50%|█████     | 85.9M/170M [12:17<10:49, 130kB/s]
 50%|█████     | 86.0M/170M [12:18<10:50, 130kB/s]
 50%|█████     | 86.0M/170M [12:18<10:48, 130kB/s]
 50%|█████     | 86.0M/170M [12:18<10:48, 130kB/s]
 50%|█████     | 86.0M/170M [12:18<11:36, 121kB/s]
 50%|█████     | 86.1M/170M [12:19<11:22, 124kB/s]
 51%|█████     | 86.1M/170M [12:19<11:12, 126kB/s]
 51%|█████     | 86.1M/170M [12:19<11:05, 127kB/s]
 51%|█████     | 86.2M/170M [12:20<11:00, 128kB/s]
 51%|█████     | 86.2M/170M [12:20<10:59, 128kB/s]
 51%|█████     | 86.2M/170M [12:20<10:57, 128kB/s]
 51%|█████     | 86.3M/170M [12:20<10:54, 129kB/s]
 51%|█████     | 86.3M/170M [12:21<10:56, 128kB/s]
 51%|█████     | 86.3M/170M [12:21<10:57, 128kB/s]
 51%|█████     | 86.4M/170M [12:21<11:48, 119kB/s]
 51%|█████     | 86.4M/170M [12:21<11:34, 121kB/s]
 51%|█████     | 86.4M/170M [12:22<11:27, 122kB/s]
 51%|█████     | 86.5M/170M [12:22<11:22, 123kB/s]
 51%|█████     | 86.5M/170M [12:22<11:17, 124kB/s]
 51%|█████     | 86.5M/170M [12:22<11:16, 124kB/s]
 51%|█████     | 86.6M/170M [12:23<11:15, 124kB/s]
 51%|█████     | 86.6M/170M [12:23<11:14, 124kB/s]
 51%|█████     | 86.6M/170M [12:23<11:12, 125kB/s]
 51%|█████     | 86.7M/170M [12:23<11:12, 125kB/s]
 51%|█████     | 86.7M/170M [12:24<12:02, 116kB/s]
 51%|█████     | 86.7M/170M [12:24<11:47, 118kB/s]
 51%|█████     | 86.8M/170M [12:24<11:36, 120kB/s]
 51%|█████     | 86.8M/170M [12:25<11:28, 122kB/s]
 51%|█████     | 86.8M/170M [12:25<11:22, 123kB/s]
 51%|█████     | 86.9M/170M [12:25<11:19, 123kB/s]
 51%|█████     | 86.9M/170M [12:25<11:15, 124kB/s]
 51%|█████     | 86.9M/170M [12:26<11:12, 124kB/s]
 51%|█████     | 87.0M/170M [12:26<11:12, 124kB/s]
 51%|█████     | 87.0M/170M [12:26<11:49, 118kB/s]
 51%|█████     | 87.0M/170M [12:27<12:18, 113kB/s]
 51%|█████     | 87.1M/170M [12:27<11:57, 116kB/s]
 51%|█████     | 87.1M/170M [12:27<11:10, 124kB/s]
 51%|█████     | 87.1M/170M [12:27<11:11, 124kB/s]
 51%|█████     | 87.2M/170M [12:28<11:10, 124kB/s]
 51%|█████     | 87.2M/170M [12:28<11:10, 124kB/s]
 51%|█████     | 87.2M/170M [12:28<11:09, 124kB/s]
 51%|█████     | 87.3M/170M [12:28<11:09, 124kB/s]
 51%|█████     | 87.3M/170M [12:29<11:09, 124kB/s]
 51%|█████     | 87.3M/170M [12:29<11:10, 124kB/s]
 51%|█████     | 87.4M/170M [12:29<11:08, 124kB/s]
 51%|█████▏    | 87.4M/170M [12:29<12:00, 115kB/s]
 51%|█████▏    | 87.4M/170M [12:30<11:46, 118kB/s]
 51%|█████▏    | 87.5M/170M [12:30<11:36, 119kB/s]
 51%|█████▏    | 87.5M/170M [12:30<11:28, 121kB/s]
 51%|█████▏    | 87.5M/170M [12:31<11:24, 121kB/s]
 51%|█████▏    | 87.6M/170M [12:31<11:19, 122kB/s]
 51%|█████▏    | 87.6M/170M [12:31<11:18, 122kB/s]
 51%|█████▏    | 87.6M/170M [12:31<11:14, 123kB/s]
 51%|█████▏    | 87.7M/170M [12:32<11:13, 123kB/s]
 51%|█████▏    | 87.7M/170M [12:32<11:12, 123kB/s]
 51%|█████▏    | 87.7M/170M [12:32<11:11, 123kB/s]
 51%|█████▏    | 87.8M/170M [12:32<12:01, 115kB/s]
 51%|█████▏    | 87.8M/170M [12:33<11:46, 117kB/s]
 52%|█████▏    | 87.8M/170M [12:33<11:35, 119kB/s]
 52%|█████▏    | 87.9M/170M [12:33<11:27, 120kB/s]
 52%|█████▏    | 87.9M/170M [12:33<11:22, 121kB/s]
 52%|█████▏    | 87.9M/170M [12:34<11:17, 122kB/s]
 52%|█████▏    | 87.9M/170M [12:34<11:15, 122kB/s]
 52%|█████▏    | 88.0M/170M [12:34<11:14, 122kB/s]
 52%|█████▏    | 88.0M/170M [12:35<11:12, 123kB/s]
 52%|█████▏    | 88.0M/170M [12:35<11:10, 123kB/s]
 52%|█████▏    | 88.1M/170M [12:35<12:00, 114kB/s]
 52%|█████▏    | 88.1M/170M [12:35<11:43, 117kB/s]
 52%|█████▏    | 88.1M/170M [12:36<11:32, 119kB/s]
 52%|█████▏    | 88.2M/170M [12:36<11:25, 120kB/s]
 52%|█████▏    | 88.2M/170M [12:36<11:19, 121kB/s]
 52%|█████▏    | 88.2M/170M [12:36<11:17, 121kB/s]
 52%|█████▏    | 88.3M/170M [12:37<11:13, 122kB/s]
 52%|█████▏    | 88.3M/170M [12:37<11:11, 122kB/s]
 52%|█████▏    | 88.3M/170M [12:37<11:08, 123kB/s]
 52%|█████▏    | 88.4M/170M [12:38<11:08, 123kB/s]
 52%|█████▏    | 88.4M/170M [12:38<11:55, 115kB/s]
 52%|█████▏    | 88.4M/170M [12:38<11:38, 117kB/s]
 52%|█████▏    | 88.5M/170M [12:38<11:26, 119kB/s]
 52%|█████▏    | 88.5M/170M [12:39<11:18, 121kB/s]
 52%|█████▏    | 88.5M/170M [12:39<11:10, 122kB/s]
 52%|█████▏    | 88.6M/170M [12:39<11:04, 123kB/s]
 52%|█████▏    | 88.6M/170M [12:39<11:00, 124kB/s]
 52%|█████▏    | 88.6M/170M [12:40<10:57, 124kB/s]
 52%|█████▏    | 88.7M/170M [12:40<10:53, 125kB/s]
 52%|█████▏    | 88.7M/170M [12:40<10:49, 126kB/s]
 52%|█████▏    | 88.7M/170M [12:40<10:47, 126kB/s]
 52%|█████▏    | 88.8M/170M [12:41<11:34, 118kB/s]
 52%|█████▏    | 88.8M/170M [12:41<11:18, 120kB/s]
 52%|█████▏    | 88.8M/170M [12:41<11:05, 123kB/s]
 52%|█████▏    | 88.9M/170M [12:42<10:58, 124kB/s]
 52%|█████▏    | 88.9M/170M [12:42<12:25, 109kB/s]
 52%|█████▏    | 88.9M/170M [12:42<10:24, 131kB/s]
 52%|█████▏    | 89.0M/170M [12:42<10:25, 130kB/s]
 52%|█████▏    | 89.0M/170M [12:43<11:16, 121kB/s]
 52%|█████▏    | 89.0M/170M [12:43<11:41, 116kB/s]
 52%|█████▏    | 89.1M/170M [12:43<10:31, 129kB/s]
 52%|█████▏    | 89.1M/170M [12:43<10:46, 126kB/s]
 52%|█████▏    | 89.1M/170M [12:44<10:39, 127kB/s]
 52%|█████▏    | 89.2M/170M [12:44<10:39, 127kB/s]
 52%|█████▏    | 89.2M/170M [12:44<10:36, 128kB/s]
 52%|█████▏    | 89.2M/170M [12:45<11:19, 120kB/s]
 52%|█████▏    | 89.3M/170M [12:45<11:14, 121kB/s]
 52%|█████▏    | 89.3M/170M [12:45<10:19, 131kB/s]
 52%|█████▏    | 89.3M/170M [12:45<10:07, 134kB/s]
 52%|█████▏    | 89.4M/170M [12:45<10:10, 133kB/s]
 52%|█████▏    | 89.4M/170M [12:46<11:47, 115kB/s]
 52%|█████▏    | 89.4M/170M [12:46<11:29, 118kB/s]
 52%|█████▏    | 89.5M/170M [12:46<10:38, 127kB/s]
 52%|█████▏    | 89.5M/170M [12:47<10:09, 133kB/s]
 53%|█████▎    | 89.5M/170M [12:47<10:15, 132kB/s]
 53%|█████▎    | 89.6M/170M [12:47<10:16, 131kB/s]
 53%|█████▎    | 89.6M/170M [12:47<10:13, 132kB/s]
 53%|█████▎    | 89.6M/170M [12:48<10:14, 132kB/s]
 53%|█████▎    | 89.7M/170M [12:48<10:14, 131kB/s]
 53%|█████▎    | 89.7M/170M [12:48<10:14, 132kB/s]
 53%|█████▎    | 89.7M/170M [12:48<10:14, 132kB/s]
 53%|█████▎    | 89.8M/170M [12:49<10:13, 132kB/s]
 53%|█████▎    | 89.8M/170M [12:49<12:36, 107kB/s]
 53%|█████▎    | 89.8M/170M [12:49<10:25, 129kB/s]
 53%|█████▎    | 89.8M/170M [12:49<11:08, 121kB/s]
 53%|█████▎    | 89.9M/170M [12:50<11:42, 115kB/s]
 53%|█████▎    | 89.9M/170M [12:50<10:36, 127kB/s]
 53%|█████▎    | 89.9M/170M [12:50<09:47, 137kB/s]
 53%|█████▎    | 90.0M/170M [12:50<10:21, 129kB/s]
 53%|█████▎    | 90.0M/170M [12:51<11:13, 119kB/s]
 53%|█████▎    | 90.0M/170M [12:51<10:23, 129kB/s]
 53%|█████▎    | 90.1M/170M [12:51<09:40, 138kB/s]
 53%|█████▎    | 90.1M/170M [12:51<10:34, 127kB/s]
 53%|█████▎    | 90.1M/170M [12:52<11:21, 118kB/s]
 53%|█████▎    | 90.2M/170M [12:52<10:16, 130kB/s]
 53%|█████▎    | 90.2M/170M [12:52<10:53, 123kB/s]
 53%|█████▎    | 90.2M/170M [12:53<10:47, 124kB/s]
 53%|█████▎    | 90.3M/170M [12:53<10:26, 128kB/s]
 53%|█████▎    | 90.3M/170M [12:53<09:26, 142kB/s]
 53%|█████▎    | 90.3M/170M [12:53<09:41, 138kB/s]
 53%|█████▎    | 90.4M/170M [12:53<09:50, 136kB/s]
 53%|█████▎    | 90.4M/170M [12:54<09:58, 134kB/s]
 53%|█████▎    | 90.4M/170M [12:54<10:02, 133kB/s]
 53%|█████▎    | 90.5M/170M [12:54<11:38, 115kB/s]
 53%|█████▎    | 90.5M/170M [12:55<11:19, 118kB/s]
 53%|█████▎    | 90.5M/170M [12:55<10:20, 129kB/s]
 53%|█████▎    | 90.6M/170M [12:55<11:05, 120kB/s]
 53%|█████▎    | 90.6M/170M [12:55<10:56, 122kB/s]
 53%|█████▎    | 90.6M/170M [12:56<10:04, 132kB/s]
 53%|█████▎    | 90.7M/170M [12:56<09:37, 138kB/s]
 53%|█████▎    | 90.7M/170M [12:56<09:56, 134kB/s]
 53%|█████▎    | 90.7M/170M [12:56<10:09, 131kB/s]
 53%|█████▎    | 90.8M/170M [12:57<10:20, 129kB/s]
 53%|█████▎    | 90.8M/170M [12:57<11:15, 118kB/s]
 53%|█████▎    | 90.8M/170M [12:57<11:06, 119kB/s]
 53%|█████▎    | 90.9M/170M [12:57<11:02, 120kB/s]
 53%|█████▎    | 90.9M/170M [12:58<11:30, 115kB/s]
 53%|█████▎    | 90.9M/170M [12:58<12:06, 109kB/s]
 53%|█████▎    | 91.0M/170M [12:58<12:21, 107kB/s]
 53%|█████▎    | 91.0M/170M [12:59<11:43, 113kB/s]
 53%|█████▎    | 91.0M/170M [12:59<10:33, 125kB/s]
 53%|█████▎    | 91.1M/170M [12:59<09:44, 136kB/s]
 53%|█████▎    | 91.1M/170M [12:59<10:04, 131kB/s]
 53%|█████▎    | 91.1M/170M [13:00<10:16, 129kB/s]
 53%|█████▎    | 91.2M/170M [13:00<12:41, 104kB/s]
 53%|█████▎    | 91.2M/170M [13:00<11:57, 111kB/s]
 54%|█████▎    | 91.2M/170M [13:00<10:59, 120kB/s]
 54%|█████▎    | 91.3M/170M [13:01<10:29, 126kB/s]
 54%|█████▎    | 91.3M/170M [13:01<12:34, 105kB/s]
 54%|█████▎    | 91.3M/170M [13:02<13:28, 97.9kB/s]
 54%|█████▎    | 91.4M/170M [13:02<12:32, 105kB/s] 
 54%|█████▎    | 91.4M/170M [13:02<10:30, 125kB/s]
 54%|█████▎    | 91.4M/170M [13:02<09:36, 137kB/s]
 54%|█████▎    | 91.5M/170M [13:02<09:08, 144kB/s]
 54%|█████▎    | 91.5M/170M [13:03<11:51, 111kB/s]
 54%|█████▎    | 91.5M/170M [13:03<12:08, 108kB/s]
 54%|█████▎    | 91.6M/170M [13:03<10:53, 121kB/s]
 54%|█████▎    | 91.6M/170M [13:03<10:01, 131kB/s]
 54%|█████▎    | 91.6M/170M [13:04<10:07, 130kB/s]
 54%|█████▍    | 91.7M/170M [13:04<10:55, 120kB/s]
 54%|█████▍    | 91.7M/170M [13:04<11:49, 111kB/s]
 54%|█████▍    | 91.7M/170M [13:05<12:54, 102kB/s]
 54%|█████▍    | 91.8M/170M [13:05<12:11, 108kB/s]
 54%|█████▍    | 91.8M/170M [13:05<10:57, 120kB/s]
 54%|█████▍    | 91.8M/170M [13:05<09:56, 132kB/s]
 54%|█████▍    | 91.8M/170M [13:06<10:24, 126kB/s]
 54%|█████▍    | 91.9M/170M [13:06<10:36, 124kB/s]
 54%|█████▍    | 91.9M/170M [13:06<10:45, 122kB/s]
 54%|█████▍    | 91.9M/170M [13:07<11:22, 115kB/s]
 54%|█████▍    | 92.0M/170M [13:07<10:45, 122kB/s]
 54%|█████▍    | 92.0M/170M [13:07<10:51, 120kB/s]
 54%|█████▍    | 92.0M/170M [13:08<12:14, 107kB/s]
 54%|█████▍    | 92.1M/170M [13:08<12:25, 105kB/s]
 54%|█████▍    | 92.1M/170M [13:08<11:46, 111kB/s]
 54%|█████▍    | 92.1M/170M [13:08<11:31, 113kB/s]
 54%|█████▍    | 92.2M/170M [13:09<12:40, 103kB/s]
 54%|█████▍    | 92.2M/170M [13:09<11:43, 111kB/s]
 54%|█████▍    | 92.2M/170M [13:09<09:58, 131kB/s]
 54%|█████▍    | 92.3M/170M [13:09<10:07, 129kB/s]
 54%|█████▍    | 92.3M/170M [13:10<10:21, 126kB/s]
 54%|█████▍    | 92.3M/170M [13:10<10:31, 124kB/s]
 54%|█████▍    | 92.4M/170M [13:10<10:37, 123kB/s]
 54%|█████▍    | 92.4M/170M [13:11<10:41, 122kB/s]
 54%|█████▍    | 92.4M/170M [13:11<10:45, 121kB/s]
 54%|█████▍    | 92.5M/170M [13:11<10:46, 121kB/s]
 54%|█████▍    | 92.5M/170M [13:11<11:36, 112kB/s]
 54%|█████▍    | 92.5M/170M [13:12<11:22, 114kB/s]
 54%|█████▍    | 92.6M/170M [13:12<11:12, 116kB/s]
 54%|█████▍    | 92.6M/170M [13:12<13:51, 93.7kB/s]
 54%|█████▍    | 92.6M/170M [13:13<12:49, 101kB/s] 
 54%|█████▍    | 92.7M/170M [13:13<11:59, 108kB/s]
 54%|█████▍    | 92.7M/170M [13:13<10:50, 120kB/s]
 54%|█████▍    | 92.7M/170M [13:13<09:50, 132kB/s]
 54%|█████▍    | 92.8M/170M [13:14<09:27, 137kB/s]
 54%|█████▍    | 92.8M/170M [13:14<09:49, 132kB/s]
 54%|█████▍    | 92.8M/170M [13:14<10:05, 128kB/s]
 54%|█████▍    | 92.9M/170M [13:14<11:05, 117kB/s]
 54%|█████▍    | 92.9M/170M [13:15<10:56, 118kB/s]
 55%|█████▍    | 92.9M/170M [13:15<10:50, 119kB/s]
 55%|█████▍    | 93.0M/170M [13:15<10:48, 120kB/s]
 55%|█████▍    | 93.0M/170M [13:16<10:46, 120kB/s]
 55%|█████▍    | 93.0M/170M [13:16<10:44, 120kB/s]
 55%|█████▍    | 93.1M/170M [13:16<11:16, 114kB/s]
 55%|█████▍    | 93.1M/170M [13:16<10:33, 122kB/s]
 55%|█████▍    | 93.1M/170M [13:17<10:37, 121kB/s]
 55%|█████▍    | 93.2M/170M [13:17<10:40, 121kB/s]
 55%|█████▍    | 93.2M/170M [13:17<12:06, 106kB/s]
 55%|█████▍    | 93.2M/170M [13:18<11:08, 116kB/s]
 55%|█████▍    | 93.3M/170M [13:18<11:36, 111kB/s]
 55%|█████▍    | 93.3M/170M [13:18<12:08, 106kB/s]
 55%|█████▍    | 93.3M/170M [13:19<13:03, 98.5kB/s]
 55%|█████▍    | 93.4M/170M [13:19<12:11, 105kB/s] 
 55%|█████▍    | 93.4M/170M [13:19<10:54, 118kB/s]
 55%|█████▍    | 93.4M/170M [13:19<09:43, 132kB/s]
 55%|█████▍    | 93.5M/170M [13:20<10:02, 128kB/s]
 55%|█████▍    | 93.5M/170M [13:20<10:24, 123kB/s]
 55%|█████▍    | 93.5M/170M [13:20<11:41, 110kB/s]
 55%|█████▍    | 93.6M/170M [13:20<11:58, 107kB/s]
 55%|█████▍    | 93.6M/170M [13:21<10:02, 128kB/s]
 55%|█████▍    | 93.6M/170M [13:21<10:07, 126kB/s]
 55%|█████▍    | 93.7M/170M [13:21<10:17, 124kB/s]
 55%|█████▍    | 93.7M/170M [13:21<10:24, 123kB/s]
 55%|█████▍    | 93.7M/170M [13:22<10:31, 122kB/s]
 55%|█████▍    | 93.7M/170M [13:22<10:31, 122kB/s]
 55%|█████▌    | 93.8M/170M [13:22<10:34, 121kB/s]
 55%|█████▌    | 93.8M/170M [13:23<10:36, 120kB/s]
 55%|█████▌    | 93.8M/170M [13:23<10:35, 121kB/s]
 55%|█████▌    | 93.9M/170M [13:23<11:23, 112kB/s]
 55%|█████▌    | 93.9M/170M [13:23<11:08, 114kB/s]
 55%|█████▌    | 93.9M/170M [13:24<11:26, 111kB/s]
 55%|█████▌    | 94.0M/170M [13:24<10:35, 120kB/s]
 55%|█████▌    | 94.0M/170M [13:24<10:31, 121kB/s]
 55%|█████▌    | 94.0M/170M [13:25<11:41, 109kB/s]
 55%|█████▌    | 94.1M/170M [13:25<11:08, 114kB/s]
 55%|█████▌    | 94.1M/170M [13:25<10:01, 127kB/s]
 55%|█████▌    | 94.1M/170M [13:25<09:51, 129kB/s]
 55%|█████▌    | 94.2M/170M [13:26<11:20, 112kB/s]
 55%|█████▌    | 94.2M/170M [13:26<10:51, 117kB/s]
 55%|█████▌    | 94.2M/170M [13:26<10:57, 116kB/s]
 55%|█████▌    | 94.3M/170M [13:26<09:58, 127kB/s]
 55%|█████▌    | 94.3M/170M [13:27<11:16, 113kB/s]
 55%|█████▌    | 94.3M/170M [13:27<10:49, 117kB/s]
 55%|█████▌    | 94.4M/170M [13:27<10:34, 120kB/s]
 55%|█████▌    | 94.4M/170M [13:28<12:36, 101kB/s]
 55%|█████▌    | 94.4M/170M [13:28<11:48, 107kB/s]
 55%|█████▌    | 94.5M/170M [13:28<10:32, 120kB/s]
 55%|█████▌    | 94.5M/170M [13:28<09:01, 140kB/s]
 55%|█████▌    | 94.5M/170M [13:29<09:49, 129kB/s]
 55%|█████▌    | 94.6M/170M [13:29<10:31, 120kB/s]
 55%|█████▌    | 94.6M/170M [13:29<09:54, 128kB/s]
 56%|█████▌    | 94.6M/170M [13:29<09:16, 136kB/s]
 56%|█████▌    | 94.7M/170M [13:30<10:08, 125kB/s]
 56%|█████▌    | 94.7M/170M [13:30<10:43, 118kB/s]
 56%|█████▌    | 94.7M/170M [13:30<09:44, 130kB/s]
 56%|█████▌    | 94.8M/170M [13:30<09:28, 133kB/s]
 56%|█████▌    | 94.8M/170M [13:31<10:21, 122kB/s]
 56%|█████▌    | 94.8M/170M [13:31<10:45, 117kB/s]
 56%|█████▌    | 94.9M/170M [13:31<09:46, 129kB/s]
 56%|█████▌    | 94.9M/170M [13:32<10:11, 124kB/s]
 56%|█████▌    | 94.9M/170M [13:32<11:25, 110kB/s]
 56%|█████▌    | 95.0M/170M [13:32<10:54, 115kB/s]
 56%|█████▌    | 95.0M/170M [13:32<09:51, 128kB/s]
 56%|█████▌    | 95.0M/170M [13:33<09:27, 133kB/s]
 56%|█████▌    | 95.1M/170M [13:33<10:21, 121kB/s]
 56%|█████▌    | 95.1M/170M [13:33<10:52, 116kB/s]
 56%|█████▌    | 95.1M/170M [13:33<09:59, 126kB/s]
 56%|█████▌    | 95.2M/170M [13:34<09:14, 136kB/s]
 56%|█████▌    | 95.2M/170M [13:34<10:02, 125kB/s]
 56%|█████▌    | 95.2M/170M [13:34<11:35, 108kB/s]
 56%|█████▌    | 95.3M/170M [13:35<11:53, 106kB/s]
 56%|█████▌    | 95.3M/170M [13:35<10:31, 119kB/s]
 56%|█████▌    | 95.3M/170M [13:35<09:10, 137kB/s]
 56%|█████▌    | 95.4M/170M [13:35<09:39, 130kB/s]
 56%|█████▌    | 95.4M/170M [13:36<09:47, 128kB/s]
 56%|█████▌    | 95.4M/170M [13:36<09:28, 132kB/s]
 56%|█████▌    | 95.5M/170M [13:36<09:07, 137kB/s]
 56%|█████▌    | 95.5M/170M [13:36<09:20, 134kB/s]
 56%|█████▌    | 95.5M/170M [13:37<09:30, 131kB/s]
 56%|█████▌    | 95.6M/170M [13:37<09:35, 130kB/s]
 56%|█████▌    | 95.6M/170M [13:37<11:44, 106kB/s]
 56%|█████▌    | 95.6M/170M [13:37<11:05, 113kB/s]
 56%|█████▌    | 95.6M/170M [13:38<10:37, 117kB/s]
 56%|█████▌    | 95.7M/170M [13:38<09:37, 130kB/s]
 56%|█████▌    | 95.7M/170M [13:38<09:15, 135kB/s]
 56%|█████▌    | 95.7M/170M [13:38<09:24, 132kB/s]
 56%|█████▌    | 95.8M/170M [13:39<09:32, 131kB/s]
 56%|█████▌    | 95.8M/170M [13:39<09:36, 130kB/s]
 56%|█████▌    | 95.8M/170M [13:39<09:39, 129kB/s]
 56%|█████▌    | 95.9M/170M [13:39<09:40, 129kB/s]
 56%|█████▋    | 95.9M/170M [13:40<09:42, 128kB/s]
 56%|█████▋    | 95.9M/170M [13:40<10:26, 119kB/s]
 56%|█████▋    | 96.0M/170M [13:40<10:13, 122kB/s]
 56%|█████▋    | 96.0M/170M [13:41<10:02, 124kB/s]
 56%|█████▋    | 96.0M/170M [13:41<09:53, 126kB/s]
 56%|█████▋    | 96.1M/170M [13:41<09:47, 127kB/s]
 56%|█████▋    | 96.1M/170M [13:41<11:03, 112kB/s]
 56%|█████▋    | 96.1M/170M [13:42<10:41, 116kB/s]
 56%|█████▋    | 96.2M/170M [13:42<09:46, 127kB/s]
 56%|█████▋    | 96.2M/170M [13:42<09:01, 137kB/s]
 56%|█████▋    | 96.2M/170M [13:42<08:50, 140kB/s]
 56%|█████▋    | 96.3M/170M [13:43<10:31, 118kB/s]
 56%|█████▋    | 96.3M/170M [13:43<10:17, 120kB/s]
 57%|█████▋    | 96.3M/170M [13:43<09:26, 131kB/s]
 57%|█████▋    | 96.4M/170M [13:43<09:03, 136kB/s]
 57%|█████▋    | 96.4M/170M [13:44<10:00, 123kB/s]
 57%|█████▋    | 96.4M/170M [13:44<09:43, 127kB/s]
 57%|█████▋    | 96.5M/170M [13:44<09:44, 127kB/s]
 57%|█████▋    | 96.5M/170M [13:44<09:06, 135kB/s]
 57%|█████▋    | 96.5M/170M [13:45<08:48, 140kB/s]
 57%|█████▋    | 96.6M/170M [13:45<08:59, 137kB/s]
 57%|█████▋    | 96.6M/170M [13:45<09:53, 125kB/s]
 57%|█████▋    | 96.6M/170M [13:45<10:17, 120kB/s]
 57%|█████▋    | 96.7M/170M [13:46<09:29, 130kB/s]
 57%|█████▋    | 96.7M/170M [13:46<09:18, 132kB/s]
 57%|█████▋    | 96.7M/170M [13:46<10:48, 114kB/s]
 57%|█████▋    | 96.8M/170M [13:47<11:10, 110kB/s]
 57%|█████▋    | 96.8M/170M [13:47<10:01, 122kB/s]
 57%|█████▋    | 96.8M/170M [13:47<09:08, 134kB/s]
 57%|█████▋    | 96.9M/170M [13:47<09:25, 130kB/s]
 57%|█████▋    | 96.9M/170M [13:47<08:04, 152kB/s]
 57%|█████▋    | 96.9M/170M [13:48<08:17, 148kB/s]
 57%|█████▋    | 97.0M/170M [13:48<10:42, 115kB/s]
 57%|█████▋    | 97.0M/170M [13:48<10:23, 118kB/s]
 57%|█████▋    | 97.0M/170M [13:49<10:05, 121kB/s]
 57%|█████▋    | 97.1M/170M [13:49<08:32, 143kB/s]
 57%|█████▋    | 97.1M/170M [13:49<09:32, 128kB/s]
 57%|█████▋    | 97.1M/170M [13:49<09:35, 128kB/s]
 57%|█████▋    | 97.2M/170M [13:49<08:53, 138kB/s]
 57%|█████▋    | 97.2M/170M [13:50<08:21, 146kB/s]
 57%|█████▋    | 97.2M/170M [13:50<09:18, 131kB/s]
 57%|█████▋    | 97.3M/170M [13:50<07:59, 153kB/s]
 57%|█████▋    | 97.3M/170M [13:51<10:22, 118kB/s]
 57%|█████▋    | 97.3M/170M [13:51<10:17, 119kB/s]
 57%|█████▋    | 97.4M/170M [13:51<09:52, 123kB/s]
 57%|█████▋    | 97.4M/170M [13:51<08:30, 143kB/s]
 57%|█████▋    | 97.4M/170M [13:51<08:03, 151kB/s]
 57%|█████▋    | 97.5M/170M [13:52<08:21, 146kB/s]
 57%|█████▋    | 97.5M/170M [13:52<08:32, 143kB/s]
 57%|█████▋    | 97.5M/170M [13:52<08:42, 140kB/s]
 57%|█████▋    | 97.6M/170M [13:52<08:49, 138kB/s]
 57%|█████▋    | 97.6M/170M [13:53<08:55, 136kB/s]
 57%|█████▋    | 97.6M/170M [13:53<08:59, 135kB/s]
 57%|█████▋    | 97.6M/170M [13:53<09:45, 124kB/s]
 57%|█████▋    | 97.7M/170M [13:53<09:33, 127kB/s]
 57%|█████▋    | 97.7M/170M [13:54<09:26, 128kB/s]
 57%|█████▋    | 97.7M/170M [13:54<09:19, 130kB/s]
 57%|█████▋    | 97.8M/170M [13:54<09:16, 131kB/s]
 57%|█████▋    | 97.8M/170M [13:54<09:12, 131kB/s]
 57%|█████▋    | 97.8M/170M [13:55<09:12, 131kB/s]
 57%|█████▋    | 97.9M/170M [13:55<09:11, 132kB/s]
 57%|█████▋    | 97.9M/170M [13:55<09:12, 131kB/s]
 57%|█████▋    | 97.9M/170M [13:55<09:11, 131kB/s]
 57%|█████▋    | 98.0M/170M [13:56<09:51, 123kB/s]
 57%|█████▋    | 98.0M/170M [13:56<09:37, 126kB/s]
 58%|█████▊    | 98.0M/170M [13:56<09:27, 128kB/s]
 58%|█████▊    | 98.1M/170M [13:56<09:21, 129kB/s]
 58%|█████▊    | 98.1M/170M [13:57<09:17, 130kB/s]
 58%|█████▊    | 98.1M/170M [13:57<09:14, 131kB/s]
 58%|█████▊    | 98.2M/170M [13:57<09:11, 131kB/s]
 58%|█████▊    | 98.2M/170M [13:57<09:10, 131kB/s]
 58%|█████▊    | 98.2M/170M [13:58<09:09, 131kB/s]
 58%|█████▊    | 98.3M/170M [13:58<09:44, 123kB/s]
 58%|█████▊    | 98.3M/170M [13:58<09:43, 124kB/s]
 58%|█████▊    | 98.3M/170M [13:58<09:41, 124kB/s]
 58%|█████▊    | 98.4M/170M [13:59<09:11, 131kB/s]
 58%|█████▊    | 98.4M/170M [13:59<09:09, 131kB/s]
 58%|█████▊    | 98.4M/170M [13:59<09:53, 121kB/s]
 58%|█████▊    | 98.5M/170M [14:00<09:46, 123kB/s]
 58%|█████▊    | 98.5M/170M [14:00<08:59, 133kB/s]
 58%|█████▊    | 98.5M/170M [14:00<08:44, 137kB/s]
 58%|█████▊    | 98.6M/170M [14:00<08:51, 135kB/s]
 58%|█████▊    | 98.6M/170M [14:01<09:40, 124kB/s]
 58%|█████▊    | 98.6M/170M [14:01<10:19, 116kB/s]
 58%|█████▊    | 98.7M/170M [14:01<09:28, 126kB/s]
 58%|█████▊    | 98.7M/170M [14:01<09:59, 120kB/s]
 58%|█████▊    | 98.7M/170M [14:02<10:27, 114kB/s]
 58%|█████▊    | 98.8M/170M [14:02<10:04, 119kB/s]
 58%|█████▊    | 98.8M/170M [14:02<09:07, 131kB/s]
 58%|█████▊    | 98.8M/170M [14:02<08:22, 143kB/s]
 58%|█████▊    | 98.9M/170M [14:02<08:11, 146kB/s]
 58%|█████▊    | 98.9M/170M [14:03<08:32, 140kB/s]
 58%|█████▊    | 98.9M/170M [14:03<08:48, 135kB/s]
 58%|█████▊    | 99.0M/170M [14:03<08:57, 133kB/s]
 58%|█████▊    | 99.0M/170M [14:04<09:45, 122kB/s]
 58%|█████▊    | 99.0M/170M [14:04<09:39, 123kB/s]
 58%|█████▊    | 99.1M/170M [14:04<09:34, 124kB/s]
 58%|█████▊    | 99.1M/170M [14:04<09:32, 125kB/s]
 58%|█████▊    | 99.1M/170M [14:05<09:27, 126kB/s]
 58%|█████▊    | 99.2M/170M [14:05<09:27, 126kB/s]
 58%|█████▊    | 99.2M/170M [14:05<09:27, 126kB/s]
 58%|█████▊    | 99.2M/170M [14:05<09:27, 126kB/s]
 58%|█████▊    | 99.3M/170M [14:06<09:27, 125kB/s]
 58%|█████▊    | 99.3M/170M [14:06<09:28, 125kB/s]
 58%|█████▊    | 99.3M/170M [14:06<09:29, 125kB/s]
 58%|█████▊    | 99.4M/170M [14:07<10:12, 116kB/s]
 58%|█████▊    | 99.4M/170M [14:07<09:59, 119kB/s]
 58%|█████▊    | 99.4M/170M [14:07<09:48, 121kB/s]
 58%|█████▊    | 99.5M/170M [14:07<09:41, 122kB/s]
 58%|█████▊    | 99.5M/170M [14:08<09:36, 123kB/s]
 58%|█████▊    | 99.5M/170M [14:08<09:32, 124kB/s]
 58%|█████▊    | 99.5M/170M [14:08<10:07, 117kB/s]
 58%|█████▊    | 99.6M/170M [14:09<12:16, 96.3kB/s]
 58%|█████▊    | 99.6M/170M [14:09<12:01, 98.3kB/s]
 58%|█████▊    | 99.6M/170M [14:09<10:36, 111kB/s] 
 58%|█████▊    | 99.7M/170M [14:09<09:35, 123kB/s]
 58%|█████▊    | 99.7M/170M [14:09<08:09, 145kB/s]
 59%|█████▊    | 99.7M/170M [14:10<08:22, 141kB/s]
 59%|█████▊    | 99.8M/170M [14:10<08:43, 135kB/s]
 59%|█████▊    | 99.8M/170M [14:10<08:55, 132kB/s]
 59%|█████▊    | 99.8M/170M [14:11<10:21, 114kB/s]
 59%|█████▊    | 99.9M/170M [14:11<09:58, 118kB/s]
 59%|█████▊    | 99.9M/170M [14:11<09:03, 130kB/s]
 59%|█████▊    | 99.9M/170M [14:11<08:48, 134kB/s]
 59%|█████▊    | 100M/170M [14:12<08:57, 131kB/s] 
 59%|█████▊    | 100M/170M [14:12<09:43, 121kB/s]
 59%|█████▊    | 100M/170M [14:12<11:02, 106kB/s]
 59%|█████▊    | 100M/170M [14:13<10:35, 111kB/s]
 59%|█████▊    | 100M/170M [14:13<10:16, 114kB/s]
 59%|█████▊    | 100M/170M [14:13<12:53, 90.9kB/s]
 59%|█████▉    | 100M/170M [14:14<11:54, 98.5kB/s]
 59%|█████▉    | 100M/170M [14:14<10:29, 112kB/s] 
 59%|█████▉    | 100M/170M [14:14<09:24, 124kB/s]
 59%|█████▉    | 100M/170M [14:14<08:08, 144kB/s]
 59%|█████▉    | 100M/170M [14:14<07:05, 165kB/s]
 59%|█████▉    | 100M/170M [14:15<07:44, 151kB/s]
 59%|█████▉    | 100M/170M [14:15<09:41, 121kB/s]
 59%|█████▉    | 100M/170M [14:15<10:00, 117kB/s]
 59%|█████▉    | 100M/170M [14:15<09:07, 128kB/s]
 59%|█████▉    | 100M/170M [14:16<08:46, 133kB/s]
 59%|█████▉    | 100M/170M [14:16<08:59, 130kB/s]
 59%|█████▉    | 101M/170M [14:16<09:09, 127kB/s]
 59%|█████▉    | 101M/170M [14:17<10:26, 112kB/s]
 59%|█████▉    | 101M/170M [14:17<10:02, 116kB/s]
 59%|█████▉    | 101M/170M [14:17<09:08, 127kB/s]
 59%|█████▉    | 101M/170M [14:17<08:52, 131kB/s]
 59%|█████▉    | 101M/170M [14:18<10:56, 106kB/s]
 59%|█████▉    | 101M/170M [14:18<10:22, 112kB/s]
 59%|█████▉    | 101M/170M [14:18<09:20, 124kB/s]
 59%|█████▉    | 101M/170M [14:18<09:02, 129kB/s]
 59%|█████▉    | 101M/170M [14:19<09:09, 127kB/s]
 59%|█████▉    | 101M/170M [14:19<09:13, 126kB/s]
 59%|█████▉    | 101M/170M [14:19<09:51, 118kB/s]
 59%|█████▉    | 101M/170M [14:20<10:26, 111kB/s]
 59%|█████▉    | 101M/170M [14:20<09:52, 117kB/s]
 59%|█████▉    | 101M/170M [14:20<08:58, 129kB/s]
 59%|█████▉    | 101M/170M [14:20<08:44, 132kB/s]
 59%|█████▉    | 101M/170M [14:21<10:46, 107kB/s]
 59%|█████▉    | 101M/170M [14:21<10:15, 113kB/s]
 59%|█████▉    | 101M/170M [14:21<09:14, 125kB/s]
 59%|█████▉    | 101M/170M [14:21<08:57, 129kB/s]
 59%|█████▉    | 101M/170M [14:22<09:05, 127kB/s]
 59%|█████▉    | 101M/170M [14:22<09:10, 126kB/s]
 59%|█████▉    | 101M/170M [14:22<10:24, 111kB/s]
 59%|█████▉    | 101M/170M [14:23<10:01, 115kB/s]
 59%|█████▉    | 101M/170M [14:23<09:04, 127kB/s]
 59%|█████▉    | 101M/170M [14:23<08:47, 131kB/s]
 59%|█████▉    | 101M/170M [14:24<12:09, 94.8kB/s]
 59%|█████▉    | 101M/170M [14:24<11:15, 102kB/s] 
 60%|█████▉    | 101M/170M [14:24<09:55, 116kB/s]
 60%|█████▉    | 101M/170M [14:24<08:44, 132kB/s]
 60%|█████▉    | 102M/170M [14:24<08:13, 140kB/s]
 60%|█████▉    | 102M/170M [14:25<08:33, 134kB/s]
 60%|█████▉    | 102M/170M [14:25<08:45, 131kB/s]
 60%|█████▉    | 102M/170M [14:25<08:55, 129kB/s]
 60%|█████▉    | 102M/170M [14:25<09:01, 127kB/s]
 60%|█████▉    | 102M/170M [14:26<09:05, 126kB/s]
 60%|█████▉    | 102M/170M [14:26<09:08, 125kB/s]
 60%|█████▉    | 102M/170M [14:26<09:50, 116kB/s]
 60%|█████▉    | 102M/170M [14:27<09:37, 119kB/s]
 60%|█████▉    | 102M/170M [14:27<10:17, 111kB/s]
 60%|█████▉    | 102M/170M [14:27<09:55, 115kB/s]
 60%|█████▉    | 102M/170M [14:27<09:39, 118kB/s]
 60%|█████▉    | 102M/170M [14:28<08:49, 129kB/s]
 60%|█████▉    | 102M/170M [14:28<09:29, 120kB/s]
 60%|█████▉    | 102M/170M [14:28<09:57, 115kB/s]
 60%|█████▉    | 102M/170M [14:28<09:04, 126kB/s]
 60%|█████▉    | 102M/170M [14:29<08:39, 132kB/s]
 60%|█████▉    | 102M/170M [14:29<10:03, 113kB/s]
 60%|█████▉    | 102M/170M [14:29<11:05, 103kB/s]
 60%|█████▉    | 102M/170M [14:30<11:46, 96.8kB/s]
 60%|█████▉    | 102M/170M [14:30<10:21, 110kB/s] 
 60%|█████▉    | 102M/170M [14:30<09:13, 123kB/s]
 60%|█████▉    | 102M/170M [14:30<07:52, 144kB/s]
 60%|█████▉    | 102M/170M [14:31<09:17, 122kB/s]
 60%|██████    | 102M/170M [14:31<08:40, 131kB/s]
 60%|██████    | 102M/170M [14:31<09:58, 114kB/s]
 60%|██████    | 102M/170M [14:32<09:42, 117kB/s]
 60%|██████    | 102M/170M [14:32<08:50, 128kB/s]
 60%|██████    | 102M/170M [14:32<10:08, 112kB/s]
 60%|██████    | 102M/170M [14:32<09:06, 125kB/s]
 60%|██████    | 102M/170M [14:33<09:59, 113kB/s]
 60%|██████    | 103M/170M [14:33<11:01, 103kB/s]
 60%|██████    | 103M/170M [14:33<10:23, 109kB/s]
 60%|██████    | 103M/170M [14:34<09:22, 121kB/s]
 60%|██████    | 103M/170M [14:34<08:03, 140kB/s]
 60%|██████    | 103M/170M [14:34<08:15, 137kB/s]
 60%|██████    | 103M/170M [14:34<09:50, 115kB/s]
 60%|██████    | 103M/170M [14:35<09:13, 122kB/s]
 60%|██████    | 103M/170M [14:35<09:59, 113kB/s]
 60%|██████    | 103M/170M [14:35<09:05, 124kB/s]
 60%|██████    | 103M/170M [14:36<10:39, 106kB/s]
 60%|██████    | 103M/170M [14:36<13:43, 82.2kB/s]
 60%|██████    | 103M/170M [14:36<13:06, 86.0kB/s]
 60%|██████    | 103M/170M [14:37<11:23, 98.9kB/s]
 60%|██████    | 103M/170M [14:37<10:00, 112kB/s] 
 60%|██████    | 103M/170M [14:37<08:33, 131kB/s]
 60%|██████    | 103M/170M [14:37<07:50, 143kB/s]
 60%|██████    | 103M/170M [14:38<07:45, 145kB/s]
 60%|██████    | 103M/170M [14:38<08:39, 130kB/s]
 61%|██████    | 103M/170M [14:38<08:42, 129kB/s]
 61%|██████    | 103M/170M [14:38<08:08, 138kB/s]
 61%|██████    | 103M/170M [14:39<08:47, 128kB/s]
 61%|██████    | 103M/170M [14:39<08:26, 133kB/s]
 61%|██████    | 103M/170M [14:39<09:21, 120kB/s]
 61%|██████    | 103M/170M [14:40<12:37, 88.7kB/s]
 61%|██████    | 103M/170M [14:40<12:17, 91.0kB/s]
 61%|██████    | 103M/170M [14:41<11:20, 98.6kB/s]
 61%|██████    | 103M/170M [14:41<10:01, 112kB/s] 
 61%|██████    | 103M/170M [14:41<09:02, 124kB/s]
 61%|██████    | 103M/170M [14:41<07:45, 144kB/s]
 61%|██████    | 104M/170M [14:41<06:46, 165kB/s]
 61%|██████    | 104M/170M [14:42<08:42, 128kB/s]
 61%|██████    | 104M/170M [14:42<08:03, 138kB/s]
 61%|██████    | 104M/170M [14:42<09:19, 120kB/s]
 61%|██████    | 104M/170M [14:42<09:19, 120kB/s]
 61%|██████    | 104M/170M [14:43<08:47, 127kB/s]
 61%|██████    | 104M/170M [14:43<07:57, 140kB/s]
 61%|██████    | 104M/170M [14:43<09:27, 118kB/s]
 61%|██████    | 104M/170M [14:44<10:31, 106kB/s]
 61%|██████    | 104M/170M [14:44<09:25, 118kB/s]
 61%|██████    | 104M/170M [14:44<08:37, 129kB/s]
 61%|██████    | 104M/170M [14:44<08:54, 125kB/s]
 61%|██████    | 104M/170M [14:44<08:30, 130kB/s]
 61%|██████    | 104M/170M [14:45<08:38, 128kB/s]
 61%|██████    | 104M/170M [14:45<09:25, 118kB/s]
 61%|██████    | 104M/170M [14:45<09:17, 119kB/s]
 61%|██████    | 104M/170M [14:46<08:34, 129kB/s]
 61%|██████    | 104M/170M [14:46<08:34, 129kB/s]
 61%|██████    | 104M/170M [14:46<08:37, 128kB/s]
 61%|██████    | 104M/170M [14:46<09:23, 118kB/s]
 61%|██████    | 104M/170M [14:47<10:25, 106kB/s]
 61%|██████    | 104M/170M [14:47<09:21, 118kB/s]
 61%|██████    | 104M/170M [14:47<09:25, 117kB/s]
 61%|██████    | 104M/170M [14:48<09:52, 112kB/s]
 61%|██████    | 104M/170M [14:48<10:47, 102kB/s]
 61%|██████    | 104M/170M [14:48<10:07, 109kB/s]
 61%|██████    | 104M/170M [14:48<08:30, 130kB/s]
 61%|██████    | 104M/170M [14:49<07:51, 140kB/s]
 61%|██████▏   | 104M/170M [14:49<07:48, 141kB/s]
 61%|██████▏   | 104M/170M [14:49<09:33, 115kB/s]
 61%|██████▏   | 104M/170M [14:50<10:30, 105kB/s]
 61%|██████▏   | 105M/170M [14:50<09:25, 117kB/s]
 61%|██████▏   | 105M/170M [14:50<08:31, 129kB/s]
 61%|██████▏   | 105M/170M [14:50<07:48, 141kB/s]
 61%|██████▏   | 105M/170M [14:50<07:51, 140kB/s]
 61%|██████▏   | 105M/170M [14:51<07:28, 147kB/s]
 61%|██████▏   | 105M/170M [14:51<08:29, 129kB/s]
 61%|██████▏   | 105M/170M [14:51<09:05, 121kB/s]
 61%|██████▏   | 105M/170M [14:51<08:23, 131kB/s]
 61%|██████▏   | 105M/170M [14:52<08:46, 125kB/s]
 61%|██████▏   | 105M/170M [14:52<08:08, 134kB/s]
 62%|██████▏   | 105M/170M [14:52<07:59, 137kB/s]
 62%|██████▏   | 105M/170M [14:52<08:46, 125kB/s]
 62%|██████▏   | 105M/170M [14:53<08:08, 134kB/s]
 62%|██████▏   | 105M/170M [14:53<09:57, 110kB/s]
 62%|██████▏   | 105M/170M [14:53<09:49, 111kB/s]
 62%|██████▏   | 105M/170M [14:54<08:49, 124kB/s]
 62%|██████▏   | 105M/170M [14:54<08:06, 135kB/s]
 62%|██████▏   | 105M/170M [14:54<07:22, 148kB/s]
 62%|██████▏   | 105M/170M [14:54<07:54, 138kB/s]
 62%|██████▏   | 105M/170M [14:55<08:58, 121kB/s]
 62%|██████▏   | 105M/170M [14:55<08:45, 124kB/s]
 62%|██████▏   | 105M/170M [14:55<07:53, 138kB/s]
 62%|██████▏   | 105M/170M [14:55<09:12, 118kB/s]
 62%|██████▏   | 105M/170M [14:56<08:19, 131kB/s]
 62%|██████▏   | 105M/170M [14:56<08:44, 124kB/s]
 62%|██████▏   | 105M/170M [14:56<07:59, 136kB/s]
 62%|██████▏   | 105M/170M [14:56<08:16, 131kB/s]
 62%|██████▏   | 105M/170M [14:57<08:19, 130kB/s]
 62%|██████▏   | 105M/170M [14:57<08:14, 132kB/s]
 62%|██████▏   | 105M/170M [14:57<08:58, 121kB/s]
 62%|██████▏   | 106M/170M [14:57<09:24, 115kB/s]
 62%|██████▏   | 106M/170M [14:58<08:33, 126kB/s]
 62%|██████▏   | 106M/170M [14:58<09:03, 120kB/s]
 62%|██████▏   | 106M/170M [14:58<08:24, 129kB/s]
 62%|██████▏   | 106M/170M [14:58<08:50, 122kB/s]
 62%|██████▏   | 106M/170M [14:59<08:45, 123kB/s]
 62%|██████▏   | 106M/170M [14:59<08:44, 123kB/s]
 62%|██████▏   | 106M/170M [14:59<09:07, 118kB/s]
 62%|██████▏   | 106M/170M [14:59<08:21, 129kB/s]
 62%|██████▏   | 106M/170M [15:00<08:20, 129kB/s]
 62%|██████▏   | 106M/170M [15:00<08:55, 121kB/s]
 62%|██████▏   | 106M/170M [15:00<08:44, 123kB/s]
 62%|██████▏   | 106M/170M [15:01<09:07, 118kB/s]
 62%|██████▏   | 106M/170M [15:01<09:23, 115kB/s]
 62%|██████▏   | 106M/170M [15:01<09:18, 116kB/s]
 62%|██████▏   | 106M/170M [15:01<09:06, 118kB/s]
 62%|██████▏   | 106M/170M [15:02<08:55, 120kB/s]
 62%|██████▏   | 106M/170M [15:02<10:37, 101kB/s]
 62%|██████▏   | 106M/170M [15:03<11:55, 90.0kB/s]
 62%|██████▏   | 106M/170M [15:03<12:14, 87.7kB/s]
 62%|██████▏   | 106M/170M [15:03<11:40, 91.8kB/s]
 62%|██████▏   | 106M/170M [15:04<10:02, 107kB/s] 
 62%|██████▏   | 106M/170M [15:04<08:16, 130kB/s]
 62%|██████▏   | 106M/170M [15:04<07:01, 153kB/s]
 62%|██████▏   | 106M/170M [15:04<06:39, 161kB/s]
 62%|██████▏   | 106M/170M [15:04<07:04, 151kB/s]
 62%|██████▏   | 106M/170M [15:04<07:24, 144kB/s]
 62%|██████▏   | 106M/170M [15:05<07:35, 141kB/s]
 62%|██████▏   | 106M/170M [15:05<07:44, 138kB/s]
 62%|██████▏   | 106M/170M [15:05<07:50, 136kB/s]
 62%|██████▏   | 106M/170M [15:05<07:53, 135kB/s]
 62%|██████▏   | 107M/170M [15:06<08:29, 125kB/s]
 63%|██████▎   | 107M/170M [15:06<08:21, 128kB/s]
 63%|██████▎   | 107M/170M [15:06<08:15, 129kB/s]
 63%|██████▎   | 107M/170M [15:06<08:11, 130kB/s]
 63%|██████▎   | 107M/170M [15:07<08:07, 131kB/s]
 63%|██████▎   | 107M/170M [15:07<08:05, 131kB/s]
 63%|██████▎   | 107M/170M [15:07<08:02, 132kB/s]
 63%|██████▎   | 107M/170M [15:07<08:01, 132kB/s]
 63%|██████▎   | 107M/170M [15:08<08:00, 133kB/s]
 63%|██████▎   | 107M/170M [15:08<07:59, 133kB/s]
 63%|██████▎   | 107M/170M [15:08<08:33, 124kB/s]
 63%|██████▎   | 107M/170M [15:09<08:22, 127kB/s]
 63%|██████▎   | 107M/170M [15:09<08:13, 129kB/s]
 63%|██████▎   | 107M/170M [15:09<08:08, 130kB/s]
 63%|██████▎   | 107M/170M [15:09<08:05, 131kB/s]
 63%|██████▎   | 107M/170M [15:09<08:01, 132kB/s]
 63%|██████▎   | 107M/170M [15:10<07:58, 132kB/s]
 63%|██████▎   | 107M/170M [15:10<07:56, 133kB/s]
 63%|██████▎   | 107M/170M [15:10<07:54, 134kB/s]
 63%|██████▎   | 107M/170M [15:10<07:53, 134kB/s]
 63%|██████▎   | 107M/170M [15:11<08:27, 125kB/s]
 63%|██████▎   | 107M/170M [15:11<08:20, 126kB/s]
 63%|██████▎   | 107M/170M [15:11<08:11, 129kB/s]
 63%|██████▎   | 107M/170M [15:12<08:06, 130kB/s]
 63%|██████▎   | 107M/170M [15:12<08:01, 131kB/s]
 63%|██████▎   | 107M/170M [15:12<08:00, 132kB/s]
 63%|██████▎   | 107M/170M [15:12<07:57, 132kB/s]
 63%|██████▎   | 107M/170M [15:12<07:54, 133kB/s]
 63%|██████▎   | 107M/170M [15:13<07:50, 134kB/s]
 63%|██████▎   | 107M/170M [15:13<07:49, 134kB/s]
 63%|██████▎   | 108M/170M [15:13<07:47, 135kB/s]
 63%|██████▎   | 108M/170M [15:14<08:18, 126kB/s]
 63%|██████▎   | 108M/170M [15:14<08:08, 129kB/s]
 63%|██████▎   | 108M/170M [15:14<07:56, 132kB/s]
 63%|██████▎   | 108M/170M [15:14<07:51, 133kB/s]
 63%|██████▎   | 108M/170M [15:14<07:46, 135kB/s]
 63%|██████▎   | 108M/170M [15:15<07:43, 135kB/s]
 63%|██████▎   | 108M/170M [15:15<07:41, 136kB/s]
 63%|██████▎   | 108M/170M [15:15<07:39, 136kB/s]
 63%|██████▎   | 108M/170M [15:15<07:37, 137kB/s]
 63%|██████▎   | 108M/170M [15:16<07:36, 137kB/s]
 63%|██████▎   | 108M/170M [15:16<08:08, 128kB/s]
 63%|██████▎   | 108M/170M [15:16<07:58, 131kB/s]
 63%|██████▎   | 108M/170M [15:16<07:50, 133kB/s]
 63%|██████▎   | 108M/170M [15:17<07:45, 134kB/s]
 63%|██████▎   | 108M/170M [15:17<07:41, 135kB/s]
 63%|██████▎   | 108M/170M [15:17<07:38, 136kB/s]
 63%|██████▎   | 108M/170M [15:17<07:38, 136kB/s]
 63%|██████▎   | 108M/170M [15:18<07:36, 137kB/s]
 63%|██████▎   | 108M/170M [15:18<07:33, 137kB/s]
 63%|██████▎   | 108M/170M [15:18<07:34, 137kB/s]
 63%|██████▎   | 108M/170M [15:18<07:32, 138kB/s]
 63%|██████▎   | 108M/170M [15:19<08:05, 128kB/s]
 63%|██████▎   | 108M/170M [15:19<07:53, 132kB/s]
 64%|██████▎   | 108M/170M [15:19<07:46, 133kB/s]
 64%|██████▎   | 108M/170M [15:19<07:40, 135kB/s]
 64%|██████▎   | 108M/170M [15:20<07:36, 136kB/s]
 64%|██████▎   | 108M/170M [15:20<07:34, 137kB/s]
 64%|██████▎   | 108M/170M [15:20<07:33, 137kB/s]
 64%|██████▎   | 108M/170M [15:20<07:31, 137kB/s]
 64%|██████▎   | 108M/170M [15:21<07:31, 137kB/s]
 64%|██████▎   | 109M/170M [15:21<07:29, 138kB/s]
 64%|██████▎   | 109M/170M [15:21<08:02, 128kB/s]
 64%|██████▎   | 109M/170M [15:21<07:53, 131kB/s]
 64%|██████▎   | 109M/170M [15:22<07:43, 133kB/s]
 64%|██████▎   | 109M/170M [15:22<07:36, 135kB/s]
 64%|██████▎   | 109M/170M [15:22<07:33, 136kB/s]
 64%|██████▍   | 109M/170M [15:22<07:28, 138kB/s]
 64%|██████▍   | 109M/170M [15:22<07:27, 138kB/s]
 64%|██████▍   | 109M/170M [15:23<07:25, 139kB/s]
 64%|██████▍   | 109M/170M [15:23<07:24, 139kB/s]
 64%|██████▍   | 109M/170M [15:23<07:23, 139kB/s]
 64%|██████▍   | 109M/170M [15:23<07:56, 129kB/s]
 64%|██████▍   | 109M/170M [15:24<07:45, 132kB/s]
 64%|██████▍   | 109M/170M [15:24<07:37, 134kB/s]
 64%|██████▍   | 109M/170M [15:24<07:32, 136kB/s]
 64%|██████▍   | 109M/170M [15:24<07:26, 138kB/s]
 64%|██████▍   | 109M/170M [15:25<07:24, 138kB/s]
 64%|██████▍   | 109M/170M [15:25<07:21, 139kB/s]
 64%|██████▍   | 109M/170M [15:25<07:20, 139kB/s]
 64%|██████▍   | 109M/170M [15:25<07:19, 140kB/s]
 64%|██████▍   | 109M/170M [15:26<07:18, 140kB/s]
 64%|██████▍   | 109M/170M [15:26<07:16, 140kB/s]
 64%|██████▍   | 109M/170M [15:26<07:48, 131kB/s]
 64%|██████▍   | 109M/170M [15:26<07:37, 134kB/s]
 64%|██████▍   | 109M/170M [15:27<07:27, 137kB/s]
 64%|██████▍   | 109M/170M [15:27<07:23, 138kB/s]
 64%|██████▍   | 109M/170M [15:27<07:16, 140kB/s]
 64%|██████▍   | 109M/170M [15:27<07:11, 142kB/s]
 64%|██████▍   | 109M/170M [15:27<07:08, 143kB/s]
 64%|██████▍   | 109M/170M [15:28<07:05, 143kB/s]
 64%|██████▍   | 110M/170M [15:28<07:02, 144kB/s]
 64%|██████▍   | 110M/170M [15:28<07:01, 145kB/s]
 64%|██████▍   | 110M/170M [15:28<07:30, 135kB/s]
 64%|██████▍   | 110M/170M [15:29<07:21, 138kB/s]
 64%|██████▍   | 110M/170M [15:29<07:12, 141kB/s]
 64%|██████▍   | 110M/170M [15:29<07:08, 142kB/s]
 64%|██████▍   | 110M/170M [15:29<07:03, 144kB/s]
 64%|██████▍   | 110M/170M [15:30<06:58, 145kB/s]
 64%|██████▍   | 110M/170M [15:30<06:55, 146kB/s]
 64%|██████▍   | 110M/170M [15:30<06:53, 147kB/s]
 64%|██████▍   | 110M/170M [15:30<06:52, 147kB/s]
 64%|██████▍   | 110M/170M [15:30<06:50, 148kB/s]
 64%|██████▍   | 110M/170M [15:31<06:51, 147kB/s]
 64%|██████▍   | 110M/170M [15:31<07:20, 137kB/s]
 64%|██████▍   | 110M/170M [15:31<07:10, 141kB/s]
 65%|██████▍   | 110M/170M [15:31<07:03, 143kB/s]
 65%|██████▍   | 110M/170M [15:32<06:59, 144kB/s]
 65%|██████▍   | 110M/170M [15:32<06:54, 146kB/s]
 65%|██████▍   | 110M/170M [15:32<06:51, 147kB/s]
 65%|██████▍   | 110M/170M [15:32<06:50, 147kB/s]
 65%|██████▍   | 110M/170M [15:32<06:48, 148kB/s]
 65%|██████▍   | 110M/170M [15:33<06:46, 148kB/s]
 65%|██████▍   | 110M/170M [15:33<06:46, 148kB/s]
 65%|██████▍   | 110M/170M [15:33<07:16, 138kB/s]
 65%|██████▍   | 110M/170M [15:33<07:06, 141kB/s]
 65%|██████▍   | 110M/170M [15:34<07:00, 143kB/s]
 65%|██████▍   | 110M/170M [15:34<06:55, 145kB/s]
 65%|██████▍   | 110M/170M [15:34<06:50, 146kB/s]
 65%|██████▍   | 110M/170M [15:34<06:47, 147kB/s]
 65%|██████▍   | 110M/170M [15:34<06:47, 147kB/s]
 65%|██████▍   | 110M/170M [15:35<06:45, 148kB/s]
 65%|██████▍   | 111M/170M [15:35<06:42, 149kB/s]
 65%|██████▍   | 111M/170M [15:35<06:44, 148kB/s]
 65%|██████▍   | 111M/170M [15:35<06:44, 148kB/s]
 65%|██████▍   | 111M/170M [15:36<07:14, 138kB/s]
 65%|██████▍   | 111M/170M [15:36<07:04, 141kB/s]
 65%|██████▍   | 111M/170M [15:36<06:59, 142kB/s]
 65%|██████▍   | 111M/170M [15:36<06:51, 145kB/s]
 65%|██████▍   | 111M/170M [15:37<06:50, 146kB/s]
 65%|██████▍   | 111M/170M [15:37<06:47, 147kB/s]
 65%|██████▍   | 111M/170M [15:37<06:44, 147kB/s]
 65%|██████▌   | 111M/170M [15:37<06:42, 148kB/s]
 65%|██████▌   | 111M/170M [15:37<06:43, 148kB/s]
 65%|██████▌   | 111M/170M [15:38<06:40, 149kB/s]
 65%|██████▌   | 111M/170M [15:38<07:08, 139kB/s]
 65%|██████▌   | 111M/170M [15:38<06:59, 142kB/s]
 65%|██████▌   | 111M/170M [15:38<06:54, 144kB/s]
 65%|██████▌   | 111M/170M [15:39<06:50, 145kB/s]
 65%|██████▌   | 111M/170M [15:39<06:45, 146kB/s]
 65%|██████▌   | 111M/170M [15:39<06:43, 147kB/s]
 65%|██████▌   | 111M/170M [15:39<06:42, 147kB/s]
 65%|██████▌   | 111M/170M [15:39<06:41, 148kB/s]
 65%|██████▌   | 111M/170M [15:40<06:38, 149kB/s]
 65%|██████▌   | 111M/170M [15:40<06:39, 148kB/s]
 65%|██████▌   | 111M/170M [15:40<07:08, 138kB/s]
 65%|██████▌   | 111M/170M [15:40<06:56, 142kB/s]
 65%|██████▌   | 111M/170M [15:41<06:50, 144kB/s]
 65%|██████▌   | 111M/170M [15:41<06:45, 146kB/s]
 65%|██████▌   | 111M/170M [15:41<06:38, 148kB/s]
 65%|██████▌   | 111M/170M [15:41<06:38, 148kB/s]
 65%|██████▌   | 111M/170M [15:41<06:38, 148kB/s]
 65%|██████▌   | 112M/170M [15:42<06:36, 149kB/s]
 65%|██████▌   | 112M/170M [15:42<06:36, 149kB/s]
 65%|██████▌   | 112M/170M [15:42<06:36, 149kB/s]
 65%|██████▌   | 112M/170M [15:42<06:35, 149kB/s]
 65%|██████▌   | 112M/170M [15:43<07:04, 139kB/s]
 65%|██████▌   | 112M/170M [15:43<06:54, 142kB/s]
 66%|██████▌   | 112M/170M [15:43<06:52, 143kB/s]
 66%|██████▌   | 112M/170M [15:43<06:43, 146kB/s]
 66%|██████▌   | 112M/170M [15:43<06:37, 148kB/s]
 66%|██████▌   | 112M/170M [15:44<06:40, 147kB/s]
 66%|██████▌   | 112M/170M [15:44<06:32, 149kB/s]
 66%|██████▌   | 112M/170M [15:44<06:35, 148kB/s]
 66%|██████▌   | 112M/170M [15:44<06:30, 150kB/s]
 66%|██████▌   | 112M/170M [15:45<06:30, 150kB/s]
 66%|██████▌   | 112M/170M [15:45<06:58, 140kB/s]
 66%|██████▌   | 112M/170M [15:45<06:47, 144kB/s]
 66%|██████▌   | 112M/170M [15:45<06:42, 145kB/s]
 66%|██████▌   | 112M/170M [15:46<06:39, 146kB/s]
 66%|██████▌   | 112M/170M [15:46<06:37, 147kB/s]
 66%|██████▌   | 112M/170M [15:46<06:32, 149kB/s]
 66%|██████▌   | 112M/170M [15:46<06:33, 148kB/s]
 66%|██████▌   | 112M/170M [15:46<06:30, 149kB/s]
 66%|██████▌   | 112M/170M [15:47<06:31, 149kB/s]
 66%|██████▌   | 112M/170M [15:47<06:31, 149kB/s]
 66%|██████▌   | 112M/170M [15:47<06:34, 148kB/s]
 66%|██████▌   | 112M/170M [15:47<07:00, 138kB/s]
 66%|██████▌   | 112M/170M [15:48<06:50, 141kB/s]
 66%|██████▌   | 112M/170M [15:48<06:46, 143kB/s]
 66%|██████▌   | 112M/170M [15:48<06:42, 144kB/s]
 66%|██████▌   | 112M/170M [15:48<06:38, 146kB/s]
 66%|██████▌   | 112M/170M [15:48<06:37, 146kB/s]
 66%|██████▌   | 113M/170M [15:49<06:35, 147kB/s]
 66%|██████▌   | 113M/170M [15:49<06:33, 147kB/s]
 66%|██████▌   | 113M/170M [15:49<06:32, 147kB/s]
 66%|██████▌   | 113M/170M [15:49<06:32, 148kB/s]
 66%|██████▌   | 113M/170M [15:50<07:01, 137kB/s]
 66%|██████▌   | 113M/170M [15:50<06:51, 141kB/s]
 66%|██████▌   | 113M/170M [15:50<06:45, 142kB/s]
 66%|██████▌   | 113M/170M [15:50<06:41, 144kB/s]
 66%|██████▌   | 113M/170M [15:50<06:37, 145kB/s]
 66%|██████▌   | 113M/170M [15:51<06:35, 146kB/s]
 66%|██████▌   | 113M/170M [15:51<06:34, 146kB/s]
 66%|██████▌   | 113M/170M [15:51<06:32, 147kB/s]
 66%|██████▌   | 113M/170M [15:51<06:31, 147kB/s]
 66%|██████▌   | 113M/170M [15:52<06:30, 147kB/s]
 66%|██████▋   | 113M/170M [15:52<06:59, 137kB/s]
 66%|██████▋   | 113M/170M [15:52<06:50, 140kB/s]
 66%|██████▋   | 113M/170M [15:52<06:41, 143kB/s]
 66%|██████▋   | 113M/170M [15:53<06:39, 144kB/s]
 66%|██████▋   | 113M/170M [15:53<06:34, 145kB/s]
 66%|██████▋   | 113M/170M [15:53<06:33, 146kB/s]
 66%|██████▋   | 113M/170M [15:53<06:30, 147kB/s]
 66%|██████▋   | 113M/170M [15:53<06:28, 147kB/s]
 66%|██████▋   | 113M/170M [15:54<06:28, 147kB/s]
 66%|██████▋   | 113M/170M [15:54<06:28, 147kB/s]
 66%|██████▋   | 113M/170M [15:54<06:28, 147kB/s]
 66%|██████▋   | 113M/170M [15:54<06:55, 138kB/s]
 66%|██████▋   | 113M/170M [15:55<06:47, 140kB/s]
 67%|██████▋   | 113M/170M [15:55<06:39, 143kB/s]
 67%|██████▋   | 113M/170M [15:55<06:35, 144kB/s]
 67%|██████▋   | 113M/170M [15:55<06:31, 145kB/s]
 67%|██████▋   | 114M/170M [15:55<06:28, 147kB/s]
 67%|██████▋   | 114M/170M [15:56<06:27, 147kB/s]
 67%|██████▋   | 114M/170M [15:56<06:26, 147kB/s]
 67%|██████▋   | 114M/170M [15:56<06:24, 148kB/s]
 67%|██████▋   | 114M/170M [15:56<06:23, 148kB/s]
 67%|██████▋   | 114M/170M [15:57<06:51, 138kB/s]
 67%|██████▋   | 114M/170M [15:57<06:41, 141kB/s]
 67%|██████▋   | 114M/170M [15:57<06:38, 142kB/s]
 67%|██████▋   | 114M/170M [15:57<06:32, 144kB/s]
 67%|██████▋   | 114M/170M [15:58<06:28, 146kB/s]
 67%|██████▋   | 114M/170M [15:58<06:28, 146kB/s]
 67%|██████▋   | 114M/170M [15:58<06:26, 146kB/s]
 67%|██████▋   | 114M/170M [15:58<06:25, 147kB/s]
 67%|██████▋   | 114M/170M [15:58<06:24, 147kB/s]
 67%|██████▋   | 114M/170M [15:59<06:25, 147kB/s]
 67%|██████▋   | 114M/170M [15:59<06:24, 147kB/s]
 67%|██████▋   | 114M/170M [15:59<06:54, 136kB/s]
 67%|██████▋   | 114M/170M [15:59<06:44, 139kB/s]
 67%|██████▋   | 114M/170M [16:00<06:38, 142kB/s]
 67%|██████▋   | 114M/170M [16:00<06:35, 143kB/s]
 67%|██████▋   | 114M/170M [16:00<06:33, 143kB/s]
 67%|██████▋   | 114M/170M [16:00<06:27, 145kB/s]
 67%|██████▋   | 114M/170M [16:00<06:29, 144kB/s]
 67%|██████▋   | 114M/170M [16:01<06:26, 145kB/s]
 67%|██████▋   | 114M/170M [16:01<06:27, 145kB/s]
 67%|██████▋   | 114M/170M [16:01<06:27, 145kB/s]
 67%|██████▋   | 114M/170M [16:01<06:55, 135kB/s]
 67%|██████▋   | 114M/170M [16:02<06:44, 139kB/s]
 67%|██████▋   | 114M/170M [16:02<06:37, 141kB/s]
 67%|██████▋   | 114M/170M [16:02<06:33, 142kB/s]
 67%|██████▋   | 114M/170M [16:02<06:30, 144kB/s]
 67%|██████▋   | 115M/170M [16:03<06:28, 144kB/s]
 67%|██████▋   | 115M/170M [16:03<06:27, 144kB/s]
 67%|██████▋   | 115M/170M [16:03<06:26, 145kB/s]
 67%|██████▋   | 115M/170M [16:03<06:23, 146kB/s]
 67%|██████▋   | 115M/170M [16:03<06:25, 145kB/s]
 67%|██████▋   | 115M/170M [16:04<06:25, 145kB/s]
 67%|██████▋   | 115M/170M [16:04<06:52, 135kB/s]
 67%|██████▋   | 115M/170M [16:04<06:44, 138kB/s]
 67%|██████▋   | 115M/170M [16:04<06:38, 140kB/s]
 67%|██████▋   | 115M/170M [16:05<06:33, 142kB/s]
 67%|██████▋   | 115M/170M [16:05<06:31, 142kB/s]
 67%|██████▋   | 115M/170M [16:05<06:28, 143kB/s]
 67%|██████▋   | 115M/170M [16:05<06:27, 143kB/s]
 67%|██████▋   | 115M/170M [16:06<06:28, 143kB/s]
 67%|██████▋   | 115M/170M [16:06<06:24, 144kB/s]
 67%|██████▋   | 115M/170M [16:06<06:28, 143kB/s]
 67%|██████▋   | 115M/170M [16:06<06:53, 134kB/s]
 67%|██████▋   | 115M/170M [16:07<06:44, 137kB/s]
 68%|██████▊   | 115M/170M [16:07<06:38, 139kB/s]
 68%|██████▊   | 115M/170M [16:07<06:35, 140kB/s]
 68%|██████▊   | 115M/170M [16:07<06:32, 141kB/s]
 68%|██████▊   | 115M/170M [16:07<06:28, 142kB/s]
 68%|██████▊   | 115M/170M [16:08<06:26, 143kB/s]
 68%|██████▊   | 115M/170M [16:08<06:26, 143kB/s]
 68%|██████▊   | 115M/170M [16:08<06:25, 143kB/s]
 68%|██████▊   | 115M/170M [16:08<06:24, 144kB/s]
 68%|██████▊   | 115M/170M [16:09<06:54, 133kB/s]
 68%|██████▊   | 115M/170M [16:09<06:44, 136kB/s]
 68%|██████▊   | 115M/170M [16:09<06:36, 139kB/s]
 68%|██████▊   | 115M/170M [16:09<06:34, 139kB/s]
 68%|██████▊   | 116M/170M [16:10<06:30, 141kB/s]
 68%|██████▊   | 116M/170M [16:10<06:31, 140kB/s]
 68%|██████▊   | 116M/170M [16:10<06:27, 142kB/s]
 68%|██████▊   | 116M/170M [16:10<06:27, 142kB/s]
 68%|██████▊   | 116M/170M [16:10<06:27, 142kB/s]
 68%|██████▊   | 116M/170M [16:11<06:25, 142kB/s]
 68%|██████▊   | 116M/170M [16:11<06:24, 142kB/s]
 68%|██████▊   | 116M/170M [16:11<06:51, 133kB/s]
 68%|██████▊   | 116M/170M [16:11<06:41, 136kB/s]
 68%|██████▊   | 116M/170M [16:12<06:34, 139kB/s]
 68%|██████▊   | 116M/170M [16:12<06:30, 140kB/s]
 68%|██████▊   | 116M/170M [16:12<06:25, 142kB/s]
 68%|██████▊   | 116M/170M [16:12<06:22, 143kB/s]
 68%|██████▊   | 116M/170M [16:13<06:21, 143kB/s]
 68%|██████▊   | 116M/170M [16:13<06:16, 145kB/s]
 68%|██████▊   | 116M/170M [16:13<06:17, 144kB/s]
 68%|██████▊   | 116M/170M [16:13<06:17, 144kB/s]
 68%|██████▊   | 116M/170M [16:14<06:44, 134kB/s]
 68%|██████▊   | 116M/170M [16:14<06:34, 138kB/s]
 68%|██████▊   | 116M/170M [16:14<06:28, 140kB/s]
 68%|██████▊   | 116M/170M [16:14<06:24, 141kB/s]
 68%|██████▊   | 116M/170M [16:14<06:21, 142kB/s]
 68%|██████▊   | 116M/170M [16:15<06:19, 143kB/s]
 68%|██████▊   | 116M/170M [16:15<06:17, 144kB/s]
 68%|██████▊   | 116M/170M [16:15<06:15, 144kB/s]
 68%|██████▊   | 116M/170M [16:15<06:12, 145kB/s]
 68%|██████▊   | 116M/170M [16:16<06:10, 146kB/s]
 68%|██████▊   | 116M/170M [16:16<06:09, 147kB/s]
 68%|██████▊   | 116M/170M [16:16<06:35, 137kB/s]
 68%|██████▊   | 116M/170M [16:16<06:26, 140kB/s]
 68%|██████▊   | 116M/170M [16:16<06:19, 142kB/s]
 68%|██████▊   | 117M/170M [16:17<06:15, 144kB/s]
 68%|██████▊   | 117M/170M [16:17<06:12, 145kB/s]
 68%|██████▊   | 117M/170M [16:17<06:10, 146kB/s]
 68%|██████▊   | 117M/170M [16:17<06:07, 146kB/s]
 68%|██████▊   | 117M/170M [16:18<06:06, 147kB/s]
 68%|██████▊   | 117M/170M [16:18<06:05, 147kB/s]
 68%|██████▊   | 117M/170M [16:18<06:05, 147kB/s]
 68%|██████▊   | 117M/170M [16:18<06:30, 138kB/s]
 68%|██████▊   | 117M/170M [16:19<06:20, 141kB/s]
 69%|██████▊   | 117M/170M [16:19<06:16, 143kB/s]
 69%|██████▊   | 117M/170M [16:19<06:12, 144kB/s]
 69%|██████▊   | 117M/170M [16:19<06:08, 145kB/s]
 69%|██████▊   | 117M/170M [16:19<06:06, 146kB/s]
 69%|██████▊   | 117M/170M [16:20<06:03, 147kB/s]
 69%|██████▊   | 117M/170M [16:20<06:02, 148kB/s]
 69%|██████▊   | 117M/170M [16:20<06:03, 147kB/s]
 69%|██████▊   | 117M/170M [16:20<06:01, 148kB/s]
 69%|██████▊   | 117M/170M [16:21<06:26, 138kB/s]
 69%|██████▊   | 117M/170M [16:21<06:20, 140kB/s]
 69%|██████▊   | 117M/170M [16:21<06:15, 142kB/s]
 69%|██████▊   | 117M/170M [16:21<06:10, 144kB/s]
 69%|██████▊   | 117M/170M [16:21<06:07, 145kB/s]
 69%|██████▉   | 117M/170M [16:22<06:06, 145kB/s]
 69%|██████▉   | 117M/170M [16:22<06:04, 146kB/s]
 69%|██████▉   | 117M/170M [16:22<06:07, 145kB/s]
 69%|██████▉   | 117M/170M [16:22<06:02, 146kB/s]
 69%|██████▉   | 117M/170M [16:23<06:04, 146kB/s]
 69%|██████▉   | 117M/170M [16:23<06:01, 147kB/s]
 69%|██████▉   | 117M/170M [16:23<06:26, 137kB/s]
 69%|██████▉   | 117M/170M [16:23<06:20, 140kB/s]
 69%|██████▉   | 118M/170M [16:24<06:15, 141kB/s]
 69%|██████▉   | 118M/170M [16:24<06:12, 142kB/s]
 69%|██████▉   | 118M/170M [16:24<06:08, 144kB/s]
 69%|██████▉   | 118M/170M [16:24<06:06, 144kB/s]
 69%|██████▉   | 118M/170M [16:24<06:06, 144kB/s]
 69%|██████▉   | 118M/170M [16:25<06:04, 145kB/s]
 69%|██████▉   | 118M/170M [16:25<06:04, 145kB/s]
 69%|██████▉   | 118M/170M [16:25<06:05, 144kB/s]
 69%|██████▉   | 118M/170M [16:25<06:31, 135kB/s]
 69%|██████▉   | 118M/170M [16:26<06:21, 138kB/s]
 69%|██████▉   | 118M/170M [16:26<06:14, 140kB/s]
 69%|██████▉   | 118M/170M [16:26<06:11, 142kB/s]
 69%|██████▉   | 118M/170M [16:26<06:08, 143kB/s]
 69%|██████▉   | 118M/170M [16:27<06:07, 143kB/s]
 69%|██████▉   | 118M/170M [16:27<06:04, 144kB/s]
 69%|██████▉   | 118M/170M [16:27<06:04, 144kB/s]
 69%|██████▉   | 118M/170M [16:27<06:03, 144kB/s]
 69%|██████▉   | 118M/170M [16:27<06:00, 145kB/s]
 69%|██████▉   | 118M/170M [16:28<06:01, 145kB/s]
 69%|██████▉   | 118M/170M [16:28<06:27, 135kB/s]
 69%|██████▉   | 118M/170M [16:28<06:20, 138kB/s]
 69%|██████▉   | 118M/170M [16:28<06:13, 140kB/s]
 69%|██████▉   | 118M/170M [16:29<06:10, 141kB/s]
 69%|██████▉   | 118M/170M [16:29<06:09, 142kB/s]
 69%|██████▉   | 118M/170M [16:29<06:06, 142kB/s]
 69%|██████▉   | 118M/170M [16:29<06:04, 143kB/s]
 69%|██████▉   | 118M/170M [16:30<06:03, 144kB/s]
 69%|██████▉   | 118M/170M [16:30<06:01, 144kB/s]
 69%|██████▉   | 118M/170M [16:30<06:02, 144kB/s]
 69%|██████▉   | 118M/170M [16:30<06:27, 134kB/s]
 69%|██████▉   | 118M/170M [16:30<06:18, 137kB/s]
 70%|██████▉   | 119M/170M [16:31<06:12, 140kB/s]
 70%|██████▉   | 119M/170M [16:31<06:07, 141kB/s]
 70%|██████▉   | 119M/170M [16:31<06:04, 142kB/s]
 70%|██████▉   | 119M/170M [16:31<06:03, 143kB/s]
 70%|██████▉   | 119M/170M [16:32<06:00, 144kB/s]
 70%|██████▉   | 119M/170M [16:32<05:58, 144kB/s]
 70%|██████▉   | 119M/170M [16:32<05:59, 144kB/s]
 70%|██████▉   | 119M/170M [16:32<05:56, 145kB/s]
 70%|██████▉   | 119M/170M [16:33<05:55, 145kB/s]
 70%|██████▉   | 119M/170M [16:33<06:24, 135kB/s]
 70%|██████▉   | 119M/170M [16:33<06:14, 138kB/s]
 70%|██████▉   | 119M/170M [16:33<06:09, 140kB/s]
 70%|██████▉   | 119M/170M [16:33<06:06, 141kB/s]
 70%|██████▉   | 119M/170M [16:34<06:02, 142kB/s]
 70%|██████▉   | 119M/170M [16:34<06:00, 143kB/s]
 70%|██████▉   | 119M/170M [16:34<05:59, 143kB/s]
 70%|██████▉   | 119M/170M [16:34<05:57, 144kB/s]
 70%|██████▉   | 119M/170M [16:35<05:58, 143kB/s]
 70%|██████▉   | 119M/170M [16:35<05:58, 143kB/s]
 70%|██████▉   | 119M/170M [16:35<06:23, 134kB/s]
 70%|██████▉   | 119M/170M [16:35<06:15, 137kB/s]
 70%|██████▉   | 119M/170M [16:36<06:10, 139kB/s]
 70%|██████▉   | 119M/170M [16:36<06:06, 140kB/s]
 70%|██████▉   | 119M/170M [16:36<06:03, 141kB/s]
 70%|██████▉   | 119M/170M [16:36<06:02, 141kB/s]
 70%|██████▉   | 119M/170M [16:36<06:00, 142kB/s]
 70%|███████   | 119M/170M [16:37<05:58, 143kB/s]
 70%|███████   | 119M/170M [16:37<05:59, 142kB/s]
 70%|███████   | 119M/170M [16:37<05:58, 142kB/s]
 70%|███████   | 119M/170M [16:37<06:25, 132kB/s]
 70%|███████   | 120M/170M [16:38<06:17, 135kB/s]
 70%|███████   | 120M/170M [16:38<06:11, 137kB/s]
 70%|███████   | 120M/170M [16:38<06:08, 138kB/s]
 70%|███████   | 120M/170M [16:38<06:04, 140kB/s]
 70%|███████   | 120M/170M [16:39<06:02, 140kB/s]
 70%|███████   | 120M/170M [16:39<06:00, 141kB/s]
 70%|███████   | 120M/170M [16:39<05:58, 142kB/s]
 70%|███████   | 120M/170M [16:39<05:58, 142kB/s]
 70%|███████   | 120M/170M [16:40<05:56, 142kB/s]
 70%|███████   | 120M/170M [16:40<05:55, 143kB/s]
 70%|███████   | 120M/170M [16:40<06:19, 133kB/s]
 70%|███████   | 120M/170M [16:40<06:11, 136kB/s]
 70%|███████   | 120M/170M [16:41<06:03, 139kB/s]
 70%|███████   | 120M/170M [16:41<06:00, 140kB/s]
 70%|███████   | 120M/170M [16:41<05:57, 141kB/s]
 70%|███████   | 120M/170M [16:41<05:55, 142kB/s]
 70%|███████   | 120M/170M [16:41<05:54, 142kB/s]
 70%|███████   | 120M/170M [16:42<05:51, 144kB/s]
 70%|███████   | 120M/170M [16:42<05:51, 143kB/s]
 70%|███████   | 120M/170M [16:42<05:48, 144kB/s]
 70%|███████   | 120M/170M [16:42<06:14, 134kB/s]
 70%|███████   | 120M/170M [16:43<06:06, 137kB/s]
 71%|███████   | 120M/170M [16:43<05:58, 140kB/s]
 71%|███████   | 120M/170M [16:43<05:55, 141kB/s]
 71%|███████   | 120M/170M [16:43<05:52, 143kB/s]
 71%|███████   | 120M/170M [16:44<05:49, 143kB/s]
 71%|███████   | 120M/170M [16:44<05:47, 144kB/s]
 71%|███████   | 120M/170M [16:44<05:46, 145kB/s]
 71%|███████   | 120M/170M [16:44<05:44, 145kB/s]
 71%|███████   | 120M/170M [16:44<05:43, 146kB/s]
 71%|███████   | 120M/170M [16:45<05:42, 146kB/s]
 71%|███████   | 121M/170M [16:45<06:08, 136kB/s]
 71%|███████   | 121M/170M [16:45<05:59, 139kB/s]
 71%|███████   | 121M/170M [16:45<05:52, 142kB/s]
 71%|███████   | 121M/170M [16:46<05:49, 143kB/s]
 71%|███████   | 121M/170M [16:46<05:44, 145kB/s]
 71%|███████   | 121M/170M [16:46<05:42, 145kB/s]
 71%|███████   | 121M/170M [16:46<05:40, 146kB/s]
 71%|███████   | 121M/170M [16:46<05:39, 147kB/s]
 71%|███████   | 121M/170M [16:47<05:38, 147kB/s]
 71%|███████   | 121M/170M [16:47<05:37, 147kB/s]
 71%|███████   | 121M/170M [16:47<06:01, 137kB/s]
 71%|███████   | 121M/170M [16:47<05:54, 140kB/s]
 71%|███████   | 121M/170M [16:48<05:47, 143kB/s]
 71%|███████   | 121M/170M [16:48<05:44, 144kB/s]
 71%|███████   | 121M/170M [16:48<05:42, 145kB/s]
 71%|███████   | 121M/170M [16:48<05:39, 146kB/s]
 71%|███████   | 121M/170M [16:49<05:37, 146kB/s]
 71%|███████   | 121M/170M [16:49<05:36, 147kB/s]
 71%|███████   | 121M/170M [16:49<05:35, 147kB/s]
 71%|███████   | 121M/170M [16:49<05:34, 148kB/s]
 71%|███████   | 121M/170M [16:49<05:58, 138kB/s]
 71%|███████   | 121M/170M [16:50<05:51, 140kB/s]
 71%|███████   | 121M/170M [16:50<05:44, 143kB/s]
 71%|███████   | 121M/170M [16:50<05:39, 145kB/s]
 71%|███████   | 121M/170M [16:50<05:36, 146kB/s]
 71%|███████   | 121M/170M [16:51<05:34, 147kB/s]
 71%|███████   | 121M/170M [16:51<06:07, 133kB/s]
 71%|███████   | 121M/170M [16:51<05:21, 153kB/s]
 71%|███████   | 121M/170M [16:51<05:21, 152kB/s]
 71%|███████   | 121M/170M [16:51<05:20, 153kB/s]
 71%|███████▏  | 122M/170M [16:52<05:22, 152kB/s]
 71%|███████▏  | 122M/170M [16:52<05:46, 141kB/s]
 71%|███████▏  | 122M/170M [16:52<05:40, 144kB/s]
 71%|███████▏  | 122M/170M [16:52<05:34, 146kB/s]
 71%|███████▏  | 122M/170M [16:53<05:31, 147kB/s]
 71%|███████▏  | 122M/170M [16:53<05:30, 148kB/s]
 71%|███████▏  | 122M/170M [16:53<05:27, 149kB/s]
 71%|███████▏  | 122M/170M [16:53<05:25, 150kB/s]
 71%|███████▏  | 122M/170M [16:53<05:25, 150kB/s]
 71%|███████▏  | 122M/170M [16:54<05:24, 150kB/s]
 71%|███████▏  | 122M/170M [16:54<05:22, 151kB/s]
 71%|███████▏  | 122M/170M [16:54<05:46, 140kB/s]
 71%|███████▏  | 122M/170M [16:54<05:37, 144kB/s]
 72%|███████▏  | 122M/170M [16:55<05:31, 147kB/s]
 72%|███████▏  | 122M/170M [16:55<05:28, 148kB/s]
 72%|███████▏  | 122M/170M [16:55<05:25, 149kB/s]
 72%|███████▏  | 122M/170M [16:55<05:25, 149kB/s]
 72%|███████▏  | 122M/170M [16:55<05:26, 148kB/s]
 72%|███████▏  | 122M/170M [16:56<05:25, 149kB/s]
 72%|███████▏  | 122M/170M [16:56<05:24, 149kB/s]
 72%|███████▏  | 122M/170M [16:56<05:24, 149kB/s]
 72%|███████▏  | 122M/170M [16:56<05:22, 150kB/s]
 72%|███████▏  | 122M/170M [16:57<05:46, 139kB/s]
 72%|███████▏  | 122M/170M [16:57<05:39, 142kB/s]
 72%|███████▏  | 122M/170M [16:57<05:34, 144kB/s]
 72%|███████▏  | 122M/170M [16:57<05:30, 146kB/s]
 72%|███████▏  | 122M/170M [16:57<05:28, 147kB/s]
 72%|███████▏  | 122M/170M [16:58<05:27, 147kB/s]
 72%|███████▏  | 122M/170M [16:58<05:25, 148kB/s]
 72%|███████▏  | 122M/170M [16:58<05:23, 148kB/s]
 72%|███████▏  | 122M/170M [16:58<05:23, 148kB/s]
 72%|███████▏  | 123M/170M [16:59<05:22, 149kB/s]
 72%|███████▏  | 123M/170M [16:59<05:46, 138kB/s]
 72%|███████▏  | 123M/170M [16:59<05:40, 141kB/s]
 72%|███████▏  | 123M/170M [16:59<05:33, 143kB/s]
 72%|███████▏  | 123M/170M [17:00<05:29, 145kB/s]
 72%|███████▏  | 123M/170M [17:00<05:27, 146kB/s]
 72%|███████▏  | 123M/170M [17:00<05:23, 148kB/s]
 72%|███████▏  | 123M/170M [17:00<05:23, 148kB/s]
 72%|███████▏  | 123M/170M [17:00<05:22, 148kB/s]
 72%|███████▏  | 123M/170M [17:01<05:20, 149kB/s]
 72%|███████▏  | 123M/170M [17:01<05:20, 149kB/s]
 72%|███████▏  | 123M/170M [17:01<05:19, 149kB/s]
 72%|███████▏  | 123M/170M [17:01<05:43, 138kB/s]
 72%|███████▏  | 123M/170M [17:02<05:35, 142kB/s]
 72%|███████▏  | 123M/170M [17:02<05:30, 144kB/s]
 72%|███████▏  | 123M/170M [17:02<05:25, 146kB/s]
 72%|███████▏  | 123M/170M [17:02<05:22, 147kB/s]
 72%|███████▏  | 123M/170M [17:02<05:19, 148kB/s]
 72%|███████▏  | 123M/170M [17:03<05:18, 149kB/s]
 72%|███████▏  | 123M/170M [17:03<05:16, 150kB/s]
 72%|███████▏  | 123M/170M [17:03<05:15, 150kB/s]
 72%|███████▏  | 123M/170M [17:03<05:15, 150kB/s]
 72%|███████▏  | 123M/170M [17:04<05:37, 140kB/s]
 72%|███████▏  | 123M/170M [17:04<05:29, 143kB/s]
 72%|███████▏  | 123M/170M [17:04<05:24, 145kB/s]
 72%|███████▏  | 123M/170M [17:04<05:20, 147kB/s]
 72%|███████▏  | 123M/170M [17:04<05:16, 149kB/s]
 72%|███████▏  | 123M/170M [17:05<07:04, 111kB/s]
 72%|███████▏  | 123M/170M [17:05<06:23, 123kB/s]
 72%|███████▏  | 123M/170M [17:05<05:51, 134kB/s]
 72%|███████▏  | 124M/170M [17:06<06:04, 129kB/s]
 72%|███████▏  | 124M/170M [17:06<05:56, 132kB/s]
 72%|███████▏  | 124M/170M [17:06<05:48, 135kB/s]
 72%|███████▏  | 124M/170M [17:06<05:57, 131kB/s]
 73%|███████▎  | 124M/170M [17:07<06:15, 125kB/s]
 73%|███████▎  | 124M/170M [17:07<05:53, 133kB/s]
 73%|███████▎  | 124M/170M [17:07<06:20, 123kB/s]
 73%|███████▎  | 124M/170M [17:07<06:28, 120kB/s]
 73%|███████▎  | 124M/170M [17:08<07:43, 101kB/s]
 73%|███████▎  | 124M/170M [17:08<08:43, 89.2kB/s]
 73%|███████▎  | 124M/170M [17:09<08:35, 90.6kB/s]
 73%|███████▎  | 124M/170M [17:09<08:09, 95.2kB/s]
 73%|███████▎  | 124M/170M [17:09<07:09, 108kB/s] 
 73%|███████▎  | 124M/170M [17:09<06:29, 119kB/s]
 73%|███████▎  | 124M/170M [17:10<05:33, 140kB/s]
 73%|███████▎  | 124M/170M [17:10<05:14, 148kB/s]
 73%|███████▎  | 124M/170M [17:10<04:59, 155kB/s]
 73%|███████▎  | 124M/170M [17:10<04:32, 170kB/s]
 73%|███████▎  | 124M/170M [17:10<05:36, 138kB/s]
 73%|███████▎  | 124M/170M [17:11<06:54, 112kB/s]
 73%|███████▎  | 124M/170M [17:11<06:40, 116kB/s]
 73%|███████▎  | 124M/170M [17:11<06:02, 128kB/s]
 73%|███████▎  | 124M/170M [17:11<05:23, 143kB/s]
 73%|███████▎  | 124M/170M [17:12<04:59, 154kB/s]
 73%|███████▎  | 124M/170M [17:12<04:25, 174kB/s]
 73%|███████▎  | 124M/170M [17:12<03:56, 195kB/s]
 73%|███████▎  | 124M/170M [17:12<03:34, 215kB/s]
 73%|███████▎  | 124M/170M [17:12<04:00, 191kB/s]
 73%|███████▎  | 124M/170M [17:12<04:19, 177kB/s]
 73%|███████▎  | 124M/170M [17:13<04:32, 169kB/s]
 73%|███████▎  | 124M/170M [17:13<04:41, 163kB/s]
 73%|███████▎  | 125M/170M [17:13<04:47, 160kB/s]
 73%|███████▎  | 125M/170M [17:13<04:52, 157kB/s]
 73%|███████▎  | 125M/170M [17:13<04:54, 156kB/s]
 73%|███████▎  | 125M/170M [17:14<05:17, 145kB/s]
 73%|███████▎  | 125M/170M [17:14<05:12, 147kB/s]
 73%|███████▎  | 125M/170M [17:14<05:07, 149kB/s]
 73%|███████▎  | 125M/170M [17:14<05:04, 150kB/s]
 73%|███████▎  | 125M/170M [17:15<05:02, 151kB/s]
 73%|███████▎  | 125M/170M [17:15<05:01, 151kB/s]
 73%|███████▎  | 125M/170M [17:15<04:59, 152kB/s]
 73%|███████▎  | 125M/170M [17:15<04:58, 153kB/s]
 73%|███████▎  | 125M/170M [17:15<04:58, 153kB/s]
 73%|███████▎  | 125M/170M [17:16<04:56, 154kB/s]
 73%|███████▎  | 125M/170M [17:16<05:18, 143kB/s]
 73%|███████▎  | 125M/170M [17:16<05:10, 147kB/s]
 73%|███████▎  | 125M/170M [17:16<05:06, 148kB/s]
 73%|███████▎  | 125M/170M [17:17<05:01, 151kB/s]
 73%|███████▎  | 125M/170M [17:17<04:58, 152kB/s]
 73%|███████▎  | 125M/170M [17:17<04:56, 153kB/s]
 73%|███████▎  | 125M/170M [17:17<04:54, 154kB/s]
 73%|███████▎  | 125M/170M [17:17<04:54, 154kB/s]
 73%|███████▎  | 125M/170M [17:18<04:52, 155kB/s]
 73%|███████▎  | 125M/170M [17:18<04:51, 155kB/s]
 73%|███████▎  | 125M/170M [17:18<05:12, 145kB/s]
 73%|███████▎  | 125M/170M [17:18<05:04, 148kB/s]
 74%|███████▎  | 125M/170M [17:19<05:00, 151kB/s]
 74%|███████▎  | 125M/170M [17:19<04:55, 153kB/s]
 74%|███████▎  | 125M/170M [17:19<04:52, 154kB/s]
 74%|███████▎  | 125M/170M [17:19<04:50, 155kB/s]
 74%|███████▎  | 125M/170M [17:19<04:48, 156kB/s]
 74%|███████▎  | 126M/170M [17:20<04:47, 157kB/s]
 74%|███████▎  | 126M/170M [17:20<04:47, 157kB/s]
 74%|███████▎  | 126M/170M [17:20<04:46, 157kB/s]
 74%|███████▎  | 126M/170M [17:20<04:46, 157kB/s]
 74%|███████▎  | 126M/170M [17:20<05:05, 147kB/s]
 74%|███████▎  | 126M/170M [17:21<05:00, 149kB/s]
 74%|███████▎  | 126M/170M [17:21<04:55, 151kB/s]
 74%|███████▎  | 126M/170M [17:21<04:52, 153kB/s]
 74%|███████▍  | 126M/170M [17:21<04:50, 154kB/s]
 74%|███████▍  | 126M/170M [17:21<04:49, 155kB/s]
 74%|███████▍  | 126M/170M [17:22<04:48, 155kB/s]
 74%|███████▍  | 126M/170M [17:22<04:47, 155kB/s]
 74%|███████▍  | 126M/170M [17:22<04:47, 155kB/s]
 74%|███████▍  | 126M/170M [17:22<04:47, 155kB/s]
 74%|███████▍  | 126M/170M [17:23<05:08, 144kB/s]
 74%|███████▍  | 126M/170M [17:23<05:00, 148kB/s]
 74%|███████▍  | 126M/170M [17:23<04:56, 150kB/s]
 74%|███████▍  | 126M/170M [17:23<04:52, 152kB/s]
 74%|███████▍  | 126M/170M [17:23<04:48, 154kB/s]
 74%|███████▍  | 126M/170M [17:24<04:47, 154kB/s]
 74%|███████▍  | 126M/170M [17:24<04:47, 154kB/s]
 74%|███████▍  | 126M/170M [17:24<04:46, 155kB/s]
 74%|███████▍  | 126M/170M [17:24<04:45, 155kB/s]
 74%|███████▍  | 126M/170M [17:24<04:45, 155kB/s]
 74%|███████▍  | 126M/170M [17:25<04:46, 154kB/s]
 74%|███████▍  | 126M/170M [17:25<05:08, 143kB/s]
 74%|███████▍  | 126M/170M [17:25<05:02, 146kB/s]
 74%|███████▍  | 126M/170M [17:25<04:58, 148kB/s]
 74%|███████▍  | 126M/170M [17:26<04:55, 149kB/s]
 74%|███████▍  | 126M/170M [17:26<04:53, 150kB/s]
 74%|███████▍  | 126M/170M [17:26<04:50, 151kB/s]
 74%|███████▍  | 127M/170M [17:26<04:49, 152kB/s]
 74%|███████▍  | 127M/170M [17:26<04:48, 152kB/s]
 74%|███████▍  | 127M/170M [17:27<04:47, 153kB/s]
 74%|███████▍  | 127M/170M [17:27<04:46, 153kB/s]
 74%|███████▍  | 127M/170M [17:27<05:06, 143kB/s]
 74%|███████▍  | 127M/170M [17:27<04:59, 146kB/s]
 74%|███████▍  | 127M/170M [17:28<04:54, 149kB/s]
 74%|███████▍  | 127M/170M [17:28<04:49, 151kB/s]
 74%|███████▍  | 127M/170M [17:28<04:45, 153kB/s]
 74%|███████▍  | 127M/170M [17:28<04:43, 154kB/s]
 74%|███████▍  | 127M/170M [17:28<04:41, 155kB/s]
 74%|███████▍  | 127M/170M [17:29<04:39, 156kB/s]
 74%|███████▍  | 127M/170M [17:29<04:38, 157kB/s]
 74%|███████▍  | 127M/170M [17:29<04:37, 157kB/s]
 74%|███████▍  | 127M/170M [17:29<04:35, 158kB/s]
 74%|███████▍  | 127M/170M [17:29<04:55, 147kB/s]
 75%|███████▍  | 127M/170M [17:30<04:49, 150kB/s]
 75%|███████▍  | 127M/170M [17:30<04:43, 153kB/s]
 75%|███████▍  | 127M/170M [17:30<04:39, 155kB/s]
 75%|███████▍  | 127M/170M [17:30<04:36, 157kB/s]
 75%|███████▍  | 127M/170M [17:31<04:34, 158kB/s]
 75%|███████▍  | 127M/170M [17:31<04:33, 159kB/s]
 75%|███████▍  | 127M/170M [17:31<04:31, 160kB/s]
 75%|███████▍  | 127M/170M [17:31<04:29, 160kB/s]
 75%|███████▍  | 127M/170M [17:31<04:27, 161kB/s]
 75%|███████▍  | 127M/170M [17:32<04:46, 151kB/s]
 75%|███████▍  | 127M/170M [17:32<04:39, 154kB/s]
 75%|███████▍  | 127M/170M [17:32<04:35, 156kB/s]
 75%|███████▍  | 127M/170M [17:32<04:32, 158kB/s]
 75%|███████▍  | 127M/170M [17:32<04:30, 159kB/s]
 75%|███████▍  | 128M/170M [17:33<04:28, 160kB/s]
 75%|███████▍  | 128M/170M [17:33<04:27, 161kB/s]
 75%|███████▍  | 128M/170M [17:33<04:26, 161kB/s]
 75%|███████▍  | 128M/170M [17:33<04:25, 162kB/s]
 75%|███████▍  | 128M/170M [17:33<04:23, 163kB/s]
 75%|███████▍  | 128M/170M [17:34<04:42, 152kB/s]
 75%|███████▍  | 128M/170M [17:34<04:36, 155kB/s]
 75%|███████▍  | 128M/170M [17:34<04:31, 158kB/s]
 75%|███████▍  | 128M/170M [17:34<04:26, 160kB/s]
 75%|███████▍  | 128M/170M [17:34<04:23, 162kB/s]
 75%|███████▍  | 128M/170M [17:35<04:22, 163kB/s]
 75%|███████▍  | 128M/170M [17:35<04:20, 163kB/s]
 75%|███████▌  | 128M/170M [17:35<04:20, 164kB/s]
 75%|███████▌  | 128M/170M [17:35<04:19, 164kB/s]
 75%|███████▌  | 128M/170M [17:35<04:19, 164kB/s]
 75%|███████▌  | 128M/170M [17:36<04:18, 164kB/s]
 75%|███████▌  | 128M/170M [17:36<04:37, 153kB/s]
 75%|███████▌  | 128M/170M [17:36<04:31, 157kB/s]
 75%|███████▌  | 128M/170M [17:36<04:25, 159kB/s]
 75%|███████▌  | 128M/170M [17:36<04:22, 162kB/s]
 75%|███████▌  | 128M/170M [17:37<04:19, 163kB/s]
 75%|███████▌  | 128M/170M [17:37<04:17, 164kB/s]
 75%|███████▌  | 128M/170M [17:37<04:16, 165kB/s]
 75%|███████▌  | 128M/170M [17:37<04:15, 165kB/s]
 75%|███████▌  | 128M/170M [17:37<04:15, 165kB/s]
 75%|███████▌  | 128M/170M [17:38<04:14, 166kB/s]
 75%|███████▌  | 128M/170M [17:38<04:32, 154kB/s]
 75%|███████▌  | 128M/170M [17:38<04:26, 158kB/s]
 75%|███████▌  | 128M/170M [17:38<04:21, 161kB/s]
 75%|███████▌  | 128M/170M [17:38<04:18, 163kB/s]
 75%|███████▌  | 128M/170M [17:39<04:16, 164kB/s]
 75%|███████▌  | 129M/170M [17:39<04:14, 165kB/s]
 75%|███████▌  | 129M/170M [17:39<04:12, 166kB/s]
 75%|███████▌  | 129M/170M [17:39<04:11, 166kB/s]
 75%|███████▌  | 129M/170M [17:39<04:11, 167kB/s]
 75%|███████▌  | 129M/170M [17:40<04:10, 167kB/s]
 75%|███████▌  | 129M/170M [17:40<04:10, 167kB/s]
 75%|███████▌  | 129M/170M [17:40<04:29, 155kB/s]
 76%|███████▌  | 129M/170M [17:40<04:22, 159kB/s]
 76%|███████▌  | 129M/170M [17:40<04:18, 161kB/s]
 76%|███████▌  | 129M/170M [17:41<04:15, 163kB/s]
 76%|███████▌  | 129M/170M [17:41<04:13, 164kB/s]
 76%|███████▌  | 129M/170M [17:41<04:11, 165kB/s]
 76%|███████▌  | 129M/170M [17:41<04:10, 166kB/s]
 76%|███████▌  | 129M/170M [17:41<04:10, 166kB/s]
 76%|███████▌  | 129M/170M [17:42<04:09, 166kB/s]
 76%|███████▌  | 129M/170M [17:42<04:08, 167kB/s]
 76%|███████▌  | 129M/170M [17:42<04:27, 155kB/s]
 76%|███████▌  | 129M/170M [17:42<04:21, 158kB/s]
 76%|███████▌  | 129M/170M [17:42<04:17, 161kB/s]
 76%|███████▌  | 129M/170M [17:43<04:15, 162kB/s]
 76%|███████▌  | 129M/170M [17:43<04:12, 164kB/s]
 76%|███████▌  | 129M/170M [17:43<04:11, 164kB/s]
 76%|███████▌  | 129M/170M [17:43<04:10, 165kB/s]
 76%|███████▌  | 129M/170M [17:43<04:10, 165kB/s]
 76%|███████▌  | 129M/170M [17:44<04:09, 165kB/s]
 76%|███████▌  | 129M/170M [17:44<04:09, 165kB/s]
 76%|███████▌  | 129M/170M [17:44<04:28, 153kB/s]
 76%|███████▌  | 129M/170M [17:44<04:22, 156kB/s]
 76%|███████▌  | 129M/170M [17:45<04:19, 158kB/s]
 76%|███████▌  | 129M/170M [17:45<04:16, 160kB/s]
 76%|███████▌  | 129M/170M [17:45<04:14, 161kB/s]
 76%|███████▌  | 130M/170M [17:45<04:13, 162kB/s]
 76%|███████▌  | 130M/170M [17:45<04:12, 162kB/s]
 76%|███████▌  | 130M/170M [17:46<04:12, 162kB/s]
 76%|███████▌  | 130M/170M [17:46<04:11, 162kB/s]
 76%|███████▌  | 130M/170M [17:46<04:11, 163kB/s]
 76%|███████▌  | 130M/170M [17:46<04:11, 163kB/s]
 76%|███████▌  | 130M/170M [17:46<04:28, 152kB/s]
 76%|███████▌  | 130M/170M [17:47<04:23, 155kB/s]
 76%|███████▌  | 130M/170M [17:47<04:18, 157kB/s]
 76%|███████▌  | 130M/170M [17:47<04:15, 159kB/s]
 76%|███████▌  | 130M/170M [17:47<04:13, 161kB/s]
 76%|███████▌  | 130M/170M [17:47<04:10, 162kB/s]
 76%|███████▌  | 130M/170M [17:48<04:08, 163kB/s]
 76%|███████▌  | 130M/170M [17:48<04:07, 164kB/s]
 76%|███████▌  | 130M/170M [17:48<04:06, 164kB/s]
 76%|███████▋  | 130M/170M [17:48<04:05, 165kB/s]
 76%|███████▋  | 130M/170M [17:48<04:22, 154kB/s]
 76%|███████▋  | 130M/170M [17:49<04:16, 158kB/s]
 76%|███████▋  | 130M/170M [17:49<04:11, 160kB/s]
 76%|███████▋  | 130M/170M [17:49<04:08, 162kB/s]
 76%|███████▋  | 130M/170M [17:49<04:06, 164kB/s]
 76%|███████▋  | 130M/170M [17:49<04:04, 165kB/s]
 76%|███████▋  | 130M/170M [17:50<04:03, 165kB/s]
 76%|███████▋  | 130M/170M [17:50<04:02, 166kB/s]
 76%|███████▋  | 130M/170M [17:50<04:01, 167kB/s]
 76%|███████▋  | 130M/170M [17:50<04:00, 167kB/s]
 76%|███████▋  | 130M/170M [17:50<04:00, 167kB/s]
 76%|███████▋  | 130M/170M [17:51<04:17, 156kB/s]
 77%|███████▋  | 130M/170M [17:51<04:11, 159kB/s]
 77%|███████▋  | 130M/170M [17:51<04:07, 162kB/s]
 77%|███████▋  | 131M/170M [17:51<04:04, 163kB/s]
 77%|███████▋  | 131M/170M [17:51<04:02, 165kB/s]
 77%|███████▋  | 131M/170M [17:52<03:59, 166kB/s]
 77%|███████▋  | 131M/170M [17:52<03:58, 167kB/s]
 77%|███████▋  | 131M/170M [17:52<03:57, 168kB/s]
 77%|███████▋  | 131M/170M [17:52<03:56, 168kB/s]
 77%|███████▋  | 131M/170M [17:52<03:55, 169kB/s]
 77%|███████▋  | 131M/170M [17:53<04:12, 157kB/s]
 77%|███████▋  | 131M/170M [17:53<04:07, 160kB/s]
 77%|███████▋  | 131M/170M [17:53<04:03, 163kB/s]
 77%|███████▋  | 131M/170M [17:53<04:00, 165kB/s]
 77%|███████▋  | 131M/170M [17:53<03:58, 166kB/s]
 77%|███████▋  | 131M/170M [17:54<03:56, 168kB/s]
 77%|███████▋  | 131M/170M [17:54<03:54, 169kB/s]
 77%|███████▋  | 131M/170M [17:54<03:53, 169kB/s]
 77%|███████▋  | 131M/170M [17:54<03:52, 170kB/s]
 77%|███████▋  | 131M/170M [17:54<03:51, 170kB/s]
 77%|███████▋  | 131M/170M [17:55<03:51, 170kB/s]
 77%|███████▋  | 131M/170M [17:55<04:08, 159kB/s]
 77%|███████▋  | 131M/170M [17:55<04:02, 162kB/s]
 77%|███████▋  | 131M/170M [17:55<03:58, 165kB/s]
 77%|███████▋  | 131M/170M [17:55<03:55, 167kB/s]
 77%|███████▋  | 131M/170M [17:56<03:53, 168kB/s]
 77%|███████▋  | 131M/170M [17:56<03:52, 169kB/s]
 77%|███████▋  | 131M/170M [17:56<03:51, 170kB/s]
 77%|███████▋  | 131M/170M [17:56<03:50, 170kB/s]
 77%|███████▋  | 131M/170M [17:56<03:49, 170kB/s]
 77%|███████▋  | 131M/170M [17:57<03:49, 171kB/s]
 77%|███████▋  | 131M/170M [17:57<04:05, 159kB/s]
 77%|███████▋  | 131M/170M [17:57<03:59, 163kB/s]
 77%|███████▋  | 131M/170M [17:57<03:56, 165kB/s]
 77%|███████▋  | 132M/170M [17:57<03:53, 167kB/s]
 77%|███████▋  | 132M/170M [17:58<03:51, 168kB/s]
 77%|███████▋  | 132M/170M [17:58<03:50, 169kB/s]
 77%|███████▋  | 132M/170M [17:58<03:49, 169kB/s]
 77%|███████▋  | 132M/170M [17:58<03:49, 169kB/s]
 77%|███████▋  | 132M/170M [17:58<03:48, 170kB/s]
 77%|███████▋  | 132M/170M [17:58<03:48, 170kB/s]
 77%|███████▋  | 132M/170M [17:59<04:04, 158kB/s]
 77%|███████▋  | 132M/170M [17:59<03:58, 162kB/s]
 77%|███████▋  | 132M/170M [17:59<03:54, 165kB/s]
 77%|███████▋  | 132M/170M [17:59<03:51, 167kB/s]
 77%|███████▋  | 132M/170M [17:59<03:49, 168kB/s]
 77%|███████▋  | 132M/170M [18:00<03:48, 169kB/s]
 77%|███████▋  | 132M/170M [18:00<03:47, 170kB/s]
 77%|███████▋  | 132M/170M [18:00<03:46, 170kB/s]
 77%|███████▋  | 132M/170M [18:00<03:45, 170kB/s]
 77%|███████▋  | 132M/170M [18:00<03:45, 171kB/s]
 77%|███████▋  | 132M/170M [18:01<03:45, 171kB/s]
 77%|███████▋  | 132M/170M [18:01<04:02, 158kB/s]
 78%|███████▊  | 132M/170M [18:01<03:57, 162kB/s]
 78%|███████▊  | 132M/170M [18:01<03:53, 164kB/s]
 78%|███████▊  | 132M/170M [18:01<03:50, 166kB/s]
 78%|███████▊  | 132M/170M [18:02<03:48, 167kB/s]
 78%|███████▊  | 132M/170M [18:02<03:47, 168kB/s]
 78%|███████▊  | 132M/170M [18:02<03:46, 169kB/s]
 78%|███████▊  | 132M/170M [18:02<03:45, 169kB/s]
 78%|███████▊  | 132M/170M [18:02<03:44, 170kB/s]
 78%|███████▊  | 132M/170M [18:03<03:44, 170kB/s]
 78%|███████▊  | 132M/170M [18:03<04:00, 158kB/s]
 78%|███████▊  | 132M/170M [18:03<03:54, 162kB/s]
 78%|███████▊  | 133M/170M [18:03<03:50, 165kB/s]
 78%|███████▊  | 133M/170M [18:03<03:48, 166kB/s]
 78%|███████▊  | 133M/170M [18:04<03:46, 168kB/s]
 78%|███████▊  | 133M/170M [18:04<03:44, 168kB/s]
 78%|███████▊  | 133M/170M [18:04<03:44, 169kB/s]
 78%|███████▊  | 133M/170M [18:04<03:43, 169kB/s]
 78%|███████▊  | 133M/170M [18:04<03:42, 169kB/s]
 78%|███████▊  | 133M/170M [18:05<03:42, 170kB/s]
 78%|███████▊  | 133M/170M [18:05<03:42, 169kB/s]
 78%|███████▊  | 133M/170M [18:05<03:59, 157kB/s]
 78%|███████▊  | 133M/170M [18:05<03:54, 161kB/s]
 78%|███████▊  | 133M/170M [18:05<03:50, 163kB/s]
 78%|███████▊  | 133M/170M [18:06<03:48, 164kB/s]
 78%|███████▊  | 133M/170M [18:06<03:47, 165kB/s]
 78%|███████▊  | 133M/170M [18:06<03:47, 165kB/s]
 78%|███████▊  | 133M/170M [18:06<03:46, 166kB/s]
 78%|███████▊  | 133M/170M [18:06<03:45, 166kB/s]
 78%|███████▊  | 133M/170M [18:07<03:45, 166kB/s]
 78%|███████▊  | 133M/170M [18:07<03:45, 166kB/s]
 78%|███████▊  | 133M/170M [18:07<04:01, 155kB/s]
 78%|███████▊  | 133M/170M [18:07<03:55, 158kB/s]
 78%|███████▊  | 133M/170M [18:07<03:51, 161kB/s]
 78%|███████▊  | 133M/170M [18:08<03:49, 162kB/s]
 78%|███████▊  | 133M/170M [18:08<03:47, 164kB/s]
 78%|███████▊  | 133M/170M [18:08<03:45, 165kB/s]
 78%|███████▊  | 133M/170M [18:08<03:44, 165kB/s]
 78%|███████▊  | 133M/170M [18:08<03:44, 166kB/s]
 78%|███████▊  | 133M/170M [18:09<03:43, 166kB/s]
 78%|███████▊  | 133M/170M [18:09<03:43, 166kB/s]
 78%|███████▊  | 133M/170M [18:09<03:59, 155kB/s]
 78%|███████▊  | 133M/170M [18:09<03:53, 158kB/s]
 78%|███████▊  | 134M/170M [18:09<03:50, 161kB/s]
 78%|███████▊  | 134M/170M [18:10<03:47, 163kB/s]
 78%|███████▊  | 134M/170M [18:10<03:44, 164kB/s]
 78%|███████▊  | 134M/170M [18:10<03:42, 165kB/s]
 78%|███████▊  | 134M/170M [18:10<03:41, 167kB/s]
 78%|███████▊  | 134M/170M [18:10<03:40, 167kB/s]
 78%|███████▊  | 134M/170M [18:11<03:39, 168kB/s]
 78%|███████▊  | 134M/170M [18:11<03:38, 168kB/s]
 78%|███████▊  | 134M/170M [18:11<03:38, 168kB/s]
 78%|███████▊  | 134M/170M [18:11<03:53, 157kB/s]
 79%|███████▊  | 134M/170M [18:11<03:48, 160kB/s]
 79%|███████▊  | 134M/170M [18:12<03:44, 163kB/s]
 79%|███████▊  | 134M/170M [18:12<03:42, 165kB/s]
 79%|███████▊  | 134M/170M [18:12<03:39, 166kB/s]
 79%|███████▊  | 134M/170M [18:12<03:38, 167kB/s]
 79%|███████▊  | 134M/170M [18:12<03:36, 168kB/s]
 79%|███████▊  | 134M/170M [18:13<03:36, 169kB/s]
 79%|███████▊  | 134M/170M [18:13<03:35, 169kB/s]
 79%|███████▊  | 134M/170M [18:13<03:35, 169kB/s]
 79%|███████▊  | 134M/170M [18:13<03:51, 157kB/s]
 79%|███████▊  | 134M/170M [18:13<03:46, 161kB/s]
 79%|███████▊  | 134M/170M [18:14<03:42, 163kB/s]
 79%|███████▊  | 134M/170M [18:14<03:40, 165kB/s]
 79%|███████▉  | 134M/170M [18:14<03:38, 166kB/s]
 79%|███████▉  | 134M/170M [18:14<03:36, 167kB/s]
 79%|███████▉  | 134M/170M [18:14<03:35, 168kB/s]
 79%|███████▉  | 134M/170M [18:15<03:34, 168kB/s]
 79%|███████▉  | 134M/170M [18:15<03:34, 168kB/s]
 79%|███████▉  | 134M/170M [18:15<03:34, 168kB/s]
 79%|███████▉  | 134M/170M [18:15<03:33, 168kB/s]
 79%|███████▉  | 135M/170M [18:15<03:49, 156kB/s]
 79%|███████▉  | 135M/170M [18:16<03:45, 160kB/s]
 79%|███████▉  | 135M/170M [18:16<03:41, 162kB/s]
 79%|███████▉  | 135M/170M [18:16<03:39, 164kB/s]
 79%|███████▉  | 135M/170M [18:16<03:36, 165kB/s]
 79%|███████▉  | 135M/170M [18:16<03:35, 166kB/s]
 79%|███████▉  | 135M/170M [18:17<03:34, 167kB/s]
 79%|███████▉  | 135M/170M [18:17<03:33, 167kB/s]
 79%|███████▉  | 135M/170M [18:17<03:32, 168kB/s]
 79%|███████▉  | 135M/170M [18:17<03:31, 169kB/s]
 79%|███████▉  | 135M/170M [18:17<03:46, 158kB/s]
 79%|███████▉  | 135M/170M [18:18<03:40, 161kB/s]
 79%|███████▉  | 135M/170M [18:18<03:36, 164kB/s]
 79%|███████▉  | 135M/170M [18:18<03:34, 166kB/s]
 79%|███████▉  | 135M/170M [18:18<03:31, 168kB/s]
 79%|███████▉  | 135M/170M [18:18<03:30, 169kB/s]
 79%|███████▉  | 135M/170M [18:19<03:28, 170kB/s]
 79%|███████▉  | 135M/170M [18:19<03:28, 170kB/s]
 79%|███████▉  | 135M/170M [18:19<03:27, 170kB/s]
 79%|███████▉  | 135M/170M [18:19<03:26, 171kB/s]
 79%|███████▉  | 135M/170M [18:19<03:25, 172kB/s]
 79%|███████▉  | 135M/170M [18:20<03:40, 160kB/s]
 79%|███████▉  | 135M/170M [18:20<03:35, 164kB/s]
 79%|███████▉  | 135M/170M [18:20<03:31, 166kB/s]
 79%|███████▉  | 135M/170M [18:20<03:29, 168kB/s]
 79%|███████▉  | 135M/170M [18:20<03:26, 170kB/s]
 79%|███████▉  | 135M/170M [18:20<03:25, 171kB/s]
 79%|███████▉  | 135M/170M [18:21<03:24, 172kB/s]
 79%|███████▉  | 135M/170M [18:21<03:23, 173kB/s]
 79%|███████▉  | 135M/170M [18:21<03:22, 173kB/s]
 79%|███████▉  | 135M/170M [18:21<03:21, 173kB/s]
 79%|███████▉  | 136M/170M [18:21<03:36, 161kB/s]
 80%|███████▉  | 136M/170M [18:22<03:31, 165kB/s]
 80%|███████▉  | 136M/170M [18:22<03:28, 167kB/s]
 80%|███████▉  | 136M/170M [18:22<03:25, 170kB/s]
 80%|███████▉  | 136M/170M [18:22<03:23, 171kB/s]
 80%|███████▉  | 136M/170M [18:22<03:21, 173kB/s]
 80%|███████▉  | 136M/170M [18:23<03:20, 174kB/s]
 80%|███████▉  | 136M/170M [18:23<03:19, 174kB/s]
 80%|███████▉  | 136M/170M [18:23<03:18, 175kB/s]
 80%|███████▉  | 136M/170M [18:23<03:18, 175kB/s]
 80%|███████▉  | 136M/170M [18:23<03:32, 163kB/s]
 80%|███████▉  | 136M/170M [18:24<03:28, 166kB/s]
 80%|███████▉  | 136M/170M [18:24<03:24, 169kB/s]
 80%|███████▉  | 136M/170M [18:24<03:22, 171kB/s]
 80%|███████▉  | 136M/170M [18:24<03:20, 172kB/s]
 80%|███████▉  | 136M/170M [18:24<03:19, 173kB/s]
 80%|███████▉  | 136M/170M [18:24<03:18, 173kB/s]
 80%|███████▉  | 136M/170M [18:25<03:17, 174kB/s]
 80%|███████▉  | 136M/170M [18:25<03:17, 174kB/s]
 80%|███████▉  | 136M/170M [18:25<03:17, 174kB/s]
 80%|███████▉  | 136M/170M [18:25<03:16, 175kB/s]
 80%|███████▉  | 136M/170M [18:25<03:30, 163kB/s]
 80%|███████▉  | 136M/170M [18:26<03:26, 166kB/s]
 80%|███████▉  | 136M/170M [18:26<03:22, 169kB/s]
 80%|███████▉  | 136M/170M [18:26<03:20, 171kB/s]
 80%|███████▉  | 136M/170M [18:26<03:18, 172kB/s]
 80%|███████▉  | 136M/170M [18:26<03:17, 173kB/s]
 80%|████████  | 136M/170M [18:27<03:16, 174kB/s]
 80%|████████  | 136M/170M [18:27<03:15, 174kB/s]
 80%|████████  | 136M/170M [18:27<03:15, 174kB/s]
 80%|████████  | 137M/170M [18:27<03:14, 175kB/s]
 80%|████████  | 137M/170M [18:27<03:28, 163kB/s]
 80%|████████  | 137M/170M [18:28<03:23, 166kB/s]
 80%|████████  | 137M/170M [18:28<03:20, 169kB/s]
 80%|████████  | 137M/170M [18:28<03:18, 171kB/s]
 80%|████████  | 137M/170M [18:28<03:16, 172kB/s]
 80%|████████  | 137M/170M [18:28<03:14, 173kB/s]
 80%|████████  | 137M/170M [18:29<03:14, 174kB/s]
 80%|████████  | 137M/170M [18:29<03:13, 174kB/s]
 80%|████████  | 137M/170M [18:29<03:12, 175kB/s]
 80%|████████  | 137M/170M [18:29<03:12, 175kB/s]
 80%|████████  | 137M/170M [18:29<03:12, 175kB/s]
 80%|████████  | 137M/170M [18:30<03:27, 162kB/s]
 80%|████████  | 137M/170M [18:30<03:23, 165kB/s]
 80%|████████  | 137M/170M [18:30<03:20, 167kB/s]
 80%|████████  | 137M/170M [18:30<03:18, 169kB/s]
 80%|████████  | 137M/170M [18:30<03:17, 169kB/s]
 80%|████████  | 137M/170M [18:30<03:16, 170kB/s]
 80%|████████  | 137M/170M [18:31<03:15, 171kB/s]
 80%|████████  | 137M/170M [18:31<03:14, 171kB/s]
 80%|████████  | 137M/170M [18:31<03:13, 172kB/s]
 80%|████████  | 137M/170M [18:31<03:13, 172kB/s]
 80%|████████  | 137M/170M [18:32<03:48, 145kB/s]
 81%|████████  | 137M/170M [18:32<03:23, 163kB/s]
 81%|████████  | 137M/170M [18:32<03:17, 168kB/s]
 81%|████████  | 137M/170M [18:32<03:14, 171kB/s]
 81%|████████  | 137M/170M [18:32<03:23, 163kB/s]
 81%|████████  | 137M/170M [18:32<03:16, 169kB/s]
 81%|████████  | 137M/170M [18:33<03:11, 172kB/s]
 81%|████████  | 137M/170M [18:33<03:11, 172kB/s]
 81%|████████  | 137M/170M [18:33<03:26, 159kB/s]
 81%|████████  | 138M/170M [18:33<03:10, 173kB/s]
 81%|████████  | 138M/170M [18:33<03:19, 165kB/s]
 81%|████████  | 138M/170M [18:34<03:15, 168kB/s]
 81%|████████  | 138M/170M [18:34<03:14, 169kB/s]
 81%|████████  | 138M/170M [18:34<03:30, 156kB/s]
 81%|████████  | 138M/170M [18:34<03:29, 157kB/s]
 81%|████████  | 138M/170M [18:34<03:23, 161kB/s]
 81%|████████  | 138M/170M [18:35<03:07, 174kB/s]
 81%|████████  | 138M/170M [18:35<03:05, 176kB/s]
 81%|████████  | 138M/170M [18:35<03:00, 181kB/s]
 81%|████████  | 138M/170M [18:35<03:06, 175kB/s]
 81%|████████  | 138M/170M [18:35<03:08, 173kB/s]
 81%|████████  | 138M/170M [18:36<03:37, 150kB/s]
 81%|████████  | 138M/170M [18:36<04:24, 123kB/s]
 81%|████████  | 138M/170M [18:36<05:20, 102kB/s]
 81%|████████  | 138M/170M [18:37<04:57, 109kB/s]
 81%|████████  | 138M/170M [18:37<04:25, 122kB/s]
 81%|████████  | 138M/170M [18:37<03:51, 140kB/s]
 81%|████████  | 138M/170M [18:37<03:30, 154kB/s]
 81%|████████  | 138M/170M [18:37<03:04, 175kB/s]
 81%|████████  | 138M/170M [18:37<02:41, 200kB/s]
 81%|████████  | 138M/170M [18:38<02:31, 213kB/s]
 81%|████████  | 138M/170M [18:38<02:49, 190kB/s]
 81%|████████  | 138M/170M [18:38<02:54, 185kB/s]
 81%|████████  | 138M/170M [18:38<02:57, 182kB/s]
 81%|████████  | 138M/170M [18:38<02:59, 179kB/s]
 81%|████████  | 138M/170M [18:39<03:01, 177kB/s]
 81%|████████  | 138M/170M [18:39<03:01, 177kB/s]
 81%|████████  | 138M/170M [18:39<03:02, 176kB/s]
 81%|████████  | 138M/170M [18:39<03:02, 175kB/s]
 81%|████████  | 139M/170M [18:39<03:03, 175kB/s]
 81%|████████▏ | 139M/170M [18:39<03:03, 174kB/s]
 81%|████████▏ | 139M/170M [18:40<03:03, 174kB/s]
 81%|████████▏ | 139M/170M [18:40<03:16, 162kB/s]
 81%|████████▏ | 139M/170M [18:40<03:12, 166kB/s]
 81%|████████▏ | 139M/170M [18:40<03:09, 168kB/s]
 81%|████████▏ | 139M/170M [18:40<03:07, 170kB/s]
 81%|████████▏ | 139M/170M [18:41<03:05, 172kB/s]
 81%|████████▏ | 139M/170M [18:41<03:04, 172kB/s]
 81%|████████▏ | 139M/170M [18:41<03:02, 173kB/s]
 81%|████████▏ | 139M/170M [18:41<03:02, 174kB/s]
 81%|████████▏ | 139M/170M [18:41<03:01, 174kB/s]
 81%|████████▏ | 139M/170M [18:42<03:01, 175kB/s]
 81%|████████▏ | 139M/170M [18:42<03:14, 162kB/s]
 82%|████████▏ | 139M/170M [18:42<03:09, 166kB/s]
 82%|████████▏ | 139M/170M [18:42<03:06, 168kB/s]
 82%|████████▏ | 139M/170M [18:42<03:04, 170kB/s]
 82%|████████▏ | 139M/170M [18:43<03:02, 172kB/s]
 82%|████████▏ | 139M/170M [18:43<03:01, 173kB/s]
 82%|████████▏ | 139M/170M [18:43<03:00, 173kB/s]
 82%|████████▏ | 139M/170M [18:43<02:59, 174kB/s]
 82%|████████▏ | 139M/170M [18:43<02:59, 174kB/s]
 82%|████████▏ | 139M/170M [18:44<02:58, 175kB/s]
 82%|████████▏ | 139M/170M [18:44<02:58, 175kB/s]
 82%|████████▏ | 139M/170M [18:44<03:10, 164kB/s]
 82%|████████▏ | 139M/170M [18:44<03:06, 167kB/s]
 82%|████████▏ | 139M/170M [18:44<03:02, 170kB/s]
 82%|████████▏ | 139M/170M [18:44<03:00, 172kB/s]
 82%|████████▏ | 139M/170M [18:45<02:58, 174kB/s]
 82%|████████▏ | 139M/170M [18:45<02:57, 175kB/s]
 82%|████████▏ | 139M/170M [18:45<02:56, 175kB/s]
 82%|████████▏ | 140M/170M [18:45<02:55, 176kB/s]
 82%|████████▏ | 140M/170M [18:45<02:54, 177kB/s]
 82%|████████▏ | 140M/170M [18:46<02:54, 177kB/s]
 82%|████████▏ | 140M/170M [18:46<03:06, 165kB/s]
 82%|████████▏ | 140M/170M [18:46<03:02, 169kB/s]
 82%|████████▏ | 140M/170M [18:46<02:59, 172kB/s]
 82%|████████▏ | 140M/170M [18:46<02:57, 173kB/s]
 82%|████████▏ | 140M/170M [18:47<02:55, 175kB/s]
 82%|████████▏ | 140M/170M [18:47<02:54, 176kB/s]
 82%|████████▏ | 140M/170M [18:47<02:53, 177kB/s]
 82%|████████▏ | 140M/170M [18:47<02:51, 178kB/s]
 82%|████████▏ | 140M/170M [18:47<02:51, 179kB/s]
 82%|████████▏ | 140M/170M [18:47<02:50, 179kB/s]
 82%|████████▏ | 140M/170M [18:48<03:02, 168kB/s]
 82%|████████▏ | 140M/170M [18:48<02:58, 171kB/s]
 82%|████████▏ | 140M/170M [18:48<02:55, 174kB/s]
 82%|████████▏ | 140M/170M [18:48<02:53, 175kB/s]
 82%|████████▏ | 140M/170M [18:48<02:51, 177kB/s]
 82%|████████▏ | 140M/170M [18:49<02:50, 178kB/s]
 82%|████████▏ | 140M/170M [18:49<02:49, 180kB/s]
 82%|████████▏ | 140M/170M [18:49<02:49, 179kB/s]
 82%|████████▏ | 140M/170M [18:49<02:47, 180kB/s]
 82%|████████▏ | 140M/170M [18:49<02:48, 180kB/s]
 82%|████████▏ | 140M/170M [18:50<02:48, 180kB/s]
 82%|████████▏ | 140M/170M [18:50<03:00, 167kB/s]
 82%|████████▏ | 140M/170M [18:50<02:56, 171kB/s]
 82%|████████▏ | 140M/170M [18:50<02:53, 174kB/s]
 82%|████████▏ | 140M/170M [18:50<02:50, 176kB/s]
 82%|████████▏ | 140M/170M [18:50<02:49, 178kB/s]
 82%|████████▏ | 140M/170M [18:51<02:48, 178kB/s]
 82%|████████▏ | 141M/170M [18:51<02:47, 179kB/s]
 82%|████████▏ | 141M/170M [18:51<02:46, 180kB/s]
 82%|████████▏ | 141M/170M [18:51<02:47, 179kB/s]
 82%|████████▏ | 141M/170M [18:51<02:46, 179kB/s]
 82%|████████▏ | 141M/170M [18:52<02:58, 167kB/s]
 83%|████████▎ | 141M/170M [18:52<02:55, 170kB/s]
 83%|████████▎ | 141M/170M [18:52<02:51, 174kB/s]
 83%|████████▎ | 141M/170M [18:52<02:49, 175kB/s]
 83%|████████▎ | 141M/170M [18:52<02:47, 177kB/s]
 83%|████████▎ | 141M/170M [18:53<02:46, 178kB/s]
 83%|████████▎ | 141M/170M [18:53<02:45, 179kB/s]
 83%|████████▎ | 141M/170M [18:53<02:44, 180kB/s]
 83%|████████▎ | 141M/170M [18:53<02:44, 180kB/s]
 83%|████████▎ | 141M/170M [18:53<02:43, 181kB/s]
 83%|████████▎ | 141M/170M [18:53<02:43, 181kB/s]
 83%|████████▎ | 141M/170M [18:54<02:54, 169kB/s]
 83%|████████▎ | 141M/170M [18:54<02:51, 172kB/s]
 83%|████████▎ | 141M/170M [18:54<02:48, 175kB/s]
 83%|████████▎ | 141M/170M [18:54<02:47, 176kB/s]
 83%|████████▎ | 141M/170M [18:54<02:45, 178kB/s]
 83%|████████▎ | 141M/170M [18:55<02:44, 178kB/s]
 83%|████████▎ | 141M/170M [18:55<02:43, 179kB/s]
 83%|████████▎ | 141M/170M [18:55<02:43, 179kB/s]
 83%|████████▎ | 141M/170M [18:55<02:43, 179kB/s]
 83%|████████▎ | 141M/170M [18:55<02:42, 179kB/s]
 83%|████████▎ | 141M/170M [18:56<02:54, 167kB/s]
 83%|████████▎ | 141M/170M [18:56<02:50, 171kB/s]
 83%|████████▎ | 141M/170M [18:56<02:48, 173kB/s]
 83%|████████▎ | 141M/170M [18:56<02:45, 176kB/s]
 83%|████████▎ | 141M/170M [18:56<02:44, 177kB/s]
 83%|████████▎ | 141M/170M [18:56<02:42, 178kB/s]
 83%|████████▎ | 142M/170M [18:57<02:42, 179kB/s]
 83%|████████▎ | 142M/170M [18:57<02:42, 178kB/s]
 83%|████████▎ | 142M/170M [18:57<02:41, 179kB/s]
 83%|████████▎ | 142M/170M [18:57<02:40, 180kB/s]
 83%|████████▎ | 142M/170M [18:57<02:52, 167kB/s]
 83%|████████▎ | 142M/170M [18:58<02:48, 170kB/s]
 83%|████████▎ | 142M/170M [18:58<02:46, 173kB/s]
 83%|████████▎ | 142M/170M [18:58<02:44, 175kB/s]
 83%|████████▎ | 142M/170M [18:58<02:42, 176kB/s]
 83%|████████▎ | 142M/170M [18:58<02:41, 178kB/s]
 83%|████████▎ | 142M/170M [18:58<02:40, 178kB/s]
 83%|████████▎ | 142M/170M [18:59<02:39, 179kB/s]
 83%|████████▎ | 142M/170M [18:59<02:39, 179kB/s]
 83%|████████▎ | 142M/170M [18:59<02:38, 180kB/s]
 83%|████████▎ | 142M/170M [18:59<02:38, 180kB/s]
 83%|████████▎ | 142M/170M [18:59<02:49, 168kB/s]
 83%|████████▎ | 142M/170M [19:00<02:45, 172kB/s]
 83%|████████▎ | 142M/170M [19:00<02:42, 175kB/s]
 83%|████████▎ | 142M/170M [19:00<02:40, 177kB/s]
 83%|████████▎ | 142M/170M [19:00<02:39, 178kB/s]
 83%|████████▎ | 142M/170M [19:00<02:38, 178kB/s]
 83%|████████▎ | 142M/170M [19:01<02:38, 179kB/s]
 83%|████████▎ | 142M/170M [19:01<02:38, 179kB/s]
 83%|████████▎ | 142M/170M [19:01<02:37, 179kB/s]
 83%|████████▎ | 142M/170M [19:01<02:37, 179kB/s]
 83%|████████▎ | 142M/170M [19:01<02:48, 168kB/s]
 84%|████████▎ | 142M/170M [19:01<02:44, 171kB/s]
 84%|████████▎ | 142M/170M [19:02<02:41, 174kB/s]
 84%|████████▎ | 142M/170M [19:02<02:38, 177kB/s]
 84%|████████▎ | 142M/170M [19:02<02:37, 178kB/s]
 84%|████████▎ | 143M/170M [19:02<02:35, 180kB/s]
 84%|████████▎ | 143M/170M [19:02<02:34, 180kB/s]
 84%|████████▎ | 143M/170M [19:03<02:34, 181kB/s]
 84%|████████▎ | 143M/170M [19:03<02:33, 181kB/s]
 84%|████████▎ | 143M/170M [19:03<02:33, 182kB/s]
 84%|████████▎ | 143M/170M [19:03<02:47, 166kB/s]
 84%|████████▎ | 143M/170M [19:03<03:08, 147kB/s]
 84%|████████▎ | 143M/170M [19:04<03:02, 152kB/s]
 84%|████████▎ | 143M/170M [19:04<02:54, 158kB/s]
 84%|████████▍ | 143M/170M [19:04<02:41, 172kB/s]
 84%|████████▍ | 143M/170M [19:04<02:26, 189kB/s]
 84%|████████▍ | 143M/170M [19:04<02:12, 208kB/s]
 84%|████████▍ | 143M/170M [19:04<02:16, 203kB/s]
 84%|████████▍ | 143M/170M [19:05<02:21, 195kB/s]
 84%|████████▍ | 143M/170M [19:05<02:24, 191kB/s]
 84%|████████▍ | 143M/170M [19:05<02:26, 188kB/s]
 84%|████████▍ | 143M/170M [19:05<02:39, 173kB/s]
 84%|████████▍ | 143M/170M [19:05<02:50, 161kB/s]
 84%|████████▍ | 143M/170M [19:06<02:59, 153kB/s]
 84%|████████▍ | 143M/170M [19:06<02:56, 155kB/s]
 84%|████████▍ | 143M/170M [19:06<02:48, 163kB/s]
 84%|████████▍ | 143M/170M [19:06<02:38, 173kB/s]
 84%|████████▍ | 143M/170M [19:06<02:24, 188kB/s]
 84%|████████▍ | 143M/170M [19:06<02:12, 205kB/s]
 84%|████████▍ | 143M/170M [19:07<02:15, 201kB/s]
 84%|████████▍ | 143M/170M [19:07<02:33, 177kB/s]
 84%|████████▍ | 143M/170M [19:07<02:47, 162kB/s]
 84%|████████▍ | 143M/170M [19:07<02:58, 152kB/s]
 84%|████████▍ | 143M/170M [19:08<02:50, 159kB/s]
 84%|████████▍ | 143M/170M [19:08<02:32, 177kB/s]
 84%|████████▍ | 143M/170M [19:08<02:20, 192kB/s]
 84%|████████▍ | 144M/170M [19:08<02:12, 204kB/s]
 84%|████████▍ | 144M/170M [19:08<02:16, 197kB/s]
 84%|████████▍ | 144M/170M [19:08<02:19, 193kB/s]
 84%|████████▍ | 144M/170M [19:08<02:22, 189kB/s]
 84%|████████▍ | 144M/170M [19:09<02:23, 187kB/s]
 84%|████████▍ | 144M/170M [19:09<02:24, 186kB/s]
 84%|████████▍ | 144M/170M [19:09<02:49, 158kB/s]
 84%|████████▍ | 144M/170M [19:09<02:52, 155kB/s]
 84%|████████▍ | 144M/170M [19:10<02:56, 151kB/s]
 84%|████████▍ | 144M/170M [19:10<02:43, 164kB/s]
 84%|████████▍ | 144M/170M [19:10<02:34, 173kB/s]
 84%|████████▍ | 144M/170M [19:10<02:18, 191kB/s]
 84%|████████▍ | 144M/170M [19:10<02:08, 207kB/s]
 84%|████████▍ | 144M/170M [19:10<02:12, 200kB/s]
 84%|████████▍ | 144M/170M [19:10<02:16, 194kB/s]
 84%|████████▍ | 144M/170M [19:11<02:18, 191kB/s]
 84%|████████▍ | 144M/170M [19:11<02:31, 174kB/s]
 85%|████████▍ | 144M/170M [19:11<02:53, 152kB/s]
 85%|████████▍ | 144M/170M [19:11<02:38, 167kB/s]
 85%|████████▍ | 144M/170M [19:12<02:49, 155kB/s]
 85%|████████▍ | 144M/170M [19:12<02:44, 160kB/s]
 85%|████████▍ | 144M/170M [19:12<02:28, 177kB/s]
 85%|████████▍ | 144M/170M [19:12<02:15, 193kB/s]
 85%|████████▍ | 144M/170M [19:12<02:07, 206kB/s]
 85%|████████▍ | 144M/170M [19:12<02:08, 204kB/s]
 85%|████████▍ | 144M/170M [19:13<02:12, 197kB/s]
 85%|████████▍ | 144M/170M [19:13<02:37, 166kB/s]
 85%|████████▍ | 144M/170M [19:13<02:53, 151kB/s]
 85%|████████▍ | 144M/170M [19:13<02:45, 158kB/s]
 85%|████████▍ | 144M/170M [19:13<02:28, 175kB/s]
 85%|████████▍ | 145M/170M [19:14<02:16, 190kB/s]
 85%|████████▍ | 145M/170M [19:14<02:06, 206kB/s]
 85%|████████▍ | 145M/170M [19:14<02:06, 205kB/s]
 85%|████████▍ | 145M/170M [19:14<02:10, 199kB/s]
 85%|████████▍ | 145M/170M [19:14<02:12, 195kB/s]
 85%|████████▍ | 145M/170M [19:14<02:14, 192kB/s]
 85%|████████▍ | 145M/170M [19:15<02:15, 190kB/s]
 85%|████████▍ | 145M/170M [19:15<02:27, 175kB/s]
 85%|████████▍ | 145M/170M [19:15<02:24, 179kB/s]
 85%|████████▍ | 145M/170M [19:15<02:22, 181kB/s]
 85%|████████▍ | 145M/170M [19:15<02:20, 182kB/s]
 85%|████████▍ | 145M/170M [19:15<02:19, 183kB/s]
 85%|████████▍ | 145M/170M [19:16<02:19, 184kB/s]
 85%|████████▌ | 145M/170M [19:16<02:18, 185kB/s]
 85%|████████▌ | 145M/170M [19:16<02:17, 185kB/s]
 85%|████████▌ | 145M/170M [19:16<02:17, 185kB/s]
 85%|████████▌ | 145M/170M [19:16<02:16, 186kB/s]
 85%|████████▌ | 145M/170M [19:16<02:16, 186kB/s]
 85%|████████▌ | 145M/170M [19:17<02:27, 173kB/s]
 85%|████████▌ | 145M/170M [19:17<02:23, 176kB/s]
 85%|████████▌ | 145M/170M [19:17<02:21, 179kB/s]
 85%|████████▌ | 145M/170M [19:17<02:20, 180kB/s]
 85%|████████▌ | 145M/170M [19:17<02:19, 181kB/s]
 85%|████████▌ | 145M/170M [19:18<02:17, 183kB/s]
 85%|████████▌ | 145M/170M [19:18<02:17, 183kB/s]
 85%|████████▌ | 145M/170M [19:18<02:17, 184kB/s]
 85%|████████▌ | 145M/170M [19:18<02:16, 184kB/s]
 85%|████████▌ | 145M/170M [19:18<02:16, 184kB/s]
 85%|████████▌ | 145M/170M [19:19<02:49, 148kB/s]
 85%|████████▌ | 145M/170M [19:19<02:37, 159kB/s]
 85%|████████▌ | 145M/170M [19:19<02:40, 156kB/s]
 85%|████████▌ | 146M/170M [19:19<02:32, 164kB/s]
 85%|████████▌ | 146M/170M [19:19<02:21, 176kB/s]
 85%|████████▌ | 146M/170M [19:19<02:09, 192kB/s]
 85%|████████▌ | 146M/170M [19:20<01:58, 209kB/s]
 85%|████████▌ | 146M/170M [19:20<02:19, 178kB/s]
 85%|████████▌ | 146M/170M [19:20<02:27, 168kB/s]
 85%|████████▌ | 146M/170M [19:20<02:26, 169kB/s]
 85%|████████▌ | 146M/170M [19:20<02:35, 159kB/s]
 86%|████████▌ | 146M/170M [19:21<02:18, 179kB/s]
 86%|████████▌ | 146M/170M [19:21<02:05, 197kB/s]
 86%|████████▌ | 146M/170M [19:21<02:02, 201kB/s]
 86%|████████▌ | 146M/170M [19:21<02:05, 196kB/s]
 86%|████████▌ | 146M/170M [19:21<02:09, 190kB/s]
 86%|████████▌ | 146M/170M [19:21<02:10, 187kB/s]
 86%|████████▌ | 146M/170M [19:22<02:12, 186kB/s]
 86%|████████▌ | 146M/170M [19:22<02:13, 184kB/s]
 86%|████████▌ | 146M/170M [19:22<02:14, 182kB/s]
 86%|████████▌ | 146M/170M [19:22<02:14, 181kB/s]
 86%|████████▌ | 146M/170M [19:22<02:24, 168kB/s]
 86%|████████▌ | 146M/170M [19:23<02:37, 155kB/s]
 86%|████████▌ | 146M/170M [19:23<02:41, 150kB/s]
 86%|████████▌ | 146M/170M [19:23<02:36, 156kB/s]
 86%|████████▌ | 146M/170M [19:23<02:23, 169kB/s]
 86%|████████▌ | 146M/170M [19:23<02:09, 187kB/s]
 86%|████████▌ | 146M/170M [19:23<01:58, 204kB/s]
 86%|████████▌ | 146M/170M [19:24<02:02, 197kB/s]
 86%|████████▌ | 146M/170M [19:24<02:05, 192kB/s]
 86%|████████▌ | 146M/170M [19:24<02:08, 188kB/s]
 86%|████████▌ | 146M/170M [19:24<02:31, 159kB/s]
 86%|████████▌ | 146M/170M [19:25<02:34, 156kB/s]
 86%|████████▌ | 147M/170M [19:25<02:37, 152kB/s]
 86%|████████▌ | 147M/170M [19:25<02:24, 166kB/s]
 86%|████████▌ | 147M/170M [19:25<02:17, 174kB/s]
 86%|████████▌ | 147M/170M [19:25<02:04, 192kB/s]
 86%|████████▌ | 147M/170M [19:25<01:57, 203kB/s]
 86%|████████▌ | 147M/170M [19:26<02:01, 196kB/s]
 86%|████████▌ | 147M/170M [19:26<02:04, 191kB/s]
 86%|████████▌ | 147M/170M [19:26<02:06, 188kB/s]
 86%|████████▌ | 147M/170M [19:26<02:08, 185kB/s]
 86%|████████▌ | 147M/170M [19:26<02:18, 171kB/s]
 86%|████████▌ | 147M/170M [19:27<02:37, 150kB/s]
 86%|████████▌ | 147M/170M [19:27<02:28, 160kB/s]
 86%|████████▌ | 147M/170M [19:27<02:29, 158kB/s]
 86%|████████▌ | 147M/170M [19:27<02:22, 165kB/s]
 86%|████████▌ | 147M/170M [19:27<02:11, 179kB/s]
 86%|████████▌ | 147M/170M [19:27<02:02, 192kB/s]
 86%|████████▌ | 147M/170M [19:28<02:01, 194kB/s]
 86%|████████▋ | 147M/170M [19:28<02:02, 191kB/s]
 86%|████████▋ | 147M/170M [19:28<02:02, 192kB/s]
 86%|████████▋ | 147M/170M [19:28<02:12, 177kB/s]
 86%|████████▋ | 147M/170M [19:28<02:11, 178kB/s]
 86%|████████▋ | 147M/170M [19:29<02:10, 179kB/s]
 86%|████████▋ | 147M/170M [19:29<02:09, 179kB/s]
 86%|████████▋ | 147M/170M [19:29<02:09, 179kB/s]
 86%|████████▋ | 147M/170M [19:29<02:09, 180kB/s]
 86%|████████▋ | 147M/170M [19:29<02:19, 166kB/s]
 86%|████████▋ | 147M/170M [19:30<02:28, 156kB/s]
 86%|████████▋ | 147M/170M [19:30<02:28, 156kB/s]
 86%|████████▋ | 147M/170M [19:30<02:16, 169kB/s]
 86%|████████▋ | 147M/170M [19:30<02:07, 181kB/s]
 87%|████████▋ | 147M/170M [19:30<02:05, 184kB/s]
 87%|████████▋ | 148M/170M [19:30<01:58, 194kB/s]
 87%|████████▋ | 148M/170M [19:31<02:00, 190kB/s]
 87%|████████▋ | 148M/170M [19:31<02:02, 187kB/s]
 87%|████████▋ | 148M/170M [19:31<02:02, 187kB/s]
 87%|████████▋ | 148M/170M [19:31<02:03, 185kB/s]
 87%|████████▋ | 148M/170M [19:31<02:04, 184kB/s]
 87%|████████▋ | 148M/170M [19:31<02:04, 183kB/s]
 87%|████████▋ | 148M/170M [19:32<02:03, 184kB/s]
 87%|████████▋ | 148M/170M [19:32<02:03, 183kB/s]
 87%|████████▋ | 148M/170M [19:32<02:13, 170kB/s]
 87%|████████▋ | 148M/170M [19:32<02:10, 174kB/s]
 87%|████████▋ | 148M/170M [19:32<02:07, 177kB/s]
 87%|████████▋ | 148M/170M [19:33<02:06, 179kB/s]
 87%|████████▋ | 148M/170M [19:33<02:05, 180kB/s]
 87%|████████▋ | 148M/170M [19:33<02:04, 181kB/s]
 87%|████████▋ | 148M/170M [19:33<02:03, 182kB/s]
 87%|████████▋ | 148M/170M [19:33<02:03, 182kB/s]
 87%|████████▋ | 148M/170M [19:33<02:02, 183kB/s]
 87%|████████▋ | 148M/170M [19:34<02:02, 183kB/s]
 87%|████████▋ | 148M/170M [19:34<02:11, 170kB/s]
 87%|████████▋ | 148M/170M [19:34<02:08, 174kB/s]
 87%|████████▋ | 148M/170M [19:34<02:06, 177kB/s]
 87%|████████▋ | 148M/170M [19:34<02:04, 179kB/s]
 87%|████████▋ | 148M/170M [19:35<02:03, 180kB/s]
 87%|████████▋ | 148M/170M [19:35<02:02, 182kB/s]
 87%|████████▋ | 148M/170M [19:35<02:01, 182kB/s]
 87%|████████▋ | 148M/170M [19:35<02:02, 181kB/s]
 87%|████████▋ | 148M/170M [19:35<02:02, 181kB/s]
 87%|████████▋ | 148M/170M [19:36<02:01, 181kB/s]
 87%|████████▋ | 148M/170M [19:36<02:01, 181kB/s]
 87%|████████▋ | 149M/170M [19:36<02:10, 168kB/s]
 87%|████████▋ | 149M/170M [19:36<02:08, 171kB/s]
 87%|████████▋ | 149M/170M [19:36<02:06, 173kB/s]
 87%|████████▋ | 149M/170M [19:36<02:05, 174kB/s]
 87%|████████▋ | 149M/170M [19:37<02:04, 175kB/s]
 87%|████████▋ | 149M/170M [19:37<02:03, 176kB/s]
 87%|████████▋ | 149M/170M [19:37<02:03, 176kB/s]
 87%|████████▋ | 149M/170M [19:37<02:03, 177kB/s]
 87%|████████▋ | 149M/170M [19:37<02:02, 177kB/s]
 87%|████████▋ | 149M/170M [19:38<02:02, 177kB/s]
 87%|████████▋ | 149M/170M [19:38<02:11, 165kB/s]
 87%|████████▋ | 149M/170M [19:38<02:08, 168kB/s]
 87%|████████▋ | 149M/170M [19:38<02:06, 171kB/s]
 87%|████████▋ | 149M/170M [19:38<02:04, 173kB/s]
 87%|████████▋ | 149M/170M [19:39<02:03, 174kB/s]
 87%|████████▋ | 149M/170M [19:39<02:02, 175kB/s]
 87%|████████▋ | 149M/170M [19:39<02:02, 175kB/s]
 87%|████████▋ | 149M/170M [19:39<02:02, 175kB/s]
 87%|████████▋ | 149M/170M [19:39<02:01, 176kB/s]
 87%|████████▋ | 149M/170M [19:39<02:01, 176kB/s]
 87%|████████▋ | 149M/170M [19:40<02:00, 177kB/s]
 88%|████████▊ | 149M/170M [19:40<02:09, 165kB/s]
 88%|████████▊ | 149M/170M [19:40<02:06, 168kB/s]
 88%|████████▊ | 149M/170M [19:40<02:04, 170kB/s]
 88%|████████▊ | 149M/170M [19:40<02:03, 172kB/s]
 88%|████████▊ | 149M/170M [19:41<02:01, 175kB/s]
 88%|████████▊ | 149M/170M [19:41<02:01, 175kB/s]
 88%|████████▊ | 149M/170M [19:41<02:00, 175kB/s]
 88%|████████▊ | 149M/170M [19:41<01:59, 176kB/s]
 88%|████████▊ | 149M/170M [19:41<01:59, 176kB/s]
 88%|████████▊ | 149M/170M [19:42<01:58, 177kB/s]
 88%|████████▊ | 150M/170M [19:42<02:06, 166kB/s]
 88%|████████▊ | 150M/170M [19:42<02:03, 170kB/s]
 88%|████████▊ | 150M/170M [19:42<02:02, 171kB/s]
 88%|████████▊ | 150M/170M [19:42<02:00, 174kB/s]
 88%|████████▊ | 150M/170M [19:43<01:59, 175kB/s]
 88%|████████▊ | 150M/170M [19:43<01:58, 175kB/s]
 88%|████████▊ | 150M/170M [19:43<01:57, 176kB/s]
 88%|████████▊ | 150M/170M [19:43<01:57, 177kB/s]
 88%|████████▊ | 150M/170M [19:43<01:56, 178kB/s]
 88%|████████▊ | 150M/170M [19:43<01:56, 178kB/s]
 88%|████████▊ | 150M/170M [19:44<02:04, 165kB/s]
 88%|████████▊ | 150M/170M [19:44<02:01, 169kB/s]
 88%|████████▊ | 150M/170M [19:44<01:59, 173kB/s]
 88%|████████▊ | 150M/170M [19:44<01:58, 174kB/s]
 88%|████████▊ | 150M/170M [19:44<01:56, 175kB/s]
 88%|████████▊ | 150M/170M [19:45<01:55, 177kB/s]
 88%|████████▊ | 150M/170M [19:45<01:55, 177kB/s]
 88%|████████▊ | 150M/170M [19:45<01:55, 177kB/s]
 88%|████████▊ | 150M/170M [19:45<01:54, 179kB/s]
 88%|████████▊ | 150M/170M [19:45<01:54, 178kB/s]
 88%|████████▊ | 150M/170M [19:45<01:53, 179kB/s]
 88%|████████▊ | 150M/170M [19:46<02:02, 165kB/s]
 88%|████████▊ | 150M/170M [19:46<02:00, 169kB/s]
 88%|████████▊ | 150M/170M [19:46<01:57, 172kB/s]
 88%|████████▊ | 150M/170M [19:46<01:57, 172kB/s]
 88%|████████▊ | 150M/170M [19:46<01:56, 173kB/s]
 88%|████████▊ | 150M/170M [19:47<01:55, 174kB/s]
 88%|████████▊ | 150M/170M [19:47<01:55, 174kB/s]
 88%|████████▊ | 150M/170M [19:47<01:54, 175kB/s]
 88%|████████▊ | 150M/170M [19:47<01:55, 174kB/s]
 88%|████████▊ | 151M/170M [19:47<01:54, 174kB/s]
 88%|████████▊ | 151M/170M [19:48<02:03, 162kB/s]
 88%|████████▊ | 151M/170M [19:48<02:00, 165kB/s]
 88%|████████▊ | 151M/170M [19:48<01:58, 168kB/s]
 88%|████████▊ | 151M/170M [19:48<01:57, 170kB/s]
 88%|████████▊ | 151M/170M [19:48<01:56, 170kB/s]
 88%|████████▊ | 151M/170M [19:49<01:55, 171kB/s]
 88%|████████▊ | 151M/170M [19:49<01:55, 172kB/s]
 88%|████████▊ | 151M/170M [19:49<01:54, 172kB/s]
 88%|████████▊ | 151M/170M [19:49<01:54, 172kB/s]
 88%|████████▊ | 151M/170M [19:49<01:54, 172kB/s]
 88%|████████▊ | 151M/170M [19:50<01:54, 172kB/s]
 89%|████████▊ | 151M/170M [19:50<02:02, 160kB/s]
 89%|████████▊ | 151M/170M [19:50<01:59, 164kB/s]
 89%|████████▊ | 151M/170M [19:50<01:57, 166kB/s]
 89%|████████▊ | 151M/170M [19:50<01:56, 168kB/s]
 89%|████████▊ | 151M/170M [19:51<01:55, 169kB/s]
 89%|████████▊ | 151M/170M [19:51<01:54, 169kB/s]
 89%|████████▊ | 151M/170M [19:51<01:54, 170kB/s]
 89%|████████▊ | 151M/170M [19:51<01:53, 170kB/s]
 89%|████████▊ | 151M/170M [19:51<01:53, 170kB/s]
 89%|████████▊ | 151M/170M [19:51<01:53, 171kB/s]
 89%|████████▊ | 151M/170M [19:52<02:01, 159kB/s]
 89%|████████▊ | 151M/170M [19:52<01:58, 162kB/s]
 89%|████████▊ | 151M/170M [19:52<01:56, 165kB/s]
 89%|████████▉ | 151M/170M [19:52<01:54, 167kB/s]
 89%|████████▉ | 151M/170M [19:53<01:53, 168kB/s]
 89%|████████▉ | 151M/170M [19:53<01:52, 170kB/s]
 89%|████████▉ | 151M/170M [19:53<01:51, 171kB/s]
 89%|████████▉ | 151M/170M [19:53<01:50, 172kB/s]
 89%|████████▉ | 151M/170M [19:53<01:50, 172kB/s]
 89%|████████▉ | 152M/170M [19:53<01:50, 172kB/s]
 89%|████████▉ | 152M/170M [19:54<01:49, 173kB/s]
 89%|████████▉ | 152M/170M [19:54<01:57, 161kB/s]
 89%|████████▉ | 152M/170M [19:54<01:54, 164kB/s]
 89%|████████▉ | 152M/170M [19:54<01:53, 167kB/s]
 89%|████████▉ | 152M/170M [19:54<01:51, 169kB/s]
 89%|████████▉ | 152M/170M [19:55<01:50, 170kB/s]
 89%|████████▉ | 152M/170M [19:55<01:49, 171kB/s]
 89%|████████▉ | 152M/170M [19:55<01:48, 172kB/s]
 89%|████████▉ | 152M/170M [19:55<01:48, 173kB/s]
 89%|████████▉ | 152M/170M [19:55<01:47, 174kB/s]
 89%|████████▉ | 152M/170M [19:56<01:46, 174kB/s]
 89%|████████▉ | 152M/170M [19:56<01:54, 163kB/s]
 89%|████████▉ | 152M/170M [19:56<01:51, 166kB/s]
 89%|████████▉ | 152M/170M [19:56<01:49, 169kB/s]
 89%|████████▉ | 152M/170M [19:56<01:48, 171kB/s]
 89%|████████▉ | 152M/170M [19:57<01:47, 172kB/s]
 89%|████████▉ | 152M/170M [19:57<01:46, 173kB/s]
 89%|████████▉ | 152M/170M [19:57<01:45, 174kB/s]
 89%|████████▉ | 152M/170M [19:57<01:45, 174kB/s]
 89%|████████▉ | 152M/170M [19:57<01:45, 174kB/s]
 89%|████████▉ | 152M/170M [19:57<01:44, 175kB/s]
 89%|████████▉ | 152M/170M [19:58<01:52, 163kB/s]
 89%|████████▉ | 152M/170M [19:58<01:49, 166kB/s]
 89%|████████▉ | 152M/170M [19:58<01:47, 168kB/s]
 89%|████████▉ | 152M/170M [19:58<01:46, 171kB/s]
 89%|████████▉ | 152M/170M [19:58<01:45, 172kB/s]
 89%|████████▉ | 152M/170M [19:59<01:44, 173kB/s]
 89%|████████▉ | 152M/170M [19:59<01:44, 173kB/s]
 89%|████████▉ | 152M/170M [19:59<01:43, 175kB/s]
 89%|████████▉ | 153M/170M [19:59<01:43, 175kB/s]
 89%|████████▉ | 153M/170M [19:59<01:42, 175kB/s]
 89%|████████▉ | 153M/170M [20:00<01:42, 175kB/s]
 90%|████████▉ | 153M/170M [20:00<01:49, 163kB/s]
 90%|████████▉ | 153M/170M [20:00<01:46, 167kB/s]
 90%|████████▉ | 153M/170M [20:00<01:45, 170kB/s]
 90%|████████▉ | 153M/170M [20:00<01:43, 172kB/s]
 90%|████████▉ | 153M/170M [20:01<01:42, 173kB/s]
 90%|████████▉ | 153M/170M [20:01<01:41, 174kB/s]
 90%|████████▉ | 153M/170M [20:01<01:40, 176kB/s]
 90%|████████▉ | 153M/170M [20:01<01:40, 176kB/s]
 90%|████████▉ | 153M/170M [20:01<01:39, 177kB/s]
 90%|████████▉ | 153M/170M [20:01<01:39, 178kB/s]
 90%|████████▉ | 153M/170M [20:02<01:45, 166kB/s]
 90%|████████▉ | 153M/170M [20:02<01:43, 170kB/s]
 90%|████████▉ | 153M/170M [20:02<01:41, 172kB/s]
 90%|████████▉ | 153M/170M [20:02<01:40, 174kB/s]
 90%|████████▉ | 153M/170M [20:02<01:39, 176kB/s]
 90%|████████▉ | 153M/170M [20:03<01:38, 177kB/s]
 90%|████████▉ | 153M/170M [20:03<01:37, 178kB/s]
 90%|████████▉ | 153M/170M [20:03<01:37, 178kB/s]
 90%|████████▉ | 153M/170M [20:03<01:37, 178kB/s]
 90%|████████▉ | 153M/170M [20:03<01:36, 179kB/s]
 90%|████████▉ | 153M/170M [20:04<01:35, 180kB/s]
 90%|████████▉ | 153M/170M [20:04<01:42, 168kB/s]
 90%|████████▉ | 153M/170M [20:04<01:40, 171kB/s]
 90%|████████▉ | 153M/170M [20:04<01:38, 174kB/s]
 90%|████████▉ | 153M/170M [20:04<01:37, 176kB/s]
 90%|████████▉ | 153M/170M [20:04<01:36, 177kB/s]
 90%|█████████ | 153M/170M [20:05<01:35, 179kB/s]
 90%|█████████ | 153M/170M [20:05<01:34, 180kB/s]
 90%|█████████ | 154M/170M [20:05<01:34, 181kB/s]
 90%|█████████ | 154M/170M [20:05<01:33, 182kB/s]
 90%|█████████ | 154M/170M [20:05<01:32, 183kB/s]
 90%|█████████ | 154M/170M [20:06<01:39, 170kB/s]
 90%|█████████ | 154M/170M [20:06<01:36, 174kB/s]
 90%|█████████ | 154M/170M [20:06<01:35, 177kB/s]
 90%|█████████ | 154M/170M [20:06<01:33, 179kB/s]
 90%|█████████ | 154M/170M [20:06<01:32, 180kB/s]
 90%|█████████ | 154M/170M [20:06<01:32, 181kB/s]
 90%|█████████ | 154M/170M [20:07<01:46, 156kB/s]
 90%|█████████ | 154M/170M [20:07<01:37, 170kB/s]
 90%|█████████ | 154M/170M [20:07<01:44, 159kB/s]
 90%|█████████ | 154M/170M [20:07<01:41, 163kB/s]
 90%|█████████ | 154M/170M [20:08<01:39, 166kB/s]
 90%|█████████ | 154M/170M [20:08<01:29, 184kB/s]
 90%|█████████ | 154M/170M [20:08<01:22, 200kB/s]
 90%|█████████ | 154M/170M [20:08<01:21, 202kB/s]
 90%|█████████ | 154M/170M [20:08<01:23, 197kB/s]
 90%|█████████ | 154M/170M [20:08<01:25, 193kB/s]
 90%|█████████ | 154M/170M [20:09<01:40, 162kB/s]
 90%|█████████ | 154M/170M [20:09<01:34, 173kB/s]
 90%|█████████ | 154M/170M [20:09<01:40, 163kB/s]
 90%|█████████ | 154M/170M [20:09<01:38, 166kB/s]
 90%|█████████ | 154M/170M [20:09<01:28, 182kB/s]
 91%|█████████ | 154M/170M [20:10<01:49, 148kB/s]
 91%|█████████ | 154M/170M [20:10<01:53, 142kB/s]
 91%|█████████ | 154M/170M [20:10<01:48, 149kB/s]
 91%|█████████ | 154M/170M [20:10<01:38, 164kB/s]
 91%|█████████ | 154M/170M [20:10<01:28, 181kB/s]
 91%|█████████ | 154M/170M [20:10<01:20, 199kB/s]
 91%|█████████ | 155M/170M [20:11<01:13, 216kB/s]
 91%|█████████ | 155M/170M [20:11<01:08, 233kB/s]
 91%|█████████ | 155M/170M [20:11<01:06, 239kB/s]
 91%|█████████ | 155M/170M [20:11<01:12, 218kB/s]
 91%|█████████ | 155M/170M [20:11<01:23, 189kB/s]
 91%|█████████ | 155M/170M [20:11<01:24, 187kB/s]
 91%|█████████ | 155M/170M [20:12<01:25, 185kB/s]
 91%|█████████ | 155M/170M [20:12<01:25, 184kB/s]
 91%|█████████ | 155M/170M [20:12<01:25, 183kB/s]
 91%|█████████ | 155M/170M [20:12<01:25, 183kB/s]
 91%|█████████ | 155M/170M [20:12<01:26, 182kB/s]
 91%|█████████ | 155M/170M [20:13<01:26, 181kB/s]
 91%|█████████ | 155M/170M [20:13<01:26, 181kB/s]
 91%|█████████ | 155M/170M [20:13<01:26, 181kB/s]
 91%|█████████ | 155M/170M [20:13<01:25, 181kB/s]
 91%|█████████ | 155M/170M [20:13<01:32, 168kB/s]
 91%|█████████ | 155M/170M [20:13<01:30, 172kB/s]
 91%|█████████ | 155M/170M [20:14<01:28, 174kB/s]
 91%|█████████ | 155M/170M [20:14<01:27, 176kB/s]
 91%|█████████ | 155M/170M [20:14<01:26, 177kB/s]
 91%|█████████ | 155M/170M [20:14<01:25, 178kB/s]
 91%|█████████ | 155M/170M [20:14<01:25, 179kB/s]
 91%|█████████ | 155M/170M [20:15<01:25, 179kB/s]
 91%|█████████ | 155M/170M [20:15<01:24, 180kB/s]
 91%|█████████ | 155M/170M [20:15<01:24, 180kB/s]
 91%|█████████ | 155M/170M [20:15<01:30, 167kB/s]
 91%|█████████ | 155M/170M [20:15<01:28, 171kB/s]
 91%|█████████ | 155M/170M [20:16<01:26, 174kB/s]
 91%|█████████ | 155M/170M [20:16<01:25, 176kB/s]
 91%|█████████ | 155M/170M [20:16<01:25, 177kB/s]
 91%|█████████ | 155M/170M [20:16<01:24, 177kB/s]
 91%|█████████ | 156M/170M [20:16<01:24, 178kB/s]
 91%|█████████ | 156M/170M [20:16<01:23, 178kB/s]
 91%|█████████▏| 156M/170M [20:17<01:23, 178kB/s]
 91%|█████████▏| 156M/170M [20:17<01:23, 179kB/s]
 91%|█████████▏| 156M/170M [20:17<01:23, 178kB/s]
 91%|█████████▏| 156M/170M [20:17<01:29, 165kB/s]
 91%|█████████▏| 156M/170M [20:17<01:27, 168kB/s]
 91%|█████████▏| 156M/170M [20:18<01:26, 171kB/s]
 91%|█████████▏| 156M/170M [20:18<01:25, 172kB/s]
 91%|█████████▏| 156M/170M [20:18<01:24, 173kB/s]
 91%|█████████▏| 156M/170M [20:18<01:24, 174kB/s]
 91%|█████████▏| 156M/170M [20:18<01:23, 175kB/s]
 91%|█████████▏| 156M/170M [20:19<01:23, 175kB/s]
 91%|█████████▏| 156M/170M [20:19<01:22, 176kB/s]
 91%|█████████▏| 156M/170M [20:19<01:22, 176kB/s]
 92%|█████████▏| 156M/170M [20:19<01:28, 163kB/s]
 92%|█████████▏| 156M/170M [20:19<01:26, 167kB/s]
 92%|█████████▏| 156M/170M [20:19<01:24, 170kB/s]
 92%|█████████▏| 156M/170M [20:20<01:23, 172kB/s]
 92%|█████████▏| 156M/170M [20:20<01:22, 173kB/s]
 92%|█████████▏| 156M/170M [20:20<01:22, 174kB/s]
 92%|█████████▏| 156M/170M [20:20<01:21, 175kB/s]
 92%|█████████▏| 156M/170M [20:20<01:21, 176kB/s]
 92%|█████████▏| 156M/170M [20:21<01:20, 176kB/s]
 92%|█████████▏| 156M/170M [20:21<01:20, 177kB/s]
 92%|█████████▏| 156M/170M [20:21<01:26, 164kB/s]
 92%|█████████▏| 156M/170M [20:21<01:24, 168kB/s]
 92%|█████████▏| 156M/170M [20:21<01:22, 170kB/s]
 92%|█████████▏| 156M/170M [20:22<01:21, 172kB/s]
 92%|█████████▏| 156M/170M [20:22<01:20, 173kB/s]
 92%|█████████▏| 156M/170M [20:22<01:20, 174kB/s]
 92%|█████████▏| 157M/170M [20:22<01:19, 175kB/s]
 92%|█████████▏| 157M/170M [20:22<01:19, 176kB/s]
 92%|█████████▏| 157M/170M [20:23<01:19, 176kB/s]
 92%|█████████▏| 157M/170M [20:23<01:18, 176kB/s]
 92%|█████████▏| 157M/170M [20:23<01:18, 176kB/s]
 92%|█████████▏| 157M/170M [20:23<01:24, 164kB/s]
 92%|█████████▏| 157M/170M [20:23<01:22, 168kB/s]
 92%|█████████▏| 157M/170M [20:23<01:20, 170kB/s]
 92%|█████████▏| 157M/170M [20:24<01:19, 172kB/s]
 92%|█████████▏| 157M/170M [20:24<01:18, 173kB/s]
 92%|█████████▏| 157M/170M [20:24<01:18, 175kB/s]
 92%|█████████▏| 157M/170M [20:24<01:17, 175kB/s]
 92%|█████████▏| 157M/170M [20:24<01:17, 176kB/s]
 92%|█████████▏| 157M/170M [20:25<01:16, 176kB/s]
 92%|█████████▏| 157M/170M [20:25<01:16, 176kB/s]
 92%|█████████▏| 157M/170M [20:25<01:21, 164kB/s]
 92%|█████████▏| 157M/170M [20:25<01:20, 167kB/s]
 92%|█████████▏| 157M/170M [20:25<01:18, 170kB/s]
 92%|█████████▏| 157M/170M [20:26<01:18, 171kB/s]
 92%|█████████▏| 157M/170M [20:26<01:17, 173kB/s]
 92%|█████████▏| 157M/170M [20:26<01:16, 174kB/s]
 92%|█████████▏| 157M/170M [20:26<01:16, 174kB/s]
 92%|█████████▏| 157M/170M [20:26<01:15, 174kB/s]
 92%|█████████▏| 157M/170M [20:27<01:15, 174kB/s]
 92%|█████████▏| 157M/170M [20:27<01:15, 175kB/s]
 92%|█████████▏| 157M/170M [20:27<01:15, 175kB/s]
 92%|█████████▏| 157M/170M [20:27<01:20, 163kB/s]
 92%|█████████▏| 157M/170M [20:27<01:18, 167kB/s]
 92%|█████████▏| 157M/170M [20:27<01:17, 169kB/s]
 92%|█████████▏| 157M/170M [20:28<01:16, 171kB/s]
 92%|█████████▏| 158M/170M [20:28<01:15, 172kB/s]
 92%|█████████▏| 158M/170M [20:28<01:14, 173kB/s]
 92%|█████████▏| 158M/170M [20:28<01:14, 174kB/s]
 92%|█████████▏| 158M/170M [20:28<01:14, 174kB/s]
 92%|█████████▏| 158M/170M [20:29<01:13, 174kB/s]
 92%|█████████▏| 158M/170M [20:29<01:13, 175kB/s]
 93%|█████████▎| 158M/170M [20:29<01:18, 162kB/s]
 93%|█████████▎| 158M/170M [20:29<01:16, 166kB/s]
 93%|█████████▎| 158M/170M [20:29<01:14, 170kB/s]
 93%|█████████▎| 158M/170M [20:30<01:14, 171kB/s]
 93%|█████████▎| 158M/170M [20:30<01:13, 172kB/s]
 93%|█████████▎| 158M/170M [20:30<01:12, 173kB/s]
 93%|█████████▎| 158M/170M [20:30<01:12, 173kB/s]
 93%|█████████▎| 158M/170M [20:30<01:12, 174kB/s]
 93%|█████████▎| 158M/170M [20:31<01:12, 174kB/s]
 93%|█████████▎| 158M/170M [20:31<01:11, 174kB/s]
 93%|█████████▎| 158M/170M [20:31<01:16, 162kB/s]
 93%|█████████▎| 158M/170M [20:31<01:15, 165kB/s]
 93%|█████████▎| 158M/170M [20:31<01:13, 168kB/s]
 93%|█████████▎| 158M/170M [20:32<01:13, 169kB/s]
 93%|█████████▎| 158M/170M [20:32<01:12, 170kB/s]
 93%|█████████▎| 158M/170M [20:32<01:11, 171kB/s]
 93%|█████████▎| 158M/170M [20:32<01:11, 172kB/s]
 93%|█████████▎| 158M/170M [20:32<01:11, 172kB/s]
 93%|█████████▎| 158M/170M [20:32<01:10, 172kB/s]
 93%|█████████▎| 158M/170M [20:33<01:10, 172kB/s]
 93%|█████████▎| 158M/170M [20:33<01:10, 172kB/s]
 93%|█████████▎| 158M/170M [20:33<01:15, 160kB/s]
 93%|█████████▎| 158M/170M [20:33<01:13, 163kB/s]
 93%|█████████▎| 158M/170M [20:33<01:12, 166kB/s]
 93%|█████████▎| 158M/170M [20:34<01:11, 167kB/s]
 93%|█████████▎| 159M/170M [20:34<01:11, 168kB/s]
 93%|█████████▎| 159M/170M [20:34<01:10, 170kB/s]
 93%|█████████▎| 159M/170M [20:34<01:09, 171kB/s]
 93%|█████████▎| 159M/170M [20:34<01:09, 172kB/s]
 93%|█████████▎| 159M/170M [20:35<01:08, 172kB/s]
 93%|█████████▎| 159M/170M [20:35<01:08, 173kB/s]
 93%|█████████▎| 159M/170M [20:35<01:13, 161kB/s]
 93%|█████████▎| 159M/170M [20:35<01:11, 164kB/s]
 93%|█████████▎| 159M/170M [20:35<01:10, 166kB/s]
 93%|█████████▎| 159M/170M [20:36<01:09, 168kB/s]
 93%|█████████▎| 159M/170M [20:36<01:08, 169kB/s]
 93%|█████████▎| 159M/170M [20:36<01:08, 170kB/s]
 93%|█████████▎| 159M/170M [20:36<01:08, 169kB/s]
 93%|█████████▎| 159M/170M [20:36<01:07, 171kB/s]
 93%|█████████▎| 159M/170M [20:37<01:07, 172kB/s]
 93%|█████████▎| 159M/170M [20:37<01:06, 172kB/s]
 93%|█████████▎| 159M/170M [20:37<01:06, 173kB/s]
 93%|█████████▎| 159M/170M [20:37<01:10, 162kB/s]
 93%|█████████▎| 159M/170M [20:37<01:08, 165kB/s]
 93%|█████████▎| 159M/170M [20:38<01:08, 166kB/s]
 93%|█████████▎| 159M/170M [20:38<01:07, 168kB/s]
 93%|█████████▎| 159M/170M [20:38<01:06, 169kB/s]
 93%|█████████▎| 159M/170M [20:38<01:06, 169kB/s]
 93%|█████████▎| 159M/170M [20:38<01:05, 170kB/s]
 93%|█████████▎| 159M/170M [20:39<01:05, 171kB/s]
 93%|█████████▎| 159M/170M [20:39<01:05, 171kB/s]
 93%|█████████▎| 159M/170M [20:39<01:04, 171kB/s]
 94%|█████████▎| 159M/170M [20:39<01:09, 159kB/s]
 94%|█████████▎| 159M/170M [20:39<01:07, 163kB/s]
 94%|█████████▎| 159M/170M [20:40<01:06, 165kB/s]
 94%|█████████▎| 160M/170M [20:40<01:05, 167kB/s]
 94%|█████████▎| 160M/170M [20:40<01:05, 168kB/s]
 94%|█████████▎| 160M/170M [20:40<01:04, 169kB/s]
 94%|█████████▎| 160M/170M [20:40<01:03, 170kB/s]
 94%|█████████▎| 160M/170M [20:40<01:03, 171kB/s]
 94%|█████████▎| 160M/170M [20:41<01:03, 171kB/s]
 94%|█████████▎| 160M/170M [20:41<01:02, 172kB/s]
 94%|█████████▎| 160M/170M [20:41<01:02, 171kB/s]
 94%|█████████▎| 160M/170M [20:41<01:06, 160kB/s]
 94%|█████████▎| 160M/170M [20:41<01:05, 164kB/s]
 94%|█████████▍| 160M/170M [20:42<01:03, 167kB/s]
 94%|█████████▍| 160M/170M [20:42<01:02, 169kB/s]
 94%|█████████▍| 160M/170M [20:42<01:02, 170kB/s]
 94%|█████████▍| 160M/170M [20:42<01:01, 171kB/s]
 94%|█████████▍| 160M/170M [20:42<01:01, 171kB/s]
 94%|█████████▍| 160M/170M [20:43<01:01, 172kB/s]
 94%|█████████▍| 160M/170M [20:43<01:00, 172kB/s]
 94%|█████████▍| 160M/170M [20:43<01:00, 172kB/s]
 94%|█████████▍| 160M/170M [20:43<01:04, 160kB/s]
 94%|█████████▍| 160M/170M [20:43<01:03, 164kB/s]
 94%|█████████▍| 160M/170M [20:44<01:01, 167kB/s]
 94%|█████████▍| 160M/170M [20:44<01:01, 168kB/s]
 94%|█████████▍| 160M/170M [20:44<01:00, 170kB/s]
 94%|█████████▍| 160M/170M [20:44<00:59, 171kB/s]
 94%|█████████▍| 160M/170M [20:44<00:59, 171kB/s]
 94%|█████████▍| 160M/170M [20:45<00:59, 172kB/s]
 94%|█████████▍| 160M/170M [20:45<00:58, 172kB/s]
 94%|█████████▍| 160M/170M [20:45<00:58, 172kB/s]
 94%|█████████▍| 160M/170M [20:45<01:02, 161kB/s]
 94%|█████████▍| 160M/170M [20:45<01:01, 164kB/s]
 94%|█████████▍| 160M/170M [20:46<00:59, 167kB/s]
 94%|█████████▍| 161M/170M [20:46<00:59, 169kB/s]
 94%|█████████▍| 161M/170M [20:46<00:58, 170kB/s]
 94%|█████████▍| 161M/170M [20:46<00:57, 171kB/s]
 94%|█████████▍| 161M/170M [20:46<00:57, 172kB/s]
 94%|█████████▍| 161M/170M [20:46<00:57, 172kB/s]
 94%|█████████▍| 161M/170M [20:47<00:56, 173kB/s]
 94%|█████████▍| 161M/170M [20:47<00:56, 174kB/s]
 94%|█████████▍| 161M/170M [20:47<00:56, 174kB/s]
 94%|█████████▍| 161M/170M [20:47<00:59, 162kB/s]
 94%|█████████▍| 161M/170M [20:47<00:58, 166kB/s]
 94%|█████████▍| 161M/170M [20:48<00:57, 168kB/s]
 94%|█████████▍| 161M/170M [20:48<00:56, 170kB/s]
 94%|█████████▍| 161M/170M [20:48<00:55, 172kB/s]
 94%|█████████▍| 161M/170M [20:48<00:56, 168kB/s]
 94%|█████████▍| 161M/170M [20:48<00:54, 174kB/s]
 94%|█████████▍| 161M/170M [20:49<00:54, 174kB/s]
 94%|█████████▍| 161M/170M [20:49<00:54, 174kB/s]
 94%|█████████▍| 161M/170M [20:49<00:54, 174kB/s]
 94%|█████████▍| 161M/170M [20:49<00:58, 161kB/s]
 95%|█████████▍| 161M/170M [20:49<00:56, 165kB/s]
 95%|█████████▍| 161M/170M [20:50<00:55, 168kB/s]
 95%|█████████▍| 161M/170M [20:50<00:54, 169kB/s]
 95%|█████████▍| 161M/170M [20:50<00:54, 170kB/s]
 95%|█████████▍| 161M/170M [20:50<00:53, 172kB/s]
 95%|█████████▍| 161M/170M [20:50<00:53, 173kB/s]
 95%|█████████▍| 161M/170M [20:51<00:52, 173kB/s]
 95%|█████████▍| 161M/170M [20:51<00:52, 174kB/s]
 95%|█████████▍| 161M/170M [20:51<00:52, 174kB/s]
 95%|█████████▍| 161M/170M [20:51<00:51, 174kB/s]
 95%|█████████▍| 161M/170M [20:51<00:55, 162kB/s]
 95%|█████████▍| 162M/170M [20:52<00:54, 166kB/s]
 95%|█████████▍| 162M/170M [20:52<00:53, 169kB/s]
 95%|█████████▍| 162M/170M [20:52<00:52, 171kB/s]
 95%|█████████▍| 162M/170M [20:52<00:51, 172kB/s]
 95%|█████████▍| 162M/170M [20:52<00:51, 172kB/s]
 95%|█████████▍| 162M/170M [20:52<00:50, 174kB/s]
 95%|█████████▍| 162M/170M [20:53<00:50, 175kB/s]
 95%|█████████▍| 162M/170M [20:53<00:49, 175kB/s]
 95%|█████████▍| 162M/170M [20:53<00:49, 176kB/s]
 95%|█████████▍| 162M/170M [20:53<00:53, 164kB/s]
 95%|█████████▍| 162M/170M [20:53<00:51, 167kB/s]
 95%|█████████▍| 162M/170M [20:54<00:50, 170kB/s]
 95%|█████████▍| 162M/170M [20:54<00:49, 172kB/s]
 95%|█████████▍| 162M/170M [20:54<00:49, 173kB/s]
 95%|█████████▍| 162M/170M [20:54<00:48, 175kB/s]
 95%|█████████▌| 162M/170M [20:54<00:48, 175kB/s]
 95%|█████████▌| 162M/170M [20:55<00:48, 176kB/s]
 95%|█████████▌| 162M/170M [20:55<00:47, 177kB/s]
 95%|█████████▌| 162M/170M [20:55<00:47, 176kB/s]
 95%|█████████▌| 162M/170M [20:55<00:50, 164kB/s]
 95%|█████████▌| 162M/170M [20:55<00:49, 167kB/s]
 95%|█████████▌| 162M/170M [20:56<00:56, 147kB/s]
 95%|█████████▌| 162M/170M [20:56<00:50, 164kB/s]
 95%|█████████▌| 162M/170M [20:56<00:53, 153kB/s]
 95%|█████████▌| 162M/170M [20:56<00:51, 161kB/s]
 95%|█████████▌| 162M/170M [20:56<00:46, 177kB/s]
 95%|█████████▌| 162M/170M [20:56<00:42, 193kB/s]
 95%|█████████▌| 162M/170M [20:57<00:41, 194kB/s]
 95%|█████████▌| 162M/170M [20:57<00:43, 187kB/s]
 95%|█████████▌| 162M/170M [20:57<00:43, 183kB/s]
 95%|█████████▌| 162M/170M [20:57<00:52, 151kB/s]
 95%|█████████▌| 163M/170M [20:58<00:53, 149kB/s]
 95%|█████████▌| 163M/170M [20:58<00:50, 158kB/s]
 95%|█████████▌| 163M/170M [20:58<00:47, 167kB/s]
 95%|█████████▌| 163M/170M [20:58<00:42, 185kB/s]
 95%|█████████▌| 163M/170M [20:58<00:40, 193kB/s]
 95%|█████████▌| 163M/170M [20:58<00:41, 188kB/s]
 95%|█████████▌| 163M/170M [20:59<00:42, 184kB/s]
 95%|█████████▌| 163M/170M [20:59<00:42, 182kB/s]
 95%|█████████▌| 163M/170M [20:59<00:42, 180kB/s]
 95%|█████████▌| 163M/170M [20:59<00:46, 167kB/s]
 96%|█████████▌| 163M/170M [20:59<00:45, 169kB/s]
 96%|█████████▌| 163M/170M [21:00<00:51, 148kB/s]
 96%|█████████▌| 163M/170M [21:00<00:47, 158kB/s]
 96%|█████████▌| 163M/170M [21:00<00:47, 157kB/s]
 96%|█████████▌| 163M/170M [21:00<00:45, 165kB/s]
 96%|█████████▌| 163M/170M [21:00<00:41, 178kB/s]
 96%|█████████▌| 163M/170M [21:00<00:38, 193kB/s]
 96%|█████████▌| 163M/170M [21:01<00:38, 194kB/s]
 96%|█████████▌| 163M/170M [21:01<00:39, 189kB/s]
 96%|█████████▌| 163M/170M [21:01<00:39, 184kB/s]
 96%|█████████▌| 163M/170M [21:01<00:43, 169kB/s]
 96%|█████████▌| 163M/170M [21:01<00:42, 171kB/s]
 96%|█████████▌| 163M/170M [21:02<00:42, 173kB/s]
 96%|█████████▌| 163M/170M [21:02<00:41, 173kB/s]
 96%|█████████▌| 163M/170M [21:02<00:41, 174kB/s]
 96%|█████████▌| 163M/170M [21:02<00:40, 175kB/s]
 96%|█████████▌| 163M/170M [21:02<00:44, 161kB/s]
 96%|█████████▌| 163M/170M [21:03<00:45, 157kB/s]
 96%|█████████▌| 163M/170M [21:03<00:45, 154kB/s]
 96%|█████████▌| 163M/170M [21:03<00:41, 169kB/s]
 96%|█████████▌| 164M/170M [21:03<00:41, 170kB/s]
 96%|█████████▌| 164M/170M [21:03<00:37, 183kB/s]
 96%|█████████▌| 164M/170M [21:03<00:37, 183kB/s]
 96%|█████████▌| 164M/170M [21:04<00:38, 181kB/s]
 96%|█████████▌| 164M/170M [21:04<00:38, 180kB/s]
 96%|█████████▌| 164M/170M [21:04<00:37, 180kB/s]
 96%|█████████▌| 164M/170M [21:04<00:37, 179kB/s]
 96%|█████████▌| 164M/170M [21:04<00:37, 178kB/s]
 96%|█████████▌| 164M/170M [21:05<00:37, 179kB/s]
 96%|█████████▌| 164M/170M [21:05<00:37, 179kB/s]
 96%|█████████▌| 164M/170M [21:05<00:37, 179kB/s]
 96%|█████████▌| 164M/170M [21:05<00:39, 167kB/s]
 96%|█████████▌| 164M/170M [21:05<00:44, 147kB/s]
 96%|█████████▌| 164M/170M [21:06<00:40, 163kB/s]
 96%|█████████▌| 164M/170M [21:06<00:42, 154kB/s]
 96%|█████████▌| 164M/170M [21:06<00:40, 159kB/s]
 96%|█████████▌| 164M/170M [21:06<00:36, 176kB/s]
 96%|█████████▌| 164M/170M [21:06<00:33, 191kB/s]
 96%|█████████▌| 164M/170M [21:06<00:31, 206kB/s]
 96%|█████████▋| 164M/170M [21:07<00:32, 198kB/s]
 96%|█████████▋| 164M/170M [21:07<00:32, 192kB/s]
 96%|█████████▋| 164M/170M [21:07<00:36, 173kB/s]
 96%|█████████▋| 164M/170M [21:07<00:35, 177kB/s]
 96%|█████████▋| 164M/170M [21:07<00:35, 178kB/s]
 96%|█████████▋| 164M/170M [21:08<00:34, 179kB/s]
 96%|█████████▋| 164M/170M [21:08<00:37, 165kB/s]
 96%|█████████▋| 164M/170M [21:08<00:39, 156kB/s]
 96%|█████████▋| 164M/170M [21:08<00:39, 155kB/s]
 96%|█████████▋| 164M/170M [21:08<00:36, 169kB/s]
 96%|█████████▋| 164M/170M [21:09<00:33, 179kB/s]
 96%|█████████▋| 164M/170M [21:09<00:30, 196kB/s]
 96%|█████████▋| 165M/170M [21:09<00:31, 189kB/s]
 97%|█████████▋| 165M/170M [21:09<00:31, 186kB/s]
 97%|█████████▋| 165M/170M [21:09<00:32, 183kB/s]
 97%|█████████▋| 165M/170M [21:10<00:35, 167kB/s]
 97%|█████████▋| 165M/170M [21:10<00:36, 161kB/s]
 97%|█████████▋| 165M/170M [21:10<00:37, 155kB/s]
 97%|█████████▋| 165M/170M [21:10<00:33, 170kB/s]
 97%|█████████▋| 165M/170M [21:10<00:32, 176kB/s]
 97%|█████████▋| 165M/170M [21:10<00:29, 193kB/s]
 97%|█████████▋| 165M/170M [21:11<00:33, 167kB/s]
 97%|█████████▋| 165M/170M [21:11<00:33, 167kB/s]
 97%|█████████▋| 165M/170M [21:11<00:37, 151kB/s]
 97%|█████████▋| 165M/170M [21:11<00:39, 142kB/s]
 97%|█████████▋| 165M/170M [21:12<00:43, 128kB/s]
 97%|█████████▋| 165M/170M [21:12<00:42, 129kB/s]
 97%|█████████▋| 165M/170M [21:12<00:39, 139kB/s]
 97%|█████████▋| 165M/170M [21:12<00:36, 148kB/s]
 97%|█████████▋| 165M/170M [21:12<00:32, 168kB/s]
 97%|█████████▋| 165M/170M [21:13<00:28, 186kB/s]
 97%|█████████▋| 165M/170M [21:13<00:26, 205kB/s]
 97%|█████████▋| 165M/170M [21:13<00:25, 210kB/s]
 97%|█████████▋| 165M/170M [21:13<00:28, 182kB/s]
 97%|█████████▋| 165M/170M [21:13<00:29, 181kB/s]
 97%|█████████▋| 165M/170M [21:13<00:29, 179kB/s]
 97%|█████████▋| 165M/170M [21:14<00:28, 179kB/s]
 97%|█████████▋| 165M/170M [21:14<00:29, 178kB/s]
 97%|█████████▋| 165M/170M [21:14<00:28, 177kB/s]
 97%|█████████▋| 165M/170M [21:14<00:28, 177kB/s]
 97%|█████████▋| 165M/170M [21:14<00:28, 178kB/s]
 97%|█████████▋| 165M/170M [21:15<00:28, 178kB/s]
 97%|█████████▋| 166M/170M [21:15<00:28, 177kB/s]
 97%|█████████▋| 166M/170M [21:15<00:27, 178kB/s]
 97%|█████████▋| 166M/170M [21:15<00:29, 166kB/s]
 97%|█████████▋| 166M/170M [21:15<00:28, 169kB/s]
 97%|█████████▋| 166M/170M [21:16<00:28, 171kB/s]
 97%|█████████▋| 166M/170M [21:16<00:27, 173kB/s]
 97%|█████████▋| 166M/170M [21:16<00:27, 175kB/s]
 97%|█████████▋| 166M/170M [21:16<00:27, 176kB/s]
 97%|█████████▋| 166M/170M [21:16<00:26, 176kB/s]
 97%|█████████▋| 166M/170M [21:16<00:26, 177kB/s]
 97%|█████████▋| 166M/170M [21:17<00:26, 177kB/s]
 97%|█████████▋| 166M/170M [21:17<00:26, 178kB/s]
 97%|█████████▋| 166M/170M [21:17<00:27, 166kB/s]
 97%|█████████▋| 166M/170M [21:17<00:26, 169kB/s]
 97%|█████████▋| 166M/170M [21:17<00:26, 173kB/s]
 97%|█████████▋| 166M/170M [21:18<00:25, 174kB/s]
 97%|█████████▋| 166M/170M [21:18<00:25, 176kB/s]
 97%|█████████▋| 166M/170M [21:18<00:25, 177kB/s]
 97%|█████████▋| 166M/170M [21:18<00:24, 178kB/s]
 97%|█████████▋| 166M/170M [21:18<00:24, 178kB/s]
 97%|█████████▋| 166M/170M [21:19<00:24, 178kB/s]
 97%|█████████▋| 166M/170M [21:19<00:24, 179kB/s]
 97%|█████████▋| 166M/170M [21:19<00:25, 166kB/s]
 98%|█████████▊| 166M/170M [21:19<00:24, 170kB/s]
 98%|█████████▊| 166M/170M [21:19<00:24, 173kB/s]
 98%|█████████▊| 166M/170M [21:20<00:23, 175kB/s]
 98%|█████████▊| 166M/170M [21:20<00:23, 177kB/s]
 98%|█████████▊| 166M/170M [21:20<00:23, 178kB/s]
 98%|█████████▊| 166M/170M [21:20<00:22, 178kB/s]
 98%|█████████▊| 166M/170M [21:20<00:22, 179kB/s]
 98%|█████████▊| 166M/170M [21:20<00:22, 179kB/s]
 98%|█████████▊| 167M/170M [21:21<00:22, 179kB/s]
 98%|█████████▊| 167M/170M [21:21<00:21, 179kB/s]
 98%|█████████▊| 167M/170M [21:21<00:23, 167kB/s]
 98%|█████████▊| 167M/170M [21:21<00:22, 169kB/s]
 98%|█████████▊| 167M/170M [21:21<00:22, 173kB/s]
 98%|█████████▊| 167M/170M [21:22<00:21, 175kB/s]
 98%|█████████▊| 167M/170M [21:22<00:21, 176kB/s]
 98%|█████████▊| 167M/170M [21:22<00:21, 177kB/s]
 98%|█████████▊| 167M/170M [21:22<00:20, 177kB/s]
 98%|█████████▊| 167M/170M [21:22<00:20, 178kB/s]
 98%|█████████▊| 167M/170M [21:22<00:20, 177kB/s]
 98%|█████████▊| 167M/170M [21:23<00:20, 179kB/s]
 98%|█████████▊| 167M/170M [21:23<00:29, 121kB/s]
 98%|█████████▊| 167M/170M [21:23<00:29, 121kB/s]
 98%|█████████▊| 167M/170M [21:24<00:26, 132kB/s]
 98%|█████████▊| 167M/170M [21:24<00:24, 143kB/s]
 98%|█████████▊| 167M/170M [21:24<00:21, 163kB/s]
 98%|█████████▊| 167M/170M [21:24<00:18, 180kB/s]
 98%|█████████▊| 167M/170M [21:24<00:16, 200kB/s]
 98%|█████████▊| 167M/170M [21:24<00:15, 213kB/s]
 98%|█████████▊| 167M/170M [21:24<00:14, 232kB/s]
 98%|█████████▊| 167M/170M [21:25<00:13, 237kB/s]
 98%|█████████▊| 167M/170M [21:25<00:15, 206kB/s]
 98%|█████████▊| 167M/170M [21:25<00:15, 200kB/s]
 98%|█████████▊| 167M/170M [21:25<00:16, 194kB/s]
 98%|█████████▊| 167M/170M [21:25<00:16, 191kB/s]
 98%|█████████▊| 167M/170M [21:26<00:16, 188kB/s]
 98%|█████████▊| 167M/170M [21:26<00:16, 187kB/s]
 98%|█████████▊| 167M/170M [21:26<00:16, 186kB/s]
 98%|█████████▊| 168M/170M [21:26<00:16, 184kB/s]
 98%|█████████▊| 168M/170M [21:26<00:16, 184kB/s]
 98%|█████████▊| 168M/170M [21:27<00:16, 183kB/s]
 98%|█████████▊| 168M/170M [21:27<00:17, 170kB/s]
 98%|█████████▊| 168M/170M [21:27<00:16, 173kB/s]
 98%|█████████▊| 168M/170M [21:27<00:16, 176kB/s]
 98%|█████████▊| 168M/170M [21:27<00:15, 178kB/s]
 98%|█████████▊| 168M/170M [21:27<00:15, 179kB/s]
 98%|█████████▊| 168M/170M [21:28<00:15, 180kB/s]
 98%|█████████▊| 168M/170M [21:28<00:14, 182kB/s]
 98%|█████████▊| 168M/170M [21:28<00:14, 182kB/s]
 98%|█████████▊| 168M/170M [21:28<00:14, 183kB/s]
 98%|█████████▊| 168M/170M [21:28<00:14, 183kB/s]
 98%|█████████▊| 168M/170M [21:29<00:13, 184kB/s]
 99%|█████████▊| 168M/170M [21:29<00:14, 172kB/s]
 99%|█████████▊| 168M/170M [21:29<00:14, 174kB/s]
 99%|█████████▊| 168M/170M [21:29<00:13, 177kB/s]
 99%|█████████▊| 168M/170M [21:29<00:13, 179kB/s]
 99%|█████████▊| 168M/170M [21:30<00:18, 131kB/s]
 99%|█████████▊| 168M/170M [21:30<00:18, 126kB/s]
 99%|█████████▊| 168M/170M [21:30<00:17, 131kB/s]
 99%|█████████▊| 168M/170M [21:30<00:15, 146kB/s]
 99%|█████████▊| 168M/170M [21:31<00:14, 159kB/s]
 99%|█████████▊| 168M/170M [21:31<00:12, 179kB/s]
 99%|█████████▊| 168M/170M [21:31<00:11, 192kB/s]
 99%|█████████▊| 168M/170M [21:31<00:10, 209kB/s]
 99%|█████████▊| 168M/170M [21:31<00:10, 198kB/s]
 99%|█████████▉| 168M/170M [21:31<00:09, 213kB/s]
 99%|█████████▉| 168M/170M [21:31<00:10, 196kB/s]
 99%|█████████▉| 168M/170M [21:32<00:10, 187kB/s]
 99%|█████████▉| 168M/170M [21:32<00:10, 198kB/s]
 99%|█████████▉| 169M/170M [21:32<00:09, 210kB/s]
 99%|█████████▉| 169M/170M [21:32<00:08, 222kB/s]
 99%|█████████▉| 169M/170M [21:32<00:08, 228kB/s]
 99%|█████████▉| 169M/170M [21:32<00:09, 197kB/s]
 99%|█████████▉| 169M/170M [21:33<00:12, 150kB/s]
 99%|█████████▉| 169M/170M [21:33<00:13, 137kB/s]
 99%|█████████▉| 169M/170M [21:33<00:13, 133kB/s]
 99%|█████████▉| 169M/170M [21:33<00:12, 142kB/s]
 99%|█████████▉| 169M/170M [21:34<00:10, 156kB/s]
 99%|█████████▉| 169M/170M [21:34<00:09, 176kB/s]
 99%|█████████▉| 169M/170M [21:34<00:08, 192kB/s]
 99%|█████████▉| 169M/170M [21:34<00:07, 209kB/s]
 99%|█████████▉| 169M/170M [21:34<00:06, 230kB/s]
 99%|█████████▉| 169M/170M [21:34<00:06, 246kB/s]
 99%|█████████▉| 169M/170M [21:34<00:05, 257kB/s]
 99%|█████████▉| 169M/170M [21:35<00:06, 233kB/s]
 99%|█████████▉| 169M/170M [21:35<00:11, 126kB/s]
 99%|█████████▉| 169M/170M [21:35<00:12, 117kB/s]
 99%|█████████▉| 169M/170M [21:36<00:10, 128kB/s]
 99%|█████████▉| 169M/170M [21:36<00:09, 138kB/s]
 99%|█████████▉| 169M/170M [21:36<00:08, 157kB/s]
 99%|█████████▉| 169M/170M [21:36<00:07, 166kB/s]
 99%|█████████▉| 169M/170M [21:36<00:05, 210kB/s]
 99%|█████████▉| 169M/170M [21:37<00:06, 196kB/s]
 99%|█████████▉| 169M/170M [21:37<00:05, 194kB/s]
 99%|█████████▉| 169M/170M [21:37<00:05, 194kB/s]
 99%|█████████▉| 169M/170M [21:37<00:05, 192kB/s]
 99%|█████████▉| 169M/170M [21:37<00:05, 192kB/s]
 99%|█████████▉| 169M/170M [21:37<00:05, 191kB/s]
 99%|█████████▉| 170M/170M [21:38<00:05, 191kB/s]
 99%|█████████▉| 170M/170M [21:38<00:05, 191kB/s]
 99%|█████████▉| 170M/170M [21:38<00:04, 190kB/s]
 99%|█████████▉| 170M/170M [21:38<00:04, 190kB/s]
 99%|█████████▉| 170M/170M [21:38<00:04, 189kB/s]
100%|█████████▉| 170M/170M [21:38<00:04, 176kB/s]
100%|█████████▉| 170M/170M [21:39<00:04, 179kB/s]
100%|█████████▉| 170M/170M [21:39<00:04, 183kB/s]
100%|█████████▉| 170M/170M [21:39<00:03, 185kB/s]
100%|█████████▉| 170M/170M [21:39<00:03, 185kB/s]
100%|█████████▉| 170M/170M [21:39<00:03, 186kB/s]
100%|█████████▉| 170M/170M [21:40<00:03, 187kB/s]
100%|█████████▉| 170M/170M [21:40<00:03, 187kB/s]
100%|█████████▉| 170M/170M [21:40<00:03, 187kB/s]
100%|█████████▉| 170M/170M [21:40<00:02, 188kB/s]
100%|█████████▉| 170M/170M [21:40<00:02, 175kB/s]
100%|█████████▉| 170M/170M [21:40<00:02, 178kB/s]
100%|█████████▉| 170M/170M [21:41<00:02, 182kB/s]
100%|█████████▉| 170M/170M [21:41<00:02, 182kB/s]
100%|█████████▉| 170M/170M [21:41<00:01, 184kB/s]
100%|█████████▉| 170M/170M [21:41<00:01, 185kB/s]
100%|█████████▉| 170M/170M [21:41<00:01, 186kB/s]
100%|█████████▉| 170M/170M [21:41<00:01, 187kB/s]
100%|█████████▉| 170M/170M [21:42<00:01, 188kB/s]
100%|█████████▉| 170M/170M [21:42<00:01, 188kB/s]
100%|█████████▉| 170M/170M [21:42<00:00, 174kB/s]
100%|█████████▉| 170M/170M [21:42<00:00, 178kB/s]
100%|█████████▉| 170M/170M [21:42<00:00, 181kB/s]
100%|█████████▉| 170M/170M [21:43<00:00, 183kB/s]
100%|█████████▉| 170M/170M [21:43<00:00, 185kB/s]
100%|█████████▉| 170M/170M [21:43<00:00, 186kB/s]
100%|██████████| 170M/170M [21:43<00:00, 131kB/s]

vanilla: epoch 1:   0%|          | 0/352 [00:00<?, ?it/s]
vanilla: epoch 1:  36%|███▌      | 127/352 [00:15<00:26,  8.45it/s]
vanilla: epoch 1:  76%|███████▌  | 267/352 [00:30<00:09,  8.97it/s]
                                                                   
vanilla: epoch 1/100, validation accuracy=0.3518, loss=2.1522

vanilla: epoch 2:   0%|          | 0/352 [00:00<?, ?it/s]
vanilla: epoch 2:  38%|███▊      | 132/352 [00:15<00:25,  8.80it/s]
vanilla: epoch 2:  38%|███▊      | 132/352 [00:29<00:25,  8.80it/s]
vanilla: epoch 2:  76%|███████▌  | 267/352 [00:30<00:09,  8.89it/s]
                                                                   
vanilla: epoch 2/100, validation accuracy=0.4672, loss=1.6000

vanilla: epoch 3:   0%|          | 0/352 [00:00<?, ?it/s]
vanilla: epoch 3:  36%|███▌      | 125/352 [00:15<00:27,  8.31it/s]
vanilla: epoch 3:  36%|███▌      | 125/352 [00:27<00:27,  8.31it/s]
vanilla: epoch 3:  72%|███████▏  | 253/352 [00:30<00:11,  8.44it/s]
                                                                   
vanilla: epoch 3/100, validation accuracy=0.5126, loss=1.3177

vanilla: epoch 4:   0%|          | 0/352 [00:00<?, ?it/s]
vanilla: epoch 4:  34%|███▍      | 120/352 [00:15<00:29,  7.99it/s]
vanilla: epoch 4:  70%|██████▉   | 246/352 [00:30<00:12,  8.21it/s]
                                                                   
vanilla: epoch 4/100, validation accuracy=0.5864, loss=1.0773

vanilla: epoch 5:   0%|          | 0/352 [00:00<?, ?it/s]
vanilla: epoch 5:  35%|███▌      | 124/352 [00:15<00:27,  8.22it/s]
vanilla: epoch 5:  35%|███▌      | 124/352 [00:29<00:27,  8.22it/s]
vanilla: epoch 5:  72%|███████▏  | 252/352 [00:30<00:11,  8.37it/s]
                                                                   
vanilla: epoch 5/100, validation accuracy=0.6548, loss=0.8978

vanilla: epoch 6:   0%|          | 0/352 [00:00<?, ?it/s]
vanilla: epoch 6:  35%|███▍      | 122/352 [00:15<00:28,  8.11it/s]
vanilla: epoch 6:  71%|███████   | 249/352 [00:30<00:12,  8.31it/s]
                                                                   
vanilla: epoch 6/100, validation accuracy=0.7158, loss=0.7761

vanilla: epoch 7:   0%|          | 0/352 [00:00<?, ?it/s]
vanilla: epoch 7:  35%|███▍      | 123/352 [00:15<00:28,  8.17it/s]
vanilla: epoch 7:  71%|███████▏  | 251/352 [00:30<00:12,  8.35it/s]
vanilla: epoch 7:  71%|███████▏  | 251/352 [00:40<00:12,  8.35it/s]
                                                                   
vanilla: epoch 7/100, validation accuracy=0.7632, loss=0.6716

vanilla: epoch 8:   0%|          | 0/352 [00:00<?, ?it/s]
vanilla: epoch 8:  35%|███▍      | 123/352 [00:15<00:28,  8.17it/s]
vanilla: epoch 8:  35%|███▍      | 123/352 [00:25<00:28,  8.17it/s]
vanilla: epoch 8:  71%|███████   | 250/352 [00:30<00:12,  8.34it/s]
                                                                   
vanilla: epoch 8/100, validation accuracy=0.7168, loss=0.6112

vanilla: epoch 9:   0%|          | 0/352 [00:00<?, ?it/s]
vanilla: epoch 9:  35%|███▌      | 124/352 [00:15<00:27,  8.21it/s]
vanilla: epoch 9:  72%|███████▏  | 252/352 [00:30<00:11,  8.38it/s]
vanilla: epoch 9:  72%|███████▏  | 252/352 [00:41<00:11,  8.38it/s]
                                                                   
vanilla: epoch 9/100, validation accuracy=0.7260, loss=0.5669

vanilla: epoch 10:   0%|          | 0/352 [00:00<?, ?it/s]
vanilla: epoch 10:  35%|███▌      | 124/352 [00:15<00:27,  8.22it/s]
vanilla: epoch 10:  35%|███▌      | 124/352 [00:26<00:27,  8.22it/s]
vanilla: epoch 10:  72%|███████▏  | 252/352 [00:30<00:11,  8.38it/s]
                                                                    
vanilla: epoch 10/100, validation accuracy=0.7616, loss=0.5356

vanilla: epoch 11:   0%|          | 0/352 [00:00<?, ?it/s]
vanilla: epoch 11:  35%|███▌      | 124/352 [00:15<00:27,  8.25it/s]
vanilla: epoch 11:  72%|███████▏  | 252/352 [00:30<00:11,  8.41it/s]
                                                                    
vanilla: epoch 11/100, validation accuracy=0.8096, loss=0.5180

vanilla: epoch 12:   0%|          | 0/352 [00:00<?, ?it/s]
vanilla: epoch 12:  35%|███▌      | 124/352 [00:15<00:27,  8.24it/s]
vanilla: epoch 12:  35%|███▌      | 124/352 [00:28<00:27,  8.24it/s]
vanilla: epoch 12:  72%|███████▏  | 252/352 [00:30<00:11,  8.40it/s]
                                                                    
vanilla: epoch 12/100, validation accuracy=0.7656, loss=0.4967

vanilla: epoch 13:   0%|          | 0/352 [00:00<?, ?it/s]
vanilla: epoch 13:  36%|███▌      | 125/352 [00:15<00:27,  8.30it/s]
vanilla: epoch 13:  72%|███████▏  | 254/352 [00:30<00:11,  8.44it/s]
                                                                    
vanilla: epoch 13/100, validation accuracy=0.7920, loss=0.4823

vanilla: epoch 14:   0%|          | 0/352 [00:00<?, ?it/s]
vanilla: epoch 14:  36%|███▌      | 125/352 [00:15<00:27,  8.28it/s]
vanilla: epoch 14:  72%|███████▏  | 253/352 [00:30<00:11,  8.42it/s]
vanilla: epoch 14:  72%|███████▏  | 253/352 [00:41<00:11,  8.42it/s]
                                                                    
vanilla: epoch 14/100, validation accuracy=0.8038, loss=0.4571

vanilla: epoch 15:   0%|          | 0/352 [00:00<?, ?it/s]
vanilla: epoch 15:  36%|███▌      | 125/352 [00:15<00:27,  8.29it/s]
vanilla: epoch 15:  36%|███▌      | 125/352 [00:27<00:27,  8.29it/s]
vanilla: epoch 15:  72%|███████▏  | 253/352 [00:30<00:11,  8.43it/s]
                                                                    
vanilla: epoch 15/100, validation accuracy=0.8366, loss=0.4430

vanilla: epoch 16:   0%|          | 0/352 [00:00<?, ?it/s]
vanilla: epoch 16:  35%|███▍      | 123/352 [00:15<00:27,  8.20it/s]
vanilla: epoch 16:  71%|███████▏  | 251/352 [00:30<00:12,  8.38it/s]
                                                                    
vanilla: epoch 16/100, validation accuracy=0.7912, loss=0.4293

vanilla: epoch 17:   0%|          | 0/352 [00:00<?, ?it/s]
vanilla: epoch 17:  35%|███▌      | 124/352 [00:15<00:27,  8.21it/s]
vanilla: epoch 17:  35%|███▌      | 124/352 [00:29<00:27,  8.21it/s]
vanilla: epoch 17:  72%|███████▏  | 252/352 [00:30<00:11,  8.39it/s]
                                                                    
vanilla: epoch 17/100, validation accuracy=0.8164, loss=0.4204

vanilla: epoch 18:   0%|          | 0/352 [00:00<?, ?it/s]
vanilla: epoch 18:  36%|███▌      | 125/352 [00:15<00:27,  8.32it/s]
vanilla: epoch 18:  36%|███▌      | 125/352 [00:25<00:27,  8.32it/s]
vanilla: epoch 18:  72%|███████▏  | 253/352 [00:30<00:11,  8.42it/s]
                                                                    
vanilla: epoch 18/100, validation accuracy=0.8416, loss=0.4095

vanilla: epoch 19:   0%|          | 0/352 [00:00<?, ?it/s]
vanilla: epoch 19:  36%|███▌      | 125/352 [00:15<00:27,  8.30it/s]
vanilla: epoch 19:  72%|███████▏  | 253/352 [00:30<00:11,  8.42it/s]
                                                                    
vanilla: epoch 19/100, validation accuracy=0.8132, loss=0.4003

vanilla: epoch 20:   0%|          | 0/352 [00:00<?, ?it/s]
vanilla: epoch 20:  35%|███▍      | 123/352 [00:15<00:27,  8.18it/s]
vanilla: epoch 20:  35%|███▍      | 123/352 [00:28<00:27,  8.18it/s]
vanilla: epoch 20:  71%|███████▏  | 251/352 [00:30<00:12,  8.38it/s]
                                                                    
vanilla: epoch 20/100, validation accuracy=0.7750, loss=0.3957

vanilla: epoch 21:   0%|          | 0/352 [00:00<?, ?it/s]
vanilla: epoch 21:  35%|███▍      | 123/352 [00:15<00:27,  8.20it/s]
vanilla: epoch 21:  71%|███████▏  | 251/352 [00:30<00:12,  8.40it/s]
                                                                    
vanilla: epoch 21/100, validation accuracy=0.8386, loss=0.3824

vanilla: epoch 22:   0%|          | 0/352 [00:00<?, ?it/s]
vanilla: epoch 22:  36%|███▌      | 125/352 [00:15<00:27,  8.31it/s]
vanilla: epoch 22:  72%|███████▏  | 253/352 [00:30<00:11,  8.44it/s]
vanilla: epoch 22:  72%|███████▏  | 253/352 [00:41<00:11,  8.44it/s]
                                                                    
vanilla: epoch 22/100, validation accuracy=0.8268, loss=0.3800

vanilla: epoch 23:   0%|          | 0/352 [00:00<?, ?it/s]
vanilla: epoch 23:  36%|███▌      | 125/352 [00:15<00:27,  8.30it/s]
vanilla: epoch 23:  36%|███▌      | 125/352 [00:27<00:27,  8.30it/s]
vanilla: epoch 23:  72%|███████▏  | 253/352 [00:30<00:11,  8.42it/s]
                                                                    
vanilla: epoch 23/100, validation accuracy=0.8432, loss=0.3689

vanilla: epoch 24:   0%|          | 0/352 [00:00<?, ?it/s]
vanilla: epoch 24:  35%|███▍      | 123/352 [00:15<00:28,  8.15it/s]
vanilla: epoch 24:  71%|███████▏  | 251/352 [00:30<00:12,  8.36it/s]
                                                                    
vanilla: epoch 24/100, validation accuracy=0.8270, loss=0.3601

vanilla: epoch 25:   0%|          | 0/352 [00:00<?, ?it/s]
vanilla: epoch 25:  35%|███▌      | 124/352 [00:15<00:27,  8.24it/s]
vanilla: epoch 25:  35%|███▌      | 124/352 [00:29<00:27,  8.24it/s]
vanilla: epoch 25:  72%|███████▏  | 252/352 [00:30<00:11,  8.40it/s]
                                                                    
vanilla: epoch 25/100, validation accuracy=0.8286, loss=0.3584

vanilla: epoch 26:   0%|          | 0/352 [00:00<?, ?it/s]
vanilla: epoch 26:  35%|███▍      | 123/352 [00:15<00:27,  8.18it/s]
vanilla: epoch 26:  35%|███▍      | 123/352 [00:25<00:27,  8.18it/s]
vanilla: epoch 26:  71%|███████▏  | 251/352 [00:30<00:12,  8.38it/s]
                                                                    
vanilla: epoch 26/100, validation accuracy=0.8426, loss=0.3452

vanilla: epoch 27:   0%|          | 0/352 [00:00<?, ?it/s]
vanilla: epoch 27:  35%|███▌      | 124/352 [00:15<00:27,  8.24it/s]
vanilla: epoch 27:  72%|███████▏  | 252/352 [00:30<00:11,  8.39it/s]
vanilla: epoch 27:  72%|███████▏  | 252/352 [00:40<00:11,  8.39it/s]
                                                                    
vanilla: epoch 27/100, validation accuracy=0.8436, loss=0.3427

vanilla: epoch 28:   0%|          | 0/352 [00:00<?, ?it/s]
vanilla: epoch 28:  36%|███▌      | 125/352 [00:15<00:27,  8.30it/s]
vanilla: epoch 28:  36%|███▌      | 125/352 [00:26<00:27,  8.30it/s]
vanilla: epoch 28:  72%|███████▏  | 253/352 [00:30<00:11,  8.42it/s]
                                                                    
vanilla: epoch 28/100, validation accuracy=0.8370, loss=0.3284

vanilla: epoch 29:   0%|          | 0/352 [00:00<?, ?it/s]
vanilla: epoch 29:  35%|███▌      | 124/352 [00:15<00:27,  8.23it/s]
vanilla: epoch 29:  72%|███████▏  | 253/352 [00:30<00:11,  8.42it/s]
                                                                    
vanilla: epoch 29/100, validation accuracy=0.8558, loss=0.3279

vanilla: epoch 30:   0%|          | 0/352 [00:00<?, ?it/s]
vanilla: epoch 30:  35%|███▌      | 124/352 [00:15<00:27,  8.22it/s]
vanilla: epoch 30:  35%|███▌      | 124/352 [00:28<00:27,  8.22it/s]
vanilla: epoch 30:  72%|███████▏  | 252/352 [00:30<00:11,  8.38it/s]
                                                                    
vanilla: epoch 30/100, validation accuracy=0.8506, loss=0.3324

vanilla: epoch 31:   0%|          | 0/352 [00:00<?, ?it/s]
vanilla: epoch 31:  35%|███▌      | 124/352 [00:15<00:27,  8.24it/s]
vanilla: epoch 31:  72%|███████▏  | 252/352 [00:30<00:11,  8.40it/s]
                                                                    
vanilla: epoch 31/100, validation accuracy=0.8478, loss=0.3133

vanilla: epoch 32:   0%|          | 0/352 [00:00<?, ?it/s]
vanilla: epoch 32:  36%|███▌      | 126/352 [00:15<00:27,  8.34it/s]
vanilla: epoch 32:  72%|███████▏  | 254/352 [00:30<00:11,  8.45it/s]
vanilla: epoch 32:  72%|███████▏  | 254/352 [00:41<00:11,  8.45it/s]
                                                                    
vanilla: epoch 32/100, validation accuracy=0.8408, loss=0.3139

vanilla: epoch 33:   0%|          | 0/352 [00:00<?, ?it/s]
vanilla: epoch 33:  35%|███▌      | 124/352 [00:15<00:27,  8.25it/s]
vanilla: epoch 33:  35%|███▌      | 124/352 [00:27<00:27,  8.25it/s]
vanilla: epoch 33:  72%|███████▏  | 253/352 [00:30<00:11,  8.42it/s]
                                                                    
vanilla: epoch 33/100, validation accuracy=0.8666, loss=0.3084

vanilla: epoch 34:   0%|          | 0/352 [00:00<?, ?it/s]
vanilla: epoch 34:  36%|███▌      | 125/352 [00:15<00:27,  8.29it/s]
vanilla: epoch 34:  72%|███████▏  | 254/352 [00:30<00:11,  8.43it/s]
                                                                    
vanilla: epoch 34/100, validation accuracy=0.8262, loss=0.2995

vanilla: epoch 35:   0%|          | 0/352 [00:00<?, ?it/s]
vanilla: epoch 35:  35%|███▍      | 122/352 [00:15<00:28,  8.13it/s]
vanilla: epoch 35:  35%|███▍      | 122/352 [00:29<00:28,  8.13it/s]
vanilla: epoch 35:  71%|███████   | 250/352 [00:30<00:12,  8.36it/s]
                                                                    
vanilla: epoch 35/100, validation accuracy=0.8694, loss=0.2930

vanilla: epoch 36:   0%|          | 0/352 [00:00<?, ?it/s]
vanilla: epoch 36:  35%|███▌      | 124/352 [00:15<00:27,  8.24it/s]
vanilla: epoch 36:  35%|███▌      | 124/352 [00:25<00:27,  8.24it/s]
vanilla: epoch 36:  72%|███████▏  | 252/352 [00:30<00:11,  8.38it/s]
                                                                    
vanilla: epoch 36/100, validation accuracy=0.8728, loss=0.2935

vanilla: epoch 37:   0%|          | 0/352 [00:00<?, ?it/s]
vanilla: epoch 37:  35%|███▍      | 123/352 [00:15<00:28,  8.16it/s]
vanilla: epoch 37:  71%|███████   | 250/352 [00:30<00:12,  8.33it/s]
vanilla: epoch 37:  71%|███████   | 250/352 [00:41<00:12,  8.33it/s]
                                                                    
vanilla: epoch 37/100, validation accuracy=0.8732, loss=0.2786

vanilla: epoch 38:   0%|          | 0/352 [00:00<?, ?it/s]
vanilla: epoch 38:  36%|███▌      | 125/352 [00:15<00:27,  8.31it/s]
vanilla: epoch 38:  36%|███▌      | 125/352 [00:26<00:27,  8.31it/s]
vanilla: epoch 38:  72%|███████▏  | 253/352 [00:30<00:11,  8.42it/s]
                                                                    
vanilla: epoch 38/100, validation accuracy=0.8208, loss=0.2778

vanilla: epoch 39:   0%|          | 0/352 [00:00<?, ?it/s]
vanilla: epoch 39:  35%|███▌      | 124/352 [00:15<00:27,  8.25it/s]
vanilla: epoch 39:  72%|███████▏  | 252/352 [00:30<00:11,  8.41it/s]
                                                                    
vanilla: epoch 39/100, validation accuracy=0.8546, loss=0.2732

vanilla: epoch 40:   0%|          | 0/352 [00:00<?, ?it/s]
vanilla: epoch 40:  35%|███▍      | 123/352 [00:15<00:28,  8.15it/s]
vanilla: epoch 40:  35%|███▍      | 123/352 [00:29<00:28,  8.15it/s]
vanilla: epoch 40:  71%|███████▏  | 251/352 [00:30<00:12,  8.37it/s]
                                                                    
vanilla: epoch 40/100, validation accuracy=0.8424, loss=0.2671

vanilla: epoch 41:   0%|          | 0/352 [00:00<?, ?it/s]
vanilla: epoch 41:  35%|███▌      | 124/352 [00:15<00:27,  8.25it/s]
vanilla: epoch 41:  35%|███▌      | 124/352 [00:25<00:27,  8.25it/s]
vanilla: epoch 41:  72%|███████▏  | 253/352 [00:30<00:11,  8.42it/s]
                                                                    
vanilla: epoch 41/100, validation accuracy=0.8902, loss=0.2597

vanilla: epoch 42:   0%|          | 0/352 [00:00<?, ?it/s]
vanilla: epoch 42:  35%|███▌      | 124/352 [00:15<00:27,  8.25it/s]
vanilla: epoch 42:  72%|███████▏  | 252/352 [00:30<00:11,  8.41it/s]
vanilla: epoch 42:  72%|███████▏  | 252/352 [00:41<00:11,  8.41it/s]
                                                                    
vanilla: epoch 42/100, validation accuracy=0.8416, loss=0.2582

vanilla: epoch 43:   0%|          | 0/352 [00:00<?, ?it/s]
vanilla: epoch 43:  35%|███▌      | 124/352 [00:15<00:27,  8.21it/s]
vanilla: epoch 43:  35%|███▌      | 124/352 [00:27<00:27,  8.21it/s]
vanilla: epoch 43:  72%|███████▏  | 253/352 [00:30<00:11,  8.40it/s]
                                                                    
vanilla: epoch 43/100, validation accuracy=0.8842, loss=0.2530

vanilla: epoch 44:   0%|          | 0/352 [00:00<?, ?it/s]
vanilla: epoch 44:  35%|███▍      | 123/352 [00:15<00:28,  8.15it/s]
vanilla: epoch 44:  72%|███████▏  | 252/352 [00:30<00:11,  8.37it/s]
                                                                    
vanilla: epoch 44/100, validation accuracy=0.8556, loss=0.2430

vanilla: epoch 45:   0%|          | 0/352 [00:00<?, ?it/s]
vanilla: epoch 45:  35%|███▌      | 124/352 [00:15<00:27,  8.21it/s]
vanilla: epoch 45:  35%|███▌      | 124/352 [00:29<00:27,  8.21it/s]
vanilla: epoch 45:  72%|███████▏  | 252/352 [00:30<00:11,  8.39it/s]
                                                                    
vanilla: epoch 45/100, validation accuracy=0.8622, loss=0.2426

vanilla: epoch 46:   0%|          | 0/352 [00:00<?, ?it/s]
vanilla: epoch 46:  36%|███▌      | 125/352 [00:15<00:27,  8.28it/s]
vanilla: epoch 46:  36%|███▌      | 125/352 [00:25<00:27,  8.28it/s]
vanilla: epoch 46:  72%|███████▏  | 253/352 [00:30<00:11,  8.42it/s]
                                                                    
vanilla: epoch 46/100, validation accuracy=0.8776, loss=0.2361

vanilla: epoch 47:   0%|          | 0/352 [00:00<?, ?it/s]
vanilla: epoch 47:  36%|███▌      | 125/352 [00:15<00:27,  8.33it/s]
vanilla: epoch 47:  72%|███████▏  | 253/352 [00:30<00:11,  8.44it/s]
vanilla: epoch 47:  72%|███████▏  | 253/352 [00:41<00:11,  8.44it/s]
                                                                    
vanilla: epoch 47/100, validation accuracy=0.8872, loss=0.2291

vanilla: epoch 48:   0%|          | 0/352 [00:00<?, ?it/s]
vanilla: epoch 48:  36%|███▌      | 125/352 [00:15<00:27,  8.32it/s]
vanilla: epoch 48:  36%|███▌      | 125/352 [00:27<00:27,  8.32it/s]
vanilla: epoch 48:  72%|███████▏  | 253/352 [00:30<00:11,  8.43it/s]
                                                                    
vanilla: epoch 48/100, validation accuracy=0.8838, loss=0.2223

vanilla: epoch 49:   0%|          | 0/352 [00:00<?, ?it/s]
vanilla: epoch 49:  36%|███▌      | 126/352 [00:15<00:27,  8.37it/s]
vanilla: epoch 49:  72%|███████▏  | 254/352 [00:30<00:11,  8.46it/s]
                                                                    
vanilla: epoch 49/100, validation accuracy=0.8850, loss=0.2165

vanilla: epoch 50:   0%|          | 0/352 [00:00<?, ?it/s]
vanilla: epoch 50:  36%|███▌      | 125/352 [00:15<00:27,  8.31it/s]
vanilla: epoch 50:  72%|███████▏  | 253/352 [00:30<00:11,  8.44it/s]
vanilla: epoch 50:  72%|███████▏  | 253/352 [00:40<00:11,  8.44it/s]
                                                                    
vanilla: epoch 50/100, validation accuracy=0.8834, loss=0.2071

vanilla: epoch 51:   0%|          | 0/352 [00:00<?, ?it/s]
vanilla: epoch 51:  36%|███▌      | 125/352 [00:15<00:27,  8.28it/s]
vanilla: epoch 51:  36%|███▌      | 125/352 [00:26<00:27,  8.28it/s]
vanilla: epoch 51:  72%|███████▏  | 253/352 [00:30<00:11,  8.43it/s]
                                                                    
vanilla: epoch 51/100, validation accuracy=0.8854, loss=0.2038

vanilla: epoch 52:   0%|          | 0/352 [00:00<?, ?it/s]
vanilla: epoch 52:  35%|███▍      | 123/352 [00:15<00:27,  8.18it/s]
vanilla: epoch 52:  72%|███████▏  | 252/352 [00:30<00:11,  8.39it/s]
                                                                    
vanilla: epoch 52/100, validation accuracy=0.8836, loss=0.2021

vanilla: epoch 53:   0%|          | 0/352 [00:00<?, ?it/s]
vanilla: epoch 53:  35%|███▍      | 123/352 [00:15<00:28,  8.15it/s]
vanilla: epoch 53:  35%|███▍      | 123/352 [00:28<00:28,  8.15it/s]
vanilla: epoch 53:  72%|███████▏  | 252/352 [00:30<00:11,  8.40it/s]
                                                                    
vanilla: epoch 53/100, validation accuracy=0.8910, loss=0.1901

vanilla: epoch 54:   0%|          | 0/352 [00:00<?, ?it/s]
vanilla: epoch 54:  35%|███▌      | 124/352 [00:15<00:27,  8.22it/s]
vanilla: epoch 54:  72%|███████▏  | 252/352 [00:30<00:11,  8.39it/s]
                                                                    
vanilla: epoch 54/100, validation accuracy=0.8816, loss=0.1841

vanilla: epoch 55:   0%|          | 0/352 [00:00<?, ?it/s]
vanilla: epoch 55:  36%|███▌      | 125/352 [00:15<00:27,  8.29it/s]
vanilla: epoch 55:  72%|███████▏  | 254/352 [00:30<00:11,  8.44it/s]
vanilla: epoch 55:  72%|███████▏  | 254/352 [00:40<00:11,  8.44it/s]
                                                                    
vanilla: epoch 55/100, validation accuracy=0.8912, loss=0.1831

vanilla: epoch 56:   0%|          | 0/352 [00:00<?, ?it/s]
vanilla: epoch 56:  35%|███▍      | 123/352 [00:15<00:28,  8.17it/s]
vanilla: epoch 56:  35%|███▍      | 123/352 [00:26<00:28,  8.17it/s]
vanilla: epoch 56:  71%|███████▏  | 251/352 [00:30<00:12,  8.38it/s]
                                                                    
vanilla: epoch 56/100, validation accuracy=0.8854, loss=0.1734

vanilla: epoch 57:   0%|          | 0/352 [00:00<?, ?it/s]
vanilla: epoch 57:  35%|███▌      | 124/352 [00:15<00:27,  8.24it/s]
vanilla: epoch 57:  72%|███████▏  | 252/352 [00:30<00:11,  8.41it/s]
                                                                    
vanilla: epoch 57/100, validation accuracy=0.8774, loss=0.1660

vanilla: epoch 58:   0%|          | 0/352 [00:00<?, ?it/s]
vanilla: epoch 58:  36%|███▌      | 125/352 [00:15<00:27,  8.30it/s]
vanilla: epoch 58:  36%|███▌      | 125/352 [00:30<00:27,  8.30it/s]
vanilla: epoch 58:  72%|███████▏  | 254/352 [00:30<00:11,  8.45it/s]
                                                                    
vanilla: epoch 58/100, validation accuracy=0.8948, loss=0.1604

vanilla: epoch 59:   0%|          | 0/352 [00:00<?, ?it/s]
vanilla: epoch 59:  36%|███▌      | 125/352 [00:15<00:27,  8.30it/s]
vanilla: epoch 59:  36%|███▌      | 125/352 [00:26<00:27,  8.30it/s]
vanilla: epoch 59:  72%|███████▏  | 253/352 [00:30<00:11,  8.42it/s]
                                                                    
vanilla: epoch 59/100, validation accuracy=0.8994, loss=0.1556

vanilla: epoch 60:   0%|          | 0/352 [00:00<?, ?it/s]
vanilla: epoch 60:  36%|███▌      | 125/352 [00:15<00:27,  8.30it/s]
vanilla: epoch 60:  72%|███████▏  | 254/352 [00:30<00:11,  8.44it/s]
                                                                    
vanilla: epoch 60/100, validation accuracy=0.8952, loss=0.1490

vanilla: epoch 61:   0%|          | 0/352 [00:00<?, ?it/s]
vanilla: epoch 61:  36%|███▌      | 126/352 [00:15<00:27,  8.34it/s]
vanilla: epoch 61:  36%|███▌      | 126/352 [00:29<00:27,  8.34it/s]
vanilla: epoch 61:  72%|███████▏  | 255/352 [00:30<00:11,  8.49it/s]
                                                                    
vanilla: epoch 61/100, validation accuracy=0.9014, loss=0.1422

vanilla: epoch 62:   0%|          | 0/352 [00:00<?, ?it/s]
vanilla: epoch 62:  36%|███▌      | 125/352 [00:15<00:27,  8.29it/s]
vanilla: epoch 62:  36%|███▌      | 125/352 [00:26<00:27,  8.29it/s]
vanilla: epoch 62:  72%|███████▏  | 253/352 [00:30<00:11,  8.41it/s]
                                                                    
vanilla: epoch 62/100, validation accuracy=0.8846, loss=0.1305

vanilla: epoch 63:   0%|          | 0/352 [00:00<?, ?it/s]
vanilla: epoch 63:  36%|███▌      | 125/352 [00:15<00:27,  8.29it/s]
vanilla: epoch 63:  72%|███████▏  | 254/352 [00:30<00:11,  8.46it/s]
                                                                    
vanilla: epoch 63/100, validation accuracy=0.9072, loss=0.1283

vanilla: epoch 64:   0%|          | 0/352 [00:00<?, ?it/s]
vanilla: epoch 64:  36%|███▌      | 126/352 [00:15<00:27,  8.34it/s]
vanilla: epoch 64:  36%|███▌      | 126/352 [00:29<00:27,  8.34it/s]
vanilla: epoch 64:  72%|███████▏  | 255/352 [00:30<00:11,  8.48it/s]
                                                                    
vanilla: epoch 64/100, validation accuracy=0.9064, loss=0.1236

vanilla: epoch 65:   0%|          | 0/352 [00:00<?, ?it/s]
vanilla: epoch 65:  36%|███▌      | 125/352 [00:15<00:27,  8.32it/s]
vanilla: epoch 65:  36%|███▌      | 125/352 [00:26<00:27,  8.32it/s]
vanilla: epoch 65:  72%|███████▏  | 254/352 [00:30<00:11,  8.47it/s]
                                                                    
vanilla: epoch 65/100, validation accuracy=0.8986, loss=0.1157

vanilla: epoch 66:   0%|          | 0/352 [00:00<?, ?it/s]
vanilla: epoch 66:  36%|███▌      | 125/352 [00:15<00:27,  8.32it/s]
vanilla: epoch 66:  72%|███████▏  | 254/352 [00:30<00:11,  8.47it/s]
                                                                    
vanilla: epoch 66/100, validation accuracy=0.9112, loss=0.1057

vanilla: epoch 67:   0%|          | 0/352 [00:00<?, ?it/s]
vanilla: epoch 67:  36%|███▌      | 126/352 [00:15<00:27,  8.35it/s]
vanilla: epoch 67:  72%|███████▏  | 254/352 [00:30<00:11,  8.44it/s]
vanilla: epoch 67:  72%|███████▏  | 254/352 [00:40<00:11,  8.44it/s]
                                                                    
vanilla: epoch 67/100, validation accuracy=0.9130, loss=0.1005

vanilla: epoch 68:   0%|          | 0/352 [00:00<?, ?it/s]
vanilla: epoch 68:  36%|███▌      | 125/352 [00:15<00:27,  8.30it/s]
vanilla: epoch 68:  36%|███▌      | 125/352 [00:27<00:27,  8.30it/s]
vanilla: epoch 68:  72%|███████▏  | 254/352 [00:30<00:11,  8.47it/s]
                                                                    
vanilla: epoch 68/100, validation accuracy=0.9190, loss=0.0937

vanilla: epoch 69:   0%|          | 0/352 [00:00<?, ?it/s]
vanilla: epoch 69:  36%|███▌      | 126/352 [00:15<00:27,  8.37it/s]
vanilla: epoch 69:  72%|███████▏  | 255/352 [00:30<00:11,  8.49it/s]
                                                                    
vanilla: epoch 69/100, validation accuracy=0.9108, loss=0.0889

vanilla: epoch 70:   0%|          | 0/352 [00:00<?, ?it/s]
vanilla: epoch 70:  36%|███▌      | 126/352 [00:15<00:27,  8.36it/s]
vanilla: epoch 70:  72%|███████▏  | 255/352 [00:30<00:11,  8.48it/s]
vanilla: epoch 70:  72%|███████▏  | 255/352 [00:40<00:11,  8.48it/s]
                                                                    
vanilla: epoch 70/100, validation accuracy=0.9126, loss=0.0721

vanilla: epoch 71:   0%|          | 0/352 [00:00<?, ?it/s]
vanilla: epoch 71:  36%|███▌      | 126/352 [00:15<00:27,  8.35it/s]
vanilla: epoch 71:  36%|███▌      | 126/352 [00:27<00:27,  8.35it/s]
vanilla: epoch 71:  72%|███████▏  | 255/352 [00:30<00:11,  8.48it/s]
                                                                    
vanilla: epoch 71/100, validation accuracy=0.9220, loss=0.0747

vanilla: epoch 72:   0%|          | 0/352 [00:00<?, ?it/s]
vanilla: epoch 72:  36%|███▌      | 126/352 [00:15<00:27,  8.34it/s]
vanilla: epoch 72:  72%|███████▏  | 253/352 [00:30<00:11,  8.40it/s]
                                                                    
vanilla: epoch 72/100, validation accuracy=0.9208, loss=0.0699

vanilla: epoch 73:   0%|          | 0/352 [00:00<?, ?it/s]
vanilla: epoch 73:  36%|███▌      | 126/352 [00:15<00:27,  8.36it/s]
vanilla: epoch 73:  72%|███████▏  | 255/352 [00:30<00:11,  8.49it/s]
vanilla: epoch 73:  72%|███████▏  | 255/352 [00:41<00:11,  8.49it/s]
                                                                    
vanilla: epoch 73/100, validation accuracy=0.9272, loss=0.0559

vanilla: epoch 74:   0%|          | 0/352 [00:00<?, ?it/s]
vanilla: epoch 74:  36%|███▌      | 125/352 [00:15<00:27,  8.33it/s]
vanilla: epoch 74:  36%|███▌      | 125/352 [00:27<00:27,  8.33it/s]
vanilla: epoch 74:  72%|███████▏  | 254/352 [00:30<00:11,  8.47it/s]
                                                                    
vanilla: epoch 74/100, validation accuracy=0.9160, loss=0.0492

vanilla: epoch 75:   0%|          | 0/352 [00:00<?, ?it/s]
vanilla: epoch 75:  36%|███▌      | 127/352 [00:15<00:26,  8.40it/s]
vanilla: epoch 75:  73%|███████▎  | 256/352 [00:30<00:11,  8.50it/s]
                                                                    
vanilla: epoch 75/100, validation accuracy=0.9248, loss=0.0492

vanilla: epoch 76:   0%|          | 0/352 [00:00<?, ?it/s]
vanilla: epoch 76:  36%|███▌      | 127/352 [00:15<00:26,  8.41it/s]
vanilla: epoch 76:  73%|███████▎  | 256/352 [00:30<00:11,  8.51it/s]
                                                                    
vanilla: epoch 76/100, validation accuracy=0.9272, loss=0.0406

vanilla: epoch 77:   0%|          | 0/352 [00:00<?, ?it/s]
vanilla: epoch 77:  36%|███▌      | 126/352 [00:15<00:27,  8.34it/s]
vanilla: epoch 77:  36%|███▌      | 126/352 [00:28<00:27,  8.34it/s]
vanilla: epoch 77:  72%|███████▏  | 255/352 [00:30<00:11,  8.47it/s]
                                                                    
vanilla: epoch 77/100, validation accuracy=0.9316, loss=0.0362

vanilla: epoch 78:   0%|          | 0/352 [00:00<?, ?it/s]
vanilla: epoch 78:  36%|███▌      | 125/352 [00:15<00:27,  8.33it/s]
vanilla: epoch 78:  36%|███▌      | 125/352 [00:25<00:27,  8.33it/s]
vanilla: epoch 78:  72%|███████▏  | 252/352 [00:30<00:11,  8.39it/s]
                                                                    
vanilla: epoch 78/100, validation accuracy=0.9336, loss=0.0299

vanilla: epoch 79:   0%|          | 0/352 [00:00<?, ?it/s]
vanilla: epoch 79:  35%|███▍      | 123/352 [00:15<00:27,  8.20it/s]
vanilla: epoch 79:  72%|███████▏  | 252/352 [00:30<00:11,  8.40it/s]
                                                                    
vanilla: epoch 79/100, validation accuracy=0.9374, loss=0.0251

vanilla: epoch 80:   0%|          | 0/352 [00:00<?, ?it/s]
vanilla: epoch 80:  35%|███▍      | 123/352 [00:15<00:28,  8.18it/s]
vanilla: epoch 80:  35%|███▍      | 123/352 [00:28<00:28,  8.18it/s]
vanilla: epoch 80:  71%|███████   | 250/352 [00:30<00:12,  8.34it/s]
                                                                    
vanilla: epoch 80/100, validation accuracy=0.9368, loss=0.0195

vanilla: epoch 81:   0%|          | 0/352 [00:00<?, ?it/s]
vanilla: epoch 81:  35%|███▍      | 123/352 [00:15<00:28,  8.16it/s]
vanilla: epoch 81:  71%|███████▏  | 251/352 [00:30<00:12,  8.36it/s]
                                                                    
vanilla: epoch 81/100, validation accuracy=0.9426, loss=0.0158

vanilla: epoch 82:   0%|          | 0/352 [00:00<?, ?it/s]
vanilla: epoch 82:  35%|███▍      | 123/352 [00:15<00:28,  8.18it/s]
vanilla: epoch 82:  35%|███▍      | 123/352 [00:29<00:28,  8.18it/s]
vanilla: epoch 82:  71%|███████▏  | 251/352 [00:30<00:12,  8.37it/s]
                                                                    
vanilla: epoch 82/100, validation accuracy=0.9432, loss=0.0143

vanilla: epoch 83:   0%|          | 0/352 [00:00<?, ?it/s]
vanilla: epoch 83:  36%|███▌      | 126/352 [00:15<00:27,  8.35it/s]
vanilla: epoch 83:  36%|███▌      | 126/352 [00:25<00:27,  8.35it/s]
vanilla: epoch 83:  72%|███████▏  | 255/352 [00:30<00:11,  8.46it/s]
                                                                    
vanilla: epoch 83/100, validation accuracy=0.9442, loss=0.0112

vanilla: epoch 84:   0%|          | 0/352 [00:00<?, ?it/s]
vanilla: epoch 84:  36%|███▌      | 125/352 [00:15<00:27,  8.27it/s]
vanilla: epoch 84:  72%|███████▏  | 253/352 [00:30<00:11,  8.42it/s]
                                                                    
vanilla: epoch 84/100, validation accuracy=0.9448, loss=0.0085

vanilla: epoch 85:   0%|          | 0/352 [00:00<?, ?it/s]
vanilla: epoch 85:  36%|███▌      | 125/352 [00:15<00:27,  8.32it/s]
vanilla: epoch 85:  36%|███▌      | 125/352 [00:28<00:27,  8.32it/s]
vanilla: epoch 85:  72%|███████▏  | 253/352 [00:30<00:11,  8.44it/s]
                                                                    
vanilla: epoch 85/100, validation accuracy=0.9478, loss=0.0062

vanilla: epoch 86:   0%|          | 0/352 [00:00<?, ?it/s]
vanilla: epoch 86:  36%|███▌      | 126/352 [00:15<00:27,  8.34it/s]
vanilla: epoch 86:  36%|███▌      | 126/352 [00:25<00:27,  8.34it/s]
vanilla: epoch 86:  72%|███████▏  | 254/352 [00:30<00:11,  8.44it/s]
                                                                    
vanilla: epoch 86/100, validation accuracy=0.9458, loss=0.0051

vanilla: epoch 87:   0%|          | 0/352 [00:00<?, ?it/s]
vanilla: epoch 87:  36%|███▌      | 125/352 [00:15<00:27,  8.32it/s]
vanilla: epoch 87:  72%|███████▏  | 254/352 [00:30<00:11,  8.46it/s]
                                                                    
vanilla: epoch 87/100, validation accuracy=0.9482, loss=0.0047

vanilla: epoch 88:   0%|          | 0/352 [00:00<?, ?it/s]
vanilla: epoch 88:  36%|███▌      | 125/352 [00:15<00:27,  8.30it/s]
vanilla: epoch 88:  36%|███▌      | 125/352 [00:28<00:27,  8.30it/s]
vanilla: epoch 88:  72%|███████▏  | 254/352 [00:30<00:11,  8.44it/s]
                                                                    
vanilla: epoch 88/100, validation accuracy=0.9506, loss=0.0043

vanilla: epoch 89:   0%|          | 0/352 [00:00<?, ?it/s]
vanilla: epoch 89:  36%|███▌      | 125/352 [00:15<00:27,  8.33it/s]
vanilla: epoch 89:  36%|███▌      | 125/352 [00:25<00:27,  8.33it/s]
vanilla: epoch 89:  72%|███████▏  | 252/352 [00:30<00:11,  8.39it/s]
                                                                    
vanilla: epoch 89/100, validation accuracy=0.9478, loss=0.0037

vanilla: epoch 90:   0%|          | 0/352 [00:00<?, ?it/s]
vanilla: epoch 90:  36%|███▌      | 125/352 [00:15<00:27,  8.31it/s]
vanilla: epoch 90:  72%|███████▏  | 254/352 [00:30<00:11,  8.46it/s]
                                                                    
vanilla: epoch 90/100, validation accuracy=0.9512, loss=0.0034

vanilla: epoch 91:   0%|          | 0/352 [00:00<?, ?it/s]
vanilla: epoch 91:  36%|███▌      | 125/352 [00:15<00:27,  8.32it/s]
vanilla: epoch 91:  36%|███▌      | 125/352 [00:28<00:27,  8.32it/s]
vanilla: epoch 91:  72%|███████▏  | 254/352 [00:30<00:11,  8.45it/s]
                                                                    
vanilla: epoch 91/100, validation accuracy=0.9506, loss=0.0031

vanilla: epoch 92:   0%|          | 0/352 [00:00<?, ?it/s]
vanilla: epoch 92:  36%|███▌      | 126/352 [00:15<00:27,  8.36it/s]
vanilla: epoch 92:  36%|███▌      | 126/352 [00:25<00:27,  8.36it/s]
vanilla: epoch 92:  72%|███████▏  | 255/352 [00:30<00:11,  8.47it/s]
                                                                    
vanilla: epoch 92/100, validation accuracy=0.9514, loss=0.0028

vanilla: epoch 93:   0%|          | 0/352 [00:00<?, ?it/s]
vanilla: epoch 93:  35%|███▌      | 124/352 [00:15<00:27,  8.20it/s]
vanilla: epoch 93:  72%|███████▏  | 252/352 [00:30<00:11,  8.39it/s]
vanilla: epoch 93:  72%|███████▏  | 252/352 [00:41<00:11,  8.39it/s]
                                                                    
vanilla: epoch 93/100, validation accuracy=0.9504, loss=0.0024

vanilla: epoch 94:   0%|          | 0/352 [00:00<?, ?it/s]
vanilla: epoch 94:  35%|███▌      | 124/352 [00:15<00:27,  8.26it/s]
vanilla: epoch 94:  35%|███▌      | 124/352 [00:28<00:27,  8.26it/s]
vanilla: epoch 94:  72%|███████▏  | 252/352 [00:30<00:11,  8.42it/s]
                                                                    
vanilla: epoch 94/100, validation accuracy=0.9512, loss=0.0027

vanilla: epoch 95:   0%|          | 0/352 [00:00<?, ?it/s]
vanilla: epoch 95:  36%|███▌      | 125/352 [00:15<00:27,  8.33it/s]
vanilla: epoch 95:  72%|███████▏  | 254/352 [00:30<00:11,  8.46it/s]
                                                                    
vanilla: epoch 95/100, validation accuracy=0.9518, loss=0.0026

vanilla: epoch 96:   0%|          | 0/352 [00:00<?, ?it/s]
vanilla: epoch 96:  36%|███▌      | 125/352 [00:15<00:27,  8.29it/s]
vanilla: epoch 96:  72%|███████▏  | 254/352 [00:30<00:11,  8.44it/s]
vanilla: epoch 96:  72%|███████▏  | 254/352 [00:41<00:11,  8.44it/s]
                                                                    
vanilla: epoch 96/100, validation accuracy=0.9514, loss=0.0022

vanilla: epoch 97:   0%|          | 0/352 [00:00<?, ?it/s]
vanilla: epoch 97:  36%|███▌      | 125/352 [00:15<00:27,  8.33it/s]
vanilla: epoch 97:  36%|███▌      | 125/352 [00:28<00:27,  8.33it/s]
vanilla: epoch 97:  72%|███████▏  | 253/352 [00:30<00:11,  8.44it/s]
                                                                    
vanilla: epoch 97/100, validation accuracy=0.9522, loss=0.0024

vanilla: epoch 98:   0%|          | 0/352 [00:00<?, ?it/s]
vanilla: epoch 98:  36%|███▌      | 125/352 [00:15<00:27,  8.28it/s]
vanilla: epoch 98:  72%|███████▏  | 253/352 [00:30<00:11,  8.41it/s]
                                                                    
vanilla: epoch 98/100, validation accuracy=0.9512, loss=0.0022

vanilla: epoch 99:   0%|          | 0/352 [00:00<?, ?it/s]
vanilla: epoch 99:  35%|███▌      | 124/352 [00:15<00:27,  8.23it/s]
vanilla: epoch 99:  72%|███████▏  | 253/352 [00:30<00:11,  8.42it/s]
vanilla: epoch 99:  72%|███████▏  | 253/352 [00:41<00:11,  8.42it/s]
                                                                    
vanilla: epoch 99/100, validation accuracy=0.9510, loss=0.0023

vanilla: epoch 100:   0%|          | 0/352 [00:00<?, ?it/s]
vanilla: epoch 100:  35%|███▍      | 123/352 [00:15<00:28,  8.17it/s]
vanilla: epoch 100:  35%|███▍      | 123/352 [00:27<00:28,  8.17it/s]
vanilla: epoch 100:  71%|███████▏  | 251/352 [00:30<00:12,  8.37it/s]
                                                                     
vanilla: epoch 100/100, validation accuracy=0.9510, loss=0.0023

gcsc: epoch 1:   0%|          | 0/352 [00:00<?, ?it/s]
gcsc: epoch 1:  29%|██▉       | 102/352 [00:15<00:37,  6.73it/s]
gcsc: epoch 1:  61%|██████    | 215/352 [00:30<00:19,  7.14it/s]
gcsc: epoch 1:  61%|██████    | 215/352 [00:42<00:19,  7.14it/s]
gcsc: epoch 1:  94%|█████████▍| 332/352 [00:45<00:02,  7.43it/s]
                                                                
gcsc: epoch 1/100, validation accuracy=0.3174, loss=2.2657

gcsc: epoch 2:   0%|          | 0/352 [00:00<?, ?it/s]
gcsc: epoch 2:  31%|███       | 108/352 [00:15<00:33,  7.18it/s]
gcsc: epoch 2:  64%|██████▍   | 225/352 [00:30<00:16,  7.53it/s]
gcsc: epoch 2:  64%|██████▍   | 225/352 [00:43<00:16,  7.53it/s]
gcsc: epoch 2:  98%|█████████▊| 344/352 [00:45<00:01,  7.69it/s]
                                                                
gcsc: epoch 2/100, validation accuracy=0.4116, loss=1.7971

gcsc: epoch 3:   0%|          | 0/352 [00:00<?, ?it/s]
gcsc: epoch 3:  30%|███       | 106/352 [00:15<00:34,  7.05it/s]
gcsc: epoch 3:  30%|███       | 106/352 [00:25<00:34,  7.05it/s]
gcsc: epoch 3:  60%|█████▉    | 211/352 [00:30<00:20,  7.00it/s]
gcsc: epoch 3:  93%|█████████▎| 329/352 [00:45<00:03,  7.37it/s]
                                                                
gcsc: epoch 3/100, validation accuracy=0.3792, loss=1.5627

gcsc: epoch 4:   0%|          | 0/352 [00:00<?, ?it/s]
gcsc: epoch 4:  31%|███▏      | 110/352 [00:15<00:33,  7.26it/s]
gcsc: epoch 4:  62%|██████▎   | 220/352 [00:30<00:18,  7.28it/s]
gcsc: epoch 4:  62%|██████▎   | 220/352 [00:44<00:18,  7.28it/s]
gcsc: epoch 4:  96%|█████████▌| 337/352 [00:45<00:02,  7.49it/s]
                                                                
gcsc: epoch 4/100, validation accuracy=0.5330, loss=1.3277

gcsc: epoch 5:   0%|          | 0/352 [00:00<?, ?it/s]
gcsc: epoch 5:  30%|███       | 106/352 [00:15<00:34,  7.04it/s]
gcsc: epoch 5:  30%|███       | 106/352 [00:25<00:34,  7.04it/s]
gcsc: epoch 5:  59%|█████▉    | 207/352 [00:30<00:21,  6.85it/s]
gcsc: epoch 5:  92%|█████████▏| 324/352 [00:45<00:03,  7.28it/s]
                                                                
gcsc: epoch 5/100, validation accuracy=0.6540, loss=1.1352

gcsc: epoch 6:   0%|          | 0/352 [00:00<?, ?it/s]
gcsc: epoch 6:  30%|██▉       | 104/352 [00:15<00:35,  6.92it/s]
gcsc: epoch 6:  59%|█████▉    | 208/352 [00:30<00:20,  6.90it/s]
gcsc: epoch 6:  59%|█████▉    | 208/352 [00:44<00:20,  6.90it/s]
gcsc: epoch 6:  92%|█████████▏| 323/352 [00:45<00:04,  7.24it/s]
                                                                
gcsc: epoch 6/100, validation accuracy=0.6688, loss=0.9935

gcsc: epoch 7:   0%|          | 0/352 [00:00<?, ?it/s]
gcsc: epoch 7:  28%|██▊       | 99/352 [00:15<00:38,  6.59it/s]
gcsc: epoch 7:  58%|█████▊    | 204/352 [00:30<00:21,  6.82it/s]
gcsc: epoch 7:  58%|█████▊    | 204/352 [00:44<00:21,  6.82it/s]
gcsc: epoch 7:  90%|█████████ | 318/352 [00:45<00:04,  7.16it/s]
                                                                
gcsc: epoch 7/100, validation accuracy=0.7486, loss=0.8599

gcsc: epoch 8:   0%|          | 0/352 [00:00<?, ?it/s]
gcsc: epoch 8:  28%|██▊       | 98/352 [00:15<00:39,  6.50it/s]
gcsc: epoch 8:  59%|█████▉    | 207/352 [00:30<00:20,  6.92it/s]
gcsc: epoch 8:  59%|█████▉    | 207/352 [00:41<00:20,  6.92it/s]
gcsc: epoch 8:  92%|█████████▏| 323/352 [00:45<00:03,  7.28it/s]
                                                                
gcsc: epoch 8/100, validation accuracy=0.7098, loss=0.7926

gcsc: epoch 9:   0%|          | 0/352 [00:00<?, ?it/s]
gcsc: epoch 9:  28%|██▊       | 97/352 [00:15<00:40,  6.37it/s]
gcsc: epoch 9:  60%|██████    | 212/352 [00:30<00:19,  7.08it/s]
gcsc: epoch 9:  60%|██████    | 212/352 [00:41<00:19,  7.08it/s]
gcsc: epoch 9:  93%|█████████▎| 329/352 [00:45<00:03,  7.37it/s]
                                                                
gcsc: epoch 9/100, validation accuracy=0.7528, loss=0.7362

gcsc: epoch 10:   0%|          | 0/352 [00:00<?, ?it/s]
gcsc: epoch 10:  29%|██▉       | 102/352 [00:15<00:37,  6.75it/s]
gcsc: epoch 10:  59%|█████▉    | 209/352 [00:30<00:20,  6.95it/s]
gcsc: epoch 10:  59%|█████▉    | 209/352 [00:40<00:20,  6.95it/s]
gcsc: epoch 10:  92%|█████████▏| 325/352 [00:45<00:03,  7.30it/s]
                                                                 
gcsc: epoch 10/100, validation accuracy=0.7730, loss=0.7046

gcsc: epoch 11:   0%|          | 0/352 [00:00<?, ?it/s]
gcsc: epoch 11:  30%|██▉       | 105/352 [00:15<00:35,  6.93it/s]
gcsc: epoch 11:  30%|██▉       | 105/352 [00:30<00:35,  6.93it/s]
gcsc: epoch 11:  59%|█████▊    | 206/352 [00:30<00:21,  6.79it/s]
gcsc: epoch 11:  92%|█████████▏| 323/352 [00:45<00:04,  7.22it/s]
                                                                 
gcsc: epoch 11/100, validation accuracy=0.7448, loss=0.6785

gcsc: epoch 12:   0%|          | 0/352 [00:00<?, ?it/s]
gcsc: epoch 12:  30%|██▉       | 105/352 [00:15<00:35,  6.96it/s]
gcsc: epoch 12:  30%|██▉       | 105/352 [00:29<00:35,  6.96it/s]
gcsc: epoch 12:  62%|██████▏   | 218/352 [00:30<00:18,  7.27it/s]
gcsc: epoch 12:  95%|█████████▌| 336/352 [00:45<00:02,  7.52it/s]
                                                                 
gcsc: epoch 12/100, validation accuracy=0.8048, loss=0.6512

gcsc: epoch 13:   0%|          | 0/352 [00:00<?, ?it/s]
gcsc: epoch 13:  29%|██▊       | 101/352 [00:15<00:37,  6.66it/s]
gcsc: epoch 13:  29%|██▊       | 101/352 [00:30<00:37,  6.66it/s]
gcsc: epoch 13:  59%|█████▉    | 208/352 [00:30<00:20,  6.90it/s]
gcsc: epoch 13:  92%|█████████▏| 323/352 [00:45<00:04,  7.23it/s]
                                                                 
gcsc: epoch 13/100, validation accuracy=0.7380, loss=0.6347

gcsc: epoch 14:   0%|          | 0/352 [00:00<?, ?it/s]
gcsc: epoch 14:  30%|██▉       | 104/352 [00:15<00:35,  6.91it/s]
gcsc: epoch 14:  30%|██▉       | 104/352 [00:29<00:35,  6.91it/s]
gcsc: epoch 14:  62%|██████▏   | 217/352 [00:30<00:18,  7.25it/s]
gcsc: epoch 14:  95%|█████████▍| 334/352 [00:45<00:02,  7.49it/s]
                                                                 
gcsc: epoch 14/100, validation accuracy=0.8180, loss=0.6051

gcsc: epoch 15:   0%|          | 0/352 [00:00<?, ?it/s]
gcsc: epoch 15:  30%|██▉       | 105/352 [00:15<00:35,  6.95it/s]
gcsc: epoch 15:  30%|██▉       | 105/352 [00:29<00:35,  6.95it/s]
gcsc: epoch 15:  58%|█████▊    | 205/352 [00:30<00:21,  6.76it/s]
gcsc: epoch 15:  91%|█████████ | 319/352 [00:45<00:04,  7.14it/s]
                                                                 
gcsc: epoch 15/100, validation accuracy=0.8036, loss=0.5934

gcsc: epoch 16:   0%|          | 0/352 [00:00<?, ?it/s]
gcsc: epoch 16:  28%|██▊       | 97/352 [00:15<00:39,  6.44it/s]
gcsc: epoch 16:  28%|██▊       | 97/352 [00:28<00:39,  6.44it/s]
gcsc: epoch 16:  59%|█████▉    | 209/352 [00:30<00:20,  7.04it/s]
gcsc: epoch 16:  92%|█████████▏| 325/352 [00:45<00:03,  7.36it/s]
                                                                 
gcsc: epoch 16/100, validation accuracy=0.7950, loss=0.5824

gcsc: epoch 17:   0%|          | 0/352 [00:00<?, ?it/s]
gcsc: epoch 17:  28%|██▊       | 98/352 [00:15<00:39,  6.49it/s]
gcsc: epoch 17:  28%|██▊       | 98/352 [00:28<00:39,  6.49it/s]
gcsc: epoch 17:  60%|█████▉    | 211/352 [00:30<00:19,  7.06it/s]
gcsc: epoch 17:  92%|█████████▏| 325/352 [00:45<00:03,  7.30it/s]
                                                                 
gcsc: epoch 17/100, validation accuracy=0.8284, loss=0.5770

gcsc: epoch 18:   0%|          | 0/352 [00:00<?, ?it/s]
gcsc: epoch 18:  29%|██▉       | 103/352 [00:15<00:36,  6.82it/s]
gcsc: epoch 18:  29%|██▉       | 103/352 [00:27<00:36,  6.82it/s]
gcsc: epoch 18:  60%|█████▉    | 211/352 [00:30<00:20,  7.01it/s]
gcsc: epoch 18:  93%|█████████▎| 328/352 [00:45<00:03,  7.36it/s]
                                                                 
gcsc: epoch 18/100, validation accuracy=0.8236, loss=0.5554

gcsc: epoch 19:   0%|          | 0/352 [00:00<?, ?it/s]
gcsc: epoch 19:  28%|██▊       | 97/352 [00:15<00:39,  6.44it/s]
gcsc: epoch 19:  28%|██▊       | 97/352 [00:27<00:39,  6.44it/s]
gcsc: epoch 19:  60%|█████▉    | 211/352 [00:30<00:19,  7.11it/s]
gcsc: epoch 19:  93%|█████████▎| 326/352 [00:45<00:03,  7.32it/s]
                                                                 
gcsc: epoch 19/100, validation accuracy=0.7986, loss=0.5533

gcsc: epoch 20:   0%|          | 0/352 [00:00<?, ?it/s]
gcsc: epoch 20:  28%|██▊       | 100/352 [00:15<00:37,  6.63it/s]
gcsc: epoch 20:  28%|██▊       | 100/352 [00:27<00:37,  6.63it/s]
gcsc: epoch 20:  61%|██████    | 213/352 [00:30<00:19,  7.15it/s]
gcsc: epoch 20:  94%|█████████▍| 330/352 [00:45<00:02,  7.44it/s]
                                                                 
gcsc: epoch 20/100, validation accuracy=0.8296, loss=0.5387

gcsc: epoch 21:   0%|          | 0/352 [00:00<?, ?it/s]
gcsc: epoch 21:  28%|██▊       | 99/352 [00:15<00:38,  6.60it/s]
gcsc: epoch 21:  28%|██▊       | 99/352 [00:27<00:38,  6.60it/s]
gcsc: epoch 21:  58%|█████▊    | 204/352 [00:30<00:21,  6.83it/s]
gcsc: epoch 21:  91%|█████████ | 321/352 [00:45<00:04,  7.26it/s]
                                                                 
gcsc: epoch 21/100, validation accuracy=0.8364, loss=0.5339

gcsc: epoch 22:   0%|          | 0/352 [00:00<?, ?it/s]
gcsc: epoch 22:  28%|██▊       | 100/352 [00:15<00:37,  6.64it/s]
gcsc: epoch 22:  28%|██▊       | 100/352 [00:26<00:37,  6.64it/s]
gcsc: epoch 22:  60%|█████▉    | 210/352 [00:30<00:20,  7.02it/s]
gcsc: epoch 22:  93%|█████████▎| 327/352 [00:45<00:03,  7.37it/s]
                                                                 
gcsc: epoch 22/100, validation accuracy=0.8198, loss=0.5200

gcsc: epoch 23:   0%|          | 0/352 [00:00<?, ?it/s]
gcsc: epoch 23:  28%|██▊       | 99/352 [00:15<00:38,  6.58it/s]
gcsc: epoch 23:  28%|██▊       | 99/352 [00:26<00:38,  6.58it/s]
gcsc: epoch 23:  61%|██████    | 213/352 [00:30<00:19,  7.17it/s]
gcsc: epoch 23:  93%|█████████▎| 328/352 [00:45<00:03,  7.39it/s]
                                                                 
gcsc: epoch 23/100, validation accuracy=0.8510, loss=0.5128

gcsc: epoch 24:   0%|          | 0/352 [00:00<?, ?it/s]
gcsc: epoch 24:  28%|██▊       | 100/352 [00:15<00:38,  6.58it/s]
gcsc: epoch 24:  28%|██▊       | 100/352 [00:25<00:38,  6.58it/s]
gcsc: epoch 24:  60%|█████▉    | 211/352 [00:30<00:20,  7.03it/s]
gcsc: epoch 24:  93%|█████████▎| 327/352 [00:45<00:03,  7.34it/s]
                                                                 
gcsc: epoch 24/100, validation accuracy=0.8082, loss=0.5105

gcsc: epoch 25:   0%|          | 0/352 [00:00<?, ?it/s]
gcsc: epoch 25:  28%|██▊       | 99/352 [00:15<00:38,  6.58it/s]
gcsc: epoch 25:  28%|██▊       | 99/352 [00:25<00:38,  6.58it/s]
gcsc: epoch 25:  61%|██████    | 214/352 [00:30<00:19,  7.21it/s]
gcsc: epoch 25:  61%|██████    | 214/352 [00:45<00:19,  7.21it/s]
gcsc: epoch 25:  93%|█████████▎| 329/352 [00:45<00:03,  7.33it/s]
                                                                 
gcsc: epoch 25/100, validation accuracy=0.8438, loss=0.4998

gcsc: epoch 26:   0%|          | 0/352 [00:00<?, ?it/s]
gcsc: epoch 26:  31%|███▏      | 110/352 [00:15<00:33,  7.32it/s]
gcsc: epoch 26:  31%|███▏      | 110/352 [00:25<00:33,  7.32it/s]
gcsc: epoch 26:  62%|██████▏   | 217/352 [00:30<00:18,  7.20it/s]
gcsc: epoch 26:  62%|██████▏   | 217/352 [00:45<00:18,  7.20it/s]
gcsc: epoch 26:  95%|█████████▍| 333/352 [00:45<00:02,  7.43it/s]
                                                                 
gcsc: epoch 26/100, validation accuracy=0.8566, loss=0.4923

gcsc: epoch 27:   0%|          | 0/352 [00:00<?, ?it/s]
gcsc: epoch 27:  28%|██▊       | 98/352 [00:15<00:39,  6.44it/s]
gcsc: epoch 27:  28%|██▊       | 98/352 [00:25<00:39,  6.44it/s]
gcsc: epoch 27:  58%|█████▊    | 205/352 [00:30<00:21,  6.83it/s]
gcsc: epoch 27:  91%|█████████ | 319/352 [00:45<00:04,  7.17it/s]
                                                                 
gcsc: epoch 27/100, validation accuracy=0.8658, loss=0.4831

gcsc: epoch 28:   0%|          | 0/352 [00:00<?, ?it/s]
gcsc: epoch 28:  30%|██▉       | 104/352 [00:15<00:36,  6.89it/s]
gcsc: epoch 28:  60%|█████▉    | 210/352 [00:30<00:20,  6.96it/s]
gcsc: epoch 28:  60%|█████▉    | 210/352 [00:43<00:20,  6.96it/s]
gcsc: epoch 28:  93%|█████████▎| 328/352 [00:45<00:03,  7.36it/s]
                                                                 
gcsc: epoch 28/100, validation accuracy=0.8226, loss=0.4838

gcsc: epoch 29:   0%|          | 0/352 [00:00<?, ?it/s]
gcsc: epoch 29:  29%|██▉       | 103/352 [00:15<00:36,  6.80it/s]
gcsc: epoch 29:  60%|█████▉    | 211/352 [00:30<00:20,  6.99it/s]
gcsc: epoch 29:  60%|█████▉    | 211/352 [00:44<00:20,  6.99it/s]
gcsc: epoch 29:  92%|█████████▏| 325/352 [00:45<00:03,  7.26it/s]
                                                                 
gcsc: epoch 29/100, validation accuracy=0.8204, loss=0.4716

gcsc: epoch 30:   0%|          | 0/352 [00:00<?, ?it/s]
gcsc: epoch 30:  30%|██▉       | 104/352 [00:15<00:35,  6.90it/s]
gcsc: epoch 30:  62%|██████▏   | 217/352 [00:30<00:18,  7.24it/s]
gcsc: epoch 30:  62%|██████▏   | 217/352 [00:43<00:18,  7.24it/s]
gcsc: epoch 30:  95%|█████████▌| 335/352 [00:45<00:02,  7.50it/s]
                                                                 
gcsc: epoch 30/100, validation accuracy=0.8574, loss=0.4728

gcsc: epoch 31:   0%|          | 0/352 [00:00<?, ?it/s]
gcsc: epoch 31:  30%|██▉       | 104/352 [00:15<00:36,  6.88it/s]
gcsc: epoch 31:  61%|██████    | 214/352 [00:30<00:19,  7.13it/s]
gcsc: epoch 31:  61%|██████    | 214/352 [00:44<00:19,  7.13it/s]
gcsc: epoch 31:  94%|█████████▍| 330/352 [00:45<00:02,  7.37it/s]
                                                                 
gcsc: epoch 31/100, validation accuracy=0.8514, loss=0.4560

gcsc: epoch 32:   0%|          | 0/352 [00:00<?, ?it/s]
gcsc: epoch 32:  30%|███       | 106/352 [00:15<00:34,  7.04it/s]
gcsc: epoch 32:  61%|██████▏   | 216/352 [00:30<00:18,  7.20it/s]
gcsc: epoch 32:  61%|██████▏   | 216/352 [00:44<00:18,  7.20it/s]
gcsc: epoch 32:  94%|█████████▍| 332/352 [00:45<00:02,  7.43it/s]
                                                                 
gcsc: epoch 32/100, validation accuracy=0.8456, loss=0.4604

gcsc: epoch 33:   0%|          | 0/352 [00:00<?, ?it/s]
gcsc: epoch 33:  30%|███       | 107/352 [00:15<00:34,  7.13it/s]
gcsc: epoch 33:  61%|██████    | 214/352 [00:30<00:19,  7.05it/s]
gcsc: epoch 33:  61%|██████    | 214/352 [00:44<00:19,  7.05it/s]
gcsc: epoch 33:  93%|█████████▎| 327/352 [00:45<00:03,  7.26it/s]
                                                                 
gcsc: epoch 33/100, validation accuracy=0.8594, loss=0.4495

gcsc: epoch 34:   0%|          | 0/352 [00:00<?, ?it/s]
gcsc: epoch 34:  30%|███       | 106/352 [00:15<00:35,  7.00it/s]
gcsc: epoch 34:  61%|██████    | 215/352 [00:30<00:19,  7.13it/s]
gcsc: epoch 34:  61%|██████    | 215/352 [00:43<00:19,  7.13it/s]
gcsc: epoch 34:  94%|█████████▍| 332/352 [00:45<00:02,  7.44it/s]
                                                                 
gcsc: epoch 34/100, validation accuracy=0.8630, loss=0.4458

gcsc: epoch 35:   0%|          | 0/352 [00:00<?, ?it/s]
gcsc: epoch 35:  31%|███       | 108/352 [00:15<00:34,  7.17it/s]
gcsc: epoch 35:  62%|██████▏   | 219/352 [00:30<00:18,  7.27it/s]
gcsc: epoch 35:  62%|██████▏   | 219/352 [00:44<00:18,  7.27it/s]
gcsc: epoch 35:  96%|█████████▌| 337/352 [00:45<00:01,  7.53it/s]
                                                                 
gcsc: epoch 35/100, validation accuracy=0.8500, loss=0.4372

gcsc: epoch 36:   0%|          | 0/352 [00:00<?, ?it/s]
gcsc: epoch 36:  28%|██▊       | 98/352 [00:15<00:39,  6.43it/s]
gcsc: epoch 36:  28%|██▊       | 98/352 [00:25<00:39,  6.43it/s]
gcsc: epoch 36:  60%|██████    | 212/352 [00:30<00:19,  7.11it/s]
gcsc: epoch 36:  93%|█████████▎| 327/352 [00:45<00:03,  7.34it/s]
                                                                 
gcsc: epoch 36/100, validation accuracy=0.8640, loss=0.4363

gcsc: epoch 37:   0%|          | 0/352 [00:00<?, ?it/s]
gcsc: epoch 37:  29%|██▊       | 101/352 [00:15<00:37,  6.70it/s]
gcsc: epoch 37:  29%|██▊       | 101/352 [00:25<00:37,  6.70it/s]
gcsc: epoch 37:  62%|██████▏   | 219/352 [00:30<00:18,  7.36it/s]
gcsc: epoch 37:  96%|█████████▌| 337/352 [00:45<00:01,  7.58it/s]
                                                                 
gcsc: epoch 37/100, validation accuracy=0.8796, loss=0.4228

gcsc: epoch 38:   0%|          | 0/352 [00:00<?, ?it/s]
gcsc: epoch 38:  28%|██▊       | 99/352 [00:15<00:38,  6.49it/s]
gcsc: epoch 38:  28%|██▊       | 99/352 [00:26<00:38,  6.49it/s]
gcsc: epoch 38:  59%|█████▉    | 207/352 [00:30<00:21,  6.86it/s]
gcsc: epoch 38:  91%|█████████▏| 322/352 [00:45<00:04,  7.22it/s]
                                                                 
gcsc: epoch 38/100, validation accuracy=0.8660, loss=0.4166

gcsc: epoch 39:   0%|          | 0/352 [00:00<?, ?it/s]
gcsc: epoch 39:  30%|██▉       | 105/352 [00:15<00:35,  6.99it/s]
gcsc: epoch 39:  60%|██████    | 212/352 [00:30<00:19,  7.04it/s]
gcsc: epoch 39:  60%|██████    | 212/352 [00:44<00:19,  7.04it/s]
gcsc: epoch 39:  92%|█████████▏| 325/352 [00:45<00:03,  7.24it/s]
                                                                 
gcsc: epoch 39/100, validation accuracy=0.8624, loss=0.4145

gcsc: epoch 40:   0%|          | 0/352 [00:00<?, ?it/s]
gcsc: epoch 40:  28%|██▊       | 100/352 [00:15<00:38,  6.54it/s]
gcsc: epoch 40:  58%|█████▊    | 205/352 [00:30<00:21,  6.80it/s]
gcsc: epoch 40:  58%|█████▊    | 205/352 [00:44<00:21,  6.80it/s]
gcsc: epoch 40:  90%|█████████ | 318/352 [00:45<00:04,  7.12it/s]
                                                                 
gcsc: epoch 40/100, validation accuracy=0.8390, loss=0.4129

gcsc: epoch 41:   0%|          | 0/352 [00:00<?, ?it/s]
gcsc: epoch 41:  28%|██▊       | 100/352 [00:15<00:37,  6.64it/s]
gcsc: epoch 41:  60%|█████▉    | 211/352 [00:30<00:19,  7.08it/s]
gcsc: epoch 41:  60%|█████▉    | 211/352 [00:42<00:19,  7.08it/s]
gcsc: epoch 41:  93%|█████████▎| 328/352 [00:45<00:03,  7.41it/s]
                                                                 
gcsc: epoch 41/100, validation accuracy=0.8736, loss=0.3987

gcsc: epoch 42:   0%|          | 0/352 [00:00<?, ?it/s]
gcsc: epoch 42:  30%|██▉       | 104/352 [00:15<00:36,  6.83it/s]
gcsc: epoch 42:  61%|██████    | 215/352 [00:30<00:19,  7.14it/s]
gcsc: epoch 42:  61%|██████    | 215/352 [00:42<00:19,  7.14it/s]
gcsc: epoch 42:  94%|█████████▍| 332/352 [00:45<00:02,  7.44it/s]
                                                                 
gcsc: epoch 42/100, validation accuracy=0.8224, loss=0.3970

gcsc: epoch 43:   0%|          | 0/352 [00:00<?, ?it/s]
gcsc: epoch 43:  29%|██▉       | 103/352 [00:15<00:36,  6.80it/s]
gcsc: epoch 43:  60%|██████    | 212/352 [00:30<00:19,  7.07it/s]
gcsc: epoch 43:  60%|██████    | 212/352 [00:42<00:19,  7.07it/s]
gcsc: epoch 43:  93%|█████████▎| 326/352 [00:45<00:03,  7.31it/s]
                                                                 
gcsc: epoch 43/100, validation accuracy=0.8800, loss=0.3913

gcsc: epoch 44:   0%|          | 0/352 [00:00<?, ?it/s]
gcsc: epoch 44:  26%|██▋       | 93/352 [00:15<00:42,  6.14it/s]
gcsc: epoch 44:  54%|█████▍    | 191/352 [00:30<00:25,  6.36it/s]
gcsc: epoch 44:  54%|█████▍    | 191/352 [00:42<00:25,  6.36it/s]
gcsc: epoch 44:  86%|████████▌ | 303/352 [00:45<00:07,  6.85it/s]
                                                                 
gcsc: epoch 44/100, validation accuracy=0.8790, loss=0.3794

gcsc: epoch 45:   0%|          | 0/352 [00:00<?, ?it/s]
gcsc: epoch 45:  29%|██▉       | 103/352 [00:15<00:36,  6.77it/s]
gcsc: epoch 45:  29%|██▉       | 103/352 [00:28<00:36,  6.77it/s]
gcsc: epoch 45:  60%|█████▉    | 211/352 [00:30<00:20,  7.00it/s]
gcsc: epoch 45:  93%|█████████▎| 326/352 [00:45<00:03,  7.28it/s]
                                                                 
gcsc: epoch 45/100, validation accuracy=0.8926, loss=0.3780

gcsc: epoch 46:   0%|          | 0/352 [00:00<?, ?it/s]
gcsc: epoch 46:  28%|██▊       | 98/352 [00:15<00:39,  6.47it/s]
gcsc: epoch 46:  28%|██▊       | 98/352 [00:27<00:39,  6.47it/s]
gcsc: epoch 46:  56%|█████▌    | 196/352 [00:30<00:24,  6.50it/s]
gcsc: epoch 46:  88%|████████▊ | 309/352 [00:45<00:06,  6.92it/s]
                                                                 
gcsc: epoch 46/100, validation accuracy=0.8704, loss=0.3705

gcsc: epoch 47:   0%|          | 0/352 [00:00<?, ?it/s]
gcsc: epoch 47:  28%|██▊       | 98/352 [00:15<00:39,  6.51it/s]
gcsc: epoch 47:  60%|█████▉    | 210/352 [00:30<00:20,  7.05it/s]
gcsc: epoch 47:  60%|█████▉    | 210/352 [00:44<00:20,  7.05it/s]
gcsc: epoch 47:  92%|█████████▏| 324/352 [00:45<00:03,  7.30it/s]
                                                                 
gcsc: epoch 47/100, validation accuracy=0.8800, loss=0.3593

gcsc: epoch 48:   0%|          | 0/352 [00:00<?, ?it/s]
gcsc: epoch 48:  29%|██▉       | 103/352 [00:15<00:36,  6.79it/s]
gcsc: epoch 48:  58%|█████▊    | 205/352 [00:30<00:21,  6.77it/s]
gcsc: epoch 48:  58%|█████▊    | 205/352 [00:43<00:21,  6.77it/s]
gcsc: epoch 48:  90%|█████████ | 318/352 [00:45<00:04,  7.10it/s]
                                                                 
gcsc: epoch 48/100, validation accuracy=0.8480, loss=0.3557

gcsc: epoch 49:   0%|          | 0/352 [00:00<?, ?it/s]
gcsc: epoch 49:  29%|██▊       | 101/352 [00:15<00:37,  6.68it/s]
gcsc: epoch 49:  60%|█████▉    | 211/352 [00:30<00:19,  7.06it/s]
gcsc: epoch 49:  60%|█████▉    | 211/352 [00:42<00:19,  7.06it/s]
gcsc: epoch 49:  93%|█████████▎| 327/352 [00:45<00:03,  7.36it/s]
                                                                 
gcsc: epoch 49/100, validation accuracy=0.8804, loss=0.3534

gcsc: epoch 50:   0%|          | 0/352 [00:00<?, ?it/s]
gcsc: epoch 50:  28%|██▊       | 100/352 [00:15<00:38,  6.61it/s]
gcsc: epoch 50:  59%|█████▉    | 207/352 [00:30<00:21,  6.90it/s]
gcsc: epoch 50:  59%|█████▉    | 207/352 [00:42<00:21,  6.90it/s]
gcsc: epoch 50:  91%|█████████ | 320/352 [00:45<00:04,  7.18it/s]
                                                                 
gcsc: epoch 50/100, validation accuracy=0.8742, loss=0.3446

gcsc: epoch 51:   0%|          | 0/352 [00:00<?, ?it/s]
gcsc: epoch 51:  28%|██▊       | 97/352 [00:15<00:39,  6.46it/s]
gcsc: epoch 51:  60%|█████▉    | 211/352 [00:30<00:19,  7.12it/s]
gcsc: epoch 51:  60%|█████▉    | 211/352 [00:41<00:19,  7.12it/s]
gcsc: epoch 51:  92%|█████████▏| 324/352 [00:45<00:03,  7.28it/s]
                                                                 
gcsc: epoch 51/100, validation accuracy=0.8814, loss=0.3434

gcsc: epoch 52:   0%|          | 0/352 [00:00<?, ?it/s]
gcsc: epoch 52:  28%|██▊       | 98/352 [00:15<00:39,  6.45it/s]
gcsc: epoch 52:  59%|█████▉    | 208/352 [00:30<00:20,  6.92it/s]
gcsc: epoch 52:  59%|█████▉    | 208/352 [00:40<00:20,  6.92it/s]
gcsc: epoch 52:  92%|█████████▏| 323/352 [00:45<00:04,  7.21it/s]
                                                                 
gcsc: epoch 52/100, validation accuracy=0.9034, loss=0.3305

gcsc: epoch 53:   0%|          | 0/352 [00:00<?, ?it/s]
gcsc: epoch 53:  30%|██▉       | 104/352 [00:15<00:36,  6.87it/s]
gcsc: epoch 53:  30%|██▉       | 104/352 [00:29<00:36,  6.87it/s]
gcsc: epoch 53:  59%|█████▊    | 206/352 [00:30<00:21,  6.80it/s]
gcsc: epoch 53:  91%|█████████ | 320/352 [00:45<00:04,  7.14it/s]
                                                                 
gcsc: epoch 53/100, validation accuracy=0.9030, loss=0.3285

gcsc: epoch 54:   0%|          | 0/352 [00:00<?, ?it/s]
gcsc: epoch 54:  27%|██▋       | 96/352 [00:15<00:40,  6.35it/s]
gcsc: epoch 54:  27%|██▋       | 96/352 [00:27<00:40,  6.35it/s]
gcsc: epoch 54:  59%|█████▉    | 208/352 [00:30<00:20,  6.99it/s]
gcsc: epoch 54:  91%|█████████ | 321/352 [00:45<00:04,  7.21it/s]
                                                                 
gcsc: epoch 54/100, validation accuracy=0.8676, loss=0.3122

gcsc: epoch 55:   0%|          | 0/352 [00:00<?, ?it/s]
gcsc: epoch 55:  28%|██▊       | 99/352 [00:15<00:38,  6.56it/s]
gcsc: epoch 55:  28%|██▊       | 99/352 [00:26<00:38,  6.56it/s]
gcsc: epoch 55:  60%|█████▉    | 211/352 [00:30<00:19,  7.08it/s]
gcsc: epoch 55:  92%|█████████▏| 325/352 [00:45<00:03,  7.29it/s]
                                                                 
gcsc: epoch 55/100, validation accuracy=0.8974, loss=0.3099

gcsc: epoch 56:   0%|          | 0/352 [00:00<?, ?it/s]
gcsc: epoch 56:  26%|██▌       | 92/352 [00:15<00:42,  6.10it/s]
gcsc: epoch 56:  26%|██▌       | 92/352 [00:25<00:42,  6.10it/s]
gcsc: epoch 56:  57%|█████▋    | 200/352 [00:30<00:22,  6.73it/s]
gcsc: epoch 56:  89%|████████▉ | 314/352 [00:45<00:05,  7.11it/s]
                                                                 
gcsc: epoch 56/100, validation accuracy=0.8868, loss=0.3026

gcsc: epoch 57:   0%|          | 0/352 [00:00<?, ?it/s]
gcsc: epoch 57:  29%|██▉       | 103/352 [00:15<00:36,  6.83it/s]
gcsc: epoch 57:  59%|█████▉    | 209/352 [00:30<00:20,  6.95it/s]
gcsc: epoch 57:  59%|█████▉    | 209/352 [00:43<00:20,  6.95it/s]
gcsc: epoch 57:  92%|█████████▏| 324/352 [00:45<00:03,  7.26it/s]
                                                                 
gcsc: epoch 57/100, validation accuracy=0.9008, loss=0.2960

gcsc: epoch 58:   0%|          | 0/352 [00:00<?, ?it/s]
gcsc: epoch 58:  29%|██▊       | 101/352 [00:15<00:38,  6.57it/s]
gcsc: epoch 58:  59%|█████▉    | 207/352 [00:30<00:21,  6.85it/s]
gcsc: epoch 58:  59%|█████▉    | 207/352 [00:43<00:21,  6.85it/s]
gcsc: epoch 58:  91%|█████████ | 320/352 [00:45<00:04,  7.13it/s]
                                                                 
gcsc: epoch 58/100, validation accuracy=0.9006, loss=0.2877

gcsc: epoch 59:   0%|          | 0/352 [00:00<?, ?it/s]
gcsc: epoch 59:  28%|██▊       | 99/352 [00:15<00:38,  6.56it/s]
gcsc: epoch 59:  59%|█████▉    | 208/352 [00:30<00:20,  6.96it/s]
gcsc: epoch 59:  59%|█████▉    | 208/352 [00:41<00:20,  6.96it/s]
gcsc: epoch 59:  92%|█████████▏| 323/352 [00:45<00:03,  7.28it/s]
                                                                 
gcsc: epoch 59/100, validation accuracy=0.9022, loss=0.2815

gcsc: epoch 60:   0%|          | 0/352 [00:00<?, ?it/s]
gcsc: epoch 60:  28%|██▊       | 98/352 [00:15<00:39,  6.47it/s]
gcsc: epoch 60:  59%|█████▊    | 206/352 [00:30<00:21,  6.84it/s]
gcsc: epoch 60:  59%|█████▊    | 206/352 [00:40<00:21,  6.84it/s]
gcsc: epoch 60:  91%|█████████ | 319/352 [00:45<00:04,  7.14it/s]
                                                                 
gcsc: epoch 60/100, validation accuracy=0.8994, loss=0.2775

gcsc: epoch 61:   0%|          | 0/352 [00:00<?, ?it/s]
gcsc: epoch 61:  28%|██▊       | 97/352 [00:15<00:39,  6.46it/s]
gcsc: epoch 61:  28%|██▊       | 97/352 [00:29<00:39,  6.46it/s]
gcsc: epoch 61:  60%|█████▉    | 210/352 [00:30<00:20,  7.06it/s]
gcsc: epoch 61:  93%|█████████▎| 326/352 [00:45<00:03,  7.34it/s]
                                                                 
gcsc: epoch 61/100, validation accuracy=0.9030, loss=0.2642

gcsc: epoch 62:   0%|          | 0/352 [00:00<?, ?it/s]
gcsc: epoch 62:  30%|██▉       | 105/352 [00:15<00:35,  6.96it/s]
gcsc: epoch 62:  30%|██▉       | 105/352 [00:28<00:35,  6.96it/s]
gcsc: epoch 62:  59%|█████▉    | 207/352 [00:30<00:21,  6.83it/s]
gcsc: epoch 62:  91%|█████████ | 319/352 [00:45<00:04,  7.11it/s]
                                                                 
gcsc: epoch 62/100, validation accuracy=0.8948, loss=0.2568

gcsc: epoch 63:   0%|          | 0/352 [00:00<?, ?it/s]
gcsc: epoch 63:  29%|██▉       | 103/352 [00:15<00:36,  6.87it/s]
gcsc: epoch 63:  29%|██▉       | 103/352 [00:27<00:36,  6.87it/s]
gcsc: epoch 63:  60%|█████▉    | 211/352 [00:30<00:19,  7.05it/s]
gcsc: epoch 63:  93%|█████████▎| 328/352 [00:45<00:03,  7.37it/s]
                                                                 
gcsc: epoch 63/100, validation accuracy=0.9126, loss=0.2601

gcsc: epoch 64:   0%|          | 0/352 [00:00<?, ?it/s]
gcsc: epoch 64:  29%|██▊       | 101/352 [00:15<00:37,  6.70it/s]
gcsc: epoch 64:  29%|██▊       | 101/352 [00:27<00:37,  6.70it/s]
gcsc: epoch 64:  57%|█████▋    | 202/352 [00:30<00:22,  6.70it/s]
gcsc: epoch 64:  89%|████████▉ | 313/352 [00:45<00:05,  6.99it/s]
                                                                 
gcsc: epoch 64/100, validation accuracy=0.9070, loss=0.2520

gcsc: epoch 65:   0%|          | 0/352 [00:00<?, ?it/s]
gcsc: epoch 65:  28%|██▊       | 99/352 [00:15<00:38,  6.59it/s]
gcsc: epoch 65:  28%|██▊       | 99/352 [00:25<00:38,  6.59it/s]
gcsc: epoch 65:  60%|██████    | 212/352 [00:30<00:19,  7.14it/s]
gcsc: epoch 65:  93%|█████████▎| 328/352 [00:45<00:03,  7.39it/s]
                                                                 
gcsc: epoch 65/100, validation accuracy=0.8934, loss=0.2395

gcsc: epoch 66:   0%|          | 0/352 [00:00<?, ?it/s]
gcsc: epoch 66:  28%|██▊       | 98/352 [00:15<00:39,  6.50it/s]
gcsc: epoch 66:  60%|█████▉    | 211/352 [00:30<00:19,  7.08it/s]
gcsc: epoch 66:  60%|█████▉    | 211/352 [00:44<00:19,  7.08it/s]
gcsc: epoch 66:  91%|█████████▏| 322/352 [00:45<00:04,  7.20it/s]
                                                                 
gcsc: epoch 66/100, validation accuracy=0.9254, loss=0.2271

gcsc: epoch 67:   0%|          | 0/352 [00:00<?, ?it/s]
gcsc: epoch 67:  28%|██▊       | 98/352 [00:15<00:39,  6.50it/s]
gcsc: epoch 67:  56%|█████▌    | 196/352 [00:30<00:24,  6.49it/s]
gcsc: epoch 67:  56%|█████▌    | 196/352 [00:44<00:24,  6.49it/s]
gcsc: epoch 67:  87%|████████▋ | 306/352 [00:45<00:06,  6.87it/s]
                                                                 
gcsc: epoch 67/100, validation accuracy=0.9200, loss=0.2240

gcsc: epoch 68:   0%|          | 0/352 [00:00<?, ?it/s]
gcsc: epoch 68:  27%|██▋       | 95/352 [00:15<00:40,  6.33it/s]
gcsc: epoch 68:  27%|██▋       | 95/352 [00:29<00:40,  6.33it/s]
gcsc: epoch 68:  58%|█████▊    | 203/352 [00:30<00:21,  6.82it/s]
gcsc: epoch 68:  90%|████████▉ | 316/352 [00:45<00:05,  7.12it/s]
                                                                 
gcsc: epoch 68/100, validation accuracy=0.9142, loss=0.2122

gcsc: epoch 69:   0%|          | 0/352 [00:00<?, ?it/s]
gcsc: epoch 69:  29%|██▊       | 101/352 [00:15<00:37,  6.73it/s]
gcsc: epoch 69:  29%|██▊       | 101/352 [00:28<00:37,  6.73it/s]
gcsc: epoch 69:  59%|█████▊    | 206/352 [00:30<00:21,  6.87it/s]
gcsc: epoch 69:  90%|█████████ | 318/352 [00:45<00:04,  7.13it/s]
                                                                 
gcsc: epoch 69/100, validation accuracy=0.9222, loss=0.2079

gcsc: epoch 70:   0%|          | 0/352 [00:00<?, ?it/s]
gcsc: epoch 70:  28%|██▊       | 100/352 [00:15<00:38,  6.62it/s]
gcsc: epoch 70:  28%|██▊       | 100/352 [00:26<00:38,  6.62it/s]
gcsc: epoch 70:  60%|█████▉    | 211/352 [00:30<00:19,  7.08it/s]
gcsc: epoch 70:  93%|█████████▎| 328/352 [00:45<00:03,  7.39it/s]
                                                                 
gcsc: epoch 70/100, validation accuracy=0.9168, loss=0.1983

gcsc: epoch 71:   0%|          | 0/352 [00:00<?, ?it/s]
gcsc: epoch 71:  29%|██▊       | 101/352 [00:15<00:38,  6.60it/s]
gcsc: epoch 71:  29%|██▊       | 101/352 [00:26<00:38,  6.60it/s]
gcsc: epoch 71:  60%|█████▉    | 211/352 [00:30<00:20,  7.02it/s]
gcsc: epoch 71:  92%|█████████▏| 325/352 [00:45<00:03,  7.26it/s]
                                                                 
gcsc: epoch 71/100, validation accuracy=0.9194, loss=0.1864

gcsc: epoch 72:   0%|          | 0/352 [00:00<?, ?it/s]
gcsc: epoch 72:  28%|██▊       | 99/352 [00:15<00:38,  6.58it/s]
gcsc: epoch 72:  28%|██▊       | 99/352 [00:26<00:38,  6.58it/s]
gcsc: epoch 72:  60%|█████▉    | 211/352 [00:30<00:19,  7.10it/s]
gcsc: epoch 72:  93%|█████████▎| 327/352 [00:45<00:03,  7.36it/s]
                                                                 
gcsc: epoch 72/100, validation accuracy=0.9268, loss=0.1767

gcsc: epoch 73:   0%|          | 0/352 [00:00<?, ?it/s]
gcsc: epoch 73:  28%|██▊       | 99/352 [00:15<00:38,  6.60it/s]
gcsc: epoch 73:  28%|██▊       | 99/352 [00:26<00:38,  6.60it/s]
gcsc: epoch 73:  58%|█████▊    | 205/352 [00:30<00:21,  6.85it/s]
gcsc: epoch 73:  91%|█████████ | 319/352 [00:45<00:04,  7.18it/s]
                                                                 
gcsc: epoch 73/100, validation accuracy=0.9276, loss=0.1694

gcsc: epoch 74:   0%|          | 0/352 [00:00<?, ?it/s]
gcsc: epoch 74:  28%|██▊       | 98/352 [00:15<00:39,  6.50it/s]
gcsc: epoch 74:  59%|█████▉    | 207/352 [00:30<00:20,  6.93it/s]
gcsc: epoch 74:  59%|█████▉    | 207/352 [00:44<00:20,  6.93it/s]
gcsc: epoch 74:  91%|█████████▏| 322/352 [00:45<00:04,  7.25it/s]
                                                                 
gcsc: epoch 74/100, validation accuracy=0.9254, loss=0.1634

gcsc: epoch 75:   0%|          | 0/352 [00:00<?, ?it/s]
gcsc: epoch 75:  29%|██▉       | 102/352 [00:15<00:36,  6.79it/s]
gcsc: epoch 75:  59%|█████▉    | 207/352 [00:30<00:21,  6.89it/s]
gcsc: epoch 75:  59%|█████▉    | 207/352 [00:43<00:21,  6.89it/s]
gcsc: epoch 75:  90%|█████████ | 318/352 [00:45<00:04,  7.11it/s]
                                                                 
gcsc: epoch 75/100, validation accuracy=0.9296, loss=0.1556

gcsc: epoch 76:   0%|          | 0/352 [00:00<?, ?it/s]
gcsc: epoch 76:  29%|██▉       | 102/352 [00:15<00:36,  6.77it/s]
gcsc: epoch 76:  58%|█████▊    | 205/352 [00:30<00:21,  6.82it/s]
gcsc: epoch 76:  58%|█████▊    | 205/352 [00:42<00:21,  6.82it/s]
gcsc: epoch 76:  91%|█████████ | 321/352 [00:45<00:04,  7.22it/s]
                                                                 
gcsc: epoch 76/100, validation accuracy=0.9346, loss=0.1428

gcsc: epoch 77:   0%|          | 0/352 [00:00<?, ?it/s]
gcsc: epoch 77:  30%|██▉       | 105/352 [00:15<00:35,  7.00it/s]
gcsc: epoch 77:  30%|██▉       | 105/352 [00:30<00:35,  7.00it/s]
gcsc: epoch 77:  59%|█████▉    | 208/352 [00:30<00:21,  6.75it/s]
gcsc: epoch 77:  92%|█████████▏| 325/352 [00:45<00:03,  7.22it/s]
                                                                 
gcsc: epoch 77/100, validation accuracy=0.9322, loss=0.1347

gcsc: epoch 78:   0%|          | 0/352 [00:00<?, ?it/s]
gcsc: epoch 78:  28%|██▊       | 99/352 [00:15<00:38,  6.59it/s]
gcsc: epoch 78:  61%|██████    | 215/352 [00:30<00:18,  7.24it/s]
gcsc: epoch 78:  61%|██████    | 215/352 [00:40<00:18,  7.24it/s]
gcsc: epoch 78:  94%|█████████▍| 331/352 [00:45<00:02,  7.45it/s]
                                                                 
gcsc: epoch 78/100, validation accuracy=0.9334, loss=0.1312

gcsc: epoch 79:   0%|          | 0/352 [00:00<?, ?it/s]
gcsc: epoch 79:  28%|██▊       | 98/352 [00:15<00:39,  6.43it/s]
gcsc: epoch 79:  28%|██▊       | 98/352 [00:30<00:39,  6.43it/s]
gcsc: epoch 79:  60%|█████▉    | 211/352 [00:30<00:19,  7.05it/s]
gcsc: epoch 79:  92%|█████████▏| 324/352 [00:45<00:03,  7.27it/s]
                                                                 
gcsc: epoch 79/100, validation accuracy=0.9410, loss=0.1224

gcsc: epoch 80:   0%|          | 0/352 [00:00<?, ?it/s]
gcsc: epoch 80:  28%|██▊       | 98/352 [00:15<00:38,  6.52it/s]
gcsc: epoch 80:  28%|██▊       | 98/352 [00:29<00:38,  6.52it/s]
gcsc: epoch 80:  58%|█████▊    | 205/352 [00:30<00:21,  6.88it/s]
gcsc: epoch 80:  91%|█████████▏| 322/352 [00:45<00:04,  7.27it/s]
                                                                 
gcsc: epoch 80/100, validation accuracy=0.9418, loss=0.1086

gcsc: epoch 81:   0%|          | 0/352 [00:00<?, ?it/s]
gcsc: epoch 81:  28%|██▊       | 99/352 [00:15<00:38,  6.49it/s]
gcsc: epoch 81:  28%|██▊       | 99/352 [00:28<00:38,  6.49it/s]
gcsc: epoch 81:  59%|█████▉    | 207/352 [00:30<00:21,  6.89it/s]
gcsc: epoch 81:  92%|█████████▏| 323/352 [00:45<00:03,  7.27it/s]
                                                                 
gcsc: epoch 81/100, validation accuracy=0.9424, loss=0.1026

gcsc: epoch 82:   0%|          | 0/352 [00:00<?, ?it/s]
gcsc: epoch 82:  30%|██▉       | 104/352 [00:15<00:36,  6.88it/s]
gcsc: epoch 82:  30%|██▉       | 104/352 [00:28<00:36,  6.88it/s]
gcsc: epoch 82:  58%|█████▊    | 205/352 [00:30<00:21,  6.76it/s]
gcsc: epoch 82:  91%|█████████▏| 322/352 [00:45<00:04,  7.23it/s]
                                                                 
gcsc: epoch 82/100, validation accuracy=0.9412, loss=0.0953

gcsc: epoch 83:   0%|          | 0/352 [00:00<?, ?it/s]
gcsc: epoch 83:  30%|██▉       | 104/352 [00:15<00:36,  6.86it/s]
gcsc: epoch 83:  30%|██▉       | 104/352 [00:26<00:36,  6.86it/s]
gcsc: epoch 83:  61%|██████▏   | 216/352 [00:30<00:18,  7.20it/s]
gcsc: epoch 83:  94%|█████████▍| 332/352 [00:45<00:02,  7.42it/s]
                                                                 
gcsc: epoch 83/100, validation accuracy=0.9432, loss=0.0908

gcsc: epoch 84:   0%|          | 0/352 [00:00<?, ?it/s]
gcsc: epoch 84:  29%|██▉       | 103/352 [00:15<00:36,  6.81it/s]
gcsc: epoch 84:  29%|██▉       | 103/352 [00:26<00:36,  6.81it/s]
gcsc: epoch 84:  59%|█████▉    | 207/352 [00:30<00:21,  6.88it/s]
gcsc: epoch 84:  91%|█████████▏| 322/352 [00:45<00:04,  7.23it/s]
                                                                 
gcsc: epoch 84/100, validation accuracy=0.9460, loss=0.0812

gcsc: epoch 85:   0%|          | 0/352 [00:00<?, ?it/s]
gcsc: epoch 85:  29%|██▉       | 103/352 [00:15<00:36,  6.81it/s]
gcsc: epoch 85:  29%|██▉       | 103/352 [00:25<00:36,  6.81it/s]
gcsc: epoch 85:  59%|█████▉    | 207/352 [00:30<00:21,  6.88it/s]
gcsc: epoch 85:  92%|█████████▏| 323/352 [00:45<00:03,  7.27it/s]
                                                                 
gcsc: epoch 85/100, validation accuracy=0.9496, loss=0.0745

gcsc: epoch 86:   0%|          | 0/352 [00:00<?, ?it/s]
gcsc: epoch 86:  27%|██▋       | 96/352 [00:15<00:40,  6.40it/s]
gcsc: epoch 86:  27%|██▋       | 96/352 [00:25<00:40,  6.40it/s]
gcsc: epoch 86:  59%|█████▊    | 206/352 [00:30<00:21,  6.92it/s]
gcsc: epoch 86:  59%|█████▊    | 206/352 [00:45<00:21,  6.92it/s]
gcsc: epoch 86:  92%|█████████▏| 323/352 [00:45<00:03,  7.30it/s]
                                                                 
gcsc: epoch 86/100, validation accuracy=0.9466, loss=0.0707

gcsc: epoch 87:   0%|          | 0/352 [00:00<?, ?it/s]
gcsc: epoch 87:  30%|███       | 106/352 [00:15<00:34,  7.06it/s]
gcsc: epoch 87:  61%|██████▏   | 216/352 [00:30<00:18,  7.19it/s]
gcsc: epoch 87:  61%|██████▏   | 216/352 [00:43<00:18,  7.19it/s]
gcsc: epoch 87:  94%|█████████▍| 331/352 [00:45<00:02,  7.39it/s]
                                                                 
gcsc: epoch 87/100, validation accuracy=0.9480, loss=0.0628

gcsc: epoch 88:   0%|          | 0/352 [00:00<?, ?it/s]
gcsc: epoch 88:  29%|██▊       | 101/352 [00:15<00:37,  6.71it/s]
gcsc: epoch 88:  61%|██████    | 215/352 [00:30<00:18,  7.23it/s]
gcsc: epoch 88:  61%|██████    | 215/352 [00:44<00:18,  7.23it/s]
gcsc: epoch 88:  94%|█████████▍| 331/352 [00:45<00:02,  7.45it/s]
                                                                 
gcsc: epoch 88/100, validation accuracy=0.9506, loss=0.0586

gcsc: epoch 89:   0%|          | 0/352 [00:00<?, ?it/s]
gcsc: epoch 89:  29%|██▉       | 102/352 [00:15<00:37,  6.75it/s]
gcsc: epoch 89:  59%|█████▉    | 207/352 [00:30<00:21,  6.88it/s]
gcsc: epoch 89:  59%|█████▉    | 207/352 [00:43<00:21,  6.88it/s]
gcsc: epoch 89:  92%|█████████▏| 324/352 [00:45<00:03,  7.27it/s]
                                                                 
gcsc: epoch 89/100, validation accuracy=0.9522, loss=0.0522

gcsc: epoch 90:   0%|          | 0/352 [00:00<?, ?it/s]
gcsc: epoch 90:  30%|███       | 107/352 [00:15<00:34,  7.12it/s]
gcsc: epoch 90:  61%|██████    | 214/352 [00:30<00:20,  6.90it/s]
gcsc: epoch 90:  61%|██████    | 214/352 [00:43<00:20,  6.90it/s]
gcsc: epoch 90:  94%|█████████▍| 331/352 [00:45<00:02,  7.29it/s]
                                                                 
gcsc: epoch 90/100, validation accuracy=0.9536, loss=0.0503

gcsc: epoch 91:   0%|          | 0/352 [00:00<?, ?it/s]
gcsc: epoch 91:  30%|██▉       | 105/352 [00:15<00:35,  7.00it/s]
gcsc: epoch 91:  60%|█████▉    | 210/352 [00:30<00:20,  6.90it/s]
gcsc: epoch 91:  60%|█████▉    | 210/352 [00:41<00:20,  6.90it/s]
gcsc: epoch 91:  93%|█████████▎| 326/352 [00:45<00:03,  7.28it/s]
                                                                 
gcsc: epoch 91/100, validation accuracy=0.9552, loss=0.0462

gcsc: epoch 92:   0%|          | 0/352 [00:00<?, ?it/s]
gcsc: epoch 92:  30%|██▉       | 104/352 [00:15<00:36,  6.88it/s]
gcsc: epoch 92:  59%|█████▉    | 208/352 [00:30<00:21,  6.86it/s]
gcsc: epoch 92:  59%|█████▉    | 208/352 [00:41<00:21,  6.86it/s]
gcsc: epoch 92:  92%|█████████▏| 324/352 [00:45<00:03,  7.24it/s]
                                                                 
gcsc: epoch 92/100, validation accuracy=0.9548, loss=0.0435

gcsc: epoch 93:   0%|          | 0/352 [00:00<?, ?it/s]
gcsc: epoch 93:  29%|██▉       | 102/352 [00:15<00:36,  6.78it/s]
gcsc: epoch 93:  29%|██▉       | 102/352 [00:30<00:36,  6.78it/s]
gcsc: epoch 93:  60%|██████    | 212/352 [00:30<00:19,  7.08it/s]
gcsc: epoch 93:  60%|██████    | 212/352 [00:40<00:19,  7.08it/s]
gcsc: epoch 93:  93%|█████████▎| 329/352 [00:45<00:03,  7.39it/s]
                                                                 
gcsc: epoch 93/100, validation accuracy=0.9552, loss=0.0420

gcsc: epoch 94:   0%|          | 0/352 [00:00<?, ?it/s]
gcsc: epoch 94:  28%|██▊       | 99/352 [00:15<00:38,  6.58it/s]
gcsc: epoch 94:  61%|██████    | 214/352 [00:30<00:19,  7.20it/s]
gcsc: epoch 94:  61%|██████    | 214/352 [00:40<00:19,  7.20it/s]
gcsc: epoch 94:  94%|█████████▍| 331/352 [00:45<00:02,  7.45it/s]
                                                                 
gcsc: epoch 94/100, validation accuracy=0.9566, loss=0.0398

gcsc: epoch 95:   0%|          | 0/352 [00:00<?, ?it/s]
gcsc: epoch 95:  29%|██▉       | 102/352 [00:15<00:36,  6.77it/s]
gcsc: epoch 95:  29%|██▉       | 102/352 [00:29<00:36,  6.77it/s]
gcsc: epoch 95:  60%|█████▉    | 210/352 [00:30<00:20,  7.01it/s]
gcsc: epoch 95:  93%|█████████▎| 328/352 [00:45<00:03,  7.40it/s]
                                                                 
gcsc: epoch 95/100, validation accuracy=0.9566, loss=0.0355

gcsc: epoch 96:   0%|          | 0/352 [00:00<?, ?it/s]
gcsc: epoch 96:  30%|██▉       | 104/352 [00:15<00:35,  6.91it/s]
gcsc: epoch 96:  62%|██████▏   | 219/352 [00:30<00:18,  7.32it/s]
gcsc: epoch 96:  62%|██████▏   | 219/352 [00:40<00:18,  7.32it/s]
gcsc: epoch 96:  95%|█████████▌| 336/352 [00:45<00:02,  7.51it/s]
                                                                 
gcsc: epoch 96/100, validation accuracy=0.9570, loss=0.0329

gcsc: epoch 97:   0%|          | 0/352 [00:00<?, ?it/s]
gcsc: epoch 97:  29%|██▉       | 102/352 [00:15<00:36,  6.77it/s]
gcsc: epoch 97:  59%|█████▉    | 207/352 [00:30<00:21,  6.88it/s]
gcsc: epoch 97:  59%|█████▉    | 207/352 [00:40<00:21,  6.88it/s]
gcsc: epoch 97:  92%|█████████▏| 323/352 [00:45<00:04,  7.24it/s]
                                                                 
gcsc: epoch 97/100, validation accuracy=0.9578, loss=0.0321

gcsc: epoch 98:   0%|          | 0/352 [00:00<?, ?it/s]
gcsc: epoch 98:  28%|██▊       | 99/352 [00:15<00:38,  6.59it/s]
gcsc: epoch 98:  28%|██▊       | 99/352 [00:29<00:38,  6.59it/s]
gcsc: epoch 98:  59%|█████▉    | 208/352 [00:30<00:20,  6.96it/s]
gcsc: epoch 98:  92%|█████████▏| 325/352 [00:45<00:03,  7.33it/s]
                                                                 
gcsc: epoch 98/100, validation accuracy=0.9582, loss=0.0344

gcsc: epoch 99:   0%|          | 0/352 [00:00<?, ?it/s]
gcsc: epoch 99:  30%|███       | 107/352 [00:15<00:34,  7.13it/s]
gcsc: epoch 99:  30%|███       | 107/352 [00:28<00:34,  7.13it/s]
gcsc: epoch 99:  59%|█████▉    | 209/352 [00:30<00:20,  6.93it/s]
gcsc: epoch 99:  93%|█████████▎| 326/352 [00:45<00:03,  7.32it/s]
                                                                 
gcsc: epoch 99/100, validation accuracy=0.9576, loss=0.0338

gcsc: epoch 100:   0%|          | 0/352 [00:00<?, ?it/s]
gcsc: epoch 100:  28%|██▊       | 99/352 [00:15<00:38,  6.58it/s]
gcsc: epoch 100:  28%|██▊       | 99/352 [00:28<00:38,  6.58it/s]
gcsc: epoch 100:  61%|██████▏   | 216/352 [00:30<00:18,  7.27it/s]
gcsc: epoch 100:  95%|█████████▍| 333/352 [00:45<00:02,  7.47it/s]
                                                                  
gcsc: epoch 100/100, validation accuracy=0.9570, loss=0.0328

proser: epoch 1:   0%|          | 0/352 [00:00<?, ?it/s]
proser: epoch 1:  30%|███       | 106/352 [00:15<00:34,  7.04it/s]
proser: epoch 1:  30%|███       | 106/352 [00:27<00:34,  7.04it/s]
proser: epoch 1:  65%|██████▍   | 228/352 [00:30<00:16,  7.67it/s]
proser: epoch 1:  99%|█████████▉| 350/352 [00:45<00:00,  7.87it/s]
                                                                  
proser: epoch 1/50, validation accuracy=0.9456, loss=0.5750

proser: epoch 2:   0%|          | 0/352 [00:00<?, ?it/s]
proser: epoch 2:  33%|███▎      | 116/352 [00:15<00:30,  7.68it/s]
proser: epoch 2:  68%|██████▊   | 238/352 [00:30<00:14,  7.91it/s]
proser: epoch 2:  68%|██████▊   | 238/352 [00:40<00:14,  7.91it/s]
                                                                  
proser: epoch 2/50, validation accuracy=0.9442, loss=0.3395

proser: epoch 3:   0%|          | 0/352 [00:00<?, ?it/s]
proser: epoch 3:  32%|███▏      | 114/352 [00:15<00:31,  7.59it/s]
proser: epoch 3:  67%|██████▋   | 235/352 [00:30<00:14,  7.84it/s]
proser: epoch 3:  67%|██████▋   | 235/352 [00:44<00:14,  7.84it/s]
                                                                  
proser: epoch 3/50, validation accuracy=0.9466, loss=0.3234

proser: epoch 4:   0%|          | 0/352 [00:00<?, ?it/s]
proser: epoch 4:  32%|███▏      | 113/352 [00:15<00:31,  7.53it/s]
proser: epoch 4:  32%|███▏      | 113/352 [00:27<00:31,  7.53it/s]
proser: epoch 4:  65%|██████▌   | 230/352 [00:30<00:15,  7.66it/s]
                                                                  
proser: epoch 4/50, validation accuracy=0.9484, loss=0.3155

proser: epoch 5:   0%|          | 0/352 [00:00<?, ?it/s]
proser: epoch 5:  32%|███▏      | 113/352 [00:15<00:31,  7.50it/s]
proser: epoch 5:  32%|███▏      | 113/352 [00:29<00:31,  7.50it/s]
proser: epoch 5:  66%|██████▌   | 233/352 [00:30<00:15,  7.76it/s]
                                                                  
proser: epoch 5/50, validation accuracy=0.9446, loss=0.3091

proser: epoch 6:   0%|          | 0/352 [00:00<?, ?it/s]
proser: epoch 6:  32%|███▏      | 114/352 [00:15<00:31,  7.55it/s]
proser: epoch 6:  67%|██████▋   | 237/352 [00:30<00:14,  7.90it/s]
proser: epoch 6:  67%|██████▋   | 237/352 [00:43<00:14,  7.90it/s]
                                                                  
proser: epoch 6/50, validation accuracy=0.9442, loss=0.3006

proser: epoch 7:   0%|          | 0/352 [00:00<?, ?it/s]
proser: epoch 7:  34%|███▎      | 118/352 [00:15<00:29,  7.84it/s]
proser: epoch 7:  34%|███▎      | 118/352 [00:27<00:29,  7.84it/s]
proser: epoch 7:  68%|██████▊   | 238/352 [00:30<00:14,  7.92it/s]
                                                                  
proser: epoch 7/50, validation accuracy=0.9444, loss=0.2947

proser: epoch 8:   0%|          | 0/352 [00:00<?, ?it/s]
proser: epoch 8:  33%|███▎      | 116/352 [00:15<00:30,  7.70it/s]
proser: epoch 8:  67%|██████▋   | 237/352 [00:30<00:14,  7.90it/s]
proser: epoch 8:  67%|██████▋   | 237/352 [00:41<00:14,  7.90it/s]
                                                                  
proser: epoch 8/50, validation accuracy=0.9404, loss=0.2545

proser: epoch 9:   0%|          | 0/352 [00:00<?, ?it/s]
proser: epoch 9:  32%|███▏      | 111/352 [00:15<00:32,  7.39it/s]
proser: epoch 9:  32%|███▏      | 111/352 [00:25<00:32,  7.39it/s]
proser: epoch 9:  66%|██████▌   | 233/352 [00:30<00:15,  7.82it/s]
                                                                  
proser: epoch 9/50, validation accuracy=0.9304, loss=0.1702

proser: epoch 10:   0%|          | 0/352 [00:00<?, ?it/s]
proser: epoch 10:  32%|███▏      | 114/352 [00:15<00:31,  7.56it/s]
proser: epoch 10:  32%|███▏      | 114/352 [00:28<00:31,  7.56it/s]
proser: epoch 10:  67%|██████▋   | 236/352 [00:30<00:14,  7.88it/s]
                                                                   
proser: epoch 10/50, validation accuracy=0.9406, loss=0.1173

proser: epoch 11:   0%|          | 0/352 [00:00<?, ?it/s]
proser: epoch 11:  34%|███▎      | 118/352 [00:15<00:29,  7.84it/s]
proser: epoch 11:  68%|██████▊   | 239/352 [00:30<00:14,  7.96it/s]
proser: epoch 11:  68%|██████▊   | 239/352 [00:42<00:14,  7.96it/s]
                                                                   
proser: epoch 11/50, validation accuracy=0.9324, loss=0.0972

proser: epoch 12:   0%|          | 0/352 [00:00<?, ?it/s]
proser: epoch 12:  34%|███▎      | 118/352 [00:15<00:29,  7.84it/s]
proser: epoch 12:  34%|███▎      | 118/352 [00:26<00:29,  7.84it/s]
proser: epoch 12:  68%|██████▊   | 239/352 [00:30<00:14,  7.95it/s]
                                                                   
proser: epoch 12/50, validation accuracy=0.9246, loss=0.0713

proser: epoch 13:   0%|          | 0/352 [00:00<?, ?it/s]
proser: epoch 13:  32%|███▏      | 113/352 [00:15<00:31,  7.49it/s]
proser: epoch 13:  67%|██████▋   | 235/352 [00:30<00:14,  7.83it/s]
proser: epoch 13:  67%|██████▋   | 235/352 [00:40<00:14,  7.83it/s]
                                                                   
proser: epoch 13/50, validation accuracy=0.9354, loss=0.0803

proser: epoch 14:   0%|          | 0/352 [00:00<?, ?it/s]
proser: epoch 14:  32%|███▏      | 114/352 [00:15<00:31,  7.55it/s]
proser: epoch 14:  67%|██████▋   | 236/352 [00:30<00:14,  7.87it/s]
proser: epoch 14:  67%|██████▋   | 236/352 [00:43<00:14,  7.87it/s]
                                                                   
proser: epoch 14/50, validation accuracy=0.9218, loss=0.1740

proser: epoch 15:   0%|          | 0/352 [00:00<?, ?it/s]
proser: epoch 15:  33%|███▎      | 116/352 [00:15<00:30,  7.72it/s]
proser: epoch 15:  33%|███▎      | 116/352 [00:27<00:30,  7.72it/s]
proser: epoch 15:  67%|██████▋   | 237/352 [00:30<00:14,  7.92it/s]
                                                                   
proser: epoch 15/50, validation accuracy=0.9206, loss=0.0600

proser: epoch 16:   0%|          | 0/352 [00:00<?, ?it/s]
proser: epoch 16:  33%|███▎      | 117/352 [00:15<00:30,  7.76it/s]
proser: epoch 16:  68%|██████▊   | 239/352 [00:30<00:14,  7.97it/s]
proser: epoch 16:  68%|██████▊   | 239/352 [00:41<00:14,  7.97it/s]
                                                                   
proser: epoch 16/50, validation accuracy=0.9270, loss=0.0624

proser: epoch 17:   0%|          | 0/352 [00:00<?, ?it/s]
proser: epoch 17:  32%|███▏      | 114/352 [00:15<00:31,  7.56it/s]
proser: epoch 17:  32%|███▏      | 114/352 [00:25<00:31,  7.56it/s]
proser: epoch 17:  67%|██████▋   | 236/352 [00:30<00:14,  7.87it/s]
                                                                   
proser: epoch 17/50, validation accuracy=0.9070, loss=0.0531

proser: epoch 18:   0%|          | 0/352 [00:00<?, ?it/s]
proser: epoch 18:  32%|███▏      | 114/352 [00:15<00:31,  7.59it/s]
proser: epoch 18:  32%|███▏      | 114/352 [00:29<00:31,  7.59it/s]
proser: epoch 18:  67%|██████▋   | 236/352 [00:30<00:14,  7.91it/s]
                                                                   
proser: epoch 18/50, validation accuracy=0.9298, loss=0.0624

proser: epoch 19:   0%|          | 0/352 [00:00<?, ?it/s]
proser: epoch 19:  32%|███▏      | 114/352 [00:15<00:31,  7.57it/s]
proser: epoch 19:  67%|██████▋   | 237/352 [00:30<00:14,  7.92it/s]
proser: epoch 19:  67%|██████▋   | 237/352 [00:43<00:14,  7.92it/s]
                                                                   
proser: epoch 19/50, validation accuracy=0.9294, loss=0.0406

proser: epoch 20:   0%|          | 0/352 [00:00<?, ?it/s]
proser: epoch 20:  34%|███▍      | 119/352 [00:15<00:29,  7.93it/s]
proser: epoch 20:  34%|███▍      | 119/352 [00:27<00:29,  7.93it/s]
proser: epoch 20:  67%|██████▋   | 236/352 [00:30<00:14,  7.85it/s]
                                                                   
proser: epoch 20/50, validation accuracy=0.9232, loss=0.0496

proser: epoch 21:   0%|          | 0/352 [00:00<?, ?it/s]
proser: epoch 21:  34%|███▍      | 119/352 [00:15<00:29,  7.93it/s]
proser: epoch 21:  68%|██████▊   | 240/352 [00:30<00:13,  8.01it/s]
proser: epoch 21:  68%|██████▊   | 240/352 [00:41<00:13,  8.01it/s]
                                                                   
proser: epoch 21/50, validation accuracy=0.9212, loss=0.0489

proser: epoch 22:   0%|          | 0/352 [00:00<?, ?it/s]
proser: epoch 22:  32%|███▏      | 111/352 [00:15<00:32,  7.37it/s]
proser: epoch 22:  32%|███▏      | 111/352 [00:25<00:32,  7.37it/s]
proser: epoch 22:  66%|██████▌   | 232/352 [00:30<00:15,  7.76it/s]
                                                                   
proser: epoch 22/50, validation accuracy=0.9410, loss=0.2897

proser: epoch 23:   0%|          | 0/352 [00:00<?, ?it/s]
proser: epoch 23:  32%|███▏      | 114/352 [00:15<00:31,  7.56it/s]
proser: epoch 23:  32%|███▏      | 114/352 [00:28<00:31,  7.56it/s]
proser: epoch 23:  67%|██████▋   | 237/352 [00:30<00:14,  7.93it/s]
                                                                   
proser: epoch 23/50, validation accuracy=0.9260, loss=0.0895

proser: epoch 24:   0%|          | 0/352 [00:00<?, ?it/s]
proser: epoch 24:  34%|███▍      | 119/352 [00:15<00:29,  7.91it/s]
proser: epoch 24:  68%|██████▊   | 241/352 [00:30<00:13,  8.01it/s]
proser: epoch 24:  68%|██████▊   | 241/352 [00:42<00:13,  8.01it/s]
                                                                   
proser: epoch 24/50, validation accuracy=0.9202, loss=0.0570

proser: epoch 25:   0%|          | 0/352 [00:00<?, ?it/s]
proser: epoch 25:  34%|███▎      | 118/352 [00:15<00:29,  7.83it/s]
proser: epoch 25:  34%|███▎      | 118/352 [00:27<00:29,  7.83it/s]
proser: epoch 25:  68%|██████▊   | 241/352 [00:30<00:13,  8.02it/s]
                                                                   
proser: epoch 25/50, validation accuracy=0.9330, loss=0.0452

proser: epoch 26:   0%|          | 0/352 [00:00<?, ?it/s]
proser: epoch 26:  33%|███▎      | 115/352 [00:15<00:31,  7.60it/s]
proser: epoch 26:  66%|██████▋   | 234/352 [00:30<00:15,  7.79it/s]
proser: epoch 26:  66%|██████▋   | 234/352 [00:42<00:15,  7.79it/s]
                                                                   
proser: epoch 26/50, validation accuracy=0.9144, loss=0.0418

proser: epoch 27:   0%|          | 0/352 [00:00<?, ?it/s]
proser: epoch 27:  33%|███▎      | 115/352 [00:15<00:31,  7.60it/s]
proser: epoch 27:  67%|██████▋   | 237/352 [00:30<00:14,  7.89it/s]
                                                                   
proser: epoch 27/50, validation accuracy=0.9246, loss=0.0350

proser: epoch 28:   0%|          | 0/352 [00:00<?, ?it/s]
proser: epoch 28:  33%|███▎      | 116/352 [00:15<00:30,  7.67it/s]
proser: epoch 28:  33%|███▎      | 116/352 [00:29<00:30,  7.67it/s]
proser: epoch 28:  68%|██████▊   | 238/352 [00:30<00:14,  7.93it/s]
                                                                   
proser: epoch 28/50, validation accuracy=0.9314, loss=0.0354

proser: epoch 29:   0%|          | 0/352 [00:00<?, ?it/s]
proser: epoch 29:  33%|███▎      | 117/352 [00:15<00:30,  7.78it/s]
proser: epoch 29:  68%|██████▊   | 241/352 [00:30<00:13,  8.04it/s]
proser: epoch 29:  68%|██████▊   | 241/352 [00:43<00:13,  8.04it/s]
                                                                   
proser: epoch 29/50, validation accuracy=0.9360, loss=0.0274

proser: epoch 30:   0%|          | 0/352 [00:00<?, ?it/s]
proser: epoch 30:  33%|███▎      | 117/352 [00:15<00:30,  7.74it/s]
proser: epoch 30:  33%|███▎      | 117/352 [00:27<00:30,  7.74it/s]
proser: epoch 30:  68%|██████▊   | 239/352 [00:30<00:14,  7.93it/s]
                                                                   
proser: epoch 30/50, validation accuracy=0.9216, loss=0.0348

proser: epoch 31:   0%|          | 0/352 [00:00<?, ?it/s]
proser: epoch 31:  32%|███▏      | 114/352 [00:15<00:31,  7.58it/s]
proser: epoch 31:  66%|██████▋   | 234/352 [00:30<00:15,  7.82it/s]
proser: epoch 31:  66%|██████▋   | 234/352 [00:41<00:15,  7.82it/s]
                                                                   
proser: epoch 31/50, validation accuracy=0.9162, loss=0.0287

proser: epoch 32:   0%|          | 0/352 [00:00<?, ?it/s]
proser: epoch 32:  33%|███▎      | 117/352 [00:15<00:30,  7.76it/s]
proser: epoch 32:  33%|███▎      | 117/352 [00:25<00:30,  7.76it/s]
proser: epoch 32:  68%|██████▊   | 239/352 [00:30<00:14,  7.97it/s]
                                                                   
proser: epoch 32/50, validation accuracy=0.9230, loss=0.0238

proser: epoch 33:   0%|          | 0/352 [00:00<?, ?it/s]
proser: epoch 33:  33%|███▎      | 116/352 [00:15<00:30,  7.73it/s]
proser: epoch 33:  33%|███▎      | 116/352 [00:29<00:30,  7.73it/s]
proser: epoch 33:  68%|██████▊   | 239/352 [00:30<00:14,  7.98it/s]
                                                                   
proser: epoch 33/50, validation accuracy=0.9182, loss=0.0309

proser: epoch 34:   0%|          | 0/352 [00:00<?, ?it/s]
proser: epoch 34:  33%|███▎      | 117/352 [00:15<00:30,  7.79it/s]
proser: epoch 34:  68%|██████▊   | 239/352 [00:30<00:14,  7.96it/s]
                                                                   
proser: epoch 34/50, validation accuracy=0.9264, loss=0.0248

proser: epoch 35:   0%|          | 0/352 [00:00<?, ?it/s]
proser: epoch 35:  33%|███▎      | 115/352 [00:15<00:31,  7.62it/s]
proser: epoch 35:  33%|███▎      | 115/352 [00:28<00:31,  7.62it/s]
proser: epoch 35:  67%|██████▋   | 237/352 [00:30<00:14,  7.91it/s]
                                                                   
proser: epoch 35/50, validation accuracy=0.9220, loss=0.0223

proser: epoch 36:   0%|          | 0/352 [00:00<?, ?it/s]
proser: epoch 36:  33%|███▎      | 116/352 [00:15<00:30,  7.72it/s]
proser: epoch 36:  68%|██████▊   | 238/352 [00:30<00:14,  7.95it/s]
proser: epoch 36:  68%|██████▊   | 238/352 [00:41<00:14,  7.95it/s]
                                                                   
proser: epoch 36/50, validation accuracy=0.9336, loss=0.0320

proser: epoch 37:   0%|          | 0/352 [00:00<?, ?it/s]
proser: epoch 37:  33%|███▎      | 117/352 [00:15<00:30,  7.78it/s]
proser: epoch 37:  33%|███▎      | 117/352 [00:26<00:30,  7.78it/s]
proser: epoch 37:  68%|██████▊   | 240/352 [00:30<00:13,  8.00it/s]
                                                                   
proser: epoch 37/50, validation accuracy=0.9128, loss=0.0275

proser: epoch 38:   0%|          | 0/352 [00:00<?, ?it/s]
proser: epoch 38:  33%|███▎      | 117/352 [00:15<00:30,  7.80it/s]
proser: epoch 38:  68%|██████▊   | 239/352 [00:30<00:14,  7.96it/s]
proser: epoch 38:  68%|██████▊   | 239/352 [00:40<00:14,  7.96it/s]
                                                                   
proser: epoch 38/50, validation accuracy=0.9166, loss=0.0230

proser: epoch 39:   0%|          | 0/352 [00:00<?, ?it/s]
proser: epoch 39:  33%|███▎      | 115/352 [00:15<00:30,  7.66it/s]
proser: epoch 39:  66%|██████▋   | 234/352 [00:30<00:15,  7.80it/s]
                                                                   
proser: epoch 39/50, validation accuracy=0.9282, loss=0.0228

proser: epoch 40:   0%|          | 0/352 [00:00<?, ?it/s]
proser: epoch 40:  32%|███▏      | 114/352 [00:15<00:31,  7.56it/s]
proser: epoch 40:  32%|███▏      | 114/352 [00:27<00:31,  7.56it/s]
proser: epoch 40:  67%|██████▋   | 237/352 [00:30<00:14,  7.91it/s]
                                                                   
proser: epoch 40/50, validation accuracy=0.9336, loss=0.0223

proser: epoch 41:   0%|          | 0/352 [00:00<?, ?it/s]
proser: epoch 41:  34%|███▎      | 118/352 [00:15<00:29,  7.80it/s]
proser: epoch 41:  68%|██████▊   | 239/352 [00:30<00:14,  7.95it/s]
proser: epoch 41:  68%|██████▊   | 239/352 [00:42<00:14,  7.95it/s]
                                                                   
proser: epoch 41/50, validation accuracy=0.9224, loss=0.0237

proser: epoch 42:   0%|          | 0/352 [00:00<?, ?it/s]
proser: epoch 42:  34%|███▎      | 118/352 [00:15<00:29,  7.82it/s]
proser: epoch 42:  34%|███▎      | 118/352 [00:26<00:29,  7.82it/s]
proser: epoch 42:  68%|██████▊   | 241/352 [00:30<00:13,  8.01it/s]
                                                                   
proser: epoch 42/50, validation accuracy=0.9172, loss=0.0197

proser: epoch 43:   0%|          | 0/352 [00:00<?, ?it/s]
proser: epoch 43:  34%|███▎      | 118/352 [00:15<00:29,  7.84it/s]
proser: epoch 43:  68%|██████▊   | 240/352 [00:30<00:14,  7.98it/s]
proser: epoch 43:  68%|██████▊   | 240/352 [00:40<00:14,  7.98it/s]
                                                                   
proser: epoch 43/50, validation accuracy=0.9204, loss=0.0185

proser: epoch 44:   0%|          | 0/352 [00:00<?, ?it/s]
proser: epoch 44:  33%|███▎      | 115/352 [00:15<00:31,  7.64it/s]
proser: epoch 44:  67%|██████▋   | 237/352 [00:30<00:14,  7.90it/s]
                                                                   
proser: epoch 44/50, validation accuracy=0.9180, loss=0.0180

proser: epoch 45:   0%|          | 0/352 [00:00<?, ?it/s]
proser: epoch 45:  33%|███▎      | 115/352 [00:15<00:31,  7.62it/s]
proser: epoch 45:  33%|███▎      | 115/352 [00:28<00:31,  7.62it/s]
proser: epoch 45:  67%|██████▋   | 237/352 [00:30<00:14,  7.92it/s]
                                                                   
proser: epoch 45/50, validation accuracy=0.9288, loss=0.0186

proser: epoch 46:   0%|          | 0/352 [00:00<?, ?it/s]
proser: epoch 46:  33%|███▎      | 115/352 [00:15<00:31,  7.62it/s]
proser: epoch 46:  68%|██████▊   | 238/352 [00:30<00:14,  7.95it/s]
proser: epoch 46:  68%|██████▊   | 238/352 [00:42<00:14,  7.95it/s]
                                                                   
proser: epoch 46/50, validation accuracy=0.9258, loss=0.0191

proser: epoch 47:   0%|          | 0/352 [00:00<?, ?it/s]
proser: epoch 47:  34%|███▍      | 120/352 [00:15<00:29,  7.96it/s]
proser: epoch 47:  34%|███▍      | 120/352 [00:27<00:29,  7.96it/s]
proser: epoch 47:  69%|██████▉   | 242/352 [00:30<00:13,  8.06it/s]
                                                                   
proser: epoch 47/50, validation accuracy=0.9238, loss=0.0198

proser: epoch 48:   0%|          | 0/352 [00:00<?, ?it/s]
proser: epoch 48:  34%|███▎      | 118/352 [00:15<00:29,  7.85it/s]
proser: epoch 48:  68%|██████▊   | 240/352 [00:30<00:13,  8.01it/s]
proser: epoch 48:  68%|██████▊   | 240/352 [00:42<00:13,  8.01it/s]
                                                                   
proser: epoch 48/50, validation accuracy=0.9098, loss=0.0181

proser: epoch 49:   0%|          | 0/352 [00:00<?, ?it/s]
proser: epoch 49:  33%|███▎      | 115/352 [00:15<00:31,  7.59it/s]
proser: epoch 49:  33%|███▎      | 115/352 [00:26<00:31,  7.59it/s]
proser: epoch 49:  67%|██████▋   | 235/352 [00:30<00:14,  7.81it/s]
                                                                   
proser: epoch 49/50, validation accuracy=0.9242, loss=0.0179

proser: epoch 50:   0%|          | 0/352 [00:00<?, ?it/s]
proser: epoch 50:  32%|███▏      | 114/352 [00:15<00:31,  7.54it/s]
proser: epoch 50:  32%|███▏      | 114/352 [00:29<00:31,  7.54it/s]
proser: epoch 50:  67%|██████▋   | 237/352 [00:30<00:14,  7.89it/s]
                                                                   
proser: epoch 50/50, validation accuracy=0.8982, loss=0.0163

extracting outputs:   0%|          | 0/176 [00:00<?, ?it/s]
                                                           
cached vanilla/train: 45000 images

extracting outputs:   0%|          | 0/20 [00:00<?, ?it/s]
                                                          
cached vanilla/val: 5000 images

extracting outputs:   0%|          | 0/20 [00:00<?, ?it/s]
                                                          
cached gcsc/val: 5000 images

extracting outputs:   0%|          | 0/20 [00:00<?, ?it/s]
                                                          
cached proser/val: 5000 images

  0%|          | 0.00/169M [00:00<?, ?B/s]
  0%|          | 32.8k/169M [00:00<19:45, 143kB/s]
  0%|          | 65.5k/169M [00:00<19:35, 144kB/s]
  0%|          | 98.3k/169M [00:00<19:42, 143kB/s]
  0%|          | 131k/169M [00:00<19:44, 143kB/s] 
  0%|          | 164k/169M [00:01<19:44, 143kB/s]
  0%|          | 197k/169M [00:01<19:48, 142kB/s]
  0%|          | 229k/169M [00:01<19:47, 142kB/s]
  0%|          | 262k/169M [00:01<19:51, 142kB/s]
  0%|          | 295k/169M [00:02<19:53, 141kB/s]
  0%|          | 328k/169M [00:02<19:59, 141kB/s]
  0%|          | 360k/169M [00:02<21:41, 130kB/s]
  0%|          | 393k/169M [00:02<21:16, 132kB/s]
  0%|          | 426k/169M [00:03<20:57, 134kB/s]
  0%|          | 459k/169M [00:03<20:56, 134kB/s]
  0%|          | 492k/169M [00:03<20:53, 134kB/s]
  0%|          | 524k/169M [00:03<20:52, 135kB/s]
  0%|          | 557k/169M [00:04<20:53, 134kB/s]
  0%|          | 590k/169M [00:04<20:58, 134kB/s]
  0%|          | 623k/169M [00:04<21:02, 133kB/s]
  0%|          | 655k/169M [00:04<21:07, 133kB/s]
  0%|          | 688k/169M [00:05<22:44, 123kB/s]
  0%|          | 721k/169M [00:05<22:12, 126kB/s]
  0%|          | 754k/169M [00:05<21:55, 128kB/s]
  0%|          | 786k/169M [00:05<21:39, 129kB/s]
  0%|          | 819k/169M [00:06<21:31, 130kB/s]
  1%|          | 852k/169M [00:06<21:22, 131kB/s]
  1%|          | 885k/169M [00:06<21:19, 131kB/s]
  1%|          | 918k/169M [00:06<21:17, 132kB/s]
  1%|          | 950k/169M [00:07<21:17, 132kB/s]
  1%|          | 983k/169M [00:07<21:13, 132kB/s]
  1%|          | 1.02M/169M [00:07<21:06, 133kB/s]
  1%|          | 1.05M/169M [00:07<22:35, 124kB/s]
  1%|          | 1.08M/169M [00:08<22:09, 126kB/s]
  1%|          | 1.11M/169M [00:08<21:49, 128kB/s]
  1%|          | 1.15M/169M [00:08<21:33, 130kB/s]
  1%|          | 1.18M/169M [00:08<21:22, 131kB/s]
  1%|          | 1.21M/169M [00:09<21:13, 132kB/s]
  1%|          | 1.25M/169M [00:09<21:11, 132kB/s]
  1%|          | 1.28M/169M [00:09<21:11, 132kB/s]
  1%|          | 1.31M/169M [00:09<21:10, 132kB/s]
  1%|          | 1.34M/169M [00:10<21:09, 132kB/s]
  1%|          | 1.38M/169M [00:10<22:39, 123kB/s]
  1%|          | 1.41M/169M [00:10<22:11, 126kB/s]
  1%|          | 1.44M/169M [00:10<21:47, 128kB/s]
  1%|          | 1.47M/169M [00:11<21:37, 129kB/s]
  1%|          | 1.51M/169M [00:11<21:24, 130kB/s]
  1%|          | 1.54M/169M [00:11<21:16, 131kB/s]
  1%|          | 1.57M/169M [00:11<21:08, 132kB/s]
  1%|          | 1.61M/169M [00:12<21:00, 133kB/s]
  1%|          | 1.64M/169M [00:12<20:57, 133kB/s]
  1%|          | 1.67M/169M [00:12<20:46, 134kB/s]
  1%|          | 1.70M/169M [00:12<20:42, 135kB/s]
  1%|          | 1.74M/169M [00:13<22:09, 126kB/s]
  1%|          | 1.77M/169M [00:13<21:34, 129kB/s]
  1%|          | 1.80M/169M [00:13<21:11, 131kB/s]
  1%|          | 1.84M/169M [00:13<20:51, 134kB/s]
  1%|          | 1.87M/169M [00:14<20:40, 135kB/s]
  1%|          | 1.90M/169M [00:14<20:31, 136kB/s]
  1%|          | 1.93M/169M [00:14<20:21, 137kB/s]
  1%|          | 1.97M/169M [00:14<20:16, 137kB/s]
  1%|          | 2.00M/169M [00:15<20:13, 138kB/s]
  1%|          | 2.03M/169M [00:15<20:09, 138kB/s]
  1%|          | 2.06M/169M [00:15<21:34, 129kB/s]
  1%|          | 2.10M/169M [00:15<21:07, 132kB/s]
  1%|▏         | 2.13M/169M [00:16<20:45, 134kB/s]
  1%|▏         | 2.16M/169M [00:16<20:29, 136kB/s]
  1%|▏         | 2.20M/169M [00:16<20:18, 137kB/s]
  1%|▏         | 2.23M/169M [00:16<20:14, 137kB/s]
  1%|▏         | 2.26M/169M [00:17<20:11, 138kB/s]
  1%|▏         | 2.29M/169M [00:17<20:05, 138kB/s]
  1%|▏         | 2.33M/169M [00:17<20:03, 138kB/s]
  1%|▏         | 2.36M/169M [00:17<20:05, 138kB/s]
  1%|▏         | 2.39M/169M [00:18<21:36, 129kB/s]
  1%|▏         | 2.42M/169M [00:18<21:08, 131kB/s]
  1%|▏         | 2.46M/169M [00:18<20:48, 133kB/s]
  1%|▏         | 2.49M/169M [00:18<20:37, 135kB/s]
  1%|▏         | 2.52M/169M [00:18<20:29, 135kB/s]
  2%|▏         | 2.56M/169M [00:19<20:24, 136kB/s]
  2%|▏         | 2.59M/169M [00:19<20:20, 136kB/s]
  2%|▏         | 2.62M/169M [00:19<20:20, 136kB/s]
  2%|▏         | 2.65M/169M [00:19<20:17, 137kB/s]
  2%|▏         | 2.69M/169M [00:20<20:17, 137kB/s]
  2%|▏         | 2.72M/169M [00:20<20:17, 137kB/s]
  2%|▏         | 2.75M/169M [00:20<21:42, 128kB/s]
  2%|▏         | 2.79M/169M [00:20<21:17, 130kB/s]
  2%|▏         | 2.82M/169M [00:21<20:54, 132kB/s]
  2%|▏         | 2.85M/169M [00:21<20:43, 134kB/s]
  2%|▏         | 2.88M/169M [00:21<20:31, 135kB/s]
  2%|▏         | 2.92M/169M [00:21<20:24, 136kB/s]
  2%|▏         | 2.95M/169M [00:22<20:16, 136kB/s]
  2%|▏         | 2.98M/169M [00:22<20:13, 137kB/s]
  2%|▏         | 3.01M/169M [00:22<20:11, 137kB/s]
  2%|▏         | 3.05M/169M [00:22<20:08, 137kB/s]
  2%|▏         | 3.08M/169M [00:23<21:35, 128kB/s]
  2%|▏         | 3.11M/169M [00:23<21:05, 131kB/s]
  2%|▏         | 3.15M/169M [00:23<20:47, 133kB/s]
  2%|▏         | 3.18M/169M [00:23<20:35, 134kB/s]
  2%|▏         | 3.21M/169M [00:24<20:24, 135kB/s]
  2%|▏         | 3.24M/169M [00:24<20:19, 136kB/s]
  2%|▏         | 3.28M/169M [00:24<20:13, 137kB/s]
  2%|▏         | 3.31M/169M [00:24<20:15, 136kB/s]
  2%|▏         | 3.34M/169M [00:25<20:11, 137kB/s]
  2%|▏         | 3.38M/169M [00:25<20:11, 137kB/s]
  2%|▏         | 3.41M/169M [00:25<20:13, 136kB/s]
  2%|▏         | 3.44M/169M [00:25<21:44, 127kB/s]
  2%|▏         | 3.47M/169M [00:26<21:17, 130kB/s]
  2%|▏         | 3.51M/169M [00:26<20:57, 132kB/s]
  2%|▏         | 3.54M/169M [00:26<20:44, 133kB/s]
  2%|▏         | 3.57M/169M [00:26<20:29, 135kB/s]
  2%|▏         | 3.60M/169M [00:27<20:13, 136kB/s]
  2%|▏         | 3.64M/169M [00:27<20:04, 137kB/s]
  2%|▏         | 3.67M/169M [00:27<19:55, 138kB/s]
  2%|▏         | 3.70M/169M [00:27<19:54, 138kB/s]
  2%|▏         | 3.74M/169M [00:27<19:44, 140kB/s]
  2%|▏         | 3.77M/169M [00:28<21:06, 130kB/s]
  2%|▏         | 3.80M/169M [00:28<20:34, 134kB/s]
  2%|▏         | 3.83M/169M [00:28<20:14, 136kB/s]
  2%|▏         | 3.87M/169M [00:28<20:00, 138kB/s]
  2%|▏         | 3.90M/169M [00:29<19:48, 139kB/s]
  2%|▏         | 3.93M/169M [00:29<19:43, 139kB/s]
  2%|▏         | 3.96M/169M [00:29<19:35, 140kB/s]
  2%|▏         | 4.00M/169M [00:29<19:32, 141kB/s]
  2%|▏         | 4.03M/169M [00:30<19:30, 141kB/s]
  2%|▏         | 4.06M/169M [00:30<19:26, 141kB/s]
  2%|▏         | 4.10M/169M [00:30<19:23, 142kB/s]
  2%|▏         | 4.13M/169M [00:30<20:52, 132kB/s]
  2%|▏         | 4.16M/169M [00:31<20:22, 135kB/s]
  2%|▏         | 4.19M/169M [00:31<20:04, 137kB/s]
  3%|▎         | 4.23M/169M [00:31<19:48, 139kB/s]
  3%|▎         | 4.26M/169M [00:31<19:39, 140kB/s]
  3%|▎         | 4.29M/169M [00:31<19:31, 141kB/s]
  3%|▎         | 4.33M/169M [00:32<19:26, 141kB/s]
  3%|▎         | 4.36M/169M [00:32<19:22, 142kB/s]
  3%|▎         | 4.39M/169M [00:32<19:18, 142kB/s]
  3%|▎         | 4.42M/169M [00:32<19:18, 142kB/s]
  3%|▎         | 4.46M/169M [00:33<20:40, 133kB/s]
  3%|▎         | 4.49M/169M [00:33<20:13, 136kB/s]
  3%|▎         | 4.52M/169M [00:33<19:54, 138kB/s]
  3%|▎         | 4.55M/169M [00:33<19:43, 139kB/s]
  3%|▎         | 4.59M/169M [00:34<19:29, 141kB/s]
  3%|▎         | 4.62M/169M [00:34<19:24, 141kB/s]
  3%|▎         | 4.65M/169M [00:34<19:20, 142kB/s]
  3%|▎         | 4.69M/169M [00:34<19:15, 142kB/s]
  3%|▎         | 4.72M/169M [00:35<19:16, 142kB/s]
  3%|▎         | 4.75M/169M [00:35<19:14, 142kB/s]
  3%|▎         | 4.78M/169M [00:35<20:44, 132kB/s]
  3%|▎         | 4.82M/169M [00:35<20:20, 135kB/s]
  3%|▎         | 4.85M/169M [00:36<19:59, 137kB/s]
  3%|▎         | 4.88M/169M [00:36<19:43, 139kB/s]
  3%|▎         | 4.92M/169M [00:36<19:29, 140kB/s]
  3%|▎         | 4.95M/169M [00:36<19:25, 141kB/s]
  3%|▎         | 4.98M/169M [00:36<19:18, 142kB/s]
  3%|▎         | 5.01M/169M [00:37<19:12, 142kB/s]
  3%|▎         | 5.05M/169M [00:37<19:12, 142kB/s]
  3%|▎         | 5.08M/169M [00:37<19:06, 143kB/s]
  3%|▎         | 5.11M/169M [00:37<19:08, 143kB/s]
  3%|▎         | 5.14M/169M [00:38<20:29, 133kB/s]
  3%|▎         | 5.18M/169M [00:38<20:04, 136kB/s]
  3%|▎         | 5.21M/169M [00:38<19:43, 138kB/s]
  3%|▎         | 5.24M/169M [00:38<19:26, 140kB/s]
  3%|▎         | 5.28M/169M [00:39<19:19, 141kB/s]
  3%|▎         | 5.31M/169M [00:39<19:10, 142kB/s]
  3%|▎         | 5.34M/169M [00:39<19:07, 143kB/s]
  3%|▎         | 5.37M/169M [00:39<18:59, 144kB/s]
  3%|▎         | 5.41M/169M [00:39<19:01, 143kB/s]
  3%|▎         | 5.44M/169M [00:40<18:57, 144kB/s]
  3%|▎         | 5.47M/169M [00:40<20:24, 134kB/s]
  3%|▎         | 5.51M/169M [00:40<19:55, 137kB/s]
  3%|▎         | 5.54M/169M [00:40<19:36, 139kB/s]
  3%|▎         | 5.57M/169M [00:41<19:22, 141kB/s]
  3%|▎         | 5.60M/169M [00:41<19:18, 141kB/s]
  3%|▎         | 5.64M/169M [00:41<19:12, 142kB/s]
  3%|▎         | 5.67M/169M [00:41<19:12, 142kB/s]
  3%|▎         | 5.70M/169M [00:42<19:09, 142kB/s]
  3%|▎         | 5.73M/169M [00:42<19:03, 143kB/s]
  3%|▎         | 5.77M/169M [00:42<19:00, 143kB/s]
  3%|▎         | 5.80M/169M [00:42<19:01, 143kB/s]
  3%|▎         | 5.83M/169M [00:43<20:27, 133kB/s]
  3%|▎         | 5.87M/169M [00:43<20:03, 136kB/s]
  3%|▎         | 5.90M/169M [00:43<19:40, 138kB/s]
  4%|▎         | 5.93M/169M [00:43<19:29, 139kB/s]
  4%|▎         | 5.96M/169M [00:43<19:19, 141kB/s]
  4%|▎         | 6.00M/169M [00:44<19:12, 141kB/s]
  4%|▎         | 6.03M/169M [00:44<19:05, 142kB/s]
  4%|▎         | 6.06M/169M [00:44<19:03, 143kB/s]
  4%|▎         | 6.09M/169M [00:44<19:00, 143kB/s]
  4%|▎         | 6.13M/169M [00:45<19:00, 143kB/s]
  4%|▎         | 6.16M/169M [00:45<20:20, 133kB/s]
  4%|▎         | 6.19M/169M [00:45<20:00, 136kB/s]
  4%|▎         | 6.23M/169M [00:45<19:39, 138kB/s]
  4%|▎         | 6.26M/169M [00:46<19:27, 139kB/s]
  4%|▎         | 6.29M/169M [00:46<19:25, 140kB/s]
  4%|▎         | 6.32M/169M [00:46<19:26, 139kB/s]
  4%|▍         | 6.36M/169M [00:46<19:26, 139kB/s]
  4%|▍         | 6.39M/169M [00:46<19:26, 139kB/s]
  4%|▍         | 6.42M/169M [00:47<19:25, 139kB/s]
  4%|▍         | 6.46M/169M [00:47<19:23, 140kB/s]
  4%|▍         | 6.49M/169M [00:47<20:55, 129kB/s]
  4%|▍         | 6.52M/169M [00:47<20:23, 133kB/s]
  4%|▍         | 6.55M/169M [00:48<20:10, 134kB/s]
  4%|▍         | 6.59M/169M [00:48<20:03, 135kB/s]
  4%|▍         | 6.62M/169M [00:48<19:54, 136kB/s]
  4%|▍         | 6.65M/169M [00:48<19:48, 137kB/s]
  4%|▍         | 6.68M/169M [00:49<19:40, 137kB/s]
  4%|▍         | 6.72M/169M [00:49<19:43, 137kB/s]
  4%|▍         | 6.75M/169M [00:49<19:45, 137kB/s]
  4%|▍         | 6.78M/169M [00:49<19:43, 137kB/s]
  4%|▍         | 6.82M/169M [00:50<19:40, 137kB/s]
  4%|▍         | 6.85M/169M [00:50<21:14, 127kB/s]
  4%|▍         | 6.88M/169M [00:50<20:53, 129kB/s]
  4%|▍         | 6.91M/169M [00:50<20:34, 131kB/s]
  4%|▍         | 6.95M/169M [00:51<20:20, 133kB/s]
  4%|▍         | 6.98M/169M [00:51<20:11, 134kB/s]
  4%|▍         | 7.01M/169M [00:51<20:01, 135kB/s]
  4%|▍         | 7.05M/169M [00:51<19:59, 135kB/s]
  4%|▍         | 7.08M/169M [00:52<19:55, 135kB/s]
  4%|▍         | 7.11M/169M [00:52<19:51, 136kB/s]
  4%|▍         | 7.14M/169M [00:52<19:47, 136kB/s]
  4%|▍         | 7.18M/169M [00:52<21:08, 128kB/s]
  4%|▍         | 7.21M/169M [00:53<20:41, 130kB/s]
  4%|▍         | 7.24M/169M [00:53<20:19, 133kB/s]
  4%|▍         | 7.27M/169M [00:53<20:09, 134kB/s]
  4%|▍         | 7.31M/169M [00:53<19:57, 135kB/s]
  4%|▍         | 7.34M/169M [00:54<19:52, 136kB/s]
  4%|▍         | 7.37M/169M [00:54<19:47, 136kB/s]
  4%|▍         | 7.41M/169M [00:54<19:44, 136kB/s]
  4%|▍         | 7.44M/169M [00:54<19:43, 137kB/s]
  4%|▍         | 7.47M/169M [00:55<19:42, 137kB/s]
  4%|▍         | 7.50M/169M [00:55<19:40, 137kB/s]
  4%|▍         | 7.54M/169M [00:55<21:03, 128kB/s]
  4%|▍         | 7.57M/169M [00:55<20:36, 131kB/s]
  4%|▍         | 7.60M/169M [00:56<20:17, 133kB/s]
  5%|▍         | 7.63M/169M [00:56<20:03, 134kB/s]
  5%|▍         | 7.67M/169M [00:56<19:47, 136kB/s]
  5%|▍         | 7.70M/169M [00:56<19:41, 137kB/s]
  5%|▍         | 7.73M/169M [00:56<19:33, 137kB/s]
  5%|▍         | 7.77M/169M [00:57<19:28, 138kB/s]
  5%|▍         | 7.80M/169M [00:57<20:53, 129kB/s]
  5%|▍         | 7.83M/169M [00:57<22:26, 120kB/s]
  5%|▍         | 7.86M/169M [00:58<26:51, 100kB/s]
  5%|▍         | 7.90M/169M [00:58<25:06, 107kB/s]
  5%|▍         | 7.93M/169M [00:58<22:24, 120kB/s]
  5%|▍         | 7.96M/169M [00:58<19:00, 141kB/s]
  5%|▍         | 8.00M/169M [00:59<17:36, 152kB/s]
  5%|▍         | 8.03M/169M [00:59<15:27, 174kB/s]
  5%|▍         | 8.06M/169M [00:59<16:09, 166kB/s]
  5%|▍         | 8.09M/169M [00:59<17:05, 157kB/s]
  5%|▍         | 8.13M/169M [00:59<20:34, 130kB/s]
  5%|▍         | 8.16M/169M [01:00<18:56, 142kB/s]
  5%|▍         | 8.19M/169M [01:00<18:15, 147kB/s]
  5%|▍         | 8.22M/169M [01:00<19:15, 139kB/s]
  5%|▍         | 8.26M/169M [01:00<19:11, 140kB/s]
  5%|▍         | 8.29M/169M [01:01<19:11, 140kB/s]
  5%|▍         | 8.32M/169M [01:01<19:12, 139kB/s]
  5%|▍         | 8.36M/169M [01:01<19:13, 139kB/s]
  5%|▍         | 8.39M/169M [01:01<19:16, 139kB/s]
  5%|▍         | 8.42M/169M [01:02<19:12, 139kB/s]
  5%|▌         | 8.45M/169M [01:02<19:10, 139kB/s]
  5%|▌         | 8.49M/169M [01:02<19:11, 139kB/s]
  5%|▌         | 8.52M/169M [01:02<19:16, 139kB/s]
  5%|▌         | 8.55M/169M [01:03<20:45, 129kB/s]
  5%|▌         | 8.59M/169M [01:03<20:20, 131kB/s]
  5%|▌         | 8.62M/169M [01:03<20:02, 133kB/s]
  5%|▌         | 8.65M/169M [01:03<22:35, 118kB/s]
  5%|▌         | 8.68M/169M [01:04<19:06, 140kB/s]
  5%|▌         | 8.72M/169M [01:04<19:38, 136kB/s]
  5%|▌         | 8.75M/169M [01:04<18:46, 142kB/s]
  5%|▌         | 8.78M/169M [01:04<18:48, 142kB/s]
  5%|▌         | 8.81M/169M [01:04<18:55, 141kB/s]
  5%|▌         | 8.85M/169M [01:05<18:58, 141kB/s]
  5%|▌         | 8.88M/169M [01:05<20:28, 130kB/s]
  5%|▌         | 8.91M/169M [01:05<20:03, 133kB/s]
  5%|▌         | 8.95M/169M [01:05<19:47, 135kB/s]
  5%|▌         | 8.98M/169M [01:06<19:34, 136kB/s]
  5%|▌         | 9.01M/169M [01:06<19:24, 137kB/s]
  5%|▌         | 9.04M/169M [01:06<19:18, 138kB/s]
  5%|▌         | 9.08M/169M [01:06<19:15, 138kB/s]
  5%|▌         | 9.11M/169M [01:07<19:15, 138kB/s]
  5%|▌         | 9.14M/169M [01:07<19:12, 139kB/s]
  5%|▌         | 9.18M/169M [01:07<19:12, 139kB/s]
  5%|▌         | 9.21M/169M [01:07<19:07, 139kB/s]
  5%|▌         | 9.24M/169M [01:08<20:36, 129kB/s]
  5%|▌         | 9.27M/169M [01:08<20:06, 132kB/s]
  6%|▌         | 9.31M/169M [01:08<19:48, 134kB/s]
  6%|▌         | 9.34M/169M [01:08<19:41, 135kB/s]
  6%|▌         | 9.37M/169M [01:09<19:28, 137kB/s]
  6%|▌         | 9.40M/169M [01:09<19:24, 137kB/s]
  6%|▌         | 9.44M/169M [01:09<19:18, 138kB/s]
  6%|▌         | 9.47M/169M [01:09<19:11, 139kB/s]
  6%|▌         | 9.50M/169M [01:10<19:14, 138kB/s]
  6%|▌         | 9.54M/169M [01:10<19:13, 138kB/s]
  6%|▌         | 9.57M/169M [01:10<20:39, 129kB/s]
  6%|▌         | 9.60M/169M [01:10<20:12, 131kB/s]
  6%|▌         | 9.63M/169M [01:11<19:57, 133kB/s]
  6%|▌         | 9.67M/169M [01:11<19:44, 134kB/s]
  6%|▌         | 9.70M/169M [01:11<19:32, 136kB/s]
  6%|▌         | 9.73M/169M [01:11<19:28, 136kB/s]
  6%|▌         | 9.76M/169M [01:11<19:24, 137kB/s]
  6%|▌         | 9.80M/169M [01:12<19:18, 137kB/s]
  6%|▌         | 9.83M/169M [01:12<19:14, 138kB/s]
  6%|▌         | 9.86M/169M [01:12<19:13, 138kB/s]
  6%|▌         | 9.90M/169M [01:12<19:08, 139kB/s]
  6%|▌         | 9.93M/169M [01:13<20:29, 129kB/s]
  6%|▌         | 9.96M/169M [01:13<20:05, 132kB/s]
  6%|▌         | 9.99M/169M [01:13<19:41, 135kB/s]
  6%|▌         | 10.0M/169M [01:13<19:24, 136kB/s]
  6%|▌         | 10.1M/169M [01:14<19:14, 138kB/s]
  6%|▌         | 10.1M/169M [01:14<19:06, 139kB/s]
  6%|▌         | 10.1M/169M [01:14<18:59, 139kB/s]
  6%|▌         | 10.2M/169M [01:14<18:58, 139kB/s]
  6%|▌         | 10.2M/169M [01:15<18:51, 140kB/s]
  6%|▌         | 10.2M/169M [01:15<18:52, 140kB/s]
  6%|▌         | 10.3M/169M [01:15<20:08, 131kB/s]
  6%|▌         | 10.3M/169M [01:15<19:46, 134kB/s]
  6%|▌         | 10.3M/169M [01:16<19:25, 136kB/s]
  6%|▌         | 10.4M/169M [01:16<19:16, 137kB/s]
  6%|▌         | 10.4M/169M [01:16<19:03, 139kB/s]
  6%|▌         | 10.4M/169M [01:16<18:57, 139kB/s]
  6%|▌         | 10.5M/169M [01:16<18:53, 140kB/s]
  6%|▌         | 10.5M/169M [01:17<18:43, 141kB/s]
  6%|▌         | 10.5M/169M [01:17<18:39, 142kB/s]
  6%|▌         | 10.6M/169M [01:17<18:33, 142kB/s]
  6%|▋         | 10.6M/169M [01:17<19:50, 133kB/s]
  6%|▋         | 10.6M/169M [01:18<19:25, 136kB/s]
  6%|▋         | 10.6M/169M [01:18<19:09, 138kB/s]
  6%|▋         | 10.7M/169M [01:18<18:58, 139kB/s]
  6%|▋         | 10.7M/169M [01:18<18:50, 140kB/s]
  6%|▋         | 10.7M/169M [01:19<18:42, 141kB/s]
  6%|▋         | 10.8M/169M [01:19<18:34, 142kB/s]
  6%|▋         | 10.8M/169M [01:19<18:33, 142kB/s]
  6%|▋         | 10.8M/169M [01:19<18:27, 143kB/s]
  6%|▋         | 10.9M/169M [01:20<18:25, 143kB/s]
  6%|▋         | 10.9M/169M [01:20<18:20, 144kB/s]
  6%|▋         | 10.9M/169M [01:20<19:38, 134kB/s]
  6%|▋         | 11.0M/169M [01:20<19:08, 138kB/s]
  7%|▋         | 11.0M/169M [01:20<18:49, 140kB/s]
  7%|▋         | 11.0M/169M [01:21<18:37, 141kB/s]
  7%|▋         | 11.1M/169M [01:21<18:34, 142kB/s]
  7%|▋         | 11.1M/169M [01:21<18:11, 145kB/s]
  7%|▋         | 11.1M/169M [01:21<18:08, 145kB/s]
  7%|▋         | 11.2M/169M [01:22<18:05, 145kB/s]
  7%|▋         | 11.2M/169M [01:22<18:05, 145kB/s]
  7%|▋         | 11.2M/169M [01:22<18:01, 146kB/s]
  7%|▋         | 11.3M/169M [01:22<19:21, 136kB/s]
  7%|▋         | 11.3M/169M [01:23<19:00, 138kB/s]
  7%|▋         | 11.3M/169M [01:23<18:38, 141kB/s]
  7%|▋         | 11.4M/169M [01:23<18:29, 142kB/s]
  7%|▋         | 11.4M/169M [01:23<18:22, 143kB/s]
  7%|▋         | 11.4M/169M [01:23<18:10, 145kB/s]
  7%|▋         | 11.5M/169M [01:24<18:09, 145kB/s]
  7%|▋         | 11.5M/169M [01:24<18:03, 145kB/s]
  7%|▋         | 11.5M/169M [01:24<17:56, 146kB/s]
  7%|▋         | 11.6M/169M [01:24<17:56, 146kB/s]
  7%|▋         | 11.6M/169M [01:25<17:53, 147kB/s]
  7%|▋         | 11.6M/169M [01:25<19:07, 137kB/s]
  7%|▋         | 11.7M/169M [01:25<18:49, 139kB/s]
  7%|▋         | 11.7M/169M [01:25<18:26, 142kB/s]
  7%|▋         | 11.7M/169M [01:26<18:16, 143kB/s]
  7%|▋         | 11.8M/169M [01:26<18:10, 144kB/s]
  7%|▋         | 11.8M/169M [01:26<18:08, 144kB/s]
  7%|▋         | 11.8M/169M [01:26<18:01, 145kB/s]
  7%|▋         | 11.9M/169M [01:26<17:59, 146kB/s]
  7%|▋         | 11.9M/169M [01:27<18:01, 145kB/s]
  7%|▋         | 11.9M/169M [01:27<17:55, 146kB/s]
  7%|▋         | 12.0M/169M [01:27<19:12, 136kB/s]
  7%|▋         | 12.0M/169M [01:27<18:47, 139kB/s]
  7%|▋         | 12.0M/169M [01:28<18:31, 141kB/s]
  7%|▋         | 12.1M/169M [01:28<18:16, 143kB/s]
  7%|▋         | 12.1M/169M [01:28<18:10, 144kB/s]
  7%|▋         | 12.1M/169M [01:28<18:06, 144kB/s]
  7%|▋         | 12.2M/169M [01:28<18:05, 145kB/s]
  7%|▋         | 12.2M/169M [01:29<18:02, 145kB/s]
  7%|▋         | 12.2M/169M [01:29<17:57, 145kB/s]
  7%|▋         | 12.3M/169M [01:29<17:57, 145kB/s]
  7%|▋         | 12.3M/169M [01:29<17:52, 146kB/s]
  7%|▋         | 12.3M/169M [01:30<19:17, 135kB/s]
  7%|▋         | 12.4M/169M [01:30<18:50, 139kB/s]
  7%|▋         | 12.4M/169M [01:30<18:31, 141kB/s]
  7%|▋         | 12.4M/169M [01:30<18:19, 142kB/s]
  7%|▋         | 12.5M/169M [01:31<18:12, 143kB/s]
  7%|▋         | 12.5M/169M [01:31<18:08, 144kB/s]
  7%|▋         | 12.5M/169M [01:31<18:02, 145kB/s]
  7%|▋         | 12.6M/169M [01:31<17:58, 145kB/s]
  7%|▋         | 12.6M/169M [01:31<17:55, 145kB/s]
  7%|▋         | 12.6M/169M [01:32<17:57, 145kB/s]
  7%|▋         | 12.6M/169M [01:32<19:17, 135kB/s]
  8%|▊         | 12.7M/169M [01:32<18:50, 138kB/s]
  8%|▊         | 12.7M/169M [01:32<18:31, 141kB/s]
  8%|▊         | 12.7M/169M [01:33<18:21, 142kB/s]
  8%|▊         | 12.8M/169M [01:33<18:10, 143kB/s]
  8%|▊         | 12.8M/169M [01:33<18:06, 144kB/s]
  8%|▊         | 12.8M/169M [01:33<18:05, 144kB/s]
  8%|▊         | 12.9M/169M [01:34<18:01, 144kB/s]
  8%|▊         | 12.9M/169M [01:34<17:58, 145kB/s]
  8%|▊         | 12.9M/169M [01:34<17:57, 145kB/s]
  8%|▊         | 13.0M/169M [01:34<19:15, 135kB/s]
  8%|▊         | 13.0M/169M [01:34<18:48, 138kB/s]
  8%|▊         | 13.0M/169M [01:35<18:32, 140kB/s]
  8%|▊         | 13.1M/169M [01:35<18:22, 141kB/s]
  8%|▊         | 13.1M/169M [01:35<18:07, 143kB/s]
  8%|▊         | 13.1M/169M [01:35<18:01, 144kB/s]
  8%|▊         | 13.2M/169M [01:36<17:57, 145kB/s]
  8%|▊         | 13.2M/169M [01:36<17:54, 145kB/s]
  8%|▊         | 13.2M/169M [01:36<17:53, 145kB/s]
  8%|▊         | 13.3M/169M [01:36<17:50, 145kB/s]
  8%|▊         | 13.3M/169M [01:37<17:51, 145kB/s]
  8%|▊         | 13.3M/169M [01:37<19:07, 136kB/s]
  8%|▊         | 13.4M/169M [01:37<18:44, 138kB/s]
  8%|▊         | 13.4M/169M [01:37<18:25, 141kB/s]
  8%|▊         | 13.4M/169M [01:37<18:14, 142kB/s]
  8%|▊         | 13.5M/169M [01:38<18:08, 143kB/s]
  8%|▊         | 13.5M/169M [01:38<18:02, 144kB/s]
  8%|▊         | 13.5M/169M [01:38<17:59, 144kB/s]
  8%|▊         | 13.6M/169M [01:38<17:57, 144kB/s]
  8%|▊         | 13.6M/169M [01:39<17:51, 145kB/s]
  8%|▊         | 13.6M/169M [01:39<17:51, 145kB/s]
  8%|▊         | 13.7M/169M [01:39<19:15, 134kB/s]
  8%|▊         | 13.7M/169M [01:39<18:51, 137kB/s]
  8%|▊         | 13.7M/169M [01:40<18:31, 140kB/s]
  8%|▊         | 13.8M/169M [01:40<18:21, 141kB/s]
  8%|▊         | 13.8M/169M [01:40<18:14, 142kB/s]
  8%|▊         | 13.8M/169M [01:40<18:07, 143kB/s]
  8%|▊         | 13.9M/169M [01:40<18:02, 143kB/s]
  8%|▊         | 13.9M/169M [01:41<18:00, 144kB/s]
  8%|▊         | 13.9M/169M [01:41<17:53, 145kB/s]
  8%|▊         | 14.0M/169M [01:41<17:58, 144kB/s]
  8%|▊         | 14.0M/169M [01:41<17:57, 144kB/s]
  8%|▊         | 14.0M/169M [01:42<19:19, 134kB/s]
  8%|▊         | 14.1M/169M [01:42<18:53, 137kB/s]
  8%|▊         | 14.1M/169M [01:42<18:37, 139kB/s]
  8%|▊         | 14.1M/169M [01:42<18:24, 140kB/s]
  8%|▊         | 14.2M/169M [01:43<18:13, 142kB/s]
  8%|▊         | 14.2M/169M [01:43<18:07, 142kB/s]
  8%|▊         | 14.2M/169M [01:43<18:03, 143kB/s]
  8%|▊         | 14.3M/169M [01:43<17:59, 143kB/s]
  8%|▊         | 14.3M/169M [01:43<17:55, 144kB/s]
  8%|▊         | 14.3M/169M [01:44<17:51, 144kB/s]
  8%|▊         | 14.4M/169M [01:44<19:08, 135kB/s]
  9%|▊         | 14.4M/169M [01:44<18:47, 137kB/s]
  9%|▊         | 14.4M/169M [01:44<18:26, 140kB/s]
  9%|▊         | 14.5M/169M [01:45<18:14, 141kB/s]
  9%|▊         | 14.5M/169M [01:45<18:07, 142kB/s]
  9%|▊         | 14.5M/169M [01:45<18:02, 143kB/s]
  9%|▊         | 14.5M/169M [01:45<18:03, 143kB/s]
  9%|▊         | 14.6M/169M [01:46<17:59, 143kB/s]
  9%|▊         | 14.6M/169M [01:46<17:58, 143kB/s]
  9%|▊         | 14.6M/169M [01:46<17:52, 144kB/s]
  9%|▊         | 14.7M/169M [01:46<19:16, 133kB/s]
  9%|▊         | 14.7M/169M [01:47<18:49, 137kB/s]
  9%|▊         | 14.7M/169M [01:47<18:28, 139kB/s]
  9%|▊         | 14.8M/169M [01:47<18:18, 140kB/s]
  9%|▉         | 14.8M/169M [01:47<18:09, 142kB/s]
  9%|▉         | 14.8M/169M [01:47<17:59, 143kB/s]
  9%|▉         | 14.9M/169M [01:48<17:59, 143kB/s]
  9%|▉         | 14.9M/169M [01:48<17:54, 143kB/s]
  9%|▉         | 14.9M/169M [01:48<17:50, 144kB/s]
  9%|▉         | 15.0M/169M [01:48<17:54, 143kB/s]
  9%|▉         | 15.0M/169M [01:49<17:53, 143kB/s]
  9%|▉         | 15.0M/169M [01:49<19:16, 133kB/s]
  9%|▉         | 15.1M/169M [01:49<18:50, 136kB/s]
  9%|▉         | 15.1M/169M [01:49<18:34, 138kB/s]
  9%|▉         | 15.1M/169M [01:50<18:24, 139kB/s]
  9%|▉         | 15.2M/169M [01:50<18:14, 141kB/s]
  9%|▉         | 15.2M/169M [01:50<18:08, 141kB/s]
  9%|▉         | 15.2M/169M [01:50<18:06, 142kB/s]
  9%|▉         | 15.3M/169M [01:50<18:00, 142kB/s]
  9%|▉         | 15.3M/169M [01:51<17:58, 143kB/s]
  9%|▉         | 15.3M/169M [01:51<17:56, 143kB/s]
  9%|▉         | 15.4M/169M [01:51<19:14, 133kB/s]
  9%|▉         | 15.4M/169M [01:51<18:46, 136kB/s]
  9%|▉         | 15.4M/169M [01:52<18:29, 138kB/s]
  9%|▉         | 15.5M/169M [01:52<18:16, 140kB/s]
  9%|▉         | 15.5M/169M [01:52<18:08, 141kB/s]
  9%|▉         | 15.5M/169M [01:52<18:02, 142kB/s]
  9%|▉         | 15.6M/169M [01:53<18:02, 142kB/s]
  9%|▉         | 15.6M/169M [01:53<18:03, 142kB/s]
  9%|▉         | 15.6M/169M [01:53<17:59, 142kB/s]
  9%|▉         | 15.7M/169M [01:53<18:00, 142kB/s]
  9%|▉         | 15.7M/169M [01:54<17:58, 142kB/s]
  9%|▉         | 15.7M/169M [01:54<19:12, 133kB/s]
  9%|▉         | 15.8M/169M [01:54<18:50, 136kB/s]
  9%|▉         | 15.8M/169M [01:54<18:33, 138kB/s]
  9%|▉         | 15.8M/169M [01:54<18:21, 139kB/s]
  9%|▉         | 15.9M/169M [01:55<18:09, 141kB/s]
  9%|▉         | 15.9M/169M [01:55<18:02, 141kB/s]
  9%|▉         | 15.9M/169M [01:55<17:58, 142kB/s]
  9%|▉         | 16.0M/169M [01:55<17:54, 142kB/s]
  9%|▉         | 16.0M/169M [01:56<17:58, 142kB/s]
  9%|▉         | 16.0M/169M [01:56<17:57, 142kB/s]
 10%|▉         | 16.1M/169M [01:56<19:17, 132kB/s]
 10%|▉         | 16.1M/169M [01:56<18:54, 135kB/s]
 10%|▉         | 16.1M/169M [01:57<18:34, 137kB/s]
 10%|▉         | 16.2M/169M [01:57<18:22, 139kB/s]
 10%|▉         | 16.2M/169M [01:57<18:14, 140kB/s]
 10%|▉         | 16.2M/169M [01:57<18:05, 141kB/s]
 10%|▉         | 16.3M/169M [01:58<18:06, 141kB/s]
 10%|▉         | 16.3M/169M [01:58<18:05, 141kB/s]
 10%|▉         | 16.3M/169M [01:58<18:03, 141kB/s]
 10%|▉         | 16.4M/169M [01:58<18:03, 141kB/s]
 10%|▉         | 16.4M/169M [01:58<18:04, 141kB/s]
 10%|▉         | 16.4M/169M [01:59<19:23, 131kB/s]
 10%|▉         | 16.4M/169M [01:59<19:01, 134kB/s]
 10%|▉         | 16.5M/169M [01:59<18:43, 136kB/s]
 10%|▉         | 16.5M/169M [01:59<18:29, 137kB/s]
 10%|▉         | 16.5M/169M [02:00<18:19, 139kB/s]
 10%|▉         | 16.6M/169M [02:00<18:08, 140kB/s]
 10%|▉         | 16.6M/169M [02:00<17:59, 141kB/s]
 10%|▉         | 16.6M/169M [02:00<17:58, 141kB/s]
 10%|▉         | 16.7M/169M [02:01<17:55, 142kB/s]
 10%|▉         | 16.7M/169M [02:01<17:47, 143kB/s]
 10%|▉         | 16.7M/169M [02:01<19:06, 133kB/s]
 10%|▉         | 16.8M/169M [02:01<18:41, 136kB/s]
 10%|▉         | 16.8M/169M [02:02<18:23, 138kB/s]
 10%|▉         | 16.8M/169M [02:02<18:09, 140kB/s]
 10%|▉         | 16.9M/169M [02:02<17:57, 141kB/s]
 10%|█         | 16.9M/169M [02:02<17:49, 142kB/s]
 10%|█         | 16.9M/169M [02:02<17:43, 143kB/s]
 10%|█         | 17.0M/169M [02:03<17:35, 144kB/s]
 10%|█         | 17.0M/169M [02:03<17:29, 145kB/s]
 10%|█         | 17.0M/169M [02:03<17:22, 146kB/s]
 10%|█         | 17.1M/169M [02:03<18:36, 136kB/s]
 10%|█         | 17.1M/169M [02:04<18:10, 139kB/s]
 10%|█         | 17.1M/169M [02:04<17:54, 141kB/s]
 10%|█         | 17.2M/169M [02:04<17:40, 143kB/s]
 10%|█         | 17.2M/169M [02:04<17:31, 144kB/s]
 10%|█         | 17.2M/169M [02:05<17:22, 146kB/s]
 10%|█         | 17.3M/169M [02:05<17:17, 146kB/s]
 10%|█         | 17.3M/169M [02:05<17:13, 147kB/s]
 10%|█         | 17.3M/169M [02:05<17:10, 147kB/s]
 10%|█         | 17.4M/169M [02:05<17:08, 147kB/s]
 10%|█         | 17.4M/169M [02:06<17:06, 148kB/s]
 10%|█         | 17.4M/169M [02:06<18:16, 138kB/s]
 10%|█         | 17.5M/169M [02:06<17:51, 141kB/s]
 10%|█         | 17.5M/169M [02:06<17:30, 144kB/s]
 10%|█         | 17.5M/169M [02:07<17:22, 145kB/s]
 10%|█         | 17.6M/169M [02:07<17:12, 147kB/s]
 10%|█         | 17.6M/169M [02:07<17:07, 147kB/s]
 10%|█         | 17.6M/169M [02:07<17:01, 148kB/s]
 10%|█         | 17.7M/169M [02:07<16:59, 148kB/s]
 10%|█         | 17.7M/169M [02:08<16:57, 149kB/s]
 10%|█         | 17.7M/169M [02:08<16:56, 149kB/s]
 11%|█         | 17.8M/169M [02:08<18:12, 138kB/s]
 11%|█         | 17.8M/169M [02:08<17:46, 142kB/s]
 11%|█         | 17.8M/169M [02:09<17:30, 144kB/s]
 11%|█         | 17.9M/169M [02:09<17:16, 146kB/s]
 11%|█         | 17.9M/169M [02:09<17:10, 147kB/s]
 11%|█         | 17.9M/169M [02:09<17:01, 148kB/s]
 11%|█         | 18.0M/169M [02:09<16:57, 148kB/s]
 11%|█         | 18.0M/169M [02:10<16:54, 149kB/s]
 11%|█         | 18.0M/169M [02:10<16:54, 149kB/s]
 11%|█         | 18.1M/169M [02:10<16:52, 149kB/s]
 11%|█         | 18.1M/169M [02:10<16:54, 149kB/s]
 11%|█         | 18.1M/169M [02:11<18:10, 138kB/s]
 11%|█         | 18.2M/169M [02:11<21:42, 116kB/s]
 11%|█         | 18.2M/169M [02:11<21:24, 117kB/s]
 11%|█         | 18.2M/169M [02:12<20:50, 121kB/s]
 11%|█         | 18.3M/169M [02:12<18:58, 132kB/s]
 11%|█         | 18.3M/169M [02:12<18:54, 133kB/s]
 11%|█         | 18.3M/169M [02:12<20:33, 122kB/s]
 11%|█         | 18.4M/169M [02:12<18:54, 133kB/s]
 11%|█         | 18.4M/169M [02:13<17:50, 141kB/s]
 11%|█         | 18.4M/169M [02:13<16:31, 152kB/s]
 11%|█         | 18.4M/169M [02:13<15:01, 167kB/s]
 11%|█         | 18.5M/169M [02:13<13:22, 188kB/s]
 11%|█         | 18.5M/169M [02:13<12:40, 198kB/s]
 11%|█         | 18.5M/169M [02:14<13:51, 181kB/s]
 11%|█         | 18.6M/169M [02:14<14:39, 171kB/s]
 11%|█         | 18.6M/169M [02:14<15:11, 165kB/s]
 11%|█         | 18.6M/169M [02:14<15:36, 161kB/s]
 11%|█         | 18.7M/169M [02:14<15:50, 158kB/s]
 11%|█         | 18.7M/169M [02:15<16:02, 156kB/s]
 11%|█         | 18.7M/169M [02:15<16:07, 155kB/s]
 11%|█         | 18.8M/169M [02:15<17:27, 143kB/s]
 11%|█         | 18.8M/169M [02:15<17:12, 145kB/s]
 11%|█         | 18.8M/169M [02:15<16:56, 148kB/s]
 11%|█         | 18.9M/169M [02:16<16:47, 149kB/s]
 11%|█         | 18.9M/169M [02:16<16:41, 150kB/s]
 11%|█         | 18.9M/169M [02:16<16:37, 150kB/s]
 11%|█         | 19.0M/169M [02:16<16:39, 150kB/s]
 11%|█         | 19.0M/169M [02:17<16:37, 150kB/s]
 11%|█▏        | 19.0M/169M [02:17<16:35, 151kB/s]
 11%|█▏        | 19.1M/169M [02:17<16:35, 151kB/s]
 11%|█▏        | 19.1M/169M [02:17<16:34, 151kB/s]
 11%|█▏        | 19.1M/169M [02:18<17:49, 140kB/s]
 11%|█▏        | 19.2M/169M [02:18<17:24, 143kB/s]
 11%|█▏        | 19.2M/169M [02:18<17:07, 146kB/s]
 11%|█▏        | 19.2M/169M [02:18<16:56, 147kB/s]
 11%|█▏        | 19.3M/169M [02:18<16:45, 149kB/s]
 11%|█▏        | 19.3M/169M [02:19<16:42, 149kB/s]
 11%|█▏        | 19.3M/169M [02:19<18:22, 136kB/s]
 11%|█▏        | 19.4M/169M [02:19<17:23, 143kB/s]
 11%|█▏        | 19.4M/169M [02:19<18:24, 135kB/s]
 11%|█▏        | 19.4M/169M [02:20<18:44, 133kB/s]
 12%|█▏        | 19.5M/169M [02:20<19:42, 126kB/s]
 12%|█▏        | 19.5M/169M [02:20<20:22, 122kB/s]
 12%|█▏        | 19.5M/169M [02:20<21:00, 119kB/s]
 12%|█▏        | 19.6M/169M [02:21<20:16, 123kB/s]
 12%|█▏        | 19.6M/169M [02:21<17:46, 140kB/s]
 12%|█▏        | 19.6M/169M [02:21<16:09, 154kB/s]
 12%|█▏        | 19.7M/169M [02:21<14:20, 174kB/s]
 12%|█▏        | 19.7M/169M [02:21<12:54, 193kB/s]
 12%|█▏        | 19.7M/169M [02:21<12:36, 197kB/s]
 12%|█▏        | 19.8M/169M [02:22<13:42, 181kB/s]
 12%|█▏        | 19.8M/169M [02:22<14:34, 171kB/s]
 12%|█▏        | 19.8M/169M [02:22<16:18, 152kB/s]
 12%|█▏        | 19.9M/169M [02:22<16:18, 152kB/s]
 12%|█▏        | 19.9M/169M [02:23<16:13, 153kB/s]
 12%|█▏        | 19.9M/169M [02:23<16:17, 153kB/s]
 12%|█▏        | 20.0M/169M [02:23<16:14, 153kB/s]
 12%|█▏        | 20.0M/169M [02:23<16:15, 153kB/s]
 12%|█▏        | 20.0M/169M [02:23<16:10, 154kB/s]
 12%|█▏        | 20.1M/169M [02:24<16:15, 153kB/s]
 12%|█▏        | 20.1M/169M [02:24<16:13, 153kB/s]
 12%|█▏        | 20.1M/169M [02:24<16:15, 153kB/s]
 12%|█▏        | 20.2M/169M [02:24<17:29, 142kB/s]
 12%|█▏        | 20.2M/169M [02:25<17:09, 145kB/s]
 12%|█▏        | 20.2M/169M [02:25<16:50, 147kB/s]
 12%|█▏        | 20.3M/169M [02:25<16:40, 149kB/s]
 12%|█▏        | 20.3M/169M [02:25<16:31, 150kB/s]
 12%|█▏        | 20.3M/169M [02:25<16:27, 151kB/s]
 12%|█▏        | 20.3M/169M [02:26<16:28, 150kB/s]
 12%|█▏        | 20.4M/169M [02:26<16:26, 151kB/s]
 12%|█▏        | 20.4M/169M [02:26<16:19, 152kB/s]
 12%|█▏        | 20.4M/169M [02:27<20:56, 118kB/s]
 12%|█▏        | 20.5M/169M [02:27<22:21, 111kB/s]
 12%|█▏        | 20.5M/169M [02:27<22:42, 109kB/s]
 12%|█▏        | 20.5M/169M [02:27<21:28, 115kB/s]
 12%|█▏        | 20.6M/169M [02:28<19:24, 127kB/s]
 12%|█▏        | 20.6M/169M [02:28<16:33, 149kB/s]
 12%|█▏        | 20.6M/169M [02:28<14:50, 167kB/s]
 12%|█▏        | 20.7M/169M [02:28<13:12, 187kB/s]
 12%|█▏        | 20.7M/169M [02:28<11:55, 207kB/s]
 12%|█▏        | 20.7M/169M [02:28<12:48, 193kB/s]
 12%|█▏        | 20.8M/169M [02:29<13:50, 178kB/s]
 12%|█▏        | 20.8M/169M [02:29<14:37, 169kB/s]
 12%|█▏        | 20.8M/169M [02:29<16:23, 151kB/s]
 12%|█▏        | 20.9M/169M [02:29<16:26, 150kB/s]
 12%|█▏        | 20.9M/169M [02:29<16:25, 150kB/s]
 12%|█▏        | 20.9M/169M [02:30<16:26, 150kB/s]
 12%|█▏        | 21.0M/169M [02:30<17:50, 138kB/s]
 12%|█▏        | 21.0M/169M [02:30<17:26, 141kB/s]
 12%|█▏        | 21.0M/169M [02:30<16:29, 150kB/s]
 12%|█▏        | 21.1M/169M [02:31<19:37, 126kB/s]
 12%|█▏        | 21.1M/169M [02:31<19:41, 125kB/s]
 13%|█▎        | 21.1M/169M [02:31<19:16, 128kB/s]
 13%|█▎        | 21.2M/169M [02:31<18:01, 137kB/s]
 13%|█▎        | 21.2M/169M [02:32<15:29, 159kB/s]
 13%|█▎        | 21.2M/169M [02:32<14:09, 174kB/s]
 13%|█▎        | 21.3M/169M [02:32<14:50, 166kB/s]
 13%|█▎        | 21.3M/169M [02:32<15:20, 160kB/s]
 13%|█▎        | 21.3M/169M [02:32<15:37, 157kB/s]
 13%|█▎        | 21.4M/169M [02:33<15:52, 155kB/s]
 13%|█▎        | 21.4M/169M [02:33<16:00, 154kB/s]
 13%|█▎        | 21.4M/169M [02:33<16:08, 152kB/s]
 13%|█▎        | 21.5M/169M [02:33<16:11, 152kB/s]
 13%|█▎        | 21.5M/169M [02:33<16:14, 151kB/s]
 13%|█▎        | 21.5M/169M [02:34<17:28, 141kB/s]
 13%|█▎        | 21.6M/169M [02:34<17:07, 144kB/s]
 13%|█▎        | 21.6M/169M [02:34<16:54, 145kB/s]
 13%|█▎        | 21.6M/169M [02:34<16:41, 147kB/s]
 13%|█▎        | 21.7M/169M [02:35<16:32, 148kB/s]
 13%|█▎        | 21.7M/169M [02:35<16:22, 150kB/s]
 13%|█▎        | 21.7M/169M [02:35<16:24, 150kB/s]
 13%|█▎        | 21.8M/169M [02:35<16:19, 150kB/s]
 13%|█▎        | 21.8M/169M [02:35<16:15, 151kB/s]
 13%|█▎        | 21.8M/169M [02:36<16:14, 151kB/s]
 13%|█▎        | 21.9M/169M [02:36<17:26, 141kB/s]
 13%|█▎        | 21.9M/169M [02:36<17:00, 144kB/s]
 13%|█▎        | 21.9M/169M [02:36<16:41, 147kB/s]
 13%|█▎        | 22.0M/169M [02:37<16:35, 148kB/s]
 13%|█▎        | 22.0M/169M [02:37<16:32, 148kB/s]
 13%|█▎        | 22.0M/169M [02:37<16:28, 149kB/s]
 13%|█▎        | 22.1M/169M [02:37<16:25, 149kB/s]
 13%|█▎        | 22.1M/169M [02:37<16:30, 148kB/s]
 13%|█▎        | 22.1M/169M [02:38<16:27, 149kB/s]
 13%|█▎        | 22.2M/169M [02:38<16:31, 148kB/s]
 13%|█▎        | 22.2M/169M [02:38<16:34, 148kB/s]
 13%|█▎        | 22.2M/169M [02:38<17:47, 138kB/s]
 13%|█▎        | 22.2M/169M [02:39<17:22, 141kB/s]
 13%|█▎        | 22.3M/169M [02:39<17:04, 143kB/s]
 13%|█▎        | 22.3M/169M [02:39<16:51, 145kB/s]
 13%|█▎        | 22.3M/169M [02:39<16:42, 146kB/s]
 13%|█▎        | 22.4M/169M [02:40<16:37, 147kB/s]
 13%|█▎        | 22.4M/169M [02:40<16:32, 148kB/s]
 13%|█▎        | 22.4M/169M [02:40<16:30, 148kB/s]
 13%|█▎        | 22.5M/169M [02:40<16:26, 149kB/s]
 13%|█▎        | 22.5M/169M [02:40<16:23, 149kB/s]
 13%|█▎        | 22.5M/169M [02:41<17:34, 139kB/s]
 13%|█▎        | 22.6M/169M [02:41<17:10, 142kB/s]
 13%|█▎        | 22.6M/169M [02:41<16:53, 144kB/s]
 13%|█▎        | 22.6M/169M [02:41<16:40, 146kB/s]
 13%|█▎        | 22.7M/169M [02:42<16:33, 147kB/s]
 13%|█▎        | 22.7M/169M [02:42<16:28, 148kB/s]
 13%|█▎        | 22.7M/169M [02:42<16:26, 148kB/s]
 13%|█▎        | 22.8M/169M [02:42<16:24, 149kB/s]
 13%|█▎        | 22.8M/169M [02:42<16:24, 148kB/s]
 14%|█▎        | 22.8M/169M [02:43<16:21, 149kB/s]
 14%|█▎        | 22.9M/169M [02:43<17:31, 139kB/s]
 14%|█▎        | 22.9M/169M [02:43<17:08, 142kB/s]
 14%|█▎        | 22.9M/169M [02:43<16:50, 145kB/s]
 14%|█▎        | 23.0M/169M [02:44<16:38, 146kB/s]
 14%|█▎        | 23.0M/169M [02:44<16:28, 148kB/s]
 14%|█▎        | 23.0M/169M [02:44<16:20, 149kB/s]
 14%|█▎        | 23.1M/169M [02:44<16:20, 149kB/s]
 14%|█▎        | 23.1M/169M [02:44<16:14, 150kB/s]
 14%|█▎        | 23.1M/169M [02:45<16:10, 150kB/s]
 14%|█▎        | 23.2M/169M [02:45<16:09, 150kB/s]
 14%|█▎        | 23.2M/169M [02:45<16:00, 152kB/s]
 14%|█▎        | 23.2M/169M [02:45<17:16, 141kB/s]
 14%|█▍        | 23.3M/169M [02:46<16:53, 144kB/s]
 14%|█▍        | 23.3M/169M [02:46<16:33, 147kB/s]
 14%|█▍        | 23.3M/169M [02:46<16:19, 149kB/s]
 14%|█▍        | 23.4M/169M [02:46<16:10, 150kB/s]
 14%|█▍        | 23.4M/169M [02:46<16:06, 151kB/s]
 14%|█▍        | 23.4M/169M [02:47<15:59, 152kB/s]
 14%|█▍        | 23.5M/169M [02:47<15:57, 152kB/s]
 14%|█▍        | 23.5M/169M [02:47<15:51, 153kB/s]
 14%|█▍        | 23.5M/169M [02:47<15:49, 153kB/s]
 14%|█▍        | 23.6M/169M [02:48<16:59, 143kB/s]
 14%|█▍        | 23.6M/169M [02:48<16:37, 146kB/s]
 14%|█▍        | 23.6M/169M [02:48<16:24, 148kB/s]
 14%|█▍        | 23.7M/169M [02:48<16:10, 150kB/s]
 14%|█▍        | 23.7M/169M [02:48<16:07, 150kB/s]
 14%|█▍        | 23.7M/169M [02:49<16:00, 151kB/s]
 14%|█▍        | 23.8M/169M [02:49<15:59, 151kB/s]
 14%|█▍        | 23.8M/169M [02:49<15:56, 152kB/s]
 14%|█▍        | 23.8M/169M [02:49<15:53, 152kB/s]
 14%|█▍        | 23.9M/169M [02:49<15:54, 152kB/s]
 14%|█▍        | 23.9M/169M [02:50<15:54, 152kB/s]
 14%|█▍        | 23.9M/169M [02:50<17:03, 142kB/s]
 14%|█▍        | 24.0M/169M [02:50<16:44, 144kB/s]
 14%|█▍        | 24.0M/169M [02:50<16:25, 147kB/s]
 14%|█▍        | 24.0M/169M [02:51<16:20, 148kB/s]
 14%|█▍        | 24.1M/169M [02:51<16:10, 149kB/s]
 14%|█▍        | 24.1M/169M [02:51<16:02, 151kB/s]
 14%|█▍        | 24.1M/169M [02:51<16:01, 151kB/s]
 14%|█▍        | 24.2M/169M [02:51<15:56, 151kB/s]
 14%|█▍        | 24.2M/169M [02:52<15:56, 151kB/s]
 14%|█▍        | 24.2M/169M [02:52<15:55, 152kB/s]
 14%|█▍        | 24.2M/169M [02:52<17:05, 141kB/s]
 14%|█▍        | 24.3M/169M [02:52<16:41, 145kB/s]
 14%|█▍        | 24.3M/169M [02:53<16:27, 146kB/s]
 14%|█▍        | 24.3M/169M [02:53<16:15, 148kB/s]
 14%|█▍        | 24.4M/169M [02:53<16:08, 149kB/s]
 14%|█▍        | 24.4M/169M [02:53<16:04, 150kB/s]
 14%|█▍        | 24.4M/169M [02:53<15:57, 151kB/s]
 14%|█▍        | 24.5M/169M [02:54<15:56, 151kB/s]
 15%|█▍        | 24.5M/169M [02:54<15:53, 152kB/s]
 15%|█▍        | 24.5M/169M [02:54<15:49, 152kB/s]
 15%|█▍        | 24.6M/169M [02:54<15:49, 152kB/s]
 15%|█▍        | 24.6M/169M [02:55<17:01, 141kB/s]
 15%|█▍        | 24.6M/169M [02:55<16:40, 144kB/s]
 15%|█▍        | 24.7M/169M [02:55<16:21, 147kB/s]
 15%|█▍        | 24.7M/169M [02:55<16:13, 148kB/s]
 15%|█▍        | 24.7M/169M [02:55<16:01, 150kB/s]
 15%|█▍        | 24.8M/169M [02:56<15:58, 151kB/s]
 15%|█▍        | 24.8M/169M [02:56<15:53, 151kB/s]
 15%|█▍        | 24.8M/169M [02:56<15:52, 151kB/s]
 15%|█▍        | 24.9M/169M [02:56<15:49, 152kB/s]
 15%|█▍        | 24.9M/169M [02:57<15:47, 152kB/s]
 15%|█▍        | 24.9M/169M [02:57<16:57, 142kB/s]
 15%|█▍        | 25.0M/169M [02:57<16:34, 145kB/s]
 15%|█▍        | 25.0M/169M [02:57<16:21, 147kB/s]
 15%|█▍        | 25.0M/169M [02:57<16:10, 148kB/s]
 15%|█▍        | 25.1M/169M [02:58<16:04, 149kB/s]
 15%|█▍        | 25.1M/169M [02:58<15:58, 150kB/s]
 15%|█▍        | 25.1M/169M [02:58<15:52, 151kB/s]
 15%|█▍        | 25.2M/169M [02:58<15:45, 152kB/s]
 15%|█▍        | 25.2M/169M [02:59<15:45, 152kB/s]
 15%|█▍        | 25.2M/169M [02:59<15:40, 153kB/s]
 15%|█▍        | 25.3M/169M [02:59<16:48, 143kB/s]
 15%|█▍        | 25.3M/169M [02:59<16:25, 146kB/s]
 15%|█▍        | 25.3M/169M [02:59<16:11, 148kB/s]
 15%|█▌        | 25.4M/169M [03:00<15:57, 150kB/s]
 15%|█▌        | 25.4M/169M [03:00<15:52, 151kB/s]
 15%|█▌        | 25.4M/169M [03:00<15:47, 151kB/s]
 15%|█▌        | 25.5M/169M [03:00<15:43, 152kB/s]
 15%|█▌        | 25.5M/169M [03:00<15:41, 152kB/s]
 15%|█▌        | 25.5M/169M [03:01<15:37, 153kB/s]
 15%|█▌        | 25.6M/169M [03:01<15:36, 153kB/s]
 15%|█▌        | 25.6M/169M [03:01<15:38, 153kB/s]
 15%|█▌        | 25.6M/169M [03:01<16:47, 142kB/s]
 15%|█▌        | 25.7M/169M [03:02<16:27, 145kB/s]
 15%|█▌        | 25.7M/169M [03:02<16:12, 147kB/s]
 15%|█▌        | 25.7M/169M [03:02<16:03, 149kB/s]
 15%|█▌        | 25.8M/169M [03:02<15:53, 150kB/s]
 15%|█▌        | 25.8M/169M [03:02<15:46, 151kB/s]
 15%|█▌        | 25.8M/169M [03:03<15:47, 151kB/s]
 15%|█▌        | 25.9M/169M [03:03<15:46, 151kB/s]
 15%|█▌        | 25.9M/169M [03:03<15:47, 151kB/s]
 15%|█▌        | 25.9M/169M [03:03<15:50, 151kB/s]
 15%|█▌        | 26.0M/169M [03:04<17:04, 140kB/s]
 15%|█▌        | 26.0M/169M [03:04<16:42, 143kB/s]
 15%|█▌        | 26.0M/169M [03:04<16:29, 144kB/s]
 15%|█▌        | 26.1M/169M [03:04<16:22, 146kB/s]
 15%|█▌        | 26.1M/169M [03:04<16:18, 146kB/s]
 15%|█▌        | 26.1M/169M [03:05<16:13, 147kB/s]
 15%|█▌        | 26.1M/169M [03:05<16:08, 147kB/s]
 15%|█▌        | 26.2M/169M [03:05<16:06, 148kB/s]
 16%|█▌        | 26.2M/169M [03:05<16:05, 148kB/s]
 16%|█▌        | 26.2M/169M [03:06<16:02, 148kB/s]
 16%|█▌        | 26.3M/169M [03:06<16:01, 148kB/s]
 16%|█▌        | 26.3M/169M [03:06<17:11, 138kB/s]
 16%|█▌        | 26.3M/169M [03:06<16:53, 141kB/s]
 16%|█▌        | 26.4M/169M [03:07<16:37, 143kB/s]
 16%|█▌        | 26.4M/169M [03:07<16:27, 144kB/s]
 16%|█▌        | 26.4M/169M [03:07<16:21, 145kB/s]
 16%|█▌        | 26.5M/169M [03:07<16:17, 146kB/s]
 16%|█▌        | 26.5M/169M [03:07<16:14, 146kB/s]
 16%|█▌        | 26.5M/169M [03:08<16:10, 147kB/s]
 16%|█▌        | 26.6M/169M [03:08<16:13, 146kB/s]
 16%|█▌        | 26.6M/169M [03:08<16:14, 146kB/s]
 16%|█▌        | 26.6M/169M [03:08<17:27, 136kB/s]
 16%|█▌        | 26.7M/169M [03:09<17:08, 138kB/s]
 16%|█▌        | 26.7M/169M [03:09<16:53, 140kB/s]
 16%|█▌        | 26.7M/169M [03:09<16:43, 142kB/s]
 16%|█▌        | 26.8M/169M [03:09<16:35, 143kB/s]
 16%|█▌        | 26.8M/169M [03:09<16:32, 143kB/s]
 16%|█▌        | 26.8M/169M [03:10<16:30, 143kB/s]
 16%|█▌        | 26.9M/169M [03:10<16:25, 144kB/s]
 16%|█▌        | 26.9M/169M [03:10<16:26, 144kB/s]
 16%|█▌        | 26.9M/169M [03:10<16:23, 144kB/s]
 16%|█▌        | 27.0M/169M [03:11<17:40, 134kB/s]
 16%|█▌        | 27.0M/169M [03:11<17:18, 137kB/s]
 16%|█▌        | 27.0M/169M [03:11<17:00, 139kB/s]
 16%|█▌        | 27.1M/169M [03:11<16:51, 140kB/s]
 16%|█▌        | 27.1M/169M [03:12<16:43, 141kB/s]
 16%|█▌        | 27.1M/169M [03:12<16:37, 142kB/s]
 16%|█▌        | 27.2M/169M [03:12<16:32, 143kB/s]
 16%|█▌        | 27.2M/169M [03:12<16:34, 143kB/s]
 16%|█▌        | 27.2M/169M [03:13<16:35, 142kB/s]
 16%|█▌        | 27.3M/169M [03:13<16:34, 143kB/s]
 16%|█▌        | 27.3M/169M [03:13<16:34, 143kB/s]
 16%|█▌        | 27.3M/169M [03:13<17:44, 133kB/s]
 16%|█▌        | 27.4M/169M [03:13<17:28, 135kB/s]
 16%|█▌        | 27.4M/169M [03:14<17:11, 137kB/s]
 16%|█▌        | 27.4M/169M [03:14<16:59, 139kB/s]
 16%|█▌        | 27.5M/169M [03:14<16:53, 140kB/s]
 16%|█▋        | 27.5M/169M [03:14<16:44, 141kB/s]
 16%|█▋        | 27.5M/169M [03:15<16:40, 141kB/s]
 16%|█▋        | 27.6M/169M [03:15<16:37, 142kB/s]
 16%|█▋        | 27.6M/169M [03:15<16:37, 142kB/s]
 16%|█▋        | 27.6M/169M [03:15<16:34, 142kB/s]
 16%|█▋        | 27.7M/169M [03:16<17:47, 132kB/s]
 16%|█▋        | 27.7M/169M [03:16<17:24, 135kB/s]
 16%|█▋        | 27.7M/169M [03:16<17:05, 138kB/s]
 16%|█▋        | 27.8M/169M [03:16<16:55, 139kB/s]
 16%|█▋        | 27.8M/169M [03:17<16:43, 141kB/s]
 16%|█▋        | 27.8M/169M [03:17<16:42, 141kB/s]
 16%|█▋        | 27.9M/169M [03:17<16:34, 142kB/s]
 17%|█▋        | 27.9M/169M [03:17<16:31, 142kB/s]
 17%|█▋        | 27.9M/169M [03:17<16:31, 142kB/s]
 17%|█▋        | 28.0M/169M [03:18<16:26, 143kB/s]
 17%|█▋        | 28.0M/169M [03:18<16:24, 143kB/s]
 17%|█▋        | 28.0M/169M [03:18<17:37, 133kB/s]
 17%|█▋        | 28.0M/169M [03:18<17:11, 137kB/s]
 17%|█▋        | 28.1M/169M [03:19<16:56, 139kB/s]
 17%|█▋        | 28.1M/169M [03:19<16:42, 141kB/s]
 17%|█▋        | 28.1M/169M [03:19<16:34, 142kB/s]
 17%|█▋        | 28.2M/169M [03:19<16:27, 143kB/s]
 17%|█▋        | 28.2M/169M [03:20<16:19, 144kB/s]
 17%|█▋        | 28.2M/169M [03:20<16:19, 144kB/s]
 17%|█▋        | 28.3M/169M [03:20<16:15, 144kB/s]
 17%|█▋        | 28.3M/169M [03:20<16:14, 144kB/s]
 17%|█▋        | 28.3M/169M [03:21<17:23, 135kB/s]
 17%|█▋        | 28.4M/169M [03:21<17:02, 138kB/s]
 17%|█▋        | 28.4M/169M [03:21<16:46, 140kB/s]
 17%|█▋        | 28.4M/169M [03:21<16:35, 141kB/s]
 17%|█▋        | 28.5M/169M [03:21<16:28, 142kB/s]
 17%|█▋        | 28.5M/169M [03:22<16:21, 143kB/s]
 17%|█▋        | 28.5M/169M [03:22<16:18, 144kB/s]
 17%|█▋        | 28.6M/169M [03:22<16:17, 144kB/s]
 17%|█▋        | 28.6M/169M [03:22<16:15, 144kB/s]
 17%|█▋        | 28.6M/169M [03:23<16:12, 144kB/s]
 17%|█▋        | 28.7M/169M [03:23<16:12, 144kB/s]
 17%|█▋        | 28.7M/169M [03:23<17:22, 135kB/s]
 17%|█▋        | 28.7M/169M [03:23<17:01, 137kB/s]
 17%|█▋        | 28.8M/169M [03:24<16:45, 139kB/s]
 17%|█▋        | 28.8M/169M [03:24<16:33, 141kB/s]
 17%|█▋        | 28.8M/169M [03:24<16:25, 142kB/s]
 17%|█▋        | 28.9M/169M [03:24<16:25, 142kB/s]
 17%|█▋        | 28.9M/169M [03:24<16:19, 143kB/s]
 17%|█▋        | 28.9M/169M [03:25<16:18, 143kB/s]
 17%|█▋        | 29.0M/169M [03:25<16:11, 144kB/s]
 17%|█▋        | 29.0M/169M [03:25<16:12, 144kB/s]
 17%|█▋        | 29.0M/169M [03:25<17:25, 134kB/s]
 17%|█▋        | 29.1M/169M [03:26<17:04, 137kB/s]
 17%|█▋        | 29.1M/169M [03:26<16:48, 139kB/s]
 17%|█▋        | 29.1M/169M [03:26<16:36, 140kB/s]
 17%|█▋        | 29.2M/169M [03:26<16:28, 142kB/s]
 17%|█▋        | 29.2M/169M [03:27<16:22, 142kB/s]
 17%|█▋        | 29.2M/169M [03:27<16:21, 142kB/s]
 17%|█▋        | 29.3M/169M [03:27<16:16, 143kB/s]
 17%|█▋        | 29.3M/169M [03:27<16:15, 143kB/s]
 17%|█▋        | 29.3M/169M [03:27<16:13, 144kB/s]
 17%|█▋        | 29.4M/169M [03:28<17:24, 134kB/s]
 17%|█▋        | 29.4M/169M [03:28<17:06, 136kB/s]
 17%|█▋        | 29.4M/169M [03:28<16:45, 139kB/s]
 17%|█▋        | 29.5M/169M [03:28<16:35, 140kB/s]
 17%|█▋        | 29.5M/169M [03:29<16:29, 141kB/s]
 17%|█▋        | 29.5M/169M [03:29<16:28, 141kB/s]
 17%|█▋        | 29.6M/169M [03:29<16:23, 142kB/s]
 18%|█▊        | 29.6M/169M [03:29<16:22, 142kB/s]
 18%|█▊        | 29.6M/169M [03:30<16:22, 142kB/s]
 18%|█▊        | 29.7M/169M [03:30<16:22, 142kB/s]
 18%|█▊        | 29.7M/169M [03:30<16:21, 142kB/s]
 18%|█▊        | 29.7M/169M [03:30<17:37, 132kB/s]
 18%|█▊        | 29.8M/169M [03:31<17:13, 135kB/s]
 18%|█▊        | 29.8M/169M [03:31<16:55, 137kB/s]
 18%|█▊        | 29.8M/169M [03:31<16:42, 139kB/s]
 18%|█▊        | 29.9M/169M [03:31<16:32, 140kB/s]
 18%|█▊        | 29.9M/169M [03:31<16:29, 141kB/s]
 18%|█▊        | 29.9M/169M [03:32<16:22, 141kB/s]
 18%|█▊        | 29.9M/169M [03:32<16:18, 142kB/s]
 18%|█▊        | 30.0M/169M [03:32<16:18, 142kB/s]
 18%|█▊        | 30.0M/169M [03:32<16:16, 142kB/s]
 18%|█▊        | 30.0M/169M [03:33<17:25, 133kB/s]
 18%|█▊        | 30.1M/169M [03:33<17:04, 136kB/s]
 18%|█▊        | 30.1M/169M [03:33<16:48, 138kB/s]
 18%|█▊        | 30.1M/169M [03:33<16:33, 140kB/s]
 18%|█▊        | 30.2M/169M [03:34<16:23, 141kB/s]
 18%|█▊        | 30.2M/169M [03:34<16:20, 141kB/s]
 18%|█▊        | 30.2M/169M [03:34<16:16, 142kB/s]
 18%|█▊        | 30.3M/169M [03:34<16:10, 143kB/s]
 18%|█▊        | 30.3M/169M [03:34<16:08, 143kB/s]
 18%|█▊        | 30.3M/169M [03:35<16:07, 143kB/s]
 18%|█▊        | 30.4M/169M [03:35<16:06, 143kB/s]
 18%|█▊        | 30.4M/169M [03:35<17:17, 134kB/s]
 18%|█▊        | 30.4M/169M [03:35<16:51, 137kB/s]
 18%|█▊        | 30.5M/169M [03:36<16:37, 139kB/s]
 18%|█▊        | 30.5M/169M [03:36<16:25, 141kB/s]
 18%|█▊        | 30.5M/169M [03:36<16:16, 142kB/s]
 18%|█▊        | 30.6M/169M [03:36<16:11, 142kB/s]
 18%|█▊        | 30.6M/169M [03:37<16:07, 143kB/s]
 18%|█▊        | 30.6M/169M [03:37<16:02, 144kB/s]
 18%|█▊        | 30.7M/169M [03:37<16:04, 143kB/s]
 18%|█▊        | 30.7M/169M [03:37<16:03, 144kB/s]
 18%|█▊        | 30.7M/169M [03:38<17:10, 134kB/s]
 18%|█▊        | 30.8M/169M [03:38<16:47, 137kB/s]
 18%|█▊        | 30.8M/169M [03:38<16:29, 140kB/s]
 18%|█▊        | 30.8M/169M [03:38<16:16, 142kB/s]
 18%|█▊        | 30.9M/169M [03:38<16:08, 143kB/s]
 18%|█▊        | 30.9M/169M [03:39<16:02, 143kB/s]
 18%|█▊        | 30.9M/169M [03:39<15:56, 144kB/s]
 18%|█▊        | 31.0M/169M [03:39<15:55, 144kB/s]
 18%|█▊        | 31.0M/169M [03:39<15:50, 145kB/s]
 18%|█▊        | 31.0M/169M [03:40<15:48, 145kB/s]
 18%|█▊        | 31.1M/169M [03:40<16:58, 135kB/s]
 18%|█▊        | 31.1M/169M [03:40<16:36, 138kB/s]
 18%|█▊        | 31.1M/169M [03:40<16:22, 140kB/s]
 18%|█▊        | 31.2M/169M [03:41<16:11, 142kB/s]
 18%|█▊        | 31.2M/169M [03:41<16:00, 143kB/s]
 18%|█▊        | 31.2M/169M [03:41<15:59, 144kB/s]
 18%|█▊        | 31.3M/169M [03:41<15:56, 144kB/s]
 19%|█▊        | 31.3M/169M [03:41<15:55, 144kB/s]
 19%|█▊        | 31.3M/169M [03:42<15:53, 144kB/s]
 19%|█▊        | 31.4M/169M [03:42<15:51, 145kB/s]
 19%|█▊        | 31.4M/169M [03:42<15:53, 144kB/s]
 19%|█▊        | 31.4M/169M [03:42<17:02, 135kB/s]
 19%|█▊        | 31.5M/169M [03:43<16:41, 137kB/s]
 19%|█▊        | 31.5M/169M [03:43<16:24, 140kB/s]
 19%|█▊        | 31.5M/169M [03:43<16:13, 141kB/s]
 19%|█▊        | 31.6M/169M [03:43<16:02, 143kB/s]
 19%|█▊        | 31.6M/169M [03:44<16:01, 143kB/s]
 19%|█▊        | 31.6M/169M [03:44<15:55, 144kB/s]
 19%|█▊        | 31.7M/169M [03:44<15:53, 144kB/s]
 19%|█▊        | 31.7M/169M [03:44<15:55, 144kB/s]
 19%|█▉        | 31.7M/169M [03:44<15:51, 144kB/s]
 19%|█▉        | 31.8M/169M [03:45<17:03, 134kB/s]
 19%|█▉        | 31.8M/169M [03:45<16:41, 137kB/s]
 19%|█▉        | 31.8M/169M [03:45<16:28, 139kB/s]
 19%|█▉        | 31.9M/169M [03:45<16:17, 140kB/s]
 19%|█▉        | 31.9M/169M [03:46<16:08, 142kB/s]
 19%|█▉        | 31.9M/169M [03:46<16:05, 142kB/s]
 19%|█▉        | 31.9M/169M [03:46<16:03, 142kB/s]
 19%|█▉        | 32.0M/169M [03:46<16:01, 143kB/s]
 19%|█▉        | 32.0M/169M [03:47<15:59, 143kB/s]
 19%|█▉        | 32.0M/169M [03:47<15:59, 143kB/s]
 19%|█▉        | 32.1M/169M [03:47<15:59, 143kB/s]
 19%|█▉        | 32.1M/169M [03:47<17:15, 132kB/s]
 19%|█▉        | 32.1M/169M [03:48<16:55, 135kB/s]
 19%|█▉        | 32.2M/169M [03:48<16:39, 137kB/s]
 19%|█▉        | 32.2M/169M [03:48<16:30, 138kB/s]
 19%|█▉        | 32.2M/169M [03:48<16:19, 140kB/s]
 19%|█▉        | 32.3M/169M [03:48<16:14, 140kB/s]
 19%|█▉        | 32.3M/169M [03:49<16:08, 141kB/s]
 19%|█▉        | 32.3M/169M [03:49<16:04, 142kB/s]
 19%|█▉        | 32.4M/169M [03:49<16:02, 142kB/s]
 19%|█▉        | 32.4M/169M [03:49<16:00, 142kB/s]
 19%|█▉        | 32.4M/169M [03:50<17:14, 132kB/s]
 19%|█▉        | 32.5M/169M [03:50<16:51, 135kB/s]
 19%|█▉        | 32.5M/169M [03:50<16:37, 137kB/s]
 19%|█▉        | 32.5M/169M [03:50<16:24, 139kB/s]
 19%|█▉        | 32.6M/169M [03:51<16:20, 139kB/s]
 19%|█▉        | 32.6M/169M [03:51<16:14, 140kB/s]
 19%|█▉        | 32.6M/169M [03:51<16:08, 141kB/s]
 19%|█▉        | 32.7M/169M [03:51<16:06, 141kB/s]
 19%|█▉        | 32.7M/169M [03:51<16:05, 141kB/s]
 19%|█▉        | 32.7M/169M [03:52<16:01, 142kB/s]
 19%|█▉        | 32.8M/169M [03:52<16:01, 142kB/s]
 19%|█▉        | 32.8M/169M [03:52<17:13, 132kB/s]
 19%|█▉        | 32.8M/169M [03:52<16:53, 134kB/s]
 19%|█▉        | 32.9M/169M [03:53<16:38, 136kB/s]
 19%|█▉        | 32.9M/169M [03:53<16:25, 138kB/s]
 19%|█▉        | 32.9M/169M [03:53<16:18, 139kB/s]
 20%|█▉        | 33.0M/169M [03:53<16:11, 140kB/s]
 20%|█▉        | 33.0M/169M [03:54<16:08, 140kB/s]
 20%|█▉        | 33.0M/169M [03:54<16:05, 141kB/s]
 20%|█▉        | 33.1M/169M [03:54<16:00, 141kB/s]
 20%|█▉        | 33.1M/169M [03:54<16:05, 141kB/s]
 20%|█▉        | 33.1M/169M [03:55<18:31, 122kB/s]
 20%|█▉        | 33.2M/169M [03:55<18:09, 125kB/s]
 20%|█▉        | 33.2M/169M [03:55<16:36, 136kB/s]
 20%|█▉        | 33.2M/169M [03:55<15:42, 144kB/s]
 20%|█▉        | 33.3M/169M [03:56<15:49, 143kB/s]
 20%|█▉        | 33.3M/169M [03:56<15:49, 143kB/s]
 20%|█▉        | 33.3M/169M [03:56<15:49, 143kB/s]
 20%|█▉        | 33.4M/169M [03:56<15:53, 142kB/s]
 20%|█▉        | 33.4M/169M [03:56<15:54, 142kB/s]
 20%|█▉        | 33.4M/169M [03:57<15:55, 142kB/s]
 20%|█▉        | 33.5M/169M [03:57<21:16, 106kB/s]
 20%|█▉        | 33.5M/169M [03:58<24:14, 93.2kB/s]
 20%|█▉        | 33.5M/169M [03:58<24:46, 91.1kB/s]
 20%|█▉        | 33.6M/169M [03:58<22:33, 100kB/s] 
 20%|█▉        | 33.6M/169M [03:58<18:39, 121kB/s]
 20%|█▉        | 33.6M/169M [03:59<16:53, 134kB/s]
 20%|█▉        | 33.7M/169M [03:59<14:33, 155kB/s]
 20%|█▉        | 33.7M/169M [03:59<12:47, 176kB/s]
 20%|█▉        | 33.7M/169M [03:59<13:40, 165kB/s]
 20%|█▉        | 33.8M/169M [03:59<14:21, 157kB/s]
 20%|█▉        | 33.8M/169M [04:00<14:47, 152kB/s]
 20%|██        | 33.8M/169M [04:00<16:19, 138kB/s]
 20%|██        | 33.8M/169M [04:00<16:12, 139kB/s]
 20%|██        | 33.9M/169M [04:00<16:05, 140kB/s]
 20%|██        | 33.9M/169M [04:01<16:02, 140kB/s]
 20%|██        | 33.9M/169M [04:01<16:00, 141kB/s]
 20%|██        | 34.0M/169M [04:01<15:58, 141kB/s]
 20%|██        | 34.0M/169M [04:01<15:57, 141kB/s]
 20%|██        | 34.0M/169M [04:01<15:56, 141kB/s]
 20%|██        | 34.1M/169M [04:02<15:52, 142kB/s]
 20%|██        | 34.1M/169M [04:02<15:51, 142kB/s]
 20%|██        | 34.1M/169M [04:02<17:03, 132kB/s]
 20%|██        | 34.2M/169M [04:02<16:40, 135kB/s]
 20%|██        | 34.2M/169M [04:03<16:26, 137kB/s]
 20%|██        | 34.2M/169M [04:03<16:18, 138kB/s]
 20%|██        | 34.3M/169M [04:03<16:10, 139kB/s]
 20%|██        | 34.3M/169M [04:03<16:06, 139kB/s]
 20%|██        | 34.3M/169M [04:04<15:57, 141kB/s]
 20%|██        | 34.4M/169M [04:04<15:58, 141kB/s]
 20%|██        | 34.4M/169M [04:04<15:56, 141kB/s]
 20%|██        | 34.4M/169M [04:04<15:51, 141kB/s]
 20%|██        | 34.5M/169M [04:05<15:52, 141kB/s]
 20%|██        | 34.5M/169M [04:05<17:05, 131kB/s]
 20%|██        | 34.5M/169M [04:05<16:44, 134kB/s]
 20%|██        | 34.6M/169M [04:05<16:31, 136kB/s]
 20%|██        | 34.6M/169M [04:06<16:17, 137kB/s]
 20%|██        | 34.6M/169M [04:06<16:13, 138kB/s]
 21%|██        | 34.7M/169M [04:06<16:05, 139kB/s]
 21%|██        | 34.7M/169M [04:06<16:01, 140kB/s]
 21%|██        | 34.7M/169M [04:06<15:58, 140kB/s]
 21%|██        | 34.8M/169M [04:07<15:56, 140kB/s]
 21%|██        | 34.8M/169M [04:07<15:54, 141kB/s]
 21%|██        | 34.8M/169M [04:07<17:04, 131kB/s]
 21%|██        | 34.9M/169M [04:07<16:42, 134kB/s]
 21%|██        | 34.9M/169M [04:08<16:28, 136kB/s]
 21%|██        | 34.9M/169M [04:08<16:18, 137kB/s]
 21%|██        | 35.0M/169M [04:08<16:08, 138kB/s]
 21%|██        | 35.0M/169M [04:08<16:04, 139kB/s]
 21%|██        | 35.0M/169M [04:09<15:58, 140kB/s]
 21%|██        | 35.1M/169M [04:09<15:55, 140kB/s]
 21%|██        | 35.1M/169M [04:09<15:53, 140kB/s]
 21%|██        | 35.1M/169M [04:09<15:59, 140kB/s]
 21%|██        | 35.2M/169M [04:10<17:01, 131kB/s]
 21%|██        | 35.2M/169M [04:10<17:58, 124kB/s]
 21%|██        | 35.2M/169M [04:10<17:44, 126kB/s]
 21%|██        | 35.3M/169M [04:10<16:21, 136kB/s]
 21%|██        | 35.3M/169M [04:11<15:27, 144kB/s]
 21%|██        | 35.3M/169M [04:11<15:17, 146kB/s]
 21%|██        | 35.4M/169M [04:11<15:25, 144kB/s]
 21%|██        | 35.4M/169M [04:11<17:42, 126kB/s]
 21%|██        | 35.4M/169M [04:11<15:18, 145kB/s]
 21%|██        | 35.5M/169M [04:12<15:47, 141kB/s]
 21%|██        | 35.5M/169M [04:12<14:58, 149kB/s]
 21%|██        | 35.5M/169M [04:12<16:01, 139kB/s]
 21%|██        | 35.6M/169M [04:12<15:59, 139kB/s]
 21%|██        | 35.6M/169M [04:13<15:45, 141kB/s]
 21%|██        | 35.6M/169M [04:13<15:38, 142kB/s]
 21%|██        | 35.7M/169M [04:13<15:35, 143kB/s]
 21%|██        | 35.7M/169M [04:13<15:31, 143kB/s]
 21%|██        | 35.7M/169M [04:14<15:29, 143kB/s]
 21%|██        | 35.7M/169M [04:14<15:25, 144kB/s]
 21%|██        | 35.8M/169M [04:14<15:19, 145kB/s]
 21%|██        | 35.8M/169M [04:14<15:16, 145kB/s]
 21%|██        | 35.8M/169M [04:14<16:24, 135kB/s]
 21%|██        | 35.9M/169M [04:15<16:04, 138kB/s]
 21%|██▏       | 35.9M/169M [04:15<15:48, 140kB/s]
 21%|██▏       | 35.9M/169M [04:15<15:37, 142kB/s]
 21%|██▏       | 36.0M/169M [04:15<16:36, 134kB/s]
 21%|██▏       | 36.0M/169M [04:16<16:43, 132kB/s]
 21%|██▏       | 36.0M/169M [04:16<15:44, 141kB/s]
 21%|██▏       | 36.1M/169M [04:16<14:49, 149kB/s]
 21%|██▏       | 36.1M/169M [04:16<14:29, 153kB/s]
 21%|██▏       | 36.1M/169M [04:17<16:58, 130kB/s]
 21%|██▏       | 36.2M/169M [04:17<16:00, 138kB/s]
 21%|██▏       | 36.2M/169M [04:17<17:39, 125kB/s]
 21%|██▏       | 36.2M/169M [04:17<17:31, 126kB/s]
 21%|██▏       | 36.3M/169M [04:18<17:22, 127kB/s]
 21%|██▏       | 36.3M/169M [04:18<15:59, 138kB/s]
 22%|██▏       | 36.3M/169M [04:18<14:00, 158kB/s]
 22%|██▏       | 36.4M/169M [04:18<13:27, 164kB/s]
 22%|██▏       | 36.4M/169M [04:18<13:32, 163kB/s]
 22%|██▏       | 36.4M/169M [04:19<14:00, 158kB/s]
 22%|██▏       | 36.5M/169M [04:19<14:18, 154kB/s]
 22%|██▏       | 36.5M/169M [04:19<14:33, 152kB/s]
 22%|██▏       | 36.5M/169M [04:19<15:49, 139kB/s]
 22%|██▏       | 36.6M/169M [04:20<15:36, 141kB/s]
 22%|██▏       | 36.6M/169M [04:20<16:32, 133kB/s]
 22%|██▏       | 36.6M/169M [04:20<16:35, 133kB/s]
 22%|██▏       | 36.7M/169M [04:20<15:35, 141kB/s]
 22%|██▏       | 36.7M/169M [04:20<14:42, 150kB/s]
 22%|██▏       | 36.7M/169M [04:21<14:28, 152kB/s]
 22%|██▏       | 36.8M/169M [04:21<14:39, 150kB/s]
 22%|██▏       | 36.8M/169M [04:21<16:09, 136kB/s]
 22%|██▏       | 36.8M/169M [04:21<15:20, 144kB/s]
 22%|██▏       | 36.9M/169M [04:22<14:43, 149kB/s]
 22%|██▏       | 36.9M/169M [04:22<15:22, 143kB/s]
 22%|██▏       | 36.9M/169M [04:22<15:17, 144kB/s]
 22%|██▏       | 37.0M/169M [04:22<16:44, 131kB/s]
 22%|██▏       | 37.0M/169M [04:23<16:57, 130kB/s]
 22%|██▏       | 37.0M/169M [04:23<15:41, 140kB/s]
 22%|██▏       | 37.1M/169M [04:23<14:46, 149kB/s]
 22%|██▏       | 37.1M/169M [04:23<13:38, 161kB/s]
 22%|██▏       | 37.1M/169M [04:23<14:04, 156kB/s]
 22%|██▏       | 37.2M/169M [04:24<14:18, 154kB/s]
 22%|██▏       | 37.2M/169M [04:24<14:26, 152kB/s]
 22%|██▏       | 37.2M/169M [04:24<15:38, 140kB/s]
 22%|██▏       | 37.3M/169M [04:24<15:20, 143kB/s]
 22%|██▏       | 37.3M/169M [04:25<15:08, 145kB/s]
 22%|██▏       | 37.3M/169M [04:25<15:02, 146kB/s]
 22%|██▏       | 37.4M/169M [04:25<14:55, 147kB/s]
 22%|██▏       | 37.4M/169M [04:25<14:50, 148kB/s]
 22%|██▏       | 37.4M/169M [04:25<14:50, 148kB/s]
 22%|██▏       | 37.5M/169M [04:26<14:47, 148kB/s]
 22%|██▏       | 37.5M/169M [04:26<14:45, 149kB/s]
 22%|██▏       | 37.5M/169M [04:26<14:46, 148kB/s]
 22%|██▏       | 37.6M/169M [04:26<15:50, 138kB/s]
 22%|██▏       | 37.6M/169M [04:27<15:32, 141kB/s]
 22%|██▏       | 37.6M/169M [04:27<15:17, 143kB/s]
 22%|██▏       | 37.7M/169M [04:27<15:07, 145kB/s]
 22%|██▏       | 37.7M/169M [04:27<14:59, 146kB/s]
 22%|██▏       | 37.7M/169M [04:27<14:55, 147kB/s]
 22%|██▏       | 37.7M/169M [04:28<14:51, 147kB/s]
 22%|██▏       | 37.8M/169M [04:28<14:50, 147kB/s]
 22%|██▏       | 37.8M/169M [04:28<14:47, 148kB/s]
 22%|██▏       | 37.8M/169M [04:28<14:47, 148kB/s]
 22%|██▏       | 37.9M/169M [04:29<14:46, 148kB/s]
 22%|██▏       | 37.9M/169M [04:29<15:52, 138kB/s]
 22%|██▏       | 37.9M/169M [04:29<15:34, 140kB/s]
 22%|██▏       | 38.0M/169M [04:29<15:21, 142kB/s]
 22%|██▏       | 38.0M/169M [04:30<15:12, 144kB/s]
 23%|██▎       | 38.0M/169M [04:30<15:07, 144kB/s]
 23%|██▎       | 38.1M/169M [04:30<15:01, 145kB/s]
 23%|██▎       | 38.1M/169M [04:30<14:57, 146kB/s]
 23%|██▎       | 38.1M/169M [04:30<14:51, 147kB/s]
 23%|██▎       | 38.2M/169M [04:31<14:49, 147kB/s]
 23%|██▎       | 38.2M/169M [04:31<14:48, 147kB/s]
 23%|██▎       | 38.2M/169M [04:31<15:55, 137kB/s]
 23%|██▎       | 38.3M/169M [04:31<15:35, 140kB/s]
 23%|██▎       | 38.3M/169M [04:32<15:21, 142kB/s]
 23%|██▎       | 38.3M/169M [04:32<15:13, 143kB/s]
 23%|██▎       | 38.4M/169M [04:32<15:05, 144kB/s]
 23%|██▎       | 38.4M/169M [04:32<14:59, 145kB/s]
 23%|██▎       | 38.4M/169M [04:32<14:57, 145kB/s]
 23%|██▎       | 38.5M/169M [04:33<14:53, 146kB/s]
 23%|██▎       | 38.5M/169M [04:33<14:56, 145kB/s]
 23%|██▎       | 38.5M/169M [04:33<14:49, 147kB/s]
 23%|██▎       | 38.6M/169M [04:33<14:46, 147kB/s]
 23%|██▎       | 38.6M/169M [04:34<15:51, 137kB/s]
 23%|██▎       | 38.6M/169M [04:34<15:31, 140kB/s]
 23%|██▎       | 38.7M/169M [04:34<15:17, 142kB/s]
 23%|██▎       | 38.7M/169M [04:34<15:09, 143kB/s]
 23%|██▎       | 38.7M/169M [04:35<15:03, 144kB/s]
 23%|██▎       | 38.8M/169M [04:35<14:58, 145kB/s]
 23%|██▎       | 38.8M/169M [04:35<14:57, 145kB/s]
 23%|██▎       | 38.8M/169M [04:35<14:54, 146kB/s]
 23%|██▎       | 38.9M/169M [04:35<14:49, 146kB/s]
 23%|██▎       | 38.9M/169M [04:36<14:48, 147kB/s]
 23%|██▎       | 38.9M/169M [04:36<15:52, 137kB/s]
 23%|██▎       | 39.0M/169M [04:36<15:31, 140kB/s]
 23%|██▎       | 39.0M/169M [04:36<15:22, 141kB/s]
 23%|██▎       | 39.0M/169M [04:37<15:14, 142kB/s]
 23%|██▎       | 39.1M/169M [04:37<15:06, 143kB/s]
 23%|██▎       | 39.1M/169M [04:37<15:03, 144kB/s]
 23%|██▎       | 39.1M/169M [04:37<14:57, 145kB/s]
 23%|██▎       | 39.2M/169M [04:37<14:57, 145kB/s]
 23%|██▎       | 39.2M/169M [04:38<14:55, 145kB/s]
 23%|██▎       | 39.2M/169M [04:38<14:52, 145kB/s]
 23%|██▎       | 39.3M/169M [04:38<15:58, 135kB/s]
 23%|██▎       | 39.3M/169M [04:38<15:36, 138kB/s]
 23%|██▎       | 39.3M/169M [04:39<15:21, 141kB/s]
 23%|██▎       | 39.4M/169M [04:39<15:11, 142kB/s]
 23%|██▎       | 39.4M/169M [04:39<15:02, 144kB/s]
 23%|██▎       | 39.4M/169M [04:39<14:58, 144kB/s]
 23%|██▎       | 39.5M/169M [04:40<14:54, 145kB/s]
 23%|██▎       | 39.5M/169M [04:40<14:50, 145kB/s]
 23%|██▎       | 39.5M/169M [04:40<14:48, 146kB/s]
 23%|██▎       | 39.6M/169M [04:40<14:46, 146kB/s]
 23%|██▎       | 39.6M/169M [04:40<14:45, 146kB/s]
 23%|██▎       | 39.6M/169M [04:41<15:52, 136kB/s]
 23%|██▎       | 39.6M/169M [04:41<15:32, 139kB/s]
 23%|██▎       | 39.7M/169M [04:41<15:19, 141kB/s]
 23%|██▎       | 39.7M/169M [04:41<15:06, 143kB/s]
 24%|██▎       | 39.7M/169M [04:42<14:59, 144kB/s]
 24%|██▎       | 39.8M/169M [04:42<14:55, 144kB/s]
 24%|██▎       | 39.8M/169M [04:42<14:50, 145kB/s]
 24%|██▎       | 39.8M/169M [04:42<14:50, 145kB/s]
 24%|██▎       | 39.9M/169M [04:43<14:50, 145kB/s]
 24%|██▎       | 39.9M/169M [04:43<14:49, 145kB/s]
 24%|██▎       | 39.9M/169M [04:43<15:57, 135kB/s]
 24%|██▎       | 40.0M/169M [04:43<15:39, 137kB/s]
 24%|██▎       | 40.0M/169M [04:43<15:24, 140kB/s]
 24%|██▎       | 40.0M/169M [04:44<15:14, 141kB/s]
 24%|██▎       | 40.1M/169M [04:44<15:09, 142kB/s]
 24%|██▎       | 40.1M/169M [04:44<15:05, 142kB/s]
 24%|██▍       | 40.1M/169M [04:44<15:05, 142kB/s]
 24%|██▍       | 40.2M/169M [04:45<15:02, 143kB/s]
 24%|██▍       | 40.2M/169M [04:45<15:01, 143kB/s]
 24%|██▍       | 40.2M/169M [04:45<15:00, 143kB/s]
 24%|██▍       | 40.3M/169M [04:45<14:59, 143kB/s]
 24%|██▍       | 40.3M/169M [04:46<16:06, 133kB/s]
 24%|██▍       | 40.3M/169M [04:46<15:46, 136kB/s]
 24%|██▍       | 40.4M/169M [04:46<15:31, 138kB/s]
 24%|██▍       | 40.4M/169M [04:46<15:23, 139kB/s]
 24%|██▍       | 40.4M/169M [04:47<15:17, 140kB/s]
 24%|██▍       | 40.5M/169M [04:47<15:13, 141kB/s]
 24%|██▍       | 40.5M/169M [04:47<15:14, 140kB/s]
 24%|██▍       | 40.5M/169M [04:47<15:03, 142kB/s]
 24%|██▍       | 40.6M/169M [04:47<15:03, 142kB/s]
 24%|██▍       | 40.6M/169M [04:48<15:01, 142kB/s]
 24%|██▍       | 40.6M/169M [04:48<16:09, 132kB/s]
 24%|██▍       | 40.7M/169M [04:48<15:49, 135kB/s]
 24%|██▍       | 40.7M/169M [04:48<15:33, 137kB/s]
 24%|██▍       | 40.7M/169M [04:49<15:24, 139kB/s]
 24%|██▍       | 40.8M/169M [04:49<15:17, 140kB/s]
 24%|██▍       | 40.8M/169M [04:49<15:12, 141kB/s]
 24%|██▍       | 40.8M/169M [04:49<15:07, 141kB/s]
 24%|██▍       | 40.9M/169M [04:50<15:02, 142kB/s]
 24%|██▍       | 40.9M/169M [04:50<14:59, 142kB/s]
 24%|██▍       | 40.9M/169M [04:50<14:58, 143kB/s]
 24%|██▍       | 41.0M/169M [04:50<14:57, 143kB/s]
 24%|██▍       | 41.0M/169M [04:51<16:04, 133kB/s]
 24%|██▍       | 41.0M/169M [04:51<15:46, 135kB/s]
 24%|██▍       | 41.1M/169M [04:51<15:32, 137kB/s]
 24%|██▍       | 41.1M/169M [04:51<15:20, 139kB/s]
 24%|██▍       | 41.1M/169M [04:51<15:11, 140kB/s]
 24%|██▍       | 41.2M/169M [04:52<15:11, 140kB/s]
 24%|██▍       | 41.2M/169M [04:52<15:08, 141kB/s]
 24%|██▍       | 41.2M/169M [04:52<15:07, 141kB/s]
 24%|██▍       | 41.3M/169M [04:52<15:03, 141kB/s]
 24%|██▍       | 41.3M/169M [04:53<15:04, 141kB/s]
 24%|██▍       | 41.3M/169M [04:53<16:12, 131kB/s]
 24%|██▍       | 41.4M/169M [04:53<15:53, 134kB/s]
 24%|██▍       | 41.4M/169M [04:53<15:38, 136kB/s]
 25%|██▍       | 41.4M/169M [04:54<15:28, 137kB/s]
 25%|██▍       | 41.5M/169M [04:54<15:23, 138kB/s]
 25%|██▍       | 41.5M/169M [04:54<15:20, 139kB/s]
 25%|██▍       | 41.5M/169M [04:54<15:17, 139kB/s]
 25%|██▍       | 41.5M/169M [04:55<15:14, 139kB/s]
 25%|██▍       | 41.6M/169M [04:55<15:12, 140kB/s]
 25%|██▍       | 41.6M/169M [04:55<15:08, 140kB/s]
 25%|██▍       | 41.6M/169M [04:55<16:17, 130kB/s]
 25%|██▍       | 41.7M/169M [04:56<16:57, 125kB/s]
 25%|██▍       | 41.7M/169M [04:56<16:44, 127kB/s]
 25%|██▍       | 41.7M/169M [04:56<15:31, 137kB/s]
 25%|██▍       | 41.8M/169M [04:56<14:44, 144kB/s]
 25%|██▍       | 41.8M/169M [04:56<14:48, 143kB/s]
 25%|██▍       | 41.8M/169M [04:57<14:53, 142kB/s]
 25%|██▍       | 41.9M/169M [04:57<14:51, 143kB/s]
 25%|██▍       | 41.9M/169M [04:57<17:05, 124kB/s]
 25%|██▍       | 41.9M/169M [04:57<15:34, 136kB/s]
 25%|██▍       | 42.0M/169M [04:58<14:50, 143kB/s]
 25%|██▍       | 42.0M/169M [04:58<15:14, 139kB/s]
 25%|██▍       | 42.0M/169M [04:58<15:04, 140kB/s]
 25%|██▍       | 42.1M/169M [04:58<15:02, 141kB/s]
 25%|██▍       | 42.1M/169M [04:59<14:56, 141kB/s]
 25%|██▍       | 42.1M/169M [04:59<14:57, 141kB/s]
 25%|██▍       | 42.2M/169M [04:59<14:55, 142kB/s]
 25%|██▍       | 42.2M/169M [04:59<14:55, 142kB/s]
 25%|██▍       | 42.2M/169M [05:00<14:55, 142kB/s]
 25%|██▌       | 42.3M/169M [05:00<16:05, 131kB/s]
 25%|██▌       | 42.3M/169M [05:00<15:10, 139kB/s]
 25%|██▌       | 42.3M/169M [05:00<15:50, 133kB/s]
 25%|██▌       | 42.4M/169M [05:01<15:20, 138kB/s]
 25%|██▌       | 42.4M/169M [05:01<17:41, 119kB/s]
 25%|██▌       | 42.4M/169M [05:01<17:17, 122kB/s]
 25%|██▌       | 42.5M/169M [05:01<17:01, 124kB/s]
 25%|██▌       | 42.5M/169M [05:02<18:14, 116kB/s]
 25%|██▌       | 42.5M/169M [05:02<17:42, 119kB/s]
 25%|██▌       | 42.6M/169M [05:02<16:08, 131kB/s]
 25%|██▌       | 42.6M/169M [05:02<14:02, 150kB/s]
 25%|██▌       | 42.6M/169M [05:02<13:11, 160kB/s]
 25%|██▌       | 42.7M/169M [05:03<12:05, 174kB/s]
 25%|██▌       | 42.7M/169M [05:03<14:21, 147kB/s]
 25%|██▌       | 42.7M/169M [05:03<14:47, 142kB/s]
 25%|██▌       | 42.8M/169M [05:03<15:04, 140kB/s]
 25%|██▌       | 42.8M/169M [05:04<15:24, 136kB/s]
 25%|██▌       | 42.8M/169M [05:04<15:36, 135kB/s]
 25%|██▌       | 42.9M/169M [05:04<15:46, 133kB/s]
 25%|██▌       | 42.9M/169M [05:04<15:54, 132kB/s]
 25%|██▌       | 42.9M/169M [05:05<16:02, 131kB/s]
 25%|██▌       | 43.0M/169M [05:05<16:10, 130kB/s]
 25%|██▌       | 43.0M/169M [05:05<16:14, 129kB/s]
 25%|██▌       | 43.0M/169M [05:06<17:28, 120kB/s]
 25%|██▌       | 43.1M/169M [05:06<17:06, 123kB/s]
 25%|██▌       | 43.1M/169M [05:06<16:51, 124kB/s]
 26%|██▌       | 43.1M/169M [05:06<16:40, 126kB/s]
 26%|██▌       | 43.2M/169M [05:07<16:31, 127kB/s]
 26%|██▌       | 43.2M/169M [05:07<16:23, 128kB/s]
 26%|██▌       | 43.2M/169M [05:07<16:16, 129kB/s]
 26%|██▌       | 43.3M/169M [05:07<16:12, 129kB/s]
 26%|██▌       | 43.3M/169M [05:08<16:08, 130kB/s]
 26%|██▌       | 43.3M/169M [05:08<16:06, 130kB/s]
 26%|██▌       | 43.4M/169M [05:08<17:15, 121kB/s]
 26%|██▌       | 43.4M/169M [05:08<16:55, 124kB/s]
 26%|██▌       | 43.4M/169M [05:09<16:39, 126kB/s]
 26%|██▌       | 43.5M/169M [05:09<16:27, 127kB/s]
 26%|██▌       | 43.5M/169M [05:09<16:18, 128kB/s]
 26%|██▌       | 43.5M/169M [05:09<16:13, 129kB/s]
 26%|██▌       | 43.5M/169M [05:10<16:08, 129kB/s]
 26%|██▌       | 43.6M/169M [05:10<16:04, 130kB/s]
 26%|██▌       | 43.6M/169M [05:10<16:03, 130kB/s]
 26%|██▌       | 43.6M/169M [05:10<15:59, 131kB/s]
 26%|██▌       | 43.7M/169M [05:11<15:59, 131kB/s]
 26%|██▌       | 43.7M/169M [05:11<17:09, 122kB/s]
 26%|██▌       | 43.7M/169M [05:11<16:47, 124kB/s]
 26%|██▌       | 43.8M/169M [05:11<16:30, 126kB/s]
 26%|██▌       | 43.8M/169M [05:12<16:20, 128kB/s]
 26%|██▌       | 43.8M/169M [05:12<16:10, 129kB/s]
 26%|██▌       | 43.9M/169M [05:12<16:03, 130kB/s]
 26%|██▌       | 43.9M/169M [05:12<15:59, 130kB/s]
 26%|██▌       | 43.9M/169M [05:13<15:56, 131kB/s]
 26%|██▌       | 44.0M/169M [05:13<15:56, 131kB/s]
 26%|██▌       | 44.0M/169M [05:13<15:56, 131kB/s]
 26%|██▌       | 44.0M/169M [05:13<17:07, 122kB/s]
 26%|██▌       | 44.1M/169M [05:14<19:14, 108kB/s]
 26%|██▌       | 44.1M/169M [05:14<18:04, 115kB/s]
 26%|██▌       | 44.1M/169M [05:14<16:31, 126kB/s]
 26%|██▌       | 44.2M/169M [05:15<16:26, 127kB/s]
 26%|██▌       | 44.2M/169M [05:15<15:08, 137kB/s]
 26%|██▌       | 44.2M/169M [05:15<15:11, 137kB/s]
 26%|██▌       | 44.3M/169M [05:15<15:33, 134kB/s]
 26%|██▌       | 44.3M/169M [05:16<17:48, 117kB/s]
 26%|██▌       | 44.3M/169M [05:16<17:25, 119kB/s]
 26%|██▋       | 44.4M/169M [05:16<16:02, 130kB/s]
 26%|██▋       | 44.4M/169M [05:16<16:02, 129kB/s]
 26%|██▋       | 44.4M/169M [05:17<15:47, 131kB/s]
 26%|██▋       | 44.5M/169M [05:17<15:52, 131kB/s]
 26%|██▋       | 44.5M/169M [05:17<15:53, 131kB/s]
 26%|██▋       | 44.5M/169M [05:17<15:55, 130kB/s]
 26%|██▋       | 44.6M/169M [05:18<15:56, 130kB/s]
 26%|██▋       | 44.6M/169M [05:18<18:08, 114kB/s]
 26%|██▋       | 44.6M/169M [05:18<20:12, 103kB/s]
 26%|██▋       | 44.7M/169M [05:19<20:14, 102kB/s]
 26%|██▋       | 44.7M/169M [05:19<17:52, 116kB/s]
 26%|██▋       | 44.7M/169M [05:19<17:12, 120kB/s]
 26%|██▋       | 44.8M/169M [05:19<14:30, 143kB/s]
 27%|██▋       | 44.8M/169M [05:19<13:27, 154kB/s]
 27%|██▋       | 44.8M/169M [05:20<14:11, 146kB/s]
 27%|██▋       | 44.9M/169M [05:20<14:43, 140kB/s]
 27%|██▋       | 44.9M/169M [05:20<16:06, 128kB/s]
 27%|██▋       | 44.9M/169M [05:21<17:25, 119kB/s]
 27%|██▋       | 45.0M/169M [05:21<15:59, 129kB/s]
 27%|██▋       | 45.0M/169M [05:21<14:48, 140kB/s]
 27%|██▋       | 45.0M/169M [05:21<14:54, 139kB/s]
 27%|██▋       | 45.1M/169M [05:22<17:26, 118kB/s]
 27%|██▋       | 45.1M/169M [05:22<20:54, 98.8kB/s]
 27%|██▋       | 45.1M/169M [05:22<21:48, 94.6kB/s]
 27%|██▋       | 45.2M/169M [05:23<20:01, 103kB/s] 
 27%|██▋       | 45.2M/169M [05:23<16:28, 125kB/s]
 27%|██▋       | 45.2M/169M [05:23<15:03, 137kB/s]
 27%|██▋       | 45.3M/169M [05:23<12:55, 160kB/s]
 27%|██▋       | 45.3M/169M [05:23<12:11, 169kB/s]
 27%|██▋       | 45.3M/169M [05:24<13:13, 156kB/s]
 27%|██▋       | 45.4M/169M [05:24<13:56, 148kB/s]
 27%|██▋       | 45.4M/169M [05:24<14:23, 143kB/s]
 27%|██▋       | 45.4M/169M [05:24<15:47, 130kB/s]
 27%|██▋       | 45.4M/169M [05:25<15:38, 132kB/s]
 27%|██▋       | 45.5M/169M [05:25<15:32, 132kB/s]
 27%|██▋       | 45.5M/169M [05:25<15:26, 133kB/s]
 27%|██▋       | 45.5M/169M [05:25<16:33, 124kB/s]
 27%|██▋       | 45.6M/169M [05:26<16:19, 126kB/s]
 27%|██▋       | 45.6M/169M [05:26<16:04, 128kB/s]
 27%|██▋       | 45.6M/169M [05:26<14:08, 145kB/s]
 27%|██▋       | 45.7M/169M [05:26<14:19, 143kB/s]
 27%|██▋       | 45.7M/169M [05:27<15:28, 133kB/s]
 27%|██▋       | 45.7M/169M [05:27<17:00, 121kB/s]
 27%|██▋       | 45.8M/169M [05:27<15:30, 132kB/s]
 27%|██▋       | 45.8M/169M [05:27<14:35, 141kB/s]
 27%|██▋       | 45.8M/169M [05:27<14:30, 141kB/s]
 27%|██▋       | 45.9M/169M [05:28<14:38, 140kB/s]
 27%|██▋       | 45.9M/169M [05:28<14:37, 140kB/s]
 27%|██▋       | 45.9M/169M [05:28<14:39, 140kB/s]
 27%|██▋       | 46.0M/169M [05:28<15:50, 129kB/s]
 27%|██▋       | 46.0M/169M [05:29<14:27, 142kB/s]
 27%|██▋       | 46.0M/169M [05:29<16:34, 124kB/s]
 27%|██▋       | 46.1M/169M [05:29<15:21, 133kB/s]
 27%|██▋       | 46.1M/169M [05:30<16:36, 123kB/s]
 27%|██▋       | 46.1M/169M [05:30<16:30, 124kB/s]
 27%|██▋       | 46.2M/169M [05:30<17:40, 116kB/s]
 27%|██▋       | 46.2M/169M [05:30<17:03, 120kB/s]
 27%|██▋       | 46.2M/169M [05:31<15:35, 131kB/s]
 27%|██▋       | 46.3M/169M [05:31<13:26, 152kB/s]
 27%|██▋       | 46.3M/169M [05:31<12:44, 160kB/s]
 27%|██▋       | 46.3M/169M [05:31<12:36, 162kB/s]
 27%|██▋       | 46.4M/169M [05:31<13:12, 155kB/s]
 27%|██▋       | 46.4M/169M [05:32<13:36, 150kB/s]
 27%|██▋       | 46.4M/169M [05:32<15:00, 136kB/s]
 27%|██▋       | 46.5M/169M [05:32<14:52, 137kB/s]
 28%|██▊       | 46.5M/169M [05:32<14:45, 138kB/s]
 28%|██▊       | 46.5M/169M [05:33<14:43, 139kB/s]
 28%|██▊       | 46.6M/169M [05:33<15:49, 129kB/s]
 28%|██▊       | 46.6M/169M [05:33<14:57, 136kB/s]
 28%|██▊       | 46.6M/169M [05:33<14:54, 137kB/s]
 28%|██▊       | 46.7M/169M [05:33<14:05, 145kB/s]
 28%|██▊       | 46.7M/169M [05:34<14:14, 143kB/s]
 28%|██▊       | 46.7M/169M [05:34<15:38, 130kB/s]
 28%|██▊       | 46.8M/169M [05:34<15:42, 130kB/s]
 28%|██▊       | 46.8M/169M [05:34<15:41, 130kB/s]
 28%|██▊       | 46.8M/169M [05:35<14:20, 142kB/s]
 28%|██▊       | 46.9M/169M [05:35<14:27, 141kB/s]
 28%|██▊       | 46.9M/169M [05:35<14:26, 141kB/s]
 28%|██▊       | 46.9M/169M [05:35<14:31, 140kB/s]
 28%|██▊       | 47.0M/169M [05:36<15:38, 130kB/s]
 28%|██▊       | 47.0M/169M [05:36<14:46, 138kB/s]
 28%|██▊       | 47.0M/169M [05:36<14:52, 137kB/s]
 28%|██▊       | 47.1M/169M [05:36<14:11, 143kB/s]
 28%|██▊       | 47.1M/169M [05:37<16:19, 124kB/s]
 28%|██▊       | 47.1M/169M [05:37<16:27, 123kB/s]
 28%|██▊       | 47.2M/169M [05:37<16:02, 127kB/s]
 28%|██▊       | 47.2M/169M [05:37<14:45, 138kB/s]
 28%|██▊       | 47.2M/169M [05:38<13:42, 148kB/s]
 28%|██▊       | 47.3M/169M [05:38<14:05, 144kB/s]
 28%|██▊       | 47.3M/169M [05:38<15:35, 130kB/s]
 28%|██▊       | 47.3M/169M [05:38<16:41, 122kB/s]
 28%|██▊       | 47.3M/169M [05:39<15:09, 134kB/s]
 28%|██▊       | 47.4M/169M [05:39<13:17, 153kB/s]
 28%|██▊       | 47.4M/169M [05:39<13:36, 149kB/s]
 28%|██▊       | 47.4M/169M [05:39<16:13, 125kB/s]
 28%|██▊       | 47.5M/169M [05:40<16:09, 125kB/s]
 28%|██▊       | 47.5M/169M [05:40<14:51, 136kB/s]
 28%|██▊       | 47.5M/169M [05:40<14:06, 144kB/s]
 28%|██▊       | 47.6M/169M [05:40<14:10, 143kB/s]
 28%|██▊       | 47.6M/169M [05:40<14:16, 142kB/s]
 28%|██▊       | 47.6M/169M [05:41<14:18, 141kB/s]
 28%|██▊       | 47.7M/169M [05:41<14:23, 141kB/s]
 28%|██▊       | 47.7M/169M [05:41<14:25, 140kB/s]
 28%|██▊       | 47.7M/169M [05:41<14:25, 140kB/s]
 28%|██▊       | 47.8M/169M [05:42<14:23, 140kB/s]
 28%|██▊       | 47.8M/169M [05:42<16:40, 121kB/s]
 28%|██▊       | 47.8M/169M [05:42<15:23, 131kB/s]
 28%|██▊       | 47.9M/169M [05:42<14:30, 139kB/s]
 28%|██▊       | 47.9M/169M [05:43<14:18, 141kB/s]
 28%|██▊       | 47.9M/169M [05:43<16:25, 123kB/s]
 28%|██▊       | 48.0M/169M [05:43<15:10, 133kB/s]
 28%|██▊       | 48.0M/169M [05:43<15:18, 132kB/s]
 28%|██▊       | 48.0M/169M [05:44<14:22, 140kB/s]
 28%|██▊       | 48.1M/169M [05:44<13:30, 149kB/s]
 28%|██▊       | 48.1M/169M [05:44<13:29, 149kB/s]
 28%|██▊       | 48.1M/169M [05:44<14:45, 137kB/s]
 29%|██▊       | 48.2M/169M [05:45<14:44, 137kB/s]
 29%|██▊       | 48.2M/169M [05:45<14:30, 139kB/s]
 29%|██▊       | 48.2M/169M [05:45<15:17, 132kB/s]
 29%|██▊       | 48.3M/169M [05:45<15:39, 129kB/s]
 29%|██▊       | 48.3M/169M [05:46<15:24, 131kB/s]
 29%|██▊       | 48.3M/169M [05:46<14:21, 140kB/s]
 29%|██▊       | 48.4M/169M [05:46<13:12, 152kB/s]
 29%|██▊       | 48.4M/169M [05:46<14:52, 135kB/s]
 29%|██▊       | 48.4M/169M [05:46<13:33, 148kB/s]
 29%|██▊       | 48.5M/169M [05:47<13:34, 148kB/s]
 29%|██▊       | 48.5M/169M [05:47<15:04, 133kB/s]
 29%|██▊       | 48.5M/169M [05:47<14:36, 137kB/s]
 29%|██▊       | 48.6M/169M [05:47<14:28, 139kB/s]
 29%|██▉       | 48.6M/169M [05:48<14:22, 140kB/s]
 29%|██▉       | 48.6M/169M [05:48<16:30, 122kB/s]
 29%|██▉       | 48.7M/169M [05:48<13:41, 147kB/s]
 29%|██▉       | 48.7M/169M [05:48<13:49, 145kB/s]
 29%|██▉       | 48.7M/169M [05:49<14:01, 143kB/s]
 29%|██▉       | 48.8M/169M [05:49<13:58, 143kB/s]
 29%|██▉       | 48.8M/169M [05:49<14:01, 143kB/s]
 29%|██▉       | 48.8M/169M [05:49<16:27, 122kB/s]
 29%|██▉       | 48.9M/169M [05:50<16:13, 123kB/s]
 29%|██▉       | 48.9M/169M [05:50<15:01, 133kB/s]
 29%|██▉       | 48.9M/169M [05:50<13:55, 144kB/s]
 29%|██▉       | 49.0M/169M [05:50<13:38, 147kB/s]
 29%|██▉       | 49.0M/169M [05:50<13:51, 144kB/s]
 29%|██▉       | 49.0M/169M [05:51<15:02, 133kB/s]
 29%|██▉       | 49.1M/169M [05:51<15:07, 132kB/s]
 29%|██▉       | 49.1M/169M [05:51<14:07, 142kB/s]
 29%|██▉       | 49.1M/169M [05:51<13:32, 148kB/s]
 29%|██▉       | 49.2M/169M [05:52<13:45, 145kB/s]
 29%|██▉       | 49.2M/169M [05:52<16:16, 123kB/s]
 29%|██▉       | 49.2M/169M [05:52<16:02, 124kB/s]
 29%|██▉       | 49.3M/169M [05:52<14:49, 135kB/s]
 29%|██▉       | 49.3M/169M [05:53<13:45, 145kB/s]
 29%|██▉       | 49.3M/169M [05:53<14:37, 136kB/s]
 29%|██▉       | 49.3M/169M [05:53<15:07, 132kB/s]
 29%|██▉       | 49.4M/169M [05:53<15:01, 133kB/s]
 29%|██▉       | 49.4M/169M [05:54<14:00, 142kB/s]
 29%|██▉       | 49.4M/169M [05:54<13:04, 152kB/s]
 29%|██▉       | 49.5M/169M [05:54<13:26, 148kB/s]
 29%|██▉       | 49.5M/169M [05:54<14:44, 135kB/s]
 29%|██▉       | 49.5M/169M [05:55<15:39, 127kB/s]
 29%|██▉       | 49.6M/169M [05:55<14:42, 135kB/s]
 29%|██▉       | 49.6M/169M [05:55<14:09, 141kB/s]
 29%|██▉       | 49.6M/169M [05:55<14:07, 141kB/s]
 29%|██▉       | 49.7M/169M [05:56<14:11, 140kB/s]
 29%|██▉       | 49.7M/169M [05:56<14:11, 140kB/s]
 29%|██▉       | 49.7M/169M [05:56<15:25, 129kB/s]
 29%|██▉       | 49.8M/169M [05:56<15:23, 129kB/s]
 29%|██▉       | 49.8M/169M [05:56<14:14, 139kB/s]
 29%|██▉       | 49.8M/169M [05:57<15:40, 127kB/s]
 30%|██▉       | 49.9M/169M [05:57<14:36, 136kB/s]
 30%|██▉       | 49.9M/169M [05:57<14:05, 141kB/s]
 30%|██▉       | 49.9M/169M [05:57<14:07, 140kB/s]
 30%|██▉       | 50.0M/169M [05:58<14:10, 140kB/s]
 30%|██▉       | 50.0M/169M [05:58<14:07, 140kB/s]
 30%|██▉       | 50.0M/169M [05:58<14:09, 140kB/s]
 30%|██▉       | 50.1M/169M [05:58<15:17, 130kB/s]
 30%|██▉       | 50.1M/169M [05:59<14:26, 137kB/s]
 30%|██▉       | 50.1M/169M [05:59<14:26, 137kB/s]
 30%|██▉       | 50.2M/169M [05:59<13:42, 145kB/s]
 30%|██▉       | 50.2M/169M [05:59<14:57, 132kB/s]
 30%|██▉       | 50.2M/169M [06:00<14:40, 135kB/s]
 30%|██▉       | 50.3M/169M [06:00<14:28, 137kB/s]
 30%|██▉       | 50.3M/169M [06:00<14:27, 137kB/s]
 30%|██▉       | 50.3M/169M [06:00<14:22, 138kB/s]
 30%|██▉       | 50.4M/169M [06:01<14:21, 138kB/s]
 30%|██▉       | 50.4M/169M [06:01<14:19, 138kB/s]
 30%|██▉       | 50.4M/169M [06:01<14:19, 138kB/s]
 30%|██▉       | 50.5M/169M [06:01<14:20, 138kB/s]
 30%|██▉       | 50.5M/169M [06:02<14:20, 138kB/s]
 30%|██▉       | 50.5M/169M [06:02<16:22, 121kB/s]
 30%|██▉       | 50.6M/169M [06:02<16:02, 123kB/s]
 30%|██▉       | 50.6M/169M [06:02<14:43, 134kB/s]
 30%|██▉       | 50.6M/169M [06:03<16:14, 121kB/s]
 30%|██▉       | 50.7M/169M [06:03<16:01, 123kB/s]
 30%|██▉       | 50.7M/169M [06:03<14:45, 134kB/s]
 30%|███       | 50.7M/169M [06:03<13:49, 143kB/s]
 30%|███       | 50.8M/169M [06:04<14:11, 139kB/s]
 30%|███       | 50.8M/169M [06:04<13:30, 146kB/s]
 30%|███       | 50.8M/169M [06:04<13:08, 150kB/s]
 30%|███       | 50.9M/169M [06:04<16:48, 117kB/s]
 30%|███       | 50.9M/169M [06:05<19:53, 99.0kB/s]
 30%|███       | 50.9M/169M [06:05<18:25, 107kB/s] 
 30%|███       | 51.0M/169M [06:06<21:03, 93.5kB/s]
 30%|███       | 51.0M/169M [06:06<20:19, 96.8kB/s]
 30%|███       | 51.0M/169M [06:06<20:03, 98.0kB/s]
 30%|███       | 51.1M/169M [06:06<18:41, 105kB/s] 
 30%|███       | 51.1M/169M [06:07<16:26, 120kB/s]
 30%|███       | 51.1M/169M [06:07<14:51, 132kB/s]
 30%|███       | 51.2M/169M [06:07<12:55, 152kB/s]
 30%|███       | 51.2M/169M [06:07<11:19, 173kB/s]
 30%|███       | 51.2M/169M [06:07<12:07, 162kB/s]
 30%|███       | 51.2M/169M [06:08<12:42, 154kB/s]
 30%|███       | 51.3M/169M [06:08<13:12, 149kB/s]
 30%|███       | 51.3M/169M [06:08<13:32, 145kB/s]
 30%|███       | 51.3M/169M [06:08<13:38, 144kB/s]
 30%|███       | 51.4M/169M [06:08<13:48, 142kB/s]
 30%|███       | 51.4M/169M [06:09<13:53, 141kB/s]
 30%|███       | 51.4M/169M [06:09<13:58, 140kB/s]
 30%|███       | 51.5M/169M [06:09<14:03, 139kB/s]
 30%|███       | 51.5M/169M [06:09<14:05, 139kB/s]
 30%|███       | 51.5M/169M [06:10<15:10, 129kB/s]
 31%|███       | 51.6M/169M [06:10<14:47, 132kB/s]
 31%|███       | 51.6M/169M [06:10<14:42, 133kB/s]
 31%|███       | 51.6M/169M [06:10<14:34, 134kB/s]
 31%|███       | 51.7M/169M [06:11<14:26, 135kB/s]
 31%|███       | 51.7M/169M [06:11<14:17, 137kB/s]
 31%|███       | 51.7M/169M [06:11<14:15, 137kB/s]
 31%|███       | 51.8M/169M [06:11<14:19, 136kB/s]
 31%|███       | 51.8M/169M [06:12<14:18, 137kB/s]
 31%|███       | 51.8M/169M [06:12<14:12, 137kB/s]
 31%|███       | 51.9M/169M [06:12<14:16, 137kB/s]
 31%|███       | 51.9M/169M [06:12<15:12, 128kB/s]
 31%|███       | 51.9M/169M [06:13<14:49, 132kB/s]
 31%|███       | 52.0M/169M [06:13<14:35, 134kB/s]
 31%|███       | 52.0M/169M [06:13<14:25, 135kB/s]
 31%|███       | 52.0M/169M [06:13<14:23, 135kB/s]
 31%|███       | 52.1M/169M [06:14<14:20, 136kB/s]
 31%|███       | 52.1M/169M [06:14<14:15, 137kB/s]
 31%|███       | 52.1M/169M [06:14<14:12, 137kB/s]
 31%|███       | 52.2M/169M [06:14<14:08, 138kB/s]
 31%|███       | 52.2M/169M [06:15<14:10, 137kB/s]
 31%|███       | 52.2M/169M [06:15<15:11, 128kB/s]
 31%|███       | 52.3M/169M [06:15<14:48, 131kB/s]
 31%|███       | 52.3M/169M [06:15<14:33, 134kB/s]
 31%|███       | 52.3M/169M [06:16<14:24, 135kB/s]
 31%|███       | 52.4M/169M [06:16<14:15, 136kB/s]
 31%|███       | 52.4M/169M [06:16<14:10, 137kB/s]
 31%|███       | 52.4M/169M [06:16<14:09, 137kB/s]
 31%|███       | 52.5M/169M [06:16<14:10, 137kB/s]
 31%|███       | 52.5M/169M [06:17<14:07, 137kB/s]
 31%|███       | 52.5M/169M [06:17<14:04, 138kB/s]
 31%|███       | 52.6M/169M [06:17<14:03, 138kB/s]
 31%|███       | 52.6M/169M [06:17<15:07, 128kB/s]
 31%|███       | 52.6M/169M [06:18<14:51, 131kB/s]
 31%|███       | 52.7M/169M [06:18<14:38, 132kB/s]
 31%|███       | 52.7M/169M [06:18<14:27, 134kB/s]
 31%|███       | 52.7M/169M [06:18<14:20, 135kB/s]
 31%|███       | 52.8M/169M [06:19<14:13, 136kB/s]
 31%|███       | 52.8M/169M [06:19<14:05, 137kB/s]
 31%|███▏      | 52.8M/169M [06:19<14:04, 138kB/s]
 31%|███▏      | 52.9M/169M [06:19<14:01, 138kB/s]
 31%|███▏      | 52.9M/169M [06:20<13:58, 139kB/s]
 31%|███▏      | 52.9M/169M [06:20<15:00, 129kB/s]
 31%|███▏      | 53.0M/169M [06:20<14:39, 132kB/s]
 31%|███▏      | 53.0M/169M [06:20<14:25, 134kB/s]
 31%|███▏      | 53.0M/169M [06:21<14:10, 136kB/s]
 31%|███▏      | 53.1M/169M [06:21<14:07, 137kB/s]
 31%|███▏      | 53.1M/169M [06:21<13:59, 138kB/s]
 31%|███▏      | 53.1M/169M [06:21<13:55, 139kB/s]
 31%|███▏      | 53.1M/169M [06:22<13:53, 139kB/s]
 31%|███▏      | 53.2M/169M [06:22<13:54, 139kB/s]
 31%|███▏      | 53.2M/169M [06:22<13:54, 139kB/s]
 32%|███▏      | 53.2M/169M [06:22<13:51, 139kB/s]
 32%|███▏      | 53.3M/169M [06:23<14:52, 130kB/s]
 32%|███▏      | 53.3M/169M [06:23<14:28, 133kB/s]
 32%|███▏      | 53.3M/169M [06:23<14:16, 135kB/s]
 32%|███▏      | 53.4M/169M [06:23<14:06, 137kB/s]
 32%|███▏      | 53.4M/169M [06:23<13:58, 138kB/s]
 32%|███▏      | 53.4M/169M [06:24<13:55, 138kB/s]
 32%|███▏      | 53.5M/169M [06:24<13:54, 138kB/s]
 32%|███▏      | 53.5M/169M [06:24<13:52, 139kB/s]
 32%|███▏      | 53.5M/169M [06:24<13:54, 138kB/s]
 32%|███▏      | 53.6M/169M [06:25<13:53, 138kB/s]
 32%|███▏      | 53.6M/169M [06:25<14:54, 129kB/s]
 32%|███▏      | 53.6M/169M [06:25<14:37, 131kB/s]
 32%|███▏      | 53.7M/169M [06:25<14:22, 134kB/s]
 32%|███▏      | 53.7M/169M [06:26<14:16, 135kB/s]
 32%|███▏      | 53.7M/169M [06:26<14:15, 135kB/s]
 32%|███▏      | 53.8M/169M [06:26<14:12, 135kB/s]
 32%|███▏      | 53.8M/169M [06:26<14:11, 135kB/s]
 32%|███▏      | 53.8M/169M [06:27<14:12, 135kB/s]
 32%|███▏      | 53.9M/169M [06:27<14:11, 135kB/s]
 32%|███▏      | 53.9M/169M [06:27<14:13, 135kB/s]
 32%|███▏      | 53.9M/169M [06:27<15:14, 126kB/s]
 32%|███▏      | 54.0M/169M [06:28<15:00, 128kB/s]
 32%|███▏      | 54.0M/169M [06:28<14:43, 130kB/s]
 32%|███▏      | 54.0M/169M [06:28<14:36, 131kB/s]
 32%|███▏      | 54.1M/169M [06:28<14:30, 132kB/s]
 32%|███▏      | 54.1M/169M [06:29<14:29, 132kB/s]
 32%|███▏      | 54.1M/169M [06:29<14:24, 133kB/s]
 32%|███▏      | 54.2M/169M [06:29<14:25, 133kB/s]
 32%|███▏      | 54.2M/169M [06:29<14:24, 133kB/s]
 32%|███▏      | 54.2M/169M [06:30<14:19, 133kB/s]
 32%|███▏      | 54.3M/169M [06:30<14:19, 134kB/s]
 32%|███▏      | 54.3M/169M [06:30<15:20, 125kB/s]
 32%|███▏      | 54.3M/169M [06:30<15:00, 127kB/s]
 32%|███▏      | 54.4M/169M [06:31<14:47, 129kB/s]
 32%|███▏      | 54.4M/169M [06:31<14:41, 130kB/s]
 32%|███▏      | 54.4M/169M [06:31<14:33, 131kB/s]
 32%|███▏      | 54.5M/169M [06:31<14:26, 132kB/s]
 32%|███▏      | 54.5M/169M [06:32<14:25, 132kB/s]
 32%|███▏      | 54.5M/169M [06:32<14:26, 132kB/s]
 32%|███▏      | 54.6M/169M [06:32<14:24, 132kB/s]
 32%|███▏      | 54.6M/169M [06:32<14:24, 132kB/s]
 32%|███▏      | 54.6M/169M [06:33<15:27, 123kB/s]
 32%|███▏      | 54.7M/169M [06:33<15:05, 126kB/s]
 32%|███▏      | 54.7M/169M [06:33<14:51, 128kB/s]
 32%|███▏      | 54.7M/169M [06:33<14:43, 129kB/s]
 32%|███▏      | 54.8M/169M [06:34<14:36, 130kB/s]
 32%|███▏      | 54.8M/169M [06:34<14:35, 130kB/s]
 32%|███▏      | 54.8M/169M [06:34<14:32, 131kB/s]
 32%|███▏      | 54.9M/169M [06:34<14:29, 131kB/s]
 32%|███▏      | 54.9M/169M [06:35<14:27, 131kB/s]
 32%|███▏      | 54.9M/169M [06:35<14:26, 132kB/s]
 33%|███▎      | 55.0M/169M [06:35<14:24, 132kB/s]
 33%|███▎      | 55.0M/169M [06:35<15:32, 122kB/s]
 33%|███▎      | 55.0M/169M [06:36<15:08, 125kB/s]
 33%|███▎      | 55.1M/169M [06:36<14:54, 127kB/s]
 33%|███▎      | 55.1M/169M [06:36<14:42, 129kB/s]
 33%|███▎      | 55.1M/169M [06:36<14:38, 130kB/s]
 33%|███▎      | 55.1M/169M [06:37<14:30, 131kB/s]
 33%|███▎      | 55.2M/169M [06:37<14:27, 131kB/s]
 33%|███▎      | 55.2M/169M [06:37<14:26, 131kB/s]
 33%|███▎      | 55.2M/169M [06:37<14:24, 132kB/s]
 33%|███▎      | 55.3M/169M [06:38<14:24, 132kB/s]
 33%|███▎      | 55.3M/169M [06:38<15:29, 122kB/s]
 33%|███▎      | 55.3M/169M [06:38<15:08, 125kB/s]
 33%|███▎      | 55.4M/169M [06:39<14:55, 127kB/s]
 33%|███▎      | 55.4M/169M [06:39<14:45, 128kB/s]
 33%|███▎      | 55.4M/169M [06:39<14:38, 129kB/s]
 33%|███▎      | 55.5M/169M [06:39<14:36, 130kB/s]
 33%|███▎      | 55.5M/169M [06:40<14:33, 130kB/s]
 33%|███▎      | 55.5M/169M [06:40<14:29, 130kB/s]
 33%|███▎      | 55.6M/169M [06:40<14:26, 131kB/s]
 33%|███▎      | 55.6M/169M [06:40<14:24, 131kB/s]
 33%|███▎      | 55.6M/169M [06:41<15:23, 123kB/s]
 33%|███▎      | 55.7M/169M [06:41<15:05, 125kB/s]
 33%|███▎      | 55.7M/169M [06:41<14:55, 127kB/s]
 33%|███▎      | 55.7M/169M [06:41<14:47, 128kB/s]
 33%|███▎      | 55.8M/169M [06:42<14:42, 128kB/s]
 33%|███▎      | 55.8M/169M [06:42<14:37, 129kB/s]
 33%|███▎      | 55.8M/169M [06:42<14:29, 130kB/s]
 33%|███▎      | 55.9M/169M [06:42<14:27, 130kB/s]
 33%|███▎      | 55.9M/169M [06:43<14:28, 130kB/s]
 33%|███▎      | 55.9M/169M [06:43<14:26, 130kB/s]
 33%|███▎      | 56.0M/169M [06:43<14:21, 131kB/s]
 33%|███▎      | 56.0M/169M [06:43<15:26, 122kB/s]
 33%|███▎      | 56.0M/169M [06:44<15:07, 124kB/s]
 33%|███▎      | 56.1M/169M [06:44<14:50, 127kB/s]
 33%|███▎      | 56.1M/169M [06:44<14:41, 128kB/s]
 33%|███▎      | 56.1M/169M [06:44<14:32, 129kB/s]
 33%|███▎      | 56.2M/169M [06:45<14:32, 129kB/s]
 33%|███▎      | 56.2M/169M [06:45<14:29, 130kB/s]
 33%|███▎      | 56.2M/169M [06:45<14:27, 130kB/s]
 33%|███▎      | 56.3M/169M [06:45<14:26, 130kB/s]
 33%|███▎      | 56.3M/169M [06:46<14:24, 130kB/s]
 33%|███▎      | 56.3M/169M [06:46<15:32, 121kB/s]
 33%|███▎      | 56.4M/169M [06:46<15:13, 123kB/s]
 33%|███▎      | 56.4M/169M [06:46<15:00, 125kB/s]
 33%|███▎      | 56.4M/169M [06:47<14:50, 126kB/s]
 33%|███▎      | 56.5M/169M [06:47<14:41, 128kB/s]
 33%|███▎      | 56.5M/169M [06:47<14:36, 128kB/s]
 33%|███▎      | 56.5M/169M [06:47<14:32, 129kB/s]
 33%|███▎      | 56.6M/169M [06:48<14:30, 129kB/s]
 33%|███▎      | 56.6M/169M [06:48<14:30, 129kB/s]
 34%|███▎      | 56.6M/169M [06:48<14:29, 129kB/s]
 34%|███▎      | 56.7M/169M [06:49<14:30, 129kB/s]
 34%|███▎      | 56.7M/169M [06:49<15:34, 120kB/s]
 34%|███▎      | 56.7M/169M [06:49<15:14, 123kB/s]
 34%|███▎      | 56.8M/169M [06:49<15:00, 125kB/s]
 34%|███▎      | 56.8M/169M [06:50<14:51, 126kB/s]
 34%|███▎      | 56.8M/169M [06:50<14:40, 127kB/s]
 34%|███▎      | 56.9M/169M [06:50<14:36, 128kB/s]
 34%|███▎      | 56.9M/169M [06:50<14:37, 128kB/s]
 34%|███▎      | 56.9M/169M [06:51<14:34, 128kB/s]
 34%|███▎      | 57.0M/169M [06:51<14:33, 128kB/s]
 34%|███▎      | 57.0M/169M [06:51<14:34, 128kB/s]
 34%|███▎      | 57.0M/169M [06:51<15:41, 119kB/s]
 34%|███▍      | 57.0M/169M [06:52<15:20, 122kB/s]
 34%|███▍      | 57.1M/169M [06:52<15:04, 124kB/s]
 34%|███▍      | 57.1M/169M [06:52<14:54, 125kB/s]
 34%|███▍      | 57.1M/169M [06:52<14:49, 126kB/s]
 34%|███▍      | 57.2M/169M [06:53<14:43, 127kB/s]
 34%|███▍      | 57.2M/169M [06:53<14:41, 127kB/s]
 34%|███▍      | 57.2M/169M [06:53<14:40, 127kB/s]
 34%|███▍      | 57.3M/169M [06:53<14:38, 127kB/s]
 34%|███▍      | 57.3M/169M [06:54<14:37, 127kB/s]
 34%|███▍      | 57.3M/169M [06:54<14:35, 127kB/s]
 34%|███▍      | 57.4M/169M [06:54<15:41, 119kB/s]
 34%|███▍      | 57.4M/169M [06:55<15:19, 121kB/s]
 34%|███▍      | 57.4M/169M [06:55<15:05, 123kB/s]
 34%|███▍      | 57.5M/169M [06:55<14:54, 125kB/s]
 34%|███▍      | 57.5M/169M [06:55<14:45, 126kB/s]
 34%|███▍      | 57.5M/169M [06:56<14:40, 127kB/s]
 34%|███▍      | 57.6M/169M [06:56<14:35, 127kB/s]
 34%|███▍      | 57.6M/169M [06:56<14:35, 127kB/s]
 34%|███▍      | 57.6M/169M [06:56<14:30, 128kB/s]
 34%|███▍      | 57.7M/169M [06:57<14:33, 128kB/s]
 34%|███▍      | 57.7M/169M [06:57<15:39, 118kB/s]
 34%|███▍      | 57.7M/169M [06:57<15:20, 121kB/s]
 34%|███▍      | 57.8M/169M [06:57<15:02, 123kB/s]
 34%|███▍      | 57.8M/169M [06:58<14:53, 124kB/s]
 34%|███▍      | 57.8M/169M [06:58<14:47, 125kB/s]
 34%|███▍      | 57.9M/169M [06:58<14:40, 126kB/s]
 34%|███▍      | 57.9M/169M [06:58<14:38, 126kB/s]
 34%|███▍      | 57.9M/169M [06:59<14:37, 127kB/s]
 34%|███▍      | 58.0M/169M [06:59<14:32, 127kB/s]
 34%|███▍      | 58.0M/169M [06:59<14:30, 127kB/s]
 34%|███▍      | 58.0M/169M [07:00<15:33, 119kB/s]
 34%|███▍      | 58.1M/169M [07:00<15:16, 121kB/s]
 34%|███▍      | 58.1M/169M [07:00<14:58, 123kB/s]
 34%|███▍      | 58.1M/169M [07:00<14:51, 124kB/s]
 34%|███▍      | 58.2M/169M [07:01<14:43, 125kB/s]
 34%|███▍      | 58.2M/169M [07:01<14:36, 126kB/s]
 34%|███▍      | 58.2M/169M [07:01<14:34, 127kB/s]
 34%|███▍      | 58.3M/169M [07:01<14:35, 126kB/s]
 34%|███▍      | 58.3M/169M [07:02<14:37, 126kB/s]
 35%|███▍      | 58.3M/169M [07:02<14:34, 127kB/s]
 35%|███▍      | 58.4M/169M [07:02<14:34, 127kB/s]
 35%|███▍      | 58.4M/169M [07:02<15:39, 118kB/s]
 35%|███▍      | 58.4M/169M [07:03<15:22, 120kB/s]
 35%|███▍      | 58.5M/169M [07:03<15:06, 122kB/s]
 35%|███▍      | 58.5M/169M [07:03<14:55, 123kB/s]
 35%|███▍      | 58.5M/169M [07:03<14:50, 124kB/s]
 35%|███▍      | 58.6M/169M [07:04<14:42, 125kB/s]
 35%|███▍      | 58.6M/169M [07:04<14:37, 126kB/s]
 35%|███▍      | 58.6M/169M [07:04<14:38, 126kB/s]
 35%|███▍      | 58.7M/169M [07:05<14:34, 126kB/s]
 35%|███▍      | 58.7M/169M [07:05<14:31, 127kB/s]
 35%|███▍      | 58.7M/169M [07:05<15:40, 117kB/s]
 35%|███▍      | 58.8M/169M [07:05<15:17, 120kB/s]
 35%|███▍      | 58.8M/169M [07:06<15:02, 122kB/s]
 35%|███▍      | 58.8M/169M [07:06<14:53, 123kB/s]
 35%|███▍      | 58.9M/169M [07:06<14:45, 124kB/s]
 35%|███▍      | 58.9M/169M [07:06<14:42, 125kB/s]
 35%|███▍      | 58.9M/169M [07:07<14:36, 126kB/s]
 35%|███▍      | 58.9M/169M [07:07<14:34, 126kB/s]
 35%|███▍      | 59.0M/169M [07:07<14:33, 126kB/s]
 35%|███▍      | 59.0M/169M [07:07<14:33, 126kB/s]
 35%|███▍      | 59.0M/169M [07:08<14:31, 126kB/s]
 35%|███▍      | 59.1M/169M [07:08<15:35, 118kB/s]
 35%|███▍      | 59.1M/169M [07:08<15:19, 120kB/s]
 35%|███▍      | 59.1M/169M [07:09<15:04, 122kB/s]
 35%|███▌      | 59.2M/169M [07:09<14:55, 123kB/s]
 35%|███▌      | 59.2M/169M [07:09<14:52, 123kB/s]
 35%|███▌      | 59.2M/169M [07:09<14:46, 124kB/s]
 35%|███▌      | 59.3M/169M [07:10<14:44, 124kB/s]
 35%|███▌      | 59.3M/169M [07:10<14:38, 125kB/s]
 35%|███▌      | 59.3M/169M [07:10<14:37, 125kB/s]
 35%|███▌      | 59.4M/169M [07:10<14:37, 125kB/s]
 35%|███▌      | 59.4M/169M [07:11<15:43, 116kB/s]
 35%|███▌      | 59.4M/169M [07:11<15:22, 119kB/s]
 35%|███▌      | 59.5M/169M [07:11<15:09, 120kB/s]
 35%|███▌      | 59.5M/169M [07:11<14:59, 122kB/s]
 35%|███▌      | 59.5M/169M [07:12<14:54, 122kB/s]
 35%|███▌      | 59.6M/169M [07:12<14:53, 122kB/s]
 35%|███▌      | 59.6M/169M [07:12<15:54, 115kB/s]
 35%|███▌      | 59.6M/169M [07:13<16:20, 112kB/s]
 35%|███▌      | 59.7M/169M [07:13<14:53, 122kB/s]
 35%|███▌      | 59.7M/169M [07:13<14:06, 129kB/s]
 35%|███▌      | 59.7M/169M [07:13<15:29, 118kB/s]
 35%|███▌      | 59.8M/169M [07:14<15:16, 119kB/s]
 35%|███▌      | 59.8M/169M [07:14<15:07, 120kB/s]
 35%|███▌      | 59.8M/169M [07:14<15:02, 121kB/s]
 35%|███▌      | 59.9M/169M [07:15<14:58, 121kB/s]
 35%|███▌      | 59.9M/169M [07:15<14:53, 122kB/s]
 35%|███▌      | 59.9M/169M [07:15<14:49, 123kB/s]
 35%|███▌      | 60.0M/169M [07:15<14:48, 123kB/s]
 36%|███▌      | 60.0M/169M [07:16<14:49, 122kB/s]
 36%|███▌      | 60.0M/169M [07:16<14:48, 123kB/s]
 36%|███▌      | 60.1M/169M [07:16<14:47, 123kB/s]
 36%|███▌      | 60.1M/169M [07:16<15:57, 114kB/s]
 36%|███▌      | 60.1M/169M [07:17<15:38, 116kB/s]
 36%|███▌      | 60.2M/169M [07:17<15:27, 117kB/s]
 36%|███▌      | 60.2M/169M [07:17<15:15, 119kB/s]
 36%|███▌      | 60.2M/169M [07:18<15:06, 120kB/s]
 36%|███▌      | 60.3M/169M [07:18<15:05, 120kB/s]
 36%|███▌      | 60.3M/169M [07:18<14:57, 121kB/s]
 36%|███▌      | 60.3M/169M [07:18<14:56, 121kB/s]
 36%|███▌      | 60.4M/169M [07:19<14:53, 122kB/s]
 36%|███▌      | 60.4M/169M [07:19<14:51, 122kB/s]
 36%|███▌      | 60.4M/169M [07:19<15:56, 114kB/s]
 36%|███▌      | 60.5M/169M [07:19<15:37, 116kB/s]
 36%|███▌      | 60.5M/169M [07:20<15:22, 118kB/s]
 36%|███▌      | 60.5M/169M [07:20<15:13, 119kB/s]
 36%|███▌      | 60.6M/169M [07:20<15:07, 119kB/s]
 36%|███▌      | 60.6M/169M [07:21<15:02, 120kB/s]
 36%|███▌      | 60.6M/169M [07:21<14:59, 120kB/s]
 36%|███▌      | 60.7M/169M [07:21<14:56, 121kB/s]
 36%|███▌      | 60.7M/169M [07:21<14:52, 121kB/s]
 36%|███▌      | 60.7M/169M [07:22<14:51, 121kB/s]
 36%|███▌      | 60.8M/169M [07:22<14:50, 122kB/s]
 36%|███▌      | 60.8M/169M [07:22<15:56, 113kB/s]
 36%|███▌      | 60.8M/169M [07:22<15:37, 115kB/s]
 36%|███▌      | 60.9M/169M [07:23<15:22, 117kB/s]
 36%|███▌      | 60.9M/169M [07:23<15:14, 118kB/s]
 36%|███▌      | 60.9M/169M [07:23<15:07, 119kB/s]
 36%|███▌      | 60.9M/169M [07:24<15:01, 120kB/s]
 36%|███▌      | 61.0M/169M [07:24<15:02, 120kB/s]
 36%|███▌      | 61.0M/169M [07:24<14:58, 120kB/s]
 36%|███▌      | 61.0M/169M [07:24<14:56, 120kB/s]
 36%|███▌      | 61.1M/169M [07:25<14:55, 121kB/s]
 36%|███▌      | 61.1M/169M [07:25<16:03, 112kB/s]
 36%|███▌      | 61.1M/169M [07:25<15:41, 115kB/s]
 36%|███▌      | 61.2M/169M [07:26<15:24, 117kB/s]
 36%|███▌      | 61.2M/169M [07:26<15:17, 117kB/s]
 36%|███▌      | 61.2M/169M [07:26<15:08, 119kB/s]
 36%|███▋      | 61.3M/169M [07:26<15:03, 119kB/s]
 36%|███▋      | 61.3M/169M [07:27<15:02, 119kB/s]
 36%|███▋      | 61.3M/169M [07:27<14:59, 120kB/s]
 36%|███▋      | 61.4M/169M [07:27<14:58, 120kB/s]
 36%|███▋      | 61.4M/169M [07:27<14:54, 120kB/s]
 36%|███▋      | 61.4M/169M [07:28<14:54, 120kB/s]
 36%|███▋      | 61.5M/169M [07:28<16:01, 112kB/s]
 36%|███▋      | 61.5M/169M [07:28<15:40, 114kB/s]
 36%|███▋      | 61.5M/169M [07:29<15:25, 116kB/s]
 36%|███▋      | 61.6M/169M [07:29<15:11, 118kB/s]
 36%|███▋      | 61.6M/169M [07:29<15:06, 118kB/s]
 36%|███▋      | 61.6M/169M [07:29<15:01, 119kB/s]
 36%|███▋      | 61.7M/169M [07:30<14:56, 120kB/s]
 37%|███▋      | 61.7M/169M [07:30<14:53, 120kB/s]
 37%|███▋      | 61.7M/169M [07:30<14:50, 120kB/s]
 37%|███▋      | 61.8M/169M [07:30<14:46, 121kB/s]
 37%|███▋      | 61.8M/169M [07:31<15:54, 112kB/s]
 37%|███▋      | 61.8M/169M [07:31<17:22, 103kB/s]
 37%|███▋      | 61.9M/169M [07:32<17:24, 103kB/s]
 37%|███▋      | 61.9M/169M [07:32<15:15, 117kB/s]
 37%|███▋      | 61.9M/169M [07:32<14:51, 120kB/s]
 37%|███▋      | 62.0M/169M [07:32<13:43, 130kB/s]
 37%|███▋      | 62.0M/169M [07:32<13:59, 127kB/s]
 37%|███▋      | 62.0M/169M [07:33<14:12, 125kB/s]
 37%|███▋      | 62.1M/169M [07:33<14:18, 125kB/s]
 37%|███▋      | 62.1M/169M [07:33<14:23, 124kB/s]
 37%|███▋      | 62.1M/169M [07:34<15:36, 114kB/s]
 37%|███▋      | 62.2M/169M [07:34<15:15, 117kB/s]
 37%|███▋      | 62.2M/169M [07:34<14:58, 119kB/s]
 37%|███▋      | 62.2M/169M [07:34<14:50, 120kB/s]
 37%|███▋      | 62.3M/169M [07:35<14:44, 121kB/s]
 37%|███▋      | 62.3M/169M [07:35<14:44, 121kB/s]
 37%|███▋      | 62.3M/169M [07:35<14:39, 121kB/s]
 37%|███▋      | 62.4M/169M [07:35<14:37, 122kB/s]
 37%|███▋      | 62.4M/169M [07:36<14:41, 121kB/s]
 37%|███▋      | 62.4M/169M [07:36<14:39, 121kB/s]
 37%|███▋      | 62.5M/169M [07:36<14:40, 121kB/s]
 37%|███▋      | 62.5M/169M [07:37<15:46, 113kB/s]
 37%|███▋      | 62.5M/169M [07:37<15:25, 115kB/s]
 37%|███▋      | 62.6M/169M [07:37<15:12, 117kB/s]
 37%|███▋      | 62.6M/169M [07:37<15:03, 118kB/s]
 37%|███▋      | 62.6M/169M [07:38<14:55, 119kB/s]
 37%|███▋      | 62.7M/169M [07:38<14:49, 120kB/s]
 37%|███▋      | 62.7M/169M [07:38<14:47, 120kB/s]
 37%|███▋      | 62.7M/169M [07:39<14:44, 120kB/s]
 37%|███▋      | 62.8M/169M [07:39<14:43, 120kB/s]
 37%|███▋      | 62.8M/169M [07:39<14:41, 120kB/s]
 37%|███▋      | 62.8M/169M [07:39<15:46, 112kB/s]
 37%|███▋      | 62.8M/169M [07:40<15:24, 115kB/s]
 37%|███▋      | 62.9M/169M [07:40<15:11, 116kB/s]
 37%|███▋      | 62.9M/169M [07:40<15:01, 118kB/s]
 37%|███▋      | 62.9M/169M [07:40<14:52, 119kB/s]
 37%|███▋      | 63.0M/169M [07:41<14:45, 120kB/s]
 37%|███▋      | 63.0M/169M [07:41<14:45, 120kB/s]
 37%|███▋      | 63.0M/169M [07:41<14:43, 120kB/s]
 37%|███▋      | 63.1M/169M [07:42<14:43, 120kB/s]
 37%|███▋      | 63.1M/169M [07:42<14:40, 120kB/s]
 37%|███▋      | 63.1M/169M [07:42<14:39, 120kB/s]
 37%|███▋      | 63.2M/169M [07:42<15:45, 112kB/s]
 37%|███▋      | 63.2M/169M [07:43<15:26, 114kB/s]
 37%|███▋      | 63.2M/169M [07:43<15:11, 116kB/s]
 37%|███▋      | 63.3M/169M [07:43<15:01, 117kB/s]
 37%|███▋      | 63.3M/169M [07:44<14:55, 118kB/s]
 37%|███▋      | 63.3M/169M [07:44<14:47, 119kB/s]
 37%|███▋      | 63.4M/169M [07:44<14:48, 119kB/s]
 38%|███▊      | 63.4M/169M [07:44<14:46, 119kB/s]
 38%|███▊      | 63.4M/169M [07:45<14:41, 120kB/s]
 38%|███▊      | 63.5M/169M [07:45<14:40, 120kB/s]
 38%|███▊      | 63.5M/169M [07:45<15:55, 110kB/s]
 38%|███▊      | 63.5M/169M [07:46<15:37, 112kB/s]
 38%|███▊      | 63.6M/169M [07:46<15:28, 114kB/s]
 38%|███▊      | 63.6M/169M [07:46<15:21, 114kB/s]
 38%|███▊      | 63.6M/169M [07:46<15:13, 115kB/s]
 38%|███▊      | 63.7M/169M [07:47<15:13, 115kB/s]
 38%|███▊      | 63.7M/169M [07:47<15:10, 116kB/s]
 38%|███▊      | 63.7M/169M [07:47<15:05, 116kB/s]
 38%|███▊      | 63.8M/169M [07:48<15:09, 116kB/s]
 38%|███▊      | 63.8M/169M [07:48<15:11, 115kB/s]
 38%|███▊      | 63.8M/169M [07:48<16:18, 108kB/s]
 38%|███▊      | 63.9M/169M [07:48<15:56, 110kB/s]
 38%|███▊      | 63.9M/169M [07:49<15:43, 111kB/s]
 38%|███▊      | 63.9M/169M [07:49<15:33, 113kB/s]
 38%|███▊      | 64.0M/169M [07:49<15:27, 113kB/s]
 38%|███▊      | 64.0M/169M [07:50<15:20, 114kB/s]
 38%|███▊      | 64.0M/169M [07:50<15:18, 114kB/s]
 38%|███▊      | 64.1M/169M [07:50<15:17, 114kB/s]
 38%|███▊      | 64.1M/169M [07:50<15:14, 115kB/s]
 38%|███▊      | 64.1M/169M [07:51<15:12, 115kB/s]
 38%|███▊      | 64.2M/169M [07:51<15:09, 115kB/s]
 38%|███▊      | 64.2M/169M [07:51<16:17, 107kB/s]
 38%|███▊      | 64.2M/169M [07:52<15:55, 110kB/s]
 38%|███▊      | 64.3M/169M [07:52<15:39, 111kB/s]
 38%|███▊      | 64.3M/169M [07:52<15:28, 113kB/s]
 38%|███▊      | 64.3M/169M [07:52<15:21, 114kB/s]
 38%|███▊      | 64.4M/169M [07:53<15:16, 114kB/s]
 38%|███▊      | 64.4M/169M [07:53<15:09, 115kB/s]
 38%|███▊      | 64.4M/169M [07:53<15:06, 115kB/s]
 38%|███▊      | 64.5M/169M [07:54<15:01, 116kB/s]
 38%|███▊      | 64.5M/169M [07:54<14:56, 117kB/s]
 38%|███▊      | 64.5M/169M [07:54<16:03, 108kB/s]
 38%|███▊      | 64.6M/169M [07:55<15:40, 111kB/s]
 38%|███▊      | 64.6M/169M [07:55<15:23, 113kB/s]
 38%|███▊      | 64.6M/169M [07:55<15:12, 114kB/s]
 38%|███▊      | 64.7M/169M [07:55<15:03, 115kB/s]
 38%|███▊      | 64.7M/169M [07:56<14:55, 116kB/s]
 38%|███▊      | 64.7M/169M [07:56<14:53, 117kB/s]
 38%|███▊      | 64.7M/169M [07:56<14:48, 117kB/s]
 38%|███▊      | 64.8M/169M [07:56<14:44, 118kB/s]
 38%|███▊      | 64.8M/169M [07:57<14:39, 118kB/s]
 38%|███▊      | 64.8M/169M [07:57<14:38, 119kB/s]
 38%|███▊      | 64.9M/169M [07:57<15:42, 110kB/s]
 38%|███▊      | 64.9M/169M [07:58<15:22, 113kB/s]
 38%|███▊      | 64.9M/169M [07:58<15:07, 115kB/s]
 38%|███▊      | 65.0M/169M [07:58<14:55, 116kB/s]
 38%|███▊      | 65.0M/169M [07:58<14:47, 117kB/s]
 38%|███▊      | 65.0M/169M [07:59<14:39, 118kB/s]
 39%|███▊      | 65.1M/169M [07:59<14:36, 119kB/s]
 39%|███▊      | 65.1M/169M [07:59<14:34, 119kB/s]
 39%|███▊      | 65.1M/169M [08:00<14:33, 119kB/s]
 39%|███▊      | 65.2M/169M [08:00<14:33, 119kB/s]
 39%|███▊      | 65.2M/169M [08:00<15:33, 111kB/s]
 39%|███▊      | 65.2M/169M [08:00<15:14, 113kB/s]
 39%|███▊      | 65.3M/169M [08:01<15:01, 115kB/s]
 39%|███▊      | 65.3M/169M [08:01<14:48, 117kB/s]
 39%|███▊      | 65.3M/169M [08:01<14:40, 118kB/s]
 39%|███▊      | 65.4M/169M [08:02<14:34, 118kB/s]
 39%|███▊      | 65.4M/169M [08:02<14:29, 119kB/s]
 39%|███▊      | 65.4M/169M [08:02<14:29, 119kB/s]
 39%|███▊      | 65.5M/169M [08:02<14:25, 120kB/s]
 39%|███▉      | 65.5M/169M [08:03<14:23, 120kB/s]
 39%|███▉      | 65.5M/169M [08:03<14:23, 120kB/s]
 39%|███▉      | 65.6M/169M [08:03<15:25, 112kB/s]
 39%|███▉      | 65.6M/169M [08:03<15:06, 114kB/s]
 39%|███▉      | 65.6M/169M [08:04<14:53, 116kB/s]
 39%|███▉      | 65.7M/169M [08:04<15:37, 110kB/s]
 39%|███▉      | 65.7M/169M [08:04<16:58, 101kB/s]
 39%|███▉      | 65.7M/169M [08:05<15:10, 113kB/s]
 39%|███▉      | 65.8M/169M [08:05<13:43, 125kB/s]
 39%|███▉      | 65.8M/169M [08:05<13:23, 128kB/s]
 39%|███▉      | 65.8M/169M [08:05<13:38, 126kB/s]
 39%|███▉      | 65.9M/169M [08:06<13:50, 124kB/s]
 39%|███▉      | 65.9M/169M [08:06<15:00, 114kB/s]
 39%|███▉      | 65.9M/169M [08:06<14:46, 116kB/s]
 39%|███▉      | 66.0M/169M [08:07<14:36, 118kB/s]
 39%|███▉      | 66.0M/169M [08:07<14:28, 119kB/s]
 39%|███▉      | 66.0M/169M [08:07<14:23, 119kB/s]
 39%|███▉      | 66.1M/169M [08:07<14:25, 119kB/s]
 39%|███▉      | 66.1M/169M [08:08<14:21, 119kB/s]
 39%|███▉      | 66.1M/169M [08:08<19:14, 89.1kB/s]
 39%|███▉      | 66.2M/169M [08:09<18:20, 93.4kB/s]
 39%|███▉      | 66.2M/169M [08:09<15:55, 108kB/s] 
 39%|███▉      | 66.2M/169M [08:09<14:17, 120kB/s]
 39%|███▉      | 66.3M/169M [08:09<12:13, 140kB/s]
 39%|███▉      | 66.3M/169M [08:09<12:49, 134kB/s]
 39%|███▉      | 66.3M/169M [08:10<13:15, 129kB/s]
 39%|███▉      | 66.4M/169M [08:10<13:34, 126kB/s]
 39%|███▉      | 66.4M/169M [08:10<13:48, 124kB/s]
 39%|███▉      | 66.4M/169M [08:10<13:53, 123kB/s]
 39%|███▉      | 66.5M/169M [08:11<14:01, 122kB/s]
 39%|███▉      | 66.5M/169M [08:11<17:53, 95.5kB/s]
 39%|███▉      | 66.5M/169M [08:12<18:39, 91.6kB/s]
 39%|███▉      | 66.6M/169M [08:12<16:20, 104kB/s] 
 39%|███▉      | 66.6M/169M [08:12<15:15, 112kB/s]
 39%|███▉      | 66.6M/169M [08:12<12:52, 133kB/s]
 39%|███▉      | 66.7M/169M [08:12<11:52, 144kB/s]
 39%|███▉      | 66.7M/169M [08:13<12:26, 137kB/s]
 39%|███▉      | 66.7M/169M [08:13<12:53, 132kB/s]
 39%|███▉      | 66.7M/169M [08:13<15:08, 112kB/s]
 40%|███▉      | 66.8M/169M [08:14<14:35, 117kB/s]
 40%|███▉      | 66.8M/169M [08:14<13:22, 127kB/s]
 40%|███▉      | 66.8M/169M [08:14<12:48, 133kB/s]
 40%|███▉      | 66.9M/169M [08:14<13:05, 130kB/s]
 40%|███▉      | 66.9M/169M [08:15<14:23, 118kB/s]
 40%|███▉      | 66.9M/169M [08:15<14:16, 119kB/s]
 40%|███▉      | 67.0M/169M [08:15<14:08, 120kB/s]
 40%|███▉      | 67.0M/169M [08:15<14:05, 121kB/s]
 40%|███▉      | 67.0M/169M [08:16<14:02, 121kB/s]
 40%|███▉      | 67.1M/169M [08:16<14:00, 121kB/s]
 40%|███▉      | 67.1M/169M [08:16<13:54, 122kB/s]
 40%|███▉      | 67.1M/169M [08:16<13:52, 122kB/s]
 40%|███▉      | 67.2M/169M [08:17<13:48, 123kB/s]
 40%|███▉      | 67.2M/169M [08:17<13:46, 123kB/s]
 40%|███▉      | 67.2M/169M [08:17<13:46, 123kB/s]
 40%|███▉      | 67.3M/169M [08:18<14:45, 115kB/s]
 40%|███▉      | 67.3M/169M [08:18<14:27, 117kB/s]
 40%|███▉      | 67.3M/169M [08:18<14:12, 119kB/s]
 40%|███▉      | 67.4M/169M [08:18<14:01, 121kB/s]
 40%|███▉      | 67.4M/169M [08:19<13:54, 122kB/s]
 40%|███▉      | 67.4M/169M [08:19<13:51, 122kB/s]
 40%|███▉      | 67.5M/169M [08:19<13:47, 123kB/s]
 40%|███▉      | 67.5M/169M [08:19<13:48, 123kB/s]
 40%|███▉      | 67.5M/169M [08:20<13:44, 123kB/s]
 40%|███▉      | 67.6M/169M [08:20<13:42, 123kB/s]
 40%|███▉      | 67.6M/169M [08:20<14:38, 115kB/s]
 40%|████      | 67.6M/169M [08:21<14:21, 118kB/s]
 40%|████      | 67.7M/169M [08:21<14:07, 120kB/s]
 40%|████      | 67.7M/169M [08:21<13:55, 121kB/s]
 40%|████      | 67.7M/169M [08:21<13:49, 122kB/s]
 40%|████      | 67.8M/169M [08:22<13:44, 123kB/s]
 40%|████      | 67.8M/169M [08:22<13:40, 123kB/s]
 40%|████      | 67.8M/169M [08:22<13:39, 123kB/s]
 40%|████      | 67.9M/169M [08:22<13:36, 124kB/s]
 40%|████      | 67.9M/169M [08:23<13:38, 124kB/s]
 40%|████      | 67.9M/169M [08:23<14:38, 115kB/s]
 40%|████      | 68.0M/169M [08:23<14:19, 118kB/s]
 40%|████      | 68.0M/169M [08:24<14:06, 119kB/s]
 40%|████      | 68.0M/169M [08:24<13:55, 121kB/s]
 40%|████      | 68.1M/169M [08:24<13:50, 121kB/s]
 40%|████      | 68.1M/169M [08:24<13:45, 122kB/s]
 40%|████      | 68.1M/169M [08:25<13:43, 123kB/s]
 40%|████      | 68.2M/169M [08:25<13:37, 123kB/s]
 40%|████      | 68.2M/169M [08:25<13:35, 124kB/s]
 40%|████      | 68.2M/169M [08:25<13:35, 124kB/s]
 40%|████      | 68.3M/169M [08:26<13:31, 124kB/s]
 40%|████      | 68.3M/169M [08:26<14:32, 115kB/s]
 40%|████      | 68.3M/169M [08:26<14:15, 118kB/s]
 40%|████      | 68.4M/169M [08:27<14:04, 119kB/s]
 40%|████      | 68.4M/169M [08:27<16:45, 100kB/s]
 40%|████      | 68.4M/169M [08:27<18:41, 89.7kB/s]
 41%|████      | 68.5M/169M [08:28<17:05, 98.0kB/s]
 41%|████      | 68.5M/169M [08:28<14:53, 112kB/s] 
 41%|████      | 68.5M/169M [08:28<12:42, 132kB/s]
 41%|████      | 68.6M/169M [08:28<10:58, 153kB/s]
 41%|████      | 68.6M/169M [08:28<10:58, 152kB/s]
 41%|████      | 68.6M/169M [08:29<12:45, 131kB/s]
 41%|████      | 68.6M/169M [08:29<17:45, 94.2kB/s]
 41%|████      | 68.7M/169M [08:30<17:19, 96.5kB/s]
 41%|████      | 68.7M/169M [08:30<15:11, 110kB/s] 
 41%|████      | 68.7M/169M [08:30<13:34, 123kB/s]
 41%|████      | 68.8M/169M [08:30<11:37, 144kB/s]
 41%|████      | 68.8M/169M [08:30<10:29, 159kB/s]
 41%|████      | 68.8M/169M [08:31<11:18, 148kB/s]
 41%|████      | 68.9M/169M [08:31<11:57, 140kB/s]
 41%|████      | 68.9M/169M [08:31<12:25, 134kB/s]
 41%|████      | 68.9M/169M [08:31<12:43, 131kB/s]
 41%|████      | 69.0M/169M [08:32<13:58, 119kB/s]
 41%|████      | 69.0M/169M [08:32<13:48, 121kB/s]
 41%|████      | 69.0M/169M [08:33<18:27, 90.3kB/s]
 41%|████      | 69.1M/169M [08:33<17:50, 93.3kB/s]
 41%|████      | 69.1M/169M [08:33<15:34, 107kB/s] 
 41%|████      | 69.1M/169M [08:33<13:48, 121kB/s]
 41%|████      | 69.2M/169M [08:33<11:47, 141kB/s]
 41%|████      | 69.2M/169M [08:34<10:35, 157kB/s]
 41%|████      | 69.2M/169M [08:34<11:28, 145kB/s]
 41%|████      | 69.3M/169M [08:34<12:03, 138kB/s]
 41%|████      | 69.3M/169M [08:34<13:28, 123kB/s]
 41%|████      | 69.3M/169M [08:35<13:24, 124kB/s]
 41%|████      | 69.4M/169M [08:35<13:24, 124kB/s]
 41%|████      | 69.4M/169M [08:35<13:22, 124kB/s]
 41%|████      | 69.4M/169M [08:35<13:22, 124kB/s]
 41%|████      | 69.5M/169M [08:36<13:22, 124kB/s]
 41%|████      | 69.5M/169M [08:36<13:20, 124kB/s]
 41%|████      | 69.5M/169M [08:36<13:17, 125kB/s]
 41%|████      | 69.6M/169M [08:37<13:18, 125kB/s]
 41%|████      | 69.6M/169M [08:37<13:18, 124kB/s]
 41%|████      | 69.6M/169M [08:37<13:18, 124kB/s]
 41%|████      | 69.7M/169M [08:38<19:58, 82.9kB/s]
 41%|████      | 69.7M/169M [08:38<17:55, 92.3kB/s]
 41%|████▏     | 69.7M/169M [08:38<15:30, 107kB/s] 
 41%|████▏     | 69.8M/169M [08:38<13:06, 126kB/s]
 41%|████▏     | 69.8M/169M [08:39<12:07, 136kB/s]
 41%|████▏     | 69.8M/169M [08:39<12:30, 132kB/s]
 41%|████▏     | 69.9M/169M [08:39<12:40, 130kB/s]
 41%|████▏     | 69.9M/169M [08:39<11:49, 140kB/s]
 41%|████▏     | 69.9M/169M [08:39<11:29, 144kB/s]
 41%|████▏     | 70.0M/169M [08:40<12:05, 137kB/s]
 41%|████▏     | 70.0M/169M [08:40<13:30, 122kB/s]
 41%|████▏     | 70.0M/169M [08:40<13:24, 123kB/s]
 41%|████▏     | 70.1M/169M [08:41<13:25, 123kB/s]
 41%|████▏     | 70.1M/169M [08:41<13:27, 123kB/s]
 41%|████▏     | 70.1M/169M [08:41<13:23, 123kB/s]
 42%|████▏     | 70.2M/169M [08:41<13:23, 123kB/s]
 42%|████▏     | 70.2M/169M [08:42<13:22, 123kB/s]
 42%|████▏     | 70.2M/169M [08:42<13:22, 123kB/s]
 42%|████▏     | 70.3M/169M [08:42<13:24, 123kB/s]
 42%|████▏     | 70.3M/169M [08:42<13:22, 123kB/s]
 42%|████▏     | 70.3M/169M [08:43<14:23, 114kB/s]
 42%|████▏     | 70.4M/169M [08:43<14:05, 117kB/s]
 42%|████▏     | 70.4M/169M [08:43<13:52, 118kB/s]
 42%|████▏     | 70.4M/169M [08:44<13:45, 119kB/s]
 42%|████▏     | 70.5M/169M [08:44<13:36, 121kB/s]
 42%|████▏     | 70.5M/169M [08:44<13:37, 120kB/s]
 42%|████▏     | 70.5M/169M [08:44<13:32, 121kB/s]
 42%|████▏     | 70.5M/169M [08:45<13:31, 121kB/s]
 42%|████▏     | 70.6M/169M [08:45<13:27, 122kB/s]
 42%|████▏     | 70.6M/169M [08:45<13:27, 122kB/s]
 42%|████▏     | 70.6M/169M [08:45<13:26, 122kB/s]
 42%|████▏     | 70.7M/169M [08:46<14:24, 114kB/s]
 42%|████▏     | 70.7M/169M [08:46<14:03, 116kB/s]
 42%|████▏     | 70.7M/169M [08:46<13:54, 118kB/s]
 42%|████▏     | 70.8M/169M [08:47<13:43, 119kB/s]
 42%|████▏     | 70.8M/169M [08:47<13:35, 120kB/s]
 42%|████▏     | 70.8M/169M [08:47<13:30, 121kB/s]
 42%|████▏     | 70.9M/169M [08:47<13:27, 122kB/s]
 42%|████▏     | 70.9M/169M [08:48<13:28, 121kB/s]
 42%|████▏     | 70.9M/169M [08:48<13:29, 121kB/s]
 42%|████▏     | 71.0M/169M [08:48<13:29, 121kB/s]
 42%|████▏     | 71.0M/169M [08:49<14:30, 113kB/s]
 42%|████▏     | 71.0M/169M [08:49<14:14, 115kB/s]
 42%|████▏     | 71.1M/169M [08:49<14:04, 116kB/s]
 42%|████▏     | 71.1M/169M [08:49<13:55, 117kB/s]
 42%|████▏     | 71.1M/169M [08:50<13:51, 118kB/s]
 42%|████▏     | 71.2M/169M [08:50<13:47, 118kB/s]
 42%|████▏     | 71.2M/169M [08:50<13:42, 119kB/s]
 42%|████▏     | 71.2M/169M [08:50<13:44, 119kB/s]
 42%|████▏     | 71.3M/169M [08:51<13:41, 119kB/s]
 42%|████▏     | 71.3M/169M [08:51<13:39, 119kB/s]
 42%|████▏     | 71.3M/169M [08:51<13:38, 119kB/s]
 42%|████▏     | 71.4M/169M [08:52<14:36, 111kB/s]
 42%|████▏     | 71.4M/169M [08:52<14:20, 113kB/s]
 42%|████▏     | 71.4M/169M [08:52<14:03, 116kB/s]
 42%|████▏     | 71.5M/169M [08:52<13:53, 117kB/s]
 42%|████▏     | 71.5M/169M [08:53<13:50, 117kB/s]
 42%|████▏     | 71.5M/169M [08:53<13:46, 118kB/s]
 42%|████▏     | 71.6M/169M [08:53<13:44, 118kB/s]
 42%|████▏     | 71.6M/169M [08:54<13:41, 119kB/s]
 42%|████▏     | 71.6M/169M [08:54<13:41, 119kB/s]
 42%|████▏     | 71.7M/169M [08:54<13:44, 118kB/s]
 42%|████▏     | 71.7M/169M [08:54<14:46, 110kB/s]
 42%|████▏     | 71.7M/169M [08:55<14:29, 112kB/s]
 42%|████▏     | 71.8M/169M [08:55<14:13, 114kB/s]
 42%|████▏     | 71.8M/169M [08:55<14:07, 115kB/s]
 43%|████▎     | 71.8M/169M [08:56<14:01, 115kB/s]
 43%|████▎     | 71.9M/169M [08:56<13:55, 116kB/s]
 43%|████▎     | 71.9M/169M [08:56<13:52, 117kB/s]
 43%|████▎     | 71.9M/169M [08:56<13:48, 117kB/s]
 43%|████▎     | 72.0M/169M [08:57<13:47, 117kB/s]
 43%|████▎     | 72.0M/169M [08:57<13:46, 117kB/s]
 43%|████▎     | 72.0M/169M [08:57<14:49, 109kB/s]
 43%|████▎     | 72.1M/169M [08:58<14:30, 111kB/s]
 43%|████▎     | 72.1M/169M [08:58<14:17, 113kB/s]
 43%|████▎     | 72.1M/169M [08:58<14:06, 114kB/s]
 43%|████▎     | 72.2M/169M [08:58<14:00, 115kB/s]
 43%|████▎     | 72.2M/169M [08:59<13:54, 116kB/s]
 43%|████▎     | 72.2M/169M [08:59<13:49, 117kB/s]
 43%|████▎     | 72.3M/169M [08:59<13:46, 117kB/s]
 43%|████▎     | 72.3M/169M [09:00<13:41, 118kB/s]
 43%|████▎     | 72.3M/169M [09:00<13:44, 117kB/s]
 43%|████▎     | 72.4M/169M [09:00<13:41, 118kB/s]
 43%|████▎     | 72.4M/169M [09:00<14:43, 109kB/s]
 43%|████▎     | 72.4M/169M [09:01<14:23, 112kB/s]
 43%|████▎     | 72.5M/169M [09:01<14:10, 113kB/s]
 43%|████▎     | 72.5M/169M [09:01<14:00, 115kB/s]
 43%|████▎     | 72.5M/169M [09:02<13:53, 116kB/s]
 43%|████▎     | 72.5M/169M [09:02<13:52, 116kB/s]
 43%|████▎     | 72.6M/169M [09:02<16:35, 96.9kB/s]
 43%|████▎     | 72.6M/169M [09:03<16:07, 99.7kB/s]
 43%|████▎     | 72.6M/169M [09:03<14:09, 113kB/s] 
 43%|████▎     | 72.7M/169M [09:03<12:42, 126kB/s]
 43%|████▎     | 72.7M/169M [09:03<13:25, 120kB/s]
 43%|████▎     | 72.7M/169M [09:04<13:34, 118kB/s]
 43%|████▎     | 72.8M/169M [09:04<13:37, 118kB/s]
 43%|████▎     | 72.8M/169M [09:04<13:34, 118kB/s]
 43%|████▎     | 72.8M/169M [09:04<13:37, 118kB/s]
 43%|████▎     | 72.9M/169M [09:05<13:37, 118kB/s]
 43%|████▎     | 72.9M/169M [09:05<13:35, 118kB/s]
 43%|████▎     | 72.9M/169M [09:05<13:30, 119kB/s]
 43%|████▎     | 73.0M/169M [09:06<13:25, 119kB/s]
 43%|████▎     | 73.0M/169M [09:06<13:23, 120kB/s]
 43%|████▎     | 73.0M/169M [09:06<13:22, 120kB/s]
 43%|████▎     | 73.1M/169M [09:06<14:20, 111kB/s]
 43%|████▎     | 73.1M/169M [09:07<13:57, 115kB/s]
 43%|████▎     | 73.1M/169M [09:07<13:43, 116kB/s]
 43%|████▎     | 73.2M/169M [09:08<18:04, 88.4kB/s]
 43%|████▎     | 73.2M/169M [09:08<18:26, 86.6kB/s]
 43%|████▎     | 73.2M/169M [09:08<17:29, 91.2kB/s]
 43%|████▎     | 73.3M/169M [09:08<15:10, 105kB/s] 
 43%|████▎     | 73.3M/169M [09:09<13:27, 119kB/s]
 43%|████▎     | 73.3M/169M [09:09<11:28, 139kB/s]
 43%|████▎     | 73.4M/169M [09:09<09:56, 160kB/s]
 43%|████▎     | 73.4M/169M [09:09<10:42, 149kB/s]
 43%|████▎     | 73.4M/169M [09:09<11:26, 139kB/s]
 43%|████▎     | 73.5M/169M [09:10<11:55, 134kB/s]
 43%|████▎     | 73.5M/169M [09:10<12:13, 130kB/s]
 44%|████▎     | 73.5M/169M [09:10<12:30, 127kB/s]
 44%|████▎     | 73.6M/169M [09:11<12:42, 125kB/s]
 44%|████▎     | 73.6M/169M [09:11<12:49, 124kB/s]
 44%|████▎     | 73.6M/169M [09:11<12:53, 123kB/s]
 44%|████▎     | 73.7M/169M [09:11<12:53, 123kB/s]
 44%|████▎     | 73.7M/169M [09:12<12:56, 123kB/s]
 44%|████▎     | 73.7M/169M [09:12<12:55, 123kB/s]
 44%|████▎     | 73.8M/169M [09:12<13:58, 114kB/s]
 44%|████▎     | 73.8M/169M [09:12<13:43, 116kB/s]
 44%|████▎     | 73.8M/169M [09:13<13:30, 117kB/s]
 44%|████▎     | 73.9M/169M [09:13<13:23, 118kB/s]
 44%|████▎     | 73.9M/169M [09:13<13:17, 119kB/s]
 44%|████▎     | 73.9M/169M [09:14<13:12, 120kB/s]
 44%|████▍     | 74.0M/169M [09:14<13:15, 120kB/s]
 44%|████▍     | 74.0M/169M [09:14<13:09, 120kB/s]
 44%|████▍     | 74.0M/169M [09:14<13:06, 121kB/s]
 44%|████▍     | 74.1M/169M [09:15<13:06, 121kB/s]
 44%|████▍     | 74.1M/169M [09:15<14:01, 113kB/s]
 44%|████▍     | 74.1M/169M [09:15<13:45, 115kB/s]
 44%|████▍     | 74.2M/169M [09:16<13:30, 117kB/s]
 44%|████▍     | 74.2M/169M [09:16<13:21, 118kB/s]
 44%|████▍     | 74.2M/169M [09:16<13:13, 119kB/s]
 44%|████▍     | 74.3M/169M [09:16<13:09, 120kB/s]
 44%|████▍     | 74.3M/169M [09:17<13:08, 120kB/s]
 44%|████▍     | 74.3M/169M [09:17<13:06, 120kB/s]
 44%|████▍     | 74.4M/169M [09:17<13:01, 121kB/s]
 44%|████▍     | 74.4M/169M [09:17<12:58, 122kB/s]
 44%|████▍     | 74.4M/169M [09:18<13:55, 113kB/s]
 44%|████▍     | 74.4M/169M [09:18<13:37, 116kB/s]
 44%|████▍     | 74.5M/169M [09:18<13:24, 117kB/s]
 44%|████▍     | 74.5M/169M [09:19<13:15, 119kB/s]
 44%|████▍     | 74.5M/169M [09:19<13:10, 120kB/s]
 44%|████▍     | 74.6M/169M [09:19<13:03, 121kB/s]
 44%|████▍     | 74.6M/169M [09:19<13:03, 120kB/s]
 44%|████▍     | 74.6M/169M [09:20<13:02, 121kB/s]
 44%|████▍     | 74.7M/169M [09:20<13:01, 121kB/s]
 44%|████▍     | 74.7M/169M [09:20<12:59, 121kB/s]
 44%|████▍     | 74.7M/169M [09:20<12:57, 121kB/s]
 44%|████▍     | 74.8M/169M [09:21<13:55, 113kB/s]
 44%|████▍     | 74.8M/169M [09:21<13:38, 115kB/s]
 44%|████▍     | 74.8M/169M [09:21<13:24, 117kB/s]
 44%|████▍     | 74.9M/169M [09:22<13:16, 118kB/s]
 44%|████▍     | 74.9M/169M [09:22<13:09, 119kB/s]
 44%|████▍     | 74.9M/169M [09:22<13:08, 119kB/s]
 44%|████▍     | 75.0M/169M [09:22<13:04, 120kB/s]
 44%|████▍     | 75.0M/169M [09:23<13:01, 120kB/s]
 44%|████▍     | 75.0M/169M [09:23<12:59, 121kB/s]
 44%|████▍     | 75.1M/169M [09:23<13:00, 120kB/s]
 44%|████▍     | 75.1M/169M [09:24<13:54, 113kB/s]
 44%|████▍     | 75.1M/169M [09:24<13:32, 116kB/s]
 44%|████▍     | 75.2M/169M [09:24<13:21, 117kB/s]
 44%|████▍     | 75.2M/169M [09:24<13:11, 118kB/s]
 45%|████▍     | 75.2M/169M [09:25<13:06, 119kB/s]
 45%|████▍     | 75.3M/169M [09:25<12:58, 120kB/s]
 45%|████▍     | 75.3M/169M [09:25<12:56, 121kB/s]
 45%|████▍     | 75.3M/169M [09:25<12:55, 121kB/s]
 45%|████▍     | 75.4M/169M [09:26<12:55, 121kB/s]
 45%|████▍     | 75.4M/169M [09:26<12:53, 121kB/s]
 45%|████▍     | 75.4M/169M [09:26<12:54, 121kB/s]
 45%|████▍     | 75.5M/169M [09:27<13:49, 113kB/s]
 45%|████▍     | 75.5M/169M [09:27<13:32, 115kB/s]
 45%|████▍     | 75.5M/169M [09:27<13:21, 117kB/s]
 45%|████▍     | 75.6M/169M [09:27<13:11, 118kB/s]
 45%|████▍     | 75.6M/169M [09:28<13:06, 119kB/s]
 45%|████▍     | 75.6M/169M [09:28<13:00, 120kB/s]
 45%|████▍     | 75.7M/169M [09:28<12:59, 120kB/s]
 45%|████▍     | 75.7M/169M [09:28<12:56, 120kB/s]
 45%|████▍     | 75.7M/169M [09:29<12:55, 120kB/s]
 45%|████▍     | 75.8M/169M [09:29<12:53, 120kB/s]
 45%|████▍     | 75.8M/169M [09:29<13:47, 113kB/s]
 45%|████▍     | 75.8M/169M [09:30<13:31, 115kB/s]
 45%|████▍     | 75.9M/169M [09:30<13:20, 116kB/s]
 45%|████▍     | 75.9M/169M [09:30<13:09, 118kB/s]
 45%|████▍     | 75.9M/169M [09:30<13:02, 119kB/s]
 45%|████▍     | 76.0M/169M [09:31<12:59, 119kB/s]
 45%|████▍     | 76.0M/169M [09:31<12:55, 120kB/s]
 45%|████▍     | 76.0M/169M [09:31<12:54, 120kB/s]
 45%|████▌     | 76.1M/169M [09:32<12:53, 120kB/s]
 45%|████▌     | 76.1M/169M [09:32<12:52, 120kB/s]
 45%|████▌     | 76.1M/169M [09:32<13:48, 112kB/s]
 45%|████▌     | 76.2M/169M [09:32<13:30, 115kB/s]
 45%|████▌     | 76.2M/169M [09:33<13:15, 117kB/s]
 45%|████▌     | 76.2M/169M [09:33<13:04, 118kB/s]
 45%|████▌     | 76.3M/169M [09:33<12:58, 119kB/s]
 45%|████▌     | 76.3M/169M [09:34<12:53, 120kB/s]
 45%|████▌     | 76.3M/169M [09:34<12:49, 120kB/s]
 45%|████▌     | 76.3M/169M [09:34<12:44, 121kB/s]
 45%|████▌     | 76.4M/169M [09:34<12:43, 121kB/s]
 45%|████▌     | 76.4M/169M [09:35<12:39, 122kB/s]
 45%|████▌     | 76.4M/169M [09:35<12:41, 122kB/s]
 45%|████▌     | 76.5M/169M [09:35<13:41, 113kB/s]
 45%|████▌     | 76.5M/169M [09:35<13:22, 115kB/s]
 45%|████▌     | 76.5M/169M [09:36<13:08, 117kB/s]
 45%|████▌     | 76.6M/169M [09:36<13:01, 118kB/s]
 45%|████▌     | 76.6M/169M [09:36<12:56, 119kB/s]
 45%|████▌     | 76.6M/169M [09:37<12:52, 120kB/s]
 45%|████▌     | 76.7M/169M [09:37<12:46, 120kB/s]
 45%|████▌     | 76.7M/169M [09:37<12:43, 121kB/s]
 45%|████▌     | 76.7M/169M [09:37<12:39, 121kB/s]
 45%|████▌     | 76.8M/169M [09:38<12:37, 122kB/s]
 45%|████▌     | 76.8M/169M [09:38<13:33, 113kB/s]
 45%|████▌     | 76.8M/169M [09:38<13:15, 116kB/s]
 45%|████▌     | 76.9M/169M [09:38<12:58, 118kB/s]
 46%|████▌     | 76.9M/169M [09:39<12:55, 119kB/s]
 46%|████▌     | 76.9M/169M [09:39<12:44, 120kB/s]
 46%|████▌     | 77.0M/169M [09:39<12:41, 121kB/s]
 46%|████▌     | 77.0M/169M [09:40<12:35, 122kB/s]
 46%|████▌     | 77.0M/169M [09:40<12:33, 122kB/s]
 46%|████▌     | 77.1M/169M [09:40<12:36, 122kB/s]
 46%|████▌     | 77.1M/169M [09:40<12:33, 122kB/s]
 46%|████▌     | 77.1M/169M [09:41<12:39, 121kB/s]
 46%|████▌     | 77.2M/169M [09:41<13:29, 113kB/s]
 46%|████▌     | 77.2M/169M [09:41<13:11, 116kB/s]
 46%|████▌     | 77.2M/169M [09:41<13:01, 117kB/s]
 46%|████▌     | 77.3M/169M [09:42<12:55, 118kB/s]
 46%|████▌     | 77.3M/169M [09:42<12:49, 119kB/s]
 46%|████▌     | 77.3M/169M [09:42<12:42, 120kB/s]
 46%|████▌     | 77.4M/169M [09:43<12:43, 120kB/s]
 46%|████▌     | 77.4M/169M [09:43<12:36, 121kB/s]
 46%|████▌     | 77.4M/169M [09:43<12:35, 121kB/s]
 46%|████▌     | 77.5M/169M [09:43<12:36, 121kB/s]
 46%|████▌     | 77.5M/169M [09:44<13:34, 112kB/s]
 46%|████▌     | 77.5M/169M [09:44<13:12, 115kB/s]
 46%|████▌     | 77.6M/169M [09:44<13:00, 117kB/s]
 46%|████▌     | 77.6M/169M [09:45<12:56, 118kB/s]
 46%|████▌     | 77.6M/169M [09:45<12:48, 119kB/s]
 46%|████▌     | 77.7M/169M [09:45<12:44, 120kB/s]
 46%|████▌     | 77.7M/169M [09:45<12:40, 120kB/s]
 46%|████▌     | 77.7M/169M [09:46<12:37, 120kB/s]
 46%|████▌     | 77.8M/169M [09:46<12:39, 120kB/s]
 46%|████▌     | 77.8M/169M [09:46<12:37, 120kB/s]
 46%|████▌     | 77.8M/169M [09:47<17:46, 85.5kB/s]
 46%|████▌     | 77.9M/169M [09:47<17:03, 89.1kB/s]
 46%|████▌     | 77.9M/169M [09:47<14:30, 105kB/s] 
 46%|████▌     | 77.9M/169M [09:48<13:43, 111kB/s]
 46%|████▌     | 78.0M/169M [09:48<13:17, 114kB/s]
 46%|████▌     | 78.0M/169M [09:48<12:08, 125kB/s]
 46%|████▌     | 78.0M/169M [09:48<12:54, 117kB/s]
 46%|████▌     | 78.1M/169M [09:49<13:29, 112kB/s]
 46%|████▌     | 78.1M/169M [09:49<12:55, 117kB/s]
 46%|████▌     | 78.1M/169M [09:49<11:08, 136kB/s]
 46%|████▌     | 78.2M/169M [09:49<10:19, 147kB/s]
 46%|████▋     | 78.2M/169M [09:50<11:20, 133kB/s]
 46%|████▋     | 78.2M/169M [09:50<11:46, 128kB/s]
 46%|████▋     | 78.2M/169M [09:50<12:01, 126kB/s]
 46%|████▋     | 78.3M/169M [09:50<12:13, 124kB/s]
 46%|████▋     | 78.3M/169M [09:51<12:23, 122kB/s]
 46%|████▋     | 78.3M/169M [09:51<12:29, 121kB/s]
 46%|████▋     | 78.4M/169M [09:51<12:37, 120kB/s]
 46%|████▋     | 78.4M/169M [09:52<12:39, 119kB/s]
 46%|████▋     | 78.4M/169M [09:52<12:43, 119kB/s]
 46%|████▋     | 78.5M/169M [09:52<12:42, 119kB/s]
 46%|████▋     | 78.5M/169M [09:52<13:42, 110kB/s]
 46%|████▋     | 78.5M/169M [09:53<13:27, 112kB/s]
 46%|████▋     | 78.6M/169M [09:53<13:16, 114kB/s]
 47%|████▋     | 78.6M/169M [09:53<13:07, 115kB/s]
 47%|████▋     | 78.6M/169M [09:54<12:59, 116kB/s]
 47%|████▋     | 78.7M/169M [09:54<12:55, 117kB/s]
 47%|████▋     | 78.7M/169M [09:54<12:53, 117kB/s]
 47%|████▋     | 78.7M/169M [09:54<12:54, 116kB/s]
 47%|████▋     | 78.8M/169M [09:55<12:50, 117kB/s]
 47%|████▋     | 78.8M/169M [09:55<12:49, 117kB/s]
 47%|████▋     | 78.8M/169M [09:55<12:47, 117kB/s]
 47%|████▋     | 78.9M/169M [09:56<13:46, 109kB/s]
 47%|████▋     | 78.9M/169M [09:56<13:28, 111kB/s]
 47%|████▋     | 78.9M/169M [09:56<13:15, 113kB/s]
 47%|████▋     | 79.0M/169M [09:56<13:06, 114kB/s]
 47%|████▋     | 79.0M/169M [09:57<12:57, 116kB/s]
 47%|████▋     | 79.0M/169M [09:57<12:57, 116kB/s]
 47%|████▋     | 79.1M/169M [09:57<12:51, 117kB/s]
 47%|████▋     | 79.1M/169M [09:58<12:49, 117kB/s]
 47%|████▋     | 79.1M/169M [09:58<12:48, 117kB/s]
 47%|████▋     | 79.2M/169M [09:58<12:45, 117kB/s]
 47%|████▋     | 79.2M/169M [09:58<13:43, 109kB/s]
 47%|████▋     | 79.2M/169M [09:59<13:24, 112kB/s]
 47%|████▋     | 79.3M/169M [09:59<13:14, 113kB/s]
 47%|████▋     | 79.3M/169M [09:59<13:06, 114kB/s]
 47%|████▋     | 79.3M/169M [10:00<12:57, 115kB/s]
 47%|████▋     | 79.4M/169M [10:00<12:52, 116kB/s]
 47%|████▋     | 79.4M/169M [10:00<12:45, 117kB/s]
 47%|████▋     | 79.4M/169M [10:00<12:47, 117kB/s]
 47%|████▋     | 79.5M/169M [10:01<12:42, 117kB/s]
 47%|████▋     | 79.5M/169M [10:01<12:36, 118kB/s]
 47%|████▋     | 79.5M/169M [10:01<12:40, 118kB/s]
 47%|████▋     | 79.6M/169M [10:02<13:36, 109kB/s]
 47%|████▋     | 79.6M/169M [10:02<13:21, 112kB/s]
 47%|████▋     | 79.6M/169M [10:02<13:08, 113kB/s]
 47%|████▋     | 79.7M/169M [10:02<12:58, 115kB/s]
 47%|████▋     | 79.7M/169M [10:03<12:47, 116kB/s]
 47%|████▋     | 79.7M/169M [10:03<12:42, 117kB/s]
 47%|████▋     | 79.8M/169M [10:03<12:43, 117kB/s]
 47%|████▋     | 79.8M/169M [10:03<12:39, 117kB/s]
 47%|████▋     | 79.8M/169M [10:04<12:38, 118kB/s]
 47%|████▋     | 79.9M/169M [10:04<12:38, 118kB/s]
 47%|████▋     | 79.9M/169M [10:04<13:34, 109kB/s]
 47%|████▋     | 79.9M/169M [10:05<13:16, 112kB/s]
 47%|████▋     | 80.0M/169M [10:05<13:05, 113kB/s]
 47%|████▋     | 80.0M/169M [10:05<12:55, 115kB/s]
 47%|████▋     | 80.0M/169M [10:06<12:53, 115kB/s]
 47%|████▋     | 80.1M/169M [10:06<12:45, 116kB/s]
 47%|████▋     | 80.1M/169M [10:06<12:42, 117kB/s]
 47%|████▋     | 80.1M/169M [10:06<12:42, 117kB/s]
 47%|████▋     | 80.2M/169M [10:07<12:42, 116kB/s]
 47%|████▋     | 80.2M/169M [10:07<12:39, 117kB/s]
 47%|████▋     | 80.2M/169M [10:07<13:36, 109kB/s]
 47%|████▋     | 80.2M/169M [10:08<13:19, 111kB/s]
 48%|████▊     | 80.3M/169M [10:08<13:12, 112kB/s]
 48%|████▊     | 80.3M/169M [10:08<13:00, 114kB/s]
 48%|████▊     | 80.3M/169M [10:08<12:54, 115kB/s]
 48%|████▊     | 80.4M/169M [10:09<12:49, 115kB/s]
 48%|████▊     | 80.4M/169M [10:09<12:48, 115kB/s]
 48%|████▊     | 80.4M/169M [10:09<12:47, 115kB/s]
 48%|████▊     | 80.5M/169M [10:10<12:46, 116kB/s]
 48%|████▊     | 80.5M/169M [10:10<12:43, 116kB/s]
 48%|████▊     | 80.5M/169M [10:10<12:44, 116kB/s]
 48%|████▊     | 80.6M/169M [10:10<13:36, 108kB/s]
 48%|████▊     | 80.6M/169M [10:11<13:21, 110kB/s]
 48%|████▊     | 80.6M/169M [10:11<13:08, 112kB/s]
 48%|████▊     | 80.7M/169M [10:11<12:54, 114kB/s]
 48%|████▊     | 80.7M/169M [10:12<12:49, 115kB/s]
 48%|████▊     | 80.7M/169M [10:12<12:45, 115kB/s]
 48%|████▊     | 80.8M/169M [10:12<12:38, 116kB/s]
 48%|████▊     | 80.8M/169M [10:12<12:36, 117kB/s]
 48%|████▊     | 80.8M/169M [10:13<12:31, 117kB/s]
 48%|████▊     | 80.9M/169M [10:13<12:29, 118kB/s]
 48%|████▊     | 80.9M/169M [10:13<13:24, 109kB/s]
 48%|████▊     | 80.9M/169M [10:14<13:03, 112kB/s]
 48%|████▊     | 81.0M/169M [10:14<12:49, 114kB/s]
 48%|████▊     | 81.0M/169M [10:14<12:44, 115kB/s]
 48%|████▊     | 81.0M/169M [10:14<12:36, 116kB/s]
 48%|████▊     | 81.1M/169M [10:15<12:32, 117kB/s]
 48%|████▊     | 81.1M/169M [10:15<12:28, 117kB/s]
 48%|████▊     | 81.1M/169M [10:15<12:27, 118kB/s]
 48%|████▊     | 81.2M/169M [10:15<12:29, 117kB/s]
 48%|████▊     | 81.2M/169M [10:16<12:26, 118kB/s]
 48%|████▊     | 81.2M/169M [10:16<12:25, 118kB/s]
 48%|████▊     | 81.3M/169M [10:16<13:20, 110kB/s]
 48%|████▊     | 81.3M/169M [10:17<13:02, 112kB/s]
 48%|████▊     | 81.3M/169M [10:17<12:49, 114kB/s]
 48%|████▊     | 81.4M/169M [10:17<12:39, 115kB/s]
 48%|████▊     | 81.4M/169M [10:18<12:35, 116kB/s]
 48%|████▊     | 81.4M/169M [10:18<12:24, 118kB/s]
 48%|████▊     | 81.5M/169M [10:18<12:21, 118kB/s]
 48%|████▊     | 81.5M/169M [10:18<12:21, 118kB/s]
 48%|████▊     | 81.5M/169M [10:19<12:16, 119kB/s]
 48%|████▊     | 81.6M/169M [10:19<12:18, 118kB/s]
 48%|████▊     | 81.6M/169M [10:19<13:06, 111kB/s]
 48%|████▊     | 81.6M/169M [10:19<12:50, 113kB/s]
 48%|████▊     | 81.7M/169M [10:20<12:41, 115kB/s]
 48%|████▊     | 81.7M/169M [10:20<12:30, 116kB/s]
 48%|████▊     | 81.7M/169M [10:20<12:22, 117kB/s]
 48%|████▊     | 81.8M/169M [10:21<12:20, 118kB/s]
 48%|████▊     | 81.8M/169M [10:21<12:14, 119kB/s]
 48%|████▊     | 81.8M/169M [10:21<12:11, 119kB/s]
 48%|████▊     | 81.9M/169M [10:21<12:10, 119kB/s]
 48%|████▊     | 81.9M/169M [10:22<12:09, 119kB/s]
 48%|████▊     | 81.9M/169M [10:22<12:07, 120kB/s]
 48%|████▊     | 82.0M/169M [10:22<13:04, 111kB/s]
 49%|████▊     | 82.0M/169M [10:23<12:46, 114kB/s]
 49%|████▊     | 82.0M/169M [10:23<12:30, 116kB/s]
 49%|████▊     | 82.1M/169M [10:23<12:25, 117kB/s]
 49%|████▊     | 82.1M/169M [10:23<12:17, 118kB/s]
 49%|████▊     | 82.1M/169M [10:24<12:12, 119kB/s]
 49%|████▊     | 82.1M/169M [10:24<12:13, 118kB/s]
 49%|████▊     | 82.2M/169M [10:24<12:07, 119kB/s]
 49%|████▊     | 82.2M/169M [10:24<12:05, 120kB/s]
 49%|████▊     | 82.2M/169M [10:25<12:06, 119kB/s]
 49%|████▊     | 82.3M/169M [10:25<13:01, 111kB/s]
 49%|████▊     | 82.3M/169M [10:25<12:43, 114kB/s]
 49%|████▊     | 82.3M/169M [10:26<12:31, 115kB/s]
 49%|████▊     | 82.4M/169M [10:26<12:23, 117kB/s]
 49%|████▉     | 82.4M/169M [10:26<12:16, 118kB/s]
 49%|████▉     | 82.4M/169M [10:26<12:11, 118kB/s]
 49%|████▉     | 82.5M/169M [10:27<12:10, 118kB/s]
 49%|████▉     | 82.5M/169M [10:27<12:06, 119kB/s]
 49%|████▉     | 82.5M/169M [10:27<12:06, 119kB/s]
 49%|████▉     | 82.6M/169M [10:28<12:07, 119kB/s]
 49%|████▉     | 82.6M/169M [10:28<12:59, 111kB/s]
 49%|████▉     | 82.6M/169M [10:28<12:47, 113kB/s]
 49%|████▉     | 82.7M/169M [10:28<12:35, 114kB/s]
 49%|████▉     | 82.7M/169M [10:29<12:26, 116kB/s]
 49%|████▉     | 82.7M/169M [10:29<12:20, 116kB/s]
 49%|████▉     | 82.8M/169M [10:29<12:16, 117kB/s]
 49%|████▉     | 82.8M/169M [10:30<12:06, 119kB/s]
 49%|████▉     | 82.8M/169M [10:30<12:06, 119kB/s]
 49%|████▉     | 82.9M/169M [10:30<11:59, 120kB/s]
 49%|████▉     | 82.9M/169M [10:30<11:58, 120kB/s]
 49%|████▉     | 82.9M/169M [10:31<11:56, 120kB/s]
 49%|████▉     | 83.0M/169M [10:31<12:53, 111kB/s]
 49%|████▉     | 83.0M/169M [10:31<12:35, 114kB/s]
 49%|████▉     | 83.0M/169M [10:32<12:25, 115kB/s]
 49%|████▉     | 83.1M/169M [10:32<12:14, 117kB/s]
 49%|████▉     | 83.1M/169M [10:32<12:12, 117kB/s]
 49%|████▉     | 83.1M/169M [10:32<12:14, 117kB/s]
 49%|████▉     | 83.2M/169M [10:33<12:05, 118kB/s]
 49%|████▉     | 83.2M/169M [10:33<12:04, 119kB/s]
 49%|████▉     | 83.2M/169M [10:33<12:06, 118kB/s]
 49%|████▉     | 83.3M/169M [10:33<12:00, 119kB/s]
 49%|████▉     | 83.3M/169M [10:34<12:53, 111kB/s]
 49%|████▉     | 83.3M/169M [10:34<12:38, 113kB/s]
 49%|████▉     | 83.4M/169M [10:34<12:27, 115kB/s]
 49%|████▉     | 83.4M/169M [10:35<12:13, 117kB/s]
 49%|████▉     | 83.4M/169M [10:35<12:06, 118kB/s]
 49%|████▉     | 83.5M/169M [10:35<12:04, 118kB/s]
 49%|████▉     | 83.5M/169M [10:35<12:01, 119kB/s]
 49%|████▉     | 83.5M/169M [10:36<11:59, 119kB/s]
 49%|████▉     | 83.6M/169M [10:36<11:58, 119kB/s]
 49%|████▉     | 83.6M/169M [10:36<11:54, 120kB/s]
 49%|████▉     | 83.6M/169M [10:37<11:52, 120kB/s]
 50%|████▉     | 83.7M/169M [10:37<12:44, 112kB/s]
 50%|████▉     | 83.7M/169M [10:37<12:24, 115kB/s]
 50%|████▉     | 83.7M/169M [10:37<12:12, 116kB/s]
 50%|████▉     | 83.8M/169M [10:38<12:06, 117kB/s]
 50%|████▉     | 83.8M/169M [10:38<11:56, 119kB/s]
 50%|████▉     | 83.8M/169M [10:38<11:53, 119kB/s]
 50%|████▉     | 83.9M/169M [10:39<11:48, 120kB/s]
 50%|████▉     | 83.9M/169M [10:39<11:45, 121kB/s]
 50%|████▉     | 83.9M/169M [10:39<11:37, 122kB/s]
 50%|████▉     | 84.0M/169M [10:39<11:38, 122kB/s]
 50%|████▉     | 84.0M/169M [10:40<12:28, 114kB/s]
 50%|████▉     | 84.0M/169M [10:40<12:12, 116kB/s]
 50%|████▉     | 84.0M/169M [10:40<11:58, 118kB/s]
 50%|████▉     | 84.1M/169M [10:40<11:53, 119kB/s]
 50%|████▉     | 84.1M/169M [10:41<11:47, 120kB/s]
 50%|████▉     | 84.1M/169M [10:41<11:43, 121kB/s]
 50%|████▉     | 84.2M/169M [10:41<11:41, 121kB/s]
 50%|████▉     | 84.2M/169M [10:42<11:37, 122kB/s]
 50%|████▉     | 84.2M/169M [10:42<11:35, 122kB/s]
 50%|████▉     | 84.3M/169M [10:42<11:36, 122kB/s]
 50%|████▉     | 84.3M/169M [10:42<12:30, 113kB/s]
 50%|████▉     | 84.3M/169M [10:43<12:11, 116kB/s]
 50%|████▉     | 84.4M/169M [10:43<12:00, 117kB/s]
 50%|████▉     | 84.4M/169M [10:43<11:53, 119kB/s]
 50%|████▉     | 84.4M/169M [10:43<11:49, 119kB/s]
 50%|████▉     | 84.5M/169M [10:44<11:43, 120kB/s]
 50%|█████     | 84.5M/169M [10:44<11:39, 121kB/s]
 50%|█████     | 84.5M/169M [10:44<11:33, 122kB/s]
 50%|█████     | 84.6M/169M [10:45<11:32, 122kB/s]
 50%|█████     | 84.6M/169M [10:45<11:33, 122kB/s]
 50%|█████     | 84.6M/169M [10:45<11:28, 123kB/s]
 50%|█████     | 84.7M/169M [10:45<12:17, 114kB/s]
 50%|█████     | 84.7M/169M [10:46<12:02, 117kB/s]
 50%|█████     | 84.7M/169M [10:46<11:50, 119kB/s]
 50%|█████     | 84.8M/169M [10:46<11:43, 120kB/s]
 50%|█████     | 84.8M/169M [10:46<11:37, 121kB/s]
 50%|█████     | 84.8M/169M [10:47<11:31, 122kB/s]
 50%|█████     | 84.9M/169M [10:47<11:28, 122kB/s]
 50%|█████     | 84.9M/169M [10:47<11:26, 122kB/s]
 50%|█████     | 84.9M/169M [10:48<11:24, 123kB/s]
 50%|█████     | 85.0M/169M [10:48<11:26, 122kB/s]
 50%|█████     | 85.0M/169M [10:48<12:15, 114kB/s]
 50%|█████     | 85.0M/169M [10:48<11:58, 117kB/s]
 50%|█████     | 85.1M/169M [10:49<11:49, 118kB/s]
 50%|█████     | 85.1M/169M [10:49<11:44, 119kB/s]
 50%|█████     | 85.1M/169M [10:49<11:38, 120kB/s]
 50%|█████     | 85.2M/169M [10:49<11:35, 120kB/s]
 50%|█████     | 85.2M/169M [10:50<11:26, 122kB/s]
 50%|█████     | 85.2M/169M [10:50<11:21, 123kB/s]
 50%|█████     | 85.3M/169M [10:50<11:20, 123kB/s]
 50%|█████     | 85.3M/169M [10:51<11:17, 123kB/s]
 50%|█████     | 85.3M/169M [10:51<11:18, 123kB/s]
 51%|█████     | 85.4M/169M [10:51<12:11, 114kB/s]
 51%|█████     | 85.4M/169M [10:51<11:55, 117kB/s]
 51%|█████     | 85.4M/169M [10:52<11:41, 119kB/s]
 51%|█████     | 85.5M/169M [10:52<11:34, 120kB/s]
 51%|█████     | 85.5M/169M [10:52<11:25, 122kB/s]
 51%|█████     | 85.5M/169M [10:52<11:20, 123kB/s]
 51%|█████     | 85.6M/169M [10:53<11:16, 123kB/s]
 51%|█████     | 85.6M/169M [10:53<11:15, 123kB/s]
 51%|█████     | 85.6M/169M [10:53<11:16, 123kB/s]
 51%|█████     | 85.7M/169M [10:54<11:17, 123kB/s]
 51%|█████     | 85.7M/169M [10:54<12:07, 115kB/s]
 51%|█████     | 85.7M/169M [10:54<11:55, 116kB/s]
 51%|█████     | 85.8M/169M [10:54<11:40, 119kB/s]
 51%|█████     | 85.8M/169M [10:55<11:31, 120kB/s]
 51%|█████     | 85.8M/169M [10:55<11:26, 121kB/s]
 51%|█████     | 85.9M/169M [10:55<11:25, 121kB/s]
 51%|█████     | 85.9M/169M [10:55<11:20, 122kB/s]
 51%|█████     | 85.9M/169M [10:56<11:14, 123kB/s]
 51%|█████     | 86.0M/169M [10:56<11:13, 123kB/s]
 51%|█████     | 86.0M/169M [10:56<11:14, 123kB/s]
 51%|█████     | 86.0M/169M [10:56<11:11, 124kB/s]
 51%|█████     | 86.0M/169M [10:57<12:01, 115kB/s]
 51%|█████     | 86.1M/169M [10:57<11:47, 117kB/s]
 51%|█████     | 86.1M/169M [10:57<11:36, 119kB/s]
 51%|█████     | 86.1M/169M [10:58<11:29, 120kB/s]
 51%|█████     | 86.2M/169M [10:58<11:21, 122kB/s]
 51%|█████     | 86.2M/169M [10:58<11:22, 121kB/s]
 51%|█████     | 86.2M/169M [10:58<11:18, 122kB/s]
 51%|█████     | 86.3M/169M [10:59<11:13, 123kB/s]
 51%|█████     | 86.3M/169M [10:59<11:13, 123kB/s]
 51%|█████     | 86.3M/169M [10:59<11:09, 123kB/s]
 51%|█████     | 86.4M/169M [11:00<12:01, 114kB/s]
 51%|█████     | 86.4M/169M [11:00<11:49, 116kB/s]
 51%|█████     | 86.4M/169M [11:00<11:36, 118kB/s]
 51%|█████     | 86.5M/169M [11:00<11:26, 120kB/s]
 51%|█████     | 86.5M/169M [11:01<11:24, 121kB/s]
 51%|█████     | 86.5M/169M [11:01<11:23, 121kB/s]
 51%|█████     | 86.6M/169M [11:01<11:24, 120kB/s]
 51%|█████     | 86.6M/169M [11:01<11:22, 121kB/s]
 51%|█████▏    | 86.6M/169M [11:02<11:21, 121kB/s]
 51%|█████▏    | 86.7M/169M [11:02<11:20, 121kB/s]
 51%|█████▏    | 86.7M/169M [11:02<12:17, 112kB/s]
 51%|█████▏    | 86.7M/169M [11:03<12:00, 114kB/s]
 51%|█████▏    | 86.8M/169M [11:03<11:52, 115kB/s]
 51%|█████▏    | 86.8M/169M [11:03<11:43, 117kB/s]
 51%|█████▏    | 86.8M/169M [11:03<11:40, 117kB/s]
 51%|█████▏    | 86.9M/169M [11:04<11:37, 118kB/s]
 51%|█████▏    | 86.9M/169M [11:04<11:34, 118kB/s]
 51%|█████▏    | 86.9M/169M [11:04<11:34, 118kB/s]
 51%|█████▏    | 87.0M/169M [11:05<11:29, 119kB/s]
 51%|█████▏    | 87.0M/169M [11:05<11:32, 118kB/s]
 51%|█████▏    | 87.0M/169M [11:05<11:32, 118kB/s]
 52%|█████▏    | 87.1M/169M [11:05<12:22, 110kB/s]
 52%|█████▏    | 87.1M/169M [11:06<12:09, 112kB/s]
 52%|█████▏    | 87.1M/169M [11:06<11:56, 114kB/s]
 52%|█████▏    | 87.2M/169M [11:06<11:47, 116kB/s]
 52%|█████▏    | 87.2M/169M [11:07<11:45, 116kB/s]
 52%|█████▏    | 87.2M/169M [11:07<11:39, 117kB/s]
 52%|█████▏    | 87.3M/169M [11:07<11:36, 117kB/s]
 52%|█████▏    | 87.3M/169M [11:07<11:31, 118kB/s]
 52%|█████▏    | 87.3M/169M [11:08<11:34, 118kB/s]
 52%|█████▏    | 87.4M/169M [11:08<11:34, 118kB/s]
 52%|█████▏    | 87.4M/169M [11:08<12:30, 109kB/s]
 52%|█████▏    | 87.4M/169M [11:09<12:15, 111kB/s]
 52%|█████▏    | 87.5M/169M [11:09<12:04, 113kB/s]
 52%|█████▏    | 87.5M/169M [11:09<11:56, 114kB/s]
 52%|█████▏    | 87.5M/169M [11:09<11:49, 115kB/s]
 52%|█████▏    | 87.6M/169M [11:10<11:44, 116kB/s]
 52%|█████▏    | 87.6M/169M [11:10<11:41, 116kB/s]
 52%|█████▏    | 87.6M/169M [11:10<11:38, 117kB/s]
 52%|█████▏    | 87.7M/169M [11:11<11:38, 116kB/s]
 52%|█████▏    | 87.7M/169M [11:11<11:35, 117kB/s]
 52%|█████▏    | 87.7M/169M [11:11<11:39, 116kB/s]
 52%|█████▏    | 87.8M/169M [11:11<12:24, 109kB/s]
 52%|█████▏    | 87.8M/169M [11:12<12:09, 111kB/s]
 52%|█████▏    | 87.8M/169M [11:12<11:58, 113kB/s]
 52%|█████▏    | 87.9M/169M [11:12<11:47, 115kB/s]
 52%|█████▏    | 87.9M/169M [11:13<11:43, 115kB/s]
 52%|█████▏    | 87.9M/169M [11:13<11:37, 116kB/s]
 52%|█████▏    | 87.9M/169M [11:13<11:35, 117kB/s]
 52%|█████▏    | 88.0M/169M [11:13<11:32, 117kB/s]
 52%|█████▏    | 88.0M/169M [11:14<11:28, 118kB/s]
 52%|█████▏    | 88.0M/169M [11:14<11:28, 118kB/s]
 52%|█████▏    | 88.1M/169M [11:14<12:18, 110kB/s]
 52%|█████▏    | 88.1M/169M [11:15<12:03, 112kB/s]
 52%|█████▏    | 88.1M/169M [11:15<11:53, 113kB/s]
 52%|█████▏    | 88.2M/169M [11:15<11:44, 115kB/s]
 52%|█████▏    | 88.2M/169M [11:15<11:41, 115kB/s]
 52%|█████▏    | 88.2M/169M [11:16<11:37, 116kB/s]
 52%|█████▏    | 88.3M/169M [11:16<11:35, 116kB/s]
 52%|█████▏    | 88.3M/169M [11:16<11:37, 116kB/s]
 52%|█████▏    | 88.3M/169M [11:17<11:35, 116kB/s]
 52%|█████▏    | 88.4M/169M [11:17<11:36, 116kB/s]
 52%|█████▏    | 88.4M/169M [11:17<12:25, 108kB/s]
 52%|█████▏    | 88.4M/169M [11:17<12:08, 111kB/s]
 52%|█████▏    | 88.5M/169M [11:18<11:58, 112kB/s]
 52%|█████▏    | 88.5M/169M [11:18<11:54, 113kB/s]
 52%|█████▏    | 88.5M/169M [11:18<11:52, 113kB/s]
 52%|█████▏    | 88.6M/169M [11:19<11:48, 113kB/s]
 52%|█████▏    | 88.6M/169M [11:19<11:46, 114kB/s]
 52%|█████▏    | 88.6M/169M [11:19<11:42, 114kB/s]
 52%|█████▏    | 88.7M/169M [11:19<11:44, 114kB/s]
 52%|█████▏    | 88.7M/169M [11:20<11:40, 115kB/s]
 53%|█████▎    | 88.7M/169M [11:20<11:39, 115kB/s]
 53%|█████▎    | 88.8M/169M [11:20<12:30, 107kB/s]
 53%|█████▎    | 88.8M/169M [11:21<12:14, 109kB/s]
 53%|█████▎    | 88.8M/169M [11:21<12:03, 111kB/s]
 53%|█████▎    | 88.9M/169M [11:21<11:57, 112kB/s]
 53%|█████▎    | 88.9M/169M [11:22<11:51, 113kB/s]
 53%|█████▎    | 88.9M/169M [11:22<11:48, 113kB/s]
 53%|█████▎    | 89.0M/169M [11:22<11:47, 113kB/s]
 53%|█████▎    | 89.0M/169M [11:22<11:45, 113kB/s]
 53%|█████▎    | 89.0M/169M [11:23<11:44, 113kB/s]
 53%|█████▎    | 89.1M/169M [11:23<11:42, 114kB/s]
 53%|█████▎    | 89.1M/169M [11:23<12:29, 107kB/s]
 53%|█████▎    | 89.1M/169M [11:24<12:14, 109kB/s]
 53%|█████▎    | 89.2M/169M [11:24<12:02, 111kB/s]
 53%|█████▎    | 89.2M/169M [11:24<11:55, 112kB/s]
 53%|█████▎    | 89.2M/169M [11:24<11:48, 113kB/s]
 53%|█████▎    | 89.3M/169M [11:25<11:45, 113kB/s]
 53%|█████▎    | 89.3M/169M [11:25<11:43, 113kB/s]
 53%|█████▎    | 89.3M/169M [11:25<11:40, 114kB/s]
 53%|█████▎    | 89.4M/169M [11:26<11:39, 114kB/s]
 53%|█████▎    | 89.4M/169M [11:26<11:35, 114kB/s]
 53%|█████▎    | 89.4M/169M [11:26<11:37, 114kB/s]
 53%|█████▎    | 89.5M/169M [11:27<12:23, 107kB/s]
 53%|█████▎    | 89.5M/169M [11:27<12:07, 109kB/s]
 53%|█████▎    | 89.5M/169M [11:27<11:57, 111kB/s]
 53%|█████▎    | 89.6M/169M [11:27<11:48, 112kB/s]
 53%|█████▎    | 89.6M/169M [11:28<11:43, 113kB/s]
 53%|█████▎    | 89.6M/169M [11:28<11:39, 113kB/s]
 53%|█████▎    | 89.7M/169M [11:28<11:34, 114kB/s]
 53%|█████▎    | 89.7M/169M [11:29<11:33, 114kB/s]
 53%|█████▎    | 89.7M/169M [11:29<11:31, 115kB/s]
 53%|█████▎    | 89.8M/169M [11:29<11:31, 115kB/s]
 53%|█████▎    | 89.8M/169M [11:29<12:23, 106kB/s]
 53%|█████▎    | 89.8M/169M [11:30<12:06, 109kB/s]
 53%|█████▎    | 89.8M/169M [11:30<11:55, 111kB/s]
 53%|█████▎    | 89.9M/169M [11:30<11:47, 112kB/s]
 53%|█████▎    | 89.9M/169M [11:31<11:45, 112kB/s]
 53%|█████▎    | 89.9M/169M [11:31<11:42, 113kB/s]
 53%|█████▎    | 90.0M/169M [11:31<11:40, 113kB/s]
 53%|█████▎    | 90.0M/169M [11:31<11:37, 113kB/s]
 53%|█████▎    | 90.0M/169M [11:32<11:38, 113kB/s]
 53%|█████▎    | 90.1M/169M [11:32<11:38, 113kB/s]
 53%|█████▎    | 90.1M/169M [11:32<11:38, 113kB/s]
 53%|█████▎    | 90.1M/169M [11:33<12:31, 105kB/s]
 53%|█████▎    | 90.2M/169M [11:33<12:15, 107kB/s]
 53%|█████▎    | 90.2M/169M [11:33<12:02, 109kB/s]
 53%|█████▎    | 90.2M/169M [11:34<11:54, 110kB/s]
 53%|█████▎    | 90.3M/169M [11:34<11:49, 111kB/s]
 53%|█████▎    | 90.3M/169M [11:34<11:46, 111kB/s]
 53%|█████▎    | 90.3M/169M [11:34<11:44, 112kB/s]
 53%|█████▎    | 90.4M/169M [11:35<11:41, 112kB/s]
 53%|█████▎    | 90.4M/169M [11:35<11:36, 113kB/s]
 54%|█████▎    | 90.4M/169M [11:35<11:38, 112kB/s]
 54%|█████▎    | 90.5M/169M [11:36<12:28, 105kB/s]
 54%|█████▎    | 90.5M/169M [11:36<12:11, 107kB/s]
 54%|█████▎    | 90.5M/169M [11:36<12:01, 109kB/s]
 54%|█████▎    | 90.6M/169M [11:37<11:50, 110kB/s]
 54%|█████▎    | 90.6M/169M [11:37<11:44, 111kB/s]
 54%|█████▎    | 90.6M/169M [11:37<11:41, 112kB/s]
 54%|█████▎    | 90.7M/169M [11:37<11:39, 112kB/s]
 54%|█████▎    | 90.7M/169M [11:38<11:36, 112kB/s]
 54%|█████▎    | 90.7M/169M [11:38<11:36, 112kB/s]
 54%|█████▎    | 90.8M/169M [11:38<11:35, 113kB/s]
 54%|█████▎    | 90.8M/169M [11:39<12:31, 104kB/s]
 54%|█████▎    | 90.8M/169M [11:39<12:16, 106kB/s]
 54%|█████▍    | 90.9M/169M [11:39<12:06, 108kB/s]
 54%|█████▍    | 90.9M/169M [11:40<11:59, 109kB/s]
 54%|█████▍    | 90.9M/169M [11:40<11:56, 109kB/s]
 54%|█████▍    | 91.0M/169M [11:40<11:52, 110kB/s]
 54%|█████▍    | 91.0M/169M [11:40<11:52, 109kB/s]
 54%|█████▍    | 91.0M/169M [11:41<11:53, 109kB/s]
 54%|█████▍    | 91.1M/169M [11:41<11:52, 109kB/s]
 54%|█████▍    | 91.1M/169M [11:41<11:49, 110kB/s]
 54%|█████▍    | 91.1M/169M [11:42<11:51, 109kB/s]
 54%|█████▍    | 91.2M/169M [11:42<12:42, 102kB/s]
 54%|█████▍    | 91.2M/169M [11:42<12:27, 104kB/s]
 54%|█████▍    | 91.2M/169M [11:43<12:11, 106kB/s]
 54%|█████▍    | 91.3M/169M [11:43<12:04, 107kB/s]
 54%|█████▍    | 91.3M/169M [11:43<11:55, 109kB/s]
 54%|█████▍    | 91.3M/169M [11:43<11:53, 109kB/s]
 54%|█████▍    | 91.4M/169M [11:44<11:53, 109kB/s]
 54%|█████▍    | 91.4M/169M [11:44<11:51, 109kB/s]
 54%|█████▍    | 91.4M/169M [11:44<11:48, 110kB/s]
 54%|█████▍    | 91.5M/169M [11:45<11:45, 110kB/s]
 54%|█████▍    | 91.5M/169M [11:45<12:38, 102kB/s]
 54%|█████▍    | 91.5M/169M [11:45<12:23, 104kB/s]
 54%|█████▍    | 91.6M/169M [11:46<12:11, 106kB/s]
 54%|█████▍    | 91.6M/169M [11:46<12:00, 107kB/s]
 54%|█████▍    | 91.6M/169M [11:46<11:54, 108kB/s]
 54%|█████▍    | 91.7M/169M [11:47<11:48, 109kB/s]
 54%|█████▍    | 91.7M/169M [11:47<11:46, 109kB/s]
 54%|█████▍    | 91.7M/169M [11:47<11:44, 110kB/s]
 54%|█████▍    | 91.8M/169M [11:47<11:42, 110kB/s]
 54%|█████▍    | 91.8M/169M [11:48<11:41, 110kB/s]
 54%|█████▍    | 91.8M/169M [11:48<11:39, 110kB/s]
 54%|█████▍    | 91.8M/169M [11:48<12:29, 103kB/s]
 54%|█████▍    | 91.9M/169M [11:49<12:12, 105kB/s]
 54%|█████▍    | 91.9M/169M [11:49<11:59, 107kB/s]
 54%|█████▍    | 91.9M/169M [11:49<11:54, 108kB/s]
 54%|█████▍    | 92.0M/169M [11:50<11:51, 108kB/s]
 54%|█████▍    | 92.0M/169M [11:50<11:47, 109kB/s]
 54%|█████▍    | 92.0M/169M [11:50<11:45, 109kB/s]
 54%|█████▍    | 92.1M/169M [11:50<11:42, 109kB/s]
 55%|█████▍    | 92.1M/169M [11:51<11:42, 109kB/s]
 55%|█████▍    | 92.1M/169M [11:51<11:42, 109kB/s]
 55%|█████▍    | 92.2M/169M [11:51<12:32, 102kB/s]
 55%|█████▍    | 92.2M/169M [11:52<12:16, 104kB/s]
 55%|█████▍    | 92.2M/169M [11:52<12:05, 106kB/s]
 55%|█████▍    | 92.3M/169M [11:52<11:58, 107kB/s]
 55%|█████▍    | 92.3M/169M [11:53<11:50, 108kB/s]
 55%|█████▍    | 92.3M/169M [11:53<11:48, 108kB/s]
 55%|█████▍    | 92.4M/169M [11:53<11:46, 108kB/s]
 55%|█████▍    | 92.4M/169M [11:54<11:45, 109kB/s]
 55%|█████▍    | 92.4M/169M [11:54<11:44, 109kB/s]
 55%|█████▍    | 92.5M/169M [11:54<11:39, 109kB/s]
 55%|█████▍    | 92.5M/169M [11:54<12:30, 102kB/s]
 55%|█████▍    | 92.5M/169M [11:55<12:13, 104kB/s]
 55%|█████▍    | 92.6M/169M [11:55<12:00, 106kB/s]
 55%|█████▍    | 92.6M/169M [11:55<11:52, 107kB/s]
 55%|█████▍    | 92.6M/169M [11:56<11:46, 108kB/s]
 55%|█████▍    | 92.7M/169M [11:56<11:42, 109kB/s]
 55%|█████▍    | 92.7M/169M [11:56<11:38, 109kB/s]
 55%|█████▍    | 92.7M/169M [11:57<11:38, 109kB/s]
 55%|█████▍    | 92.8M/169M [11:57<11:37, 109kB/s]
 55%|█████▍    | 92.8M/169M [11:57<11:37, 109kB/s]
 55%|█████▍    | 92.8M/169M [11:57<11:37, 109kB/s]
 55%|█████▍    | 92.9M/169M [11:58<12:27, 102kB/s]
 55%|█████▍    | 92.9M/169M [11:58<12:10, 104kB/s]
 55%|█████▍    | 92.9M/169M [11:58<11:57, 106kB/s]
 55%|█████▌    | 93.0M/169M [11:59<11:49, 107kB/s]
 55%|█████▌    | 93.0M/169M [11:59<11:44, 108kB/s]
 55%|█████▌    | 93.0M/169M [11:59<11:41, 108kB/s]
 55%|█████▌    | 93.1M/169M [12:00<11:39, 109kB/s]
 55%|█████▌    | 93.1M/169M [12:00<11:38, 109kB/s]
 55%|█████▌    | 93.1M/169M [12:00<11:37, 109kB/s]
 55%|█████▌    | 93.2M/169M [12:01<12:21, 102kB/s]
 55%|█████▌    | 93.2M/169M [12:01<12:13, 103kB/s]
 55%|█████▌    | 93.2M/169M [12:01<12:02, 105kB/s]
 55%|█████▌    | 93.3M/169M [12:01<11:53, 106kB/s]
 55%|█████▌    | 93.3M/169M [12:02<11:47, 107kB/s]
 55%|█████▌    | 93.3M/169M [12:02<11:41, 108kB/s]
 55%|█████▌    | 93.4M/169M [12:02<11:39, 108kB/s]
 55%|█████▌    | 93.4M/169M [12:03<11:36, 109kB/s]
 55%|█████▌    | 93.4M/169M [12:03<11:34, 109kB/s]
 55%|█████▌    | 93.5M/169M [12:03<11:33, 109kB/s]
 55%|█████▌    | 93.5M/169M [12:04<11:31, 109kB/s]
 55%|█████▌    | 93.5M/169M [12:04<11:31, 109kB/s]
 55%|█████▌    | 93.6M/169M [12:04<12:20, 102kB/s]
 55%|█████▌    | 93.6M/169M [12:05<12:04, 104kB/s]
 55%|█████▌    | 93.6M/169M [12:05<11:50, 106kB/s]
 55%|█████▌    | 93.7M/169M [12:05<11:44, 107kB/s]
 55%|█████▌    | 93.7M/169M [12:05<11:37, 108kB/s]
 55%|█████▌    | 93.7M/169M [12:06<11:32, 109kB/s]
 55%|█████▌    | 93.7M/169M [12:06<11:30, 109kB/s]
 55%|█████▌    | 93.8M/169M [12:06<11:27, 109kB/s]
 56%|█████▌    | 93.8M/169M [12:07<11:24, 110kB/s]
 56%|█████▌    | 93.8M/169M [12:07<11:23, 110kB/s]
 56%|█████▌    | 93.9M/169M [12:07<12:12, 102kB/s]
 56%|█████▌    | 93.9M/169M [12:08<11:56, 105kB/s]
 56%|█████▌    | 93.9M/169M [12:08<11:44, 107kB/s]
 56%|█████▌    | 94.0M/169M [12:08<11:38, 107kB/s]
 56%|█████▌    | 94.0M/169M [12:09<11:31, 108kB/s]
 56%|█████▌    | 94.0M/169M [12:09<11:28, 109kB/s]
 56%|█████▌    | 94.1M/169M [12:09<11:23, 110kB/s]
 56%|█████▌    | 94.1M/169M [12:09<11:22, 110kB/s]
 56%|█████▌    | 94.1M/169M [12:10<11:18, 110kB/s]
 56%|█████▌    | 94.2M/169M [12:10<11:18, 110kB/s]
 56%|█████▌    | 94.2M/169M [12:10<11:17, 110kB/s]
 56%|█████▌    | 94.2M/169M [12:11<12:07, 103kB/s]
 56%|█████▌    | 94.3M/169M [12:11<11:51, 105kB/s]
 56%|█████▌    | 94.3M/169M [12:11<11:41, 106kB/s]
 56%|█████▌    | 94.3M/169M [12:12<11:34, 108kB/s]
 56%|█████▌    | 94.4M/169M [12:12<11:29, 108kB/s]
 56%|█████▌    | 94.4M/169M [12:12<11:26, 109kB/s]
 56%|█████▌    | 94.4M/169M [12:12<11:22, 109kB/s]
 56%|█████▌    | 94.5M/169M [12:13<11:19, 110kB/s]
 56%|█████▌    | 94.5M/169M [12:13<11:18, 110kB/s]
 56%|█████▌    | 94.5M/169M [12:13<11:16, 110kB/s]
 56%|█████▌    | 94.6M/169M [12:14<12:06, 102kB/s]
 56%|█████▌    | 94.6M/169M [12:14<11:49, 105kB/s]
 56%|█████▌    | 94.6M/169M [12:14<11:40, 106kB/s]
 56%|█████▌    | 94.7M/169M [12:15<11:31, 107kB/s]
 56%|█████▌    | 94.7M/169M [12:15<11:27, 108kB/s]
 56%|█████▌    | 94.7M/169M [12:15<11:24, 108kB/s]
 56%|█████▌    | 94.8M/169M [12:15<11:20, 109kB/s]
 56%|█████▌    | 94.8M/169M [12:16<11:20, 109kB/s]
 56%|█████▌    | 94.8M/169M [12:16<11:17, 110kB/s]
 56%|█████▌    | 94.9M/169M [12:16<11:16, 110kB/s]
 56%|█████▌    | 94.9M/169M [12:17<12:04, 102kB/s]
 56%|█████▌    | 94.9M/169M [12:17<11:48, 104kB/s]
 56%|█████▌    | 95.0M/169M [12:17<11:37, 106kB/s]
 56%|█████▌    | 95.0M/169M [12:18<11:30, 107kB/s]
 56%|█████▌    | 95.0M/169M [12:18<11:24, 108kB/s]
 56%|█████▌    | 95.1M/169M [12:18<11:21, 108kB/s]
 56%|█████▋    | 95.1M/169M [12:19<11:17, 109kB/s]
 56%|█████▋    | 95.1M/169M [12:19<11:17, 109kB/s]
 56%|█████▋    | 95.2M/169M [12:19<11:13, 110kB/s]
 56%|█████▋    | 95.2M/169M [12:19<11:12, 110kB/s]
 56%|█████▋    | 95.2M/169M [12:20<11:13, 109kB/s]
 56%|█████▋    | 95.3M/169M [12:20<12:01, 102kB/s]
 56%|█████▋    | 95.3M/169M [12:20<11:44, 105kB/s]
 56%|█████▋    | 95.3M/169M [12:21<11:32, 106kB/s]
 56%|█████▋    | 95.4M/169M [12:21<11:24, 108kB/s]
 56%|█████▋    | 95.4M/169M [12:21<11:15, 109kB/s]
 56%|█████▋    | 95.4M/169M [12:22<11:14, 109kB/s]
 56%|█████▋    | 95.5M/169M [12:22<11:09, 110kB/s]
 57%|█████▋    | 95.5M/169M [12:22<11:09, 110kB/s]
 57%|█████▋    | 95.5M/169M [12:22<11:06, 110kB/s]
 57%|█████▋    | 95.6M/169M [12:23<11:06, 110kB/s]
 57%|█████▋    | 95.6M/169M [12:23<11:54, 103kB/s]
 57%|█████▋    | 95.6M/169M [12:23<11:39, 105kB/s]
 57%|█████▋    | 95.6M/169M [12:24<11:29, 106kB/s]
 57%|█████▋    | 95.7M/169M [12:24<11:20, 108kB/s]
 57%|█████▋    | 95.7M/169M [12:24<11:14, 109kB/s]
 57%|█████▋    | 95.7M/169M [12:25<11:09, 109kB/s]
 57%|█████▋    | 95.8M/169M [12:25<11:06, 110kB/s]
 57%|█████▋    | 95.8M/169M [12:25<11:03, 110kB/s]
 57%|█████▋    | 95.8M/169M [12:25<11:01, 111kB/s]
 57%|█████▋    | 95.9M/169M [12:26<10:59, 111kB/s]
 57%|█████▋    | 95.9M/169M [12:26<10:59, 111kB/s]
 57%|█████▋    | 95.9M/169M [12:26<11:47, 103kB/s]
 57%|█████▋    | 96.0M/169M [12:27<11:32, 105kB/s]
 57%|█████▋    | 96.0M/169M [12:27<11:21, 107kB/s]
 57%|█████▋    | 96.0M/169M [12:27<11:13, 108kB/s]
 57%|█████▋    | 96.1M/169M [12:28<11:08, 109kB/s]
 57%|█████▋    | 96.1M/169M [12:28<11:05, 110kB/s]
 57%|█████▋    | 96.1M/169M [12:28<11:03, 110kB/s]
 57%|█████▋    | 96.2M/169M [12:29<11:00, 110kB/s]
 57%|█████▋    | 96.2M/169M [12:29<10:52, 112kB/s]
 57%|█████▋    | 96.2M/169M [12:29<10:50, 112kB/s]
 57%|█████▋    | 96.3M/169M [12:29<11:40, 104kB/s]
 57%|█████▋    | 96.3M/169M [12:30<11:25, 106kB/s]
 57%|█████▋    | 96.3M/169M [12:30<11:14, 108kB/s]
 57%|█████▋    | 96.4M/169M [12:30<11:07, 109kB/s]
 57%|█████▋    | 96.4M/169M [12:31<11:03, 109kB/s]
 57%|█████▋    | 96.4M/169M [12:31<11:01, 110kB/s]
 57%|█████▋    | 96.5M/169M [12:31<10:57, 110kB/s]
 57%|█████▋    | 96.5M/169M [12:32<10:56, 110kB/s]
 57%|█████▋    | 96.5M/169M [12:32<13:38, 88.6kB/s]
 57%|█████▋    | 96.6M/169M [12:32<13:48, 87.5kB/s]
 57%|█████▋    | 96.6M/169M [12:33<12:38, 95.4kB/s]
 57%|█████▋    | 96.6M/169M [12:33<10:55, 110kB/s] 
 57%|█████▋    | 96.7M/169M [12:33<09:35, 126kB/s]
 57%|█████▋    | 96.7M/169M [12:33<09:47, 123kB/s]
 57%|█████▋    | 96.7M/169M [12:34<10:05, 119kB/s]
 57%|█████▋    | 96.8M/169M [12:34<10:12, 118kB/s]
 57%|█████▋    | 96.8M/169M [12:34<10:20, 116kB/s]
 57%|█████▋    | 96.8M/169M [12:35<10:26, 115kB/s]
 57%|█████▋    | 96.9M/169M [12:35<10:29, 115kB/s]
 57%|█████▋    | 96.9M/169M [12:35<10:29, 114kB/s]
 57%|█████▋    | 96.9M/169M [12:35<10:30, 114kB/s]
 57%|█████▋    | 97.0M/169M [12:36<11:21, 106kB/s]
 57%|█████▋    | 97.0M/169M [12:36<11:08, 108kB/s]
 57%|█████▋    | 97.0M/169M [12:36<10:58, 109kB/s]
 57%|█████▋    | 97.1M/169M [12:37<10:51, 110kB/s]
 57%|█████▋    | 97.1M/169M [12:37<10:44, 112kB/s]
 57%|█████▋    | 97.1M/169M [12:37<12:42, 94.3kB/s]
 57%|█████▋    | 97.2M/169M [12:38<12:41, 94.3kB/s]
 58%|█████▊    | 97.2M/169M [12:38<11:06, 108kB/s] 
 58%|█████▊    | 97.2M/169M [12:38<09:54, 121kB/s]
 58%|█████▊    | 97.3M/169M [12:38<09:05, 131kB/s]
 58%|█████▊    | 97.3M/169M [12:39<12:23, 96.5kB/s]
 58%|█████▊    | 97.3M/169M [12:39<11:22, 105kB/s] 
 58%|█████▊    | 97.4M/169M [12:39<10:03, 119kB/s]
 58%|█████▊    | 97.4M/169M [12:40<09:22, 127kB/s]
 58%|█████▊    | 97.4M/169M [12:40<09:36, 124kB/s]
 58%|█████▊    | 97.5M/169M [12:40<09:50, 121kB/s]
 58%|█████▊    | 97.5M/169M [12:40<09:57, 120kB/s]
 58%|█████▊    | 97.5M/169M [12:41<10:04, 118kB/s]
 58%|█████▊    | 97.6M/169M [12:41<10:08, 117kB/s]
 58%|█████▊    | 97.6M/169M [12:42<14:05, 84.5kB/s]
 58%|█████▊    | 97.6M/169M [12:42<12:44, 93.4kB/s]
 58%|█████▊    | 97.6M/169M [12:42<11:39, 102kB/s] 
 58%|█████▊    | 97.7M/169M [12:42<09:43, 122kB/s]
 58%|█████▊    | 97.7M/169M [12:42<08:51, 134kB/s]
 58%|█████▊    | 97.7M/169M [12:43<09:16, 128kB/s]
 58%|█████▊    | 97.8M/169M [12:43<11:34, 103kB/s]
 58%|█████▊    | 97.8M/169M [12:44<11:34, 103kB/s]
 58%|█████▊    | 97.8M/169M [12:44<10:13, 116kB/s]
 58%|█████▊    | 97.9M/169M [12:44<09:13, 128kB/s]
 58%|█████▊    | 97.9M/169M [12:44<09:20, 127kB/s]
 58%|█████▊    | 97.9M/169M [12:44<09:39, 123kB/s]
 58%|█████▊    | 98.0M/169M [12:45<10:39, 111kB/s]
 58%|█████▊    | 98.0M/169M [12:45<10:34, 112kB/s]
 58%|█████▊    | 98.0M/169M [12:45<10:30, 113kB/s]
 58%|█████▊    | 98.1M/169M [12:46<10:25, 113kB/s]
 58%|█████▊    | 98.1M/169M [12:46<10:22, 114kB/s]
 58%|█████▊    | 98.1M/169M [12:46<10:18, 115kB/s]
 58%|█████▊    | 98.2M/169M [12:47<10:18, 115kB/s]
 58%|█████▊    | 98.2M/169M [12:47<10:16, 115kB/s]
 58%|█████▊    | 98.2M/169M [12:47<10:15, 115kB/s]
 58%|█████▊    | 98.3M/169M [12:47<10:15, 115kB/s]
 58%|█████▊    | 98.3M/169M [12:48<10:12, 115kB/s]
 58%|█████▊    | 98.3M/169M [12:48<12:53, 91.4kB/s]
 58%|█████▊    | 98.4M/169M [12:48<11:50, 99.5kB/s]
 58%|█████▊    | 98.4M/169M [12:49<10:24, 113kB/s] 
 58%|█████▊    | 98.4M/169M [12:49<09:35, 123kB/s]
 58%|█████▊    | 98.5M/169M [12:49<09:47, 120kB/s]
 58%|█████▊    | 98.5M/169M [12:50<13:12, 89.0kB/s]
 58%|█████▊    | 98.5M/169M [12:50<12:41, 92.5kB/s]
 58%|█████▊    | 98.6M/169M [12:50<10:59, 107kB/s] 
 58%|█████▊    | 98.6M/169M [12:50<09:44, 120kB/s]
 58%|█████▊    | 98.6M/169M [12:51<08:19, 141kB/s]
 58%|█████▊    | 98.7M/169M [12:51<09:19, 126kB/s]
 58%|█████▊    | 98.7M/169M [12:51<09:32, 123kB/s]
 58%|█████▊    | 98.7M/169M [12:51<09:41, 121kB/s]
 58%|█████▊    | 98.8M/169M [12:52<09:47, 119kB/s]
 58%|█████▊    | 98.8M/169M [12:52<09:53, 118kB/s]
 58%|█████▊    | 98.8M/169M [12:52<09:54, 118kB/s]
 58%|█████▊    | 98.9M/169M [12:53<09:55, 118kB/s]
 59%|█████▊    | 98.9M/169M [12:53<11:57, 97.7kB/s]
 59%|█████▊    | 98.9M/169M [12:53<11:46, 99.1kB/s]
 59%|█████▊    | 99.0M/169M [12:54<10:19, 113kB/s] 
 59%|█████▊    | 99.0M/169M [12:54<09:53, 118kB/s]
 59%|█████▊    | 99.0M/169M [12:54<09:32, 122kB/s]
 59%|█████▊    | 99.1M/169M [12:54<09:40, 121kB/s]
 59%|█████▊    | 99.1M/169M [12:55<09:48, 119kB/s]
 59%|█████▊    | 99.1M/169M [12:55<09:50, 118kB/s]
 59%|█████▊    | 99.2M/169M [12:55<09:53, 118kB/s]
 59%|█████▊    | 99.2M/169M [12:55<09:53, 118kB/s]
 59%|█████▊    | 99.2M/169M [12:56<11:54, 97.6kB/s]
 59%|█████▊    | 99.3M/169M [12:56<11:06, 105kB/s] 
 59%|█████▊    | 99.3M/169M [12:56<10:25, 111kB/s]
 59%|█████▉    | 99.3M/169M [12:57<09:23, 124kB/s]
 59%|█████▉    | 99.4M/169M [12:57<11:28, 101kB/s]
 59%|█████▉    | 99.4M/169M [12:58<12:07, 95.6kB/s]
 59%|█████▉    | 99.4M/169M [12:58<12:45, 90.9kB/s]
 59%|█████▉    | 99.5M/169M [12:58<11:35, 100kB/s] 
 59%|█████▉    | 99.5M/169M [12:58<10:11, 114kB/s]
 59%|█████▉    | 99.5M/169M [12:59<08:39, 134kB/s]
 59%|█████▉    | 99.5M/169M [12:59<07:50, 148kB/s]
 59%|█████▉    | 99.6M/169M [12:59<07:55, 146kB/s]
 59%|█████▉    | 99.6M/169M [12:59<08:31, 136kB/s]
 59%|█████▉    | 99.6M/169M [12:59<08:53, 130kB/s]
 59%|█████▉    | 99.7M/169M [13:00<09:51, 117kB/s]
 59%|█████▉    | 99.7M/169M [13:00<09:48, 118kB/s]
 59%|█████▉    | 99.7M/169M [13:00<09:49, 117kB/s]
 59%|█████▉    | 99.8M/169M [13:01<11:09, 103kB/s]
 59%|█████▉    | 99.8M/169M [13:01<09:24, 122kB/s]
 59%|█████▉    | 99.8M/169M [13:01<09:32, 121kB/s]
 59%|█████▉    | 99.9M/169M [13:01<09:37, 120kB/s]
 59%|█████▉    | 99.9M/169M [13:02<09:42, 119kB/s]
 59%|█████▉    | 99.9M/169M [13:02<09:43, 118kB/s]
 59%|█████▉    | 100M/169M [13:02<09:45, 118kB/s] 
 59%|█████▉    | 100M/169M [13:03<09:47, 117kB/s]
 59%|█████▉    | 100M/169M [13:03<10:33, 109kB/s]
 59%|█████▉    | 100M/169M [13:03<12:11, 94.2kB/s]
 59%|█████▉    | 100M/169M [13:04<11:54, 96.5kB/s]
 59%|█████▉    | 100M/169M [13:04<11:07, 103kB/s] 
 59%|█████▉    | 100M/169M [13:04<10:21, 111kB/s]
 59%|█████▉    | 100M/169M [13:04<09:20, 123kB/s]
 59%|█████▉    | 100M/169M [13:05<08:32, 134kB/s]
 59%|█████▉    | 100M/169M [13:05<08:46, 131kB/s]
 59%|█████▉    | 100M/169M [13:05<09:04, 126kB/s]
 59%|█████▉    | 100M/169M [13:05<09:18, 123kB/s]
 59%|█████▉    | 100M/169M [13:06<10:12, 112kB/s]
 59%|█████▉    | 100M/169M [13:06<10:07, 113kB/s]
 59%|█████▉    | 100M/169M [13:06<10:01, 114kB/s]
 59%|█████▉    | 100M/169M [13:07<10:31, 108kB/s]
 59%|█████▉    | 100M/169M [13:07<09:44, 117kB/s]
 59%|█████▉    | 101M/169M [13:07<09:47, 116kB/s]
 60%|█████▉    | 101M/169M [13:08<09:48, 116kB/s]
 60%|█████▉    | 101M/169M [13:08<09:49, 116kB/s]
 60%|█████▉    | 101M/169M [13:08<09:48, 116kB/s]
 60%|█████▉    | 101M/169M [13:08<09:47, 116kB/s]
 60%|█████▉    | 101M/169M [13:09<12:17, 92.6kB/s]
 60%|█████▉    | 101M/169M [13:09<11:19, 101kB/s] 
 60%|█████▉    | 101M/169M [13:09<09:55, 115kB/s]
 60%|█████▉    | 101M/169M [13:10<09:08, 124kB/s]
 60%|█████▉    | 101M/169M [13:10<09:18, 122kB/s]
 60%|█████▉    | 101M/169M [13:10<09:26, 120kB/s]
 60%|█████▉    | 101M/169M [13:10<09:30, 119kB/s]
 60%|█████▉    | 101M/169M [13:11<09:34, 118kB/s]
 60%|█████▉    | 101M/169M [13:11<09:36, 118kB/s]
 60%|█████▉    | 101M/169M [13:11<11:27, 98.9kB/s]
 60%|█████▉    | 101M/169M [13:12<11:19, 100kB/s] 
 60%|█████▉    | 101M/169M [13:12<10:05, 112kB/s]
 60%|█████▉    | 101M/169M [13:12<09:10, 123kB/s]
 60%|█████▉    | 101M/169M [13:12<09:16, 122kB/s]
 60%|█████▉    | 101M/169M [13:13<09:21, 121kB/s]
 60%|█████▉    | 101M/169M [13:13<09:24, 120kB/s]
 60%|█████▉    | 101M/169M [13:13<09:27, 119kB/s]
 60%|█████▉    | 101M/169M [13:14<09:30, 119kB/s]
 60%|█████▉    | 101M/169M [13:14<09:29, 119kB/s]
 60%|█████▉    | 101M/169M [13:14<09:30, 119kB/s]
 60%|█████▉    | 101M/169M [13:14<09:31, 118kB/s]
 60%|█████▉    | 101M/169M [13:15<10:15, 110kB/s]
 60%|██████    | 101M/169M [13:15<10:02, 112kB/s]
 60%|██████    | 101M/169M [13:15<09:52, 114kB/s]
 60%|██████    | 101M/169M [13:16<09:47, 115kB/s]
 60%|██████    | 102M/169M [13:16<09:43, 116kB/s]
 60%|██████    | 102M/169M [13:16<11:24, 98.5kB/s]
 60%|██████    | 102M/169M [13:17<10:44, 105kB/s] 
 60%|██████    | 102M/169M [13:17<09:28, 118kB/s]
 60%|██████    | 102M/169M [13:17<08:42, 129kB/s]
 60%|██████    | 102M/169M [13:17<08:54, 126kB/s]
 60%|██████    | 102M/169M [13:17<09:04, 124kB/s]
 60%|██████    | 102M/169M [13:18<10:00, 112kB/s]
 60%|██████    | 102M/169M [13:18<09:45, 115kB/s]
 60%|██████    | 102M/169M [13:18<09:42, 115kB/s]
 60%|██████    | 102M/169M [13:19<09:36, 117kB/s]
 60%|██████    | 102M/169M [13:19<09:42, 115kB/s]
 60%|██████    | 102M/169M [13:19<09:27, 118kB/s]
 60%|██████    | 102M/169M [13:19<09:26, 118kB/s]
 60%|██████    | 102M/169M [13:20<09:27, 118kB/s]
 60%|██████    | 102M/169M [13:20<09:26, 118kB/s]
 60%|██████    | 102M/169M [13:20<09:29, 118kB/s]
 60%|██████    | 102M/169M [13:21<10:31, 106kB/s]
 60%|██████    | 102M/169M [13:21<11:27, 97.3kB/s]
 60%|██████    | 102M/169M [13:21<09:48, 114kB/s] 
 60%|██████    | 102M/169M [13:22<10:22, 107kB/s]
 60%|██████    | 102M/169M [13:22<10:19, 108kB/s]
 60%|██████    | 102M/169M [13:22<09:25, 118kB/s]
 61%|██████    | 102M/169M [13:22<08:45, 127kB/s]
 61%|██████    | 102M/169M [13:23<09:01, 123kB/s]
 61%|██████    | 102M/169M [13:23<09:05, 122kB/s]
 61%|██████    | 102M/169M [13:24<12:44, 87.1kB/s]
 61%|██████    | 102M/169M [13:24<12:10, 91.2kB/s]
 61%|██████    | 102M/169M [13:24<11:12, 99.0kB/s]
 61%|██████    | 102M/169M [13:24<09:32, 116kB/s] 
 61%|██████    | 102M/169M [13:24<08:10, 136kB/s]
 61%|██████    | 103M/169M [13:25<08:01, 138kB/s]
 61%|██████    | 103M/169M [13:25<08:23, 132kB/s]
 61%|██████    | 103M/169M [13:25<08:19, 133kB/s]
 61%|██████    | 103M/169M [13:25<08:36, 129kB/s]
 61%|██████    | 103M/169M [13:26<08:52, 125kB/s]
 61%|██████    | 103M/169M [13:26<09:07, 121kB/s]
 61%|██████    | 103M/169M [13:26<09:05, 121kB/s]
 61%|██████    | 103M/169M [13:27<09:54, 111kB/s]
 61%|██████    | 103M/169M [13:27<09:58, 111kB/s]
 61%|██████    | 103M/169M [13:27<09:40, 114kB/s]
 61%|██████    | 103M/169M [13:28<09:38, 114kB/s]
 61%|██████    | 103M/169M [13:28<09:38, 114kB/s]
 61%|██████    | 103M/169M [13:28<09:37, 114kB/s]
 61%|██████    | 103M/169M [13:28<09:38, 114kB/s]
 61%|██████    | 103M/169M [13:29<09:38, 114kB/s]
 61%|██████    | 103M/169M [13:29<09:39, 114kB/s]
 61%|██████    | 103M/169M [13:29<11:19, 97.0kB/s]
 61%|██████    | 103M/169M [13:30<10:00, 110kB/s] 
 61%|██████    | 103M/169M [13:30<09:53, 111kB/s]
 61%|██████    | 103M/169M [13:30<09:51, 111kB/s]
 61%|██████    | 103M/169M [13:30<09:51, 111kB/s]
 61%|██████    | 103M/169M [13:31<09:51, 111kB/s]
 61%|██████    | 103M/169M [13:31<09:52, 111kB/s]
 61%|██████    | 103M/169M [13:31<09:52, 111kB/s]
 61%|██████    | 103M/169M [13:32<15:21, 71.2kB/s]
 61%|██████    | 103M/169M [13:33<14:13, 76.9kB/s]
 61%|██████    | 103M/169M [13:33<13:39, 80.1kB/s]
 61%|██████    | 103M/169M [13:33<12:00, 91.0kB/s]
 61%|██████    | 103M/169M [13:33<10:53, 100kB/s] 
 61%|██████    | 103M/169M [13:34<08:59, 122kB/s]
 61%|██████▏   | 104M/169M [13:34<08:47, 124kB/s]
 61%|██████▏   | 104M/169M [13:34<08:43, 125kB/s]
 61%|██████▏   | 104M/169M [13:34<08:07, 134kB/s]
 61%|██████▏   | 104M/169M [13:34<07:35, 144kB/s]
 61%|██████▏   | 104M/169M [13:35<08:01, 136kB/s]
 61%|██████▏   | 104M/169M [13:35<08:37, 126kB/s]
 61%|██████▏   | 104M/169M [13:35<09:03, 120kB/s]
 61%|██████▏   | 104M/169M [13:36<11:10, 97.4kB/s]
 61%|██████▏   | 104M/169M [13:36<11:01, 98.6kB/s]
 61%|██████▏   | 104M/169M [13:36<09:41, 112kB/s] 
 61%|██████▏   | 104M/169M [13:37<09:38, 113kB/s]
 61%|██████▏   | 104M/169M [13:37<09:47, 111kB/s]
 61%|██████▏   | 104M/169M [13:37<09:53, 110kB/s]
 62%|██████▏   | 104M/169M [13:38<10:00, 108kB/s]
 62%|██████▏   | 104M/169M [13:38<10:04, 108kB/s]
 62%|██████▏   | 104M/169M [13:38<10:07, 107kB/s]
 62%|██████▏   | 104M/169M [13:38<10:10, 106kB/s]
 62%|██████▏   | 104M/169M [13:39<10:11, 106kB/s]
 62%|██████▏   | 104M/169M [13:39<10:10, 106kB/s]
 62%|██████▏   | 104M/169M [13:39<10:55, 98.9kB/s]
 62%|██████▏   | 104M/169M [13:40<10:44, 101kB/s] 
 62%|██████▏   | 104M/169M [13:40<10:33, 102kB/s]
 62%|██████▏   | 104M/169M [13:40<10:28, 103kB/s]
 62%|██████▏   | 104M/169M [13:41<10:24, 104kB/s]
 62%|██████▏   | 104M/169M [13:41<10:19, 104kB/s]
 62%|██████▏   | 104M/169M [13:41<10:15, 105kB/s]
 62%|██████▏   | 104M/169M [13:42<10:11, 106kB/s]
 62%|██████▏   | 104M/169M [13:42<10:09, 106kB/s]
 62%|██████▏   | 104M/169M [13:42<10:05, 107kB/s]
 62%|██████▏   | 104M/169M [13:43<10:48, 99.5kB/s]
 62%|██████▏   | 104M/169M [13:43<10:32, 102kB/s] 
 62%|██████▏   | 105M/169M [13:43<10:19, 104kB/s]
 62%|██████▏   | 105M/169M [13:44<10:12, 105kB/s]
 62%|██████▏   | 105M/169M [13:44<10:05, 106kB/s]
 62%|██████▏   | 105M/169M [13:44<10:01, 107kB/s]
 62%|██████▏   | 105M/169M [13:44<09:58, 108kB/s]
 62%|██████▏   | 105M/169M [13:45<09:55, 108kB/s]
 62%|██████▏   | 105M/169M [13:45<09:55, 108kB/s]
 62%|██████▏   | 105M/169M [13:46<12:20, 86.7kB/s]
 62%|██████▏   | 105M/169M [13:46<13:02, 82.1kB/s]
 62%|██████▏   | 105M/169M [13:46<11:08, 96.0kB/s]
 62%|██████▏   | 105M/169M [13:46<09:37, 111kB/s] 
 62%|██████▏   | 105M/169M [13:47<08:44, 122kB/s]
 62%|██████▏   | 105M/169M [13:47<09:05, 118kB/s]
 62%|██████▏   | 105M/169M [13:47<09:21, 114kB/s]
 62%|██████▏   | 105M/169M [13:48<09:33, 112kB/s]
 62%|██████▏   | 105M/169M [13:48<09:40, 110kB/s]
 62%|██████▏   | 105M/169M [13:48<09:43, 110kB/s]
 62%|██████▏   | 105M/169M [13:48<09:47, 109kB/s]
 62%|██████▏   | 105M/169M [13:49<09:49, 108kB/s]
 62%|██████▏   | 105M/169M [13:49<10:35, 101kB/s]
 62%|██████▏   | 105M/169M [13:49<10:22, 102kB/s]
 62%|██████▏   | 105M/169M [13:50<10:12, 104kB/s]
 62%|██████▏   | 105M/169M [13:50<10:08, 105kB/s]
 62%|██████▏   | 105M/169M [13:50<10:03, 106kB/s]
 62%|██████▏   | 105M/169M [13:51<10:01, 106kB/s]
 62%|██████▏   | 105M/169M [13:51<09:57, 107kB/s]
 62%|██████▏   | 105M/169M [13:51<09:58, 106kB/s]
 62%|██████▏   | 105M/169M [13:52<09:57, 106kB/s]
 62%|██████▏   | 105M/169M [13:52<09:56, 106kB/s]
 62%|██████▏   | 105M/169M [13:52<10:41, 99.0kB/s]
 62%|██████▏   | 106M/169M [13:53<10:28, 101kB/s] 
 62%|██████▏   | 106M/169M [13:53<10:20, 102kB/s]
 62%|██████▏   | 106M/169M [13:53<10:13, 103kB/s]
 62%|██████▏   | 106M/169M [13:54<10:08, 104kB/s]
 63%|██████▎   | 106M/169M [13:54<10:03, 105kB/s]
 63%|██████▎   | 106M/169M [13:54<10:01, 105kB/s]
 63%|██████▎   | 106M/169M [13:54<09:56, 106kB/s]
 63%|██████▎   | 106M/169M [13:55<09:55, 106kB/s]
 63%|██████▎   | 106M/169M [13:55<09:51, 107kB/s]
 63%|██████▎   | 106M/169M [13:55<09:51, 107kB/s]
 63%|██████▎   | 106M/169M [13:56<10:32, 99.8kB/s]
 63%|██████▎   | 106M/169M [13:56<10:20, 102kB/s] 
 63%|██████▎   | 106M/169M [13:56<10:09, 103kB/s]
 63%|██████▎   | 106M/169M [13:57<10:00, 105kB/s]
 63%|██████▎   | 106M/169M [13:57<09:54, 106kB/s]
 63%|██████▎   | 106M/169M [13:57<09:51, 106kB/s]
 63%|██████▎   | 106M/169M [13:58<09:50, 107kB/s]
 63%|██████▎   | 106M/169M [13:58<09:48, 107kB/s]
 63%|██████▎   | 106M/169M [13:58<09:45, 107kB/s]
 63%|██████▎   | 106M/169M [13:59<09:44, 108kB/s]
 63%|██████▎   | 106M/169M [13:59<10:28, 100kB/s]
 63%|██████▎   | 106M/169M [13:59<10:13, 102kB/s]
 63%|██████▎   | 106M/169M [13:59<10:04, 104kB/s]
 63%|██████▎   | 106M/169M [14:00<09:57, 105kB/s]
 63%|██████▎   | 106M/169M [14:00<09:52, 106kB/s]
 63%|██████▎   | 106M/169M [14:00<09:45, 107kB/s]
 63%|██████▎   | 106M/169M [14:01<09:44, 107kB/s]
 63%|██████▎   | 106M/169M [14:01<09:41, 108kB/s]
 63%|██████▎   | 106M/169M [14:01<09:40, 108kB/s]
 63%|██████▎   | 106M/169M [14:02<09:37, 108kB/s]
 63%|██████▎   | 106M/169M [14:02<09:35, 109kB/s]
 63%|██████▎   | 107M/169M [14:02<10:19, 101kB/s]
 63%|██████▎   | 107M/169M [14:03<11:47, 88.2kB/s]
 63%|██████▎   | 107M/169M [14:03<10:46, 96.6kB/s]
 63%|██████▎   | 107M/169M [14:03<09:26, 110kB/s] 
 63%|██████▎   | 107M/169M [14:03<09:04, 115kB/s]
 63%|██████▎   | 107M/169M [14:04<09:10, 113kB/s]
 63%|██████▎   | 107M/169M [14:04<09:14, 112kB/s]
 63%|██████▎   | 107M/169M [14:04<09:19, 111kB/s]
 63%|██████▎   | 107M/169M [14:05<09:24, 110kB/s]
 63%|██████▎   | 107M/169M [14:05<09:28, 109kB/s]
 63%|██████▎   | 107M/169M [14:05<10:13, 101kB/s]
 63%|██████▎   | 107M/169M [14:06<10:01, 103kB/s]
 63%|██████▎   | 107M/169M [14:06<13:26, 77.0kB/s]
 63%|██████▎   | 107M/169M [14:07<13:40, 75.7kB/s]
 63%|██████▎   | 107M/169M [14:07<11:59, 86.2kB/s]
 63%|██████▎   | 107M/169M [14:07<11:26, 90.3kB/s]
 63%|██████▎   | 107M/169M [14:08<09:59, 103kB/s] 
 63%|██████▎   | 107M/169M [14:08<08:48, 117kB/s]
 63%|██████▎   | 107M/169M [14:08<07:54, 130kB/s]
 63%|██████▎   | 107M/169M [14:08<07:15, 142kB/s]
 63%|██████▎   | 107M/169M [14:09<08:38, 119kB/s]
 63%|██████▎   | 107M/169M [14:09<08:19, 124kB/s]
 63%|██████▎   | 107M/169M [14:09<08:38, 119kB/s]
 63%|██████▎   | 107M/169M [14:09<08:51, 116kB/s]
 63%|██████▎   | 107M/169M [14:10<08:59, 114kB/s]
 64%|██████▎   | 107M/169M [14:10<09:05, 113kB/s]
 64%|██████▎   | 107M/169M [14:10<09:10, 112kB/s]
 64%|██████▎   | 107M/169M [14:11<09:13, 111kB/s]
 64%|██████▎   | 107M/169M [14:11<09:15, 111kB/s]
 64%|██████▎   | 107M/169M [14:11<09:12, 111kB/s]
 64%|██████▎   | 108M/169M [14:11<09:16, 111kB/s]
 64%|██████▎   | 108M/169M [14:12<09:57, 103kB/s]
 64%|██████▎   | 108M/169M [14:12<09:42, 105kB/s]
 64%|██████▎   | 108M/169M [14:12<09:34, 107kB/s]
 64%|██████▎   | 108M/169M [14:13<09:28, 108kB/s]
 64%|██████▎   | 108M/169M [14:13<09:25, 108kB/s]
 64%|██████▎   | 108M/169M [14:13<09:24, 109kB/s]
 64%|██████▍   | 108M/169M [14:14<09:22, 109kB/s]
 64%|██████▍   | 108M/169M [14:14<09:21, 109kB/s]
 64%|██████▍   | 108M/169M [14:14<09:18, 110kB/s]
 64%|██████▍   | 108M/169M [14:15<09:19, 109kB/s]
 64%|██████▍   | 108M/169M [14:15<09:58, 102kB/s]
 64%|██████▍   | 108M/169M [14:15<09:45, 104kB/s]
 64%|██████▍   | 108M/169M [14:15<09:37, 106kB/s]
 64%|██████▍   | 108M/169M [14:16<09:28, 107kB/s]
 64%|██████▍   | 108M/169M [14:16<09:24, 108kB/s]
 64%|██████▍   | 108M/169M [14:16<09:20, 109kB/s]
 64%|██████▍   | 108M/169M [14:17<09:17, 109kB/s]
 64%|██████▍   | 108M/169M [14:17<09:13, 110kB/s]
 64%|██████▍   | 108M/169M [14:17<09:14, 110kB/s]
 64%|██████▍   | 108M/169M [14:18<09:13, 110kB/s]
 64%|██████▍   | 108M/169M [14:18<09:12, 110kB/s]
 64%|██████▍   | 108M/169M [14:18<09:51, 103kB/s]
 64%|██████▍   | 108M/169M [14:19<09:39, 105kB/s]
 64%|██████▍   | 108M/169M [14:19<09:31, 106kB/s]
 64%|██████▍   | 108M/169M [14:19<09:22, 108kB/s]
 64%|██████▍   | 108M/169M [14:19<09:17, 109kB/s]
 64%|██████▍   | 108M/169M [14:20<09:14, 109kB/s]
 64%|██████▍   | 108M/169M [14:20<09:11, 110kB/s]
 64%|██████▍   | 108M/169M [14:20<09:08, 110kB/s]
 64%|██████▍   | 108M/169M [14:21<09:04, 111kB/s]
 64%|██████▍   | 109M/169M [14:21<09:06, 111kB/s]
 64%|██████▍   | 109M/169M [14:21<09:48, 103kB/s]
 64%|██████▍   | 109M/169M [14:22<09:37, 105kB/s]
 64%|██████▍   | 109M/169M [14:22<09:28, 106kB/s]
 64%|██████▍   | 109M/169M [14:22<09:21, 107kB/s]
 64%|██████▍   | 109M/169M [14:22<09:17, 108kB/s]
 64%|██████▍   | 109M/169M [14:23<09:12, 109kB/s]
 64%|██████▍   | 109M/169M [14:23<09:12, 109kB/s]
 64%|██████▍   | 109M/169M [14:23<09:11, 109kB/s]
 64%|██████▍   | 109M/169M [14:24<09:10, 109kB/s]
 64%|██████▍   | 109M/169M [14:24<09:10, 109kB/s]
 64%|██████▍   | 109M/169M [14:24<09:52, 102kB/s]
 64%|██████▍   | 109M/169M [14:25<09:38, 104kB/s]
 64%|██████▍   | 109M/169M [14:25<09:31, 105kB/s]
 64%|██████▍   | 109M/169M [14:25<09:24, 106kB/s]
 65%|██████▍   | 109M/169M [14:26<09:19, 107kB/s]
 65%|██████▍   | 109M/169M [14:26<09:17, 107kB/s]
 65%|██████▍   | 109M/169M [14:26<09:15, 108kB/s]
 65%|██████▍   | 109M/169M [14:26<09:15, 108kB/s]
 65%|██████▍   | 109M/169M [14:27<09:14, 108kB/s]
 65%|██████▍   | 109M/169M [14:27<09:14, 108kB/s]
 65%|██████▍   | 109M/169M [14:27<09:14, 108kB/s]
 65%|██████▍   | 109M/169M [14:28<09:55, 100kB/s]
 65%|██████▍   | 109M/169M [14:28<09:41, 103kB/s]
 65%|██████▍   | 109M/169M [14:28<09:33, 104kB/s]
 65%|██████▍   | 109M/169M [14:29<09:27, 105kB/s]
 65%|██████▍   | 109M/169M [14:29<09:21, 106kB/s]
 65%|██████▍   | 109M/169M [14:29<09:19, 106kB/s]
 65%|██████▍   | 109M/169M [14:30<09:17, 107kB/s]
 65%|██████▍   | 109M/169M [14:30<09:16, 107kB/s]
 65%|██████▍   | 110M/169M [14:30<09:16, 107kB/s]
 65%|██████▍   | 110M/169M [14:30<09:14, 107kB/s]
 65%|██████▍   | 110M/169M [14:31<09:54, 99.9kB/s]
 65%|██████▍   | 110M/169M [14:31<09:41, 102kB/s] 
 65%|██████▍   | 110M/169M [14:31<09:32, 104kB/s]
 65%|██████▍   | 110M/169M [14:32<09:26, 105kB/s]
 65%|██████▍   | 110M/169M [14:32<09:21, 106kB/s]
 65%|██████▍   | 110M/169M [14:32<09:15, 107kB/s]
 65%|██████▍   | 110M/169M [14:33<09:12, 107kB/s]
 65%|██████▍   | 110M/169M [14:33<09:10, 107kB/s]
 65%|██████▍   | 110M/169M [14:33<09:08, 108kB/s]
 65%|██████▌   | 110M/169M [14:34<09:07, 108kB/s]
 65%|██████▌   | 110M/169M [14:34<09:07, 108kB/s]
 65%|██████▌   | 110M/169M [14:34<09:48, 100kB/s]
 65%|██████▌   | 110M/169M [14:35<09:36, 102kB/s]
 65%|██████▌   | 110M/169M [14:35<09:29, 104kB/s]
 65%|██████▌   | 110M/169M [14:35<09:22, 105kB/s]
 65%|██████▌   | 110M/169M [14:35<09:18, 106kB/s]
 65%|██████▌   | 110M/169M [14:36<09:14, 106kB/s]
 65%|██████▌   | 110M/169M [14:36<09:12, 107kB/s]
 65%|██████▌   | 110M/169M [14:36<09:09, 107kB/s]
 65%|██████▌   | 110M/169M [14:37<09:08, 107kB/s]
 65%|██████▌   | 110M/169M [14:37<09:06, 108kB/s]
 65%|██████▌   | 110M/169M [14:37<09:44, 101kB/s]
 65%|██████▌   | 110M/169M [14:38<09:32, 103kB/s]
 65%|██████▌   | 110M/169M [14:38<09:21, 104kB/s]
 65%|██████▌   | 110M/169M [14:38<09:14, 106kB/s]
 65%|██████▌   | 110M/169M [14:39<09:10, 107kB/s]
 65%|██████▌   | 110M/169M [14:39<09:07, 107kB/s]
 65%|██████▌   | 110M/169M [14:39<09:05, 107kB/s]
 65%|██████▌   | 110M/169M [14:39<09:03, 108kB/s]
 65%|██████▌   | 111M/169M [14:40<09:01, 108kB/s]
 65%|██████▌   | 111M/169M [14:40<09:02, 108kB/s]
 65%|██████▌   | 111M/169M [14:40<09:00, 108kB/s]
 65%|██████▌   | 111M/169M [14:41<09:40, 101kB/s]
 65%|██████▌   | 111M/169M [14:41<09:28, 103kB/s]
 65%|██████▌   | 111M/169M [14:41<09:19, 104kB/s]
 66%|██████▌   | 111M/169M [14:42<09:10, 106kB/s]
 66%|██████▌   | 111M/169M [14:42<09:07, 106kB/s]
 66%|██████▌   | 111M/169M [14:42<09:03, 107kB/s]
 66%|██████▌   | 111M/169M [14:43<08:59, 108kB/s]
 66%|██████▌   | 111M/169M [14:43<08:56, 108kB/s]
 66%|██████▌   | 111M/169M [14:43<08:54, 109kB/s]
 66%|██████▌   | 111M/169M [14:43<08:50, 109kB/s]
 66%|██████▌   | 111M/169M [14:44<09:30, 102kB/s]
 66%|██████▌   | 111M/169M [14:44<09:18, 104kB/s]
 66%|██████▌   | 111M/169M [14:44<09:08, 106kB/s]
 66%|██████▌   | 111M/169M [14:45<09:00, 107kB/s]
 66%|██████▌   | 111M/169M [14:45<08:58, 108kB/s]
 66%|██████▌   | 111M/169M [14:45<08:53, 109kB/s]
 66%|██████▌   | 111M/169M [14:46<08:52, 109kB/s]
 66%|██████▌   | 111M/169M [14:46<08:51, 109kB/s]
 66%|██████▌   | 111M/169M [14:46<08:50, 109kB/s]
 66%|██████▌   | 111M/169M [14:47<08:49, 109kB/s]
 66%|██████▌   | 111M/169M [14:47<09:27, 102kB/s]
 66%|██████▌   | 111M/169M [14:47<09:15, 104kB/s]
 66%|██████▌   | 111M/169M [14:48<09:05, 106kB/s]
 66%|██████▌   | 111M/169M [14:48<08:58, 107kB/s]
 66%|██████▌   | 111M/169M [14:48<08:53, 108kB/s]
 66%|██████▌   | 111M/169M [14:48<08:49, 109kB/s]
 66%|██████▌   | 111M/169M [14:49<08:46, 109kB/s]
 66%|██████▌   | 112M/169M [14:49<08:43, 110kB/s]
 66%|██████▌   | 112M/169M [14:49<08:42, 110kB/s]
 66%|██████▌   | 112M/169M [14:50<08:40, 110kB/s]
 66%|██████▌   | 112M/169M [14:50<08:40, 110kB/s]
 66%|██████▌   | 112M/169M [14:50<09:17, 103kB/s]
 66%|██████▌   | 112M/169M [14:51<09:06, 105kB/s]
 66%|██████▌   | 112M/169M [14:51<08:55, 107kB/s]
 66%|██████▌   | 112M/169M [14:51<08:49, 108kB/s]
 66%|██████▌   | 112M/169M [14:51<08:43, 109kB/s]
 66%|██████▌   | 112M/169M [14:52<08:43, 109kB/s]
 66%|██████▌   | 112M/169M [14:52<10:16, 92.7kB/s]
 66%|██████▌   | 112M/169M [14:53<09:56, 95.8kB/s]
 66%|██████▌   | 112M/169M [14:53<08:42, 109kB/s] 
 66%|██████▌   | 112M/169M [14:53<07:47, 122kB/s]
 66%|██████▋   | 112M/169M [14:53<08:38, 110kB/s]
 66%|██████▋   | 112M/169M [14:54<08:37, 110kB/s]
 66%|██████▋   | 112M/169M [14:54<10:14, 92.8kB/s]
 66%|██████▋   | 112M/169M [14:55<11:06, 85.4kB/s]
 66%|██████▋   | 112M/169M [14:55<11:03, 85.7kB/s]
 66%|██████▋   | 112M/169M [14:55<09:26, 100kB/s] 
 66%|██████▋   | 112M/169M [14:55<08:23, 113kB/s]
 66%|██████▋   | 112M/169M [14:56<08:02, 118kB/s]
 66%|██████▋   | 112M/169M [14:56<07:17, 130kB/s]
 66%|██████▋   | 112M/169M [14:56<06:57, 136kB/s]
 66%|██████▋   | 112M/169M [14:56<07:27, 127kB/s]
 66%|██████▋   | 112M/169M [14:57<08:29, 111kB/s]
 66%|██████▋   | 112M/169M [14:57<08:30, 111kB/s]
 67%|██████▋   | 112M/169M [14:57<08:33, 110kB/s]
 67%|██████▋   | 112M/169M [14:58<08:32, 110kB/s]
 67%|██████▋   | 112M/169M [14:58<08:34, 110kB/s]
 67%|██████▋   | 112M/169M [14:58<08:34, 110kB/s]
 67%|██████▋   | 113M/169M [14:58<08:34, 110kB/s]
 67%|██████▋   | 113M/169M [14:59<08:33, 110kB/s]
 67%|██████▋   | 113M/169M [14:59<08:33, 110kB/s]
 67%|██████▋   | 113M/169M [14:59<08:31, 110kB/s]
 67%|██████▋   | 113M/169M [15:00<09:08, 103kB/s]
 67%|██████▋   | 113M/169M [15:00<08:58, 105kB/s]
 67%|██████▋   | 113M/169M [15:00<08:53, 106kB/s]
 67%|██████▋   | 113M/169M [15:01<08:46, 107kB/s]
 67%|██████▋   | 113M/169M [15:01<08:39, 108kB/s]
 67%|██████▋   | 113M/169M [15:01<08:36, 109kB/s]
 67%|██████▋   | 113M/169M [15:01<08:34, 109kB/s]
 67%|██████▋   | 113M/169M [15:02<08:30, 110kB/s]
 67%|██████▋   | 113M/169M [15:02<08:29, 110kB/s]
 67%|██████▋   | 113M/169M [15:02<08:30, 110kB/s]
 67%|██████▋   | 113M/169M [15:03<09:07, 102kB/s]
 67%|██████▋   | 113M/169M [15:03<08:55, 104kB/s]
 67%|██████▋   | 113M/169M [15:03<08:47, 106kB/s]
 67%|██████▋   | 113M/169M [15:04<08:41, 107kB/s]
 67%|██████▋   | 113M/169M [15:04<08:38, 108kB/s]
 67%|██████▋   | 113M/169M [15:04<08:33, 109kB/s]
 67%|██████▋   | 113M/169M [15:05<08:32, 109kB/s]
 67%|██████▋   | 113M/169M [15:05<08:28, 110kB/s]
 67%|██████▋   | 113M/169M [15:05<08:25, 110kB/s]
 67%|██████▋   | 113M/169M [15:05<08:24, 110kB/s]
 67%|██████▋   | 113M/169M [15:06<08:23, 111kB/s]
 67%|██████▋   | 113M/169M [15:06<08:54, 104kB/s]
 67%|██████▋   | 113M/169M [15:06<08:45, 106kB/s]
 67%|██████▋   | 113M/169M [15:07<08:36, 108kB/s]
 67%|██████▋   | 113M/169M [15:07<08:28, 109kB/s]
 67%|██████▋   | 113M/169M [15:07<09:24, 98.3kB/s]
 67%|██████▋   | 114M/169M [15:08<08:46, 105kB/s] 
 67%|██████▋   | 114M/169M [15:08<07:54, 117kB/s]
 67%|██████▋   | 114M/169M [15:08<07:47, 119kB/s]
 67%|██████▋   | 114M/169M [15:08<07:49, 118kB/s]
 67%|██████▋   | 114M/169M [15:09<07:50, 118kB/s]
 67%|██████▋   | 114M/169M [15:09<08:27, 109kB/s]
 67%|██████▋   | 114M/169M [15:09<08:14, 112kB/s]
 67%|██████▋   | 114M/169M [15:10<10:12, 90.3kB/s]
 67%|██████▋   | 114M/169M [15:10<11:00, 83.6kB/s]
 67%|██████▋   | 114M/169M [15:11<11:35, 79.4kB/s]
 67%|██████▋   | 114M/169M [15:11<10:53, 84.4kB/s]
 67%|██████▋   | 114M/169M [15:11<09:20, 98.4kB/s]
 67%|██████▋   | 114M/169M [15:11<08:10, 112kB/s] 
 67%|██████▋   | 114M/169M [15:12<07:53, 116kB/s]
 67%|██████▋   | 114M/169M [15:12<07:46, 118kB/s]
 67%|██████▋   | 114M/169M [15:12<07:34, 121kB/s]
 67%|██████▋   | 114M/169M [15:12<07:02, 130kB/s]
 67%|██████▋   | 114M/169M [15:13<07:35, 121kB/s]
 68%|██████▊   | 114M/169M [15:13<07:31, 122kB/s]
 68%|██████▊   | 114M/169M [15:13<06:57, 131kB/s]
 68%|██████▊   | 114M/169M [15:13<06:27, 142kB/s]
 68%|██████▊   | 114M/169M [15:14<06:35, 138kB/s]
 68%|██████▊   | 114M/169M [15:14<06:51, 133kB/s]
 68%|██████▊   | 114M/169M [15:14<06:29, 141kB/s]
 68%|██████▊   | 114M/169M [15:14<06:12, 147kB/s]
 68%|██████▊   | 114M/169M [15:15<06:12, 147kB/s]
 68%|██████▊   | 114M/169M [15:15<06:41, 136kB/s]
 68%|██████▊   | 114M/169M [15:15<08:05, 113kB/s]
 68%|██████▊   | 114M/169M [15:16<08:57, 101kB/s]
 68%|██████▊   | 114M/169M [15:16<09:35, 94.8kB/s]
 68%|██████▊   | 114M/169M [15:16<10:03, 90.3kB/s]
 68%|██████▊   | 115M/169M [15:17<09:46, 92.9kB/s]
 68%|██████▊   | 115M/169M [15:17<10:32, 86.1kB/s]
 68%|██████▊   | 115M/169M [15:18<10:41, 84.8kB/s]
 68%|██████▊   | 115M/169M [15:18<10:15, 88.3kB/s]
 68%|██████▊   | 115M/169M [15:18<09:03, 100kB/s] 
 68%|██████▊   | 115M/169M [15:18<07:53, 115kB/s]
 68%|██████▊   | 115M/169M [15:19<07:09, 127kB/s]
 68%|██████▊   | 115M/169M [15:19<06:05, 149kB/s]
 68%|██████▊   | 115M/169M [15:19<05:15, 172kB/s]
 68%|██████▊   | 115M/169M [15:19<04:40, 193kB/s]
 68%|██████▊   | 115M/169M [15:19<04:54, 184kB/s]
 68%|██████▊   | 115M/169M [15:19<04:59, 181kB/s]
 68%|██████▊   | 115M/169M [15:20<04:59, 181kB/s]
 68%|██████▊   | 115M/169M [15:20<05:26, 166kB/s]
 68%|██████▊   | 115M/169M [15:20<05:15, 171kB/s]
 68%|██████▊   | 115M/169M [15:20<04:56, 182kB/s]
 68%|██████▊   | 115M/169M [15:20<06:03, 148kB/s]
 68%|██████▊   | 115M/169M [15:21<06:02, 149kB/s]
 68%|██████▊   | 115M/169M [15:21<06:56, 129kB/s]
 68%|██████▊   | 115M/169M [15:21<07:00, 128kB/s]
 68%|██████▊   | 115M/169M [15:21<07:11, 125kB/s]
 68%|██████▊   | 115M/169M [15:22<06:44, 133kB/s]
 68%|██████▊   | 115M/169M [15:22<06:30, 138kB/s]
 68%|██████▊   | 115M/169M [15:22<08:00, 112kB/s]
 68%|██████▊   | 115M/169M [15:23<08:56, 100kB/s]
 68%|██████▊   | 115M/169M [15:23<08:20, 107kB/s]
 68%|██████▊   | 115M/169M [15:24<10:47, 82.8kB/s]
 68%|██████▊   | 115M/169M [15:24<09:44, 91.6kB/s]
 68%|██████▊   | 115M/169M [15:24<11:42, 76.2kB/s]
 68%|██████▊   | 115M/169M [15:25<12:35, 70.9kB/s]
 68%|██████▊   | 116M/169M [15:25<11:35, 76.9kB/s]
 68%|██████▊   | 116M/169M [15:26<13:32, 65.8kB/s]
 68%|██████▊   | 116M/169M [15:26<12:46, 69.7kB/s]
 68%|██████▊   | 116M/169M [15:27<11:03, 80.4kB/s]
 68%|██████▊   | 116M/169M [15:27<09:54, 89.8kB/s]
 68%|██████▊   | 116M/169M [15:27<10:14, 86.8kB/s]
 68%|██████▊   | 116M/169M [15:28<13:06, 67.8kB/s]
 68%|██████▊   | 116M/169M [15:28<12:28, 71.1kB/s]
 69%|██████▊   | 116M/169M [15:29<10:47, 82.2kB/s]
 69%|██████▊   | 116M/169M [15:29<09:19, 95.1kB/s]
 69%|██████▊   | 116M/169M [15:29<09:14, 95.9kB/s]
 69%|██████▊   | 116M/169M [15:30<09:43, 91.0kB/s]
 69%|██████▊   | 116M/169M [15:30<09:24, 94.0kB/s]
 69%|██████▊   | 116M/169M [15:30<09:15, 95.5kB/s]
 69%|██████▊   | 116M/169M [15:31<08:45, 101kB/s] 
 69%|██████▊   | 116M/169M [15:31<10:27, 84.5kB/s]
 69%|██████▊   | 116M/169M [15:32<10:27, 84.4kB/s]
 69%|██████▊   | 116M/169M [15:32<10:11, 86.6kB/s]
 69%|██████▊   | 116M/169M [15:32<09:40, 91.1kB/s]
 69%|██████▊   | 116M/169M [15:33<10:41, 82.5kB/s]
 69%|██████▊   | 116M/169M [15:33<11:12, 78.5kB/s]
 69%|██████▉   | 116M/169M [15:34<11:02, 79.7kB/s]
 69%|██████▉   | 116M/169M [15:34<09:58, 88.1kB/s]
 69%|██████▉   | 116M/169M [15:34<09:31, 92.3kB/s]
 69%|██████▉   | 116M/169M [15:34<08:19, 105kB/s] 
 69%|██████▉   | 116M/169M [15:35<10:38, 82.4kB/s]
 69%|██████▉   | 116M/169M [15:35<11:14, 78.0kB/s]
 69%|██████▉   | 116M/169M [15:36<10:38, 82.4kB/s]
 69%|██████▉   | 116M/169M [15:36<12:45, 68.7kB/s]
 69%|██████▉   | 116M/169M [15:37<11:25, 76.6kB/s]
 69%|██████▉   | 116M/169M [15:37<11:14, 77.8kB/s]
 69%|██████▉   | 117M/169M [15:38<10:37, 82.3kB/s]
 69%|██████▉   | 117M/169M [15:38<09:56, 87.9kB/s]
 69%|██████▉   | 117M/169M [15:38<09:03, 96.4kB/s]
 69%|██████▉   | 117M/169M [15:38<08:07, 107kB/s] 
 69%|██████▉   | 117M/169M [15:39<07:15, 120kB/s]
 69%|██████▉   | 117M/169M [15:39<08:17, 105kB/s]
 69%|██████▉   | 117M/169M [15:39<08:54, 97.8kB/s]
 69%|██████▉   | 117M/169M [15:40<11:31, 75.5kB/s]
 69%|██████▉   | 117M/169M [15:41<13:22, 65.1kB/s]
 69%|██████▉   | 117M/169M [15:41<11:59, 72.5kB/s]
 69%|██████▉   | 117M/169M [15:41<10:07, 85.9kB/s]
 69%|██████▉   | 117M/169M [15:42<10:14, 84.9kB/s]
 69%|██████▉   | 117M/169M [15:42<09:45, 88.9kB/s]
 69%|██████▉   | 117M/169M [15:42<08:30, 102kB/s] 
 69%|██████▉   | 117M/169M [15:43<10:10, 85.1kB/s]
 69%|██████▉   | 117M/169M [15:43<11:54, 72.7kB/s]
 69%|██████▉   | 117M/169M [15:44<11:33, 74.9kB/s]
 69%|██████▉   | 117M/169M [15:44<11:06, 77.9kB/s]
 69%|██████▉   | 117M/169M [15:44<09:20, 92.6kB/s]
 69%|██████▉   | 117M/169M [15:45<09:11, 94.1kB/s]
 69%|██████▉   | 117M/169M [15:45<09:04, 95.2kB/s]
 69%|██████▉   | 117M/169M [15:45<08:54, 96.8kB/s]
 69%|██████▉   | 117M/169M [15:46<08:19, 104kB/s] 
 69%|██████▉   | 117M/169M [15:46<07:23, 117kB/s]
 69%|██████▉   | 117M/169M [15:46<07:14, 119kB/s]
 69%|██████▉   | 117M/169M [15:46<06:43, 128kB/s]
 69%|██████▉   | 117M/169M [15:47<08:22, 103kB/s]
 69%|██████▉   | 117M/169M [15:47<09:28, 90.7kB/s]
 69%|██████▉   | 117M/169M [15:48<10:50, 79.2kB/s]
 70%|██████▉   | 117M/169M [15:48<10:48, 79.4kB/s]
 70%|██████▉   | 118M/169M [15:48<10:36, 80.8kB/s]
 70%|██████▉   | 118M/169M [15:49<09:05, 94.3kB/s]
 70%|██████▉   | 118M/169M [15:49<07:52, 109kB/s] 
 70%|██████▉   | 118M/169M [15:49<07:38, 112kB/s]
 70%|██████▉   | 118M/169M [15:50<09:00, 95.0kB/s]
 70%|██████▉   | 118M/169M [15:51<13:32, 63.2kB/s]
 70%|██████▉   | 118M/169M [15:51<13:41, 62.5kB/s]
 70%|██████▉   | 118M/169M [15:52<15:45, 54.2kB/s]
 70%|██████▉   | 118M/169M [15:52<15:47, 54.1kB/s]
 70%|██████▉   | 118M/169M [15:53<17:18, 49.3kB/s]
 70%|██████▉   | 118M/169M [15:54<15:14, 55.9kB/s]
 70%|██████▉   | 118M/169M [15:54<12:40, 67.2kB/s]
 70%|██████▉   | 118M/169M [15:54<10:08, 84.0kB/s]
 70%|██████▉   | 118M/169M [15:54<08:30, 100kB/s] 
 70%|██████▉   | 118M/169M [15:55<08:06, 105kB/s]
 70%|██████▉   | 118M/169M [15:55<07:25, 114kB/s]
 70%|██████▉   | 118M/169M [15:55<07:06, 120kB/s]
 70%|██████▉   | 118M/169M [15:55<06:38, 128kB/s]
 70%|██████▉   | 118M/169M [15:55<06:36, 128kB/s]
 70%|██████▉   | 118M/169M [15:56<09:24, 90.1kB/s]
 70%|██████▉   | 118M/169M [15:56<09:09, 92.5kB/s]
 70%|██████▉   | 118M/169M [15:57<10:03, 84.2kB/s]
 70%|██████▉   | 118M/169M [15:57<10:07, 83.6kB/s]
 70%|██████▉   | 118M/169M [15:58<10:45, 78.6kB/s]
 70%|██████▉   | 118M/169M [15:58<11:41, 72.3kB/s]
 70%|███████   | 118M/169M [15:59<12:20, 68.4kB/s]
 70%|███████   | 118M/169M [15:59<11:45, 71.8kB/s]
 70%|███████   | 118M/169M [16:00<11:20, 74.4kB/s]
 70%|███████   | 118M/169M [16:00<13:06, 64.3kB/s]
 70%|███████   | 118M/169M [16:01<14:20, 58.7kB/s]
 70%|███████   | 118M/169M [16:02<14:12, 59.3kB/s]
 70%|███████   | 119M/169M [16:02<13:05, 64.3kB/s]
 70%|███████   | 119M/169M [16:02<12:19, 68.3kB/s]
 70%|███████   | 119M/169M [16:03<14:48, 56.7kB/s]
 70%|███████   | 119M/169M [16:04<16:29, 50.9kB/s]
 70%|███████   | 119M/169M [16:05<16:05, 52.2kB/s]
 70%|███████   | 119M/169M [16:05<13:47, 60.8kB/s]
 70%|███████   | 119M/169M [16:05<11:50, 70.8kB/s]
 70%|███████   | 119M/169M [16:05<10:19, 81.1kB/s]
 70%|███████   | 119M/169M [16:06<09:04, 92.3kB/s]
 70%|███████   | 119M/169M [16:06<08:30, 98.3kB/s]
 70%|███████   | 119M/169M [16:06<09:40, 86.4kB/s]
 70%|███████   | 119M/169M [16:07<11:41, 71.5kB/s]
 70%|███████   | 119M/169M [16:08<11:23, 73.3kB/s]
 70%|███████   | 119M/169M [16:08<10:52, 76.7kB/s]
 70%|███████   | 119M/169M [16:09<14:46, 56.4kB/s]
 70%|███████   | 119M/169M [16:09<13:49, 60.3kB/s]
 70%|███████   | 119M/169M [16:10<13:20, 62.4kB/s]
 70%|███████   | 119M/169M [16:10<11:53, 70.0kB/s]
 70%|███████   | 119M/169M [16:10<10:14, 81.2kB/s]
 70%|███████   | 119M/169M [16:11<09:48, 84.7kB/s]
 71%|███████   | 119M/169M [16:11<09:23, 88.4kB/s]
 71%|███████   | 119M/169M [16:11<08:10, 102kB/s] 
 71%|███████   | 119M/169M [16:11<07:40, 108kB/s]
 71%|███████   | 119M/169M [16:12<06:55, 120kB/s]
 71%|███████   | 119M/169M [16:12<08:55, 92.8kB/s]
 71%|███████   | 119M/169M [16:13<11:14, 73.6kB/s]
 71%|███████   | 119M/169M [16:13<11:31, 71.7kB/s]
 71%|███████   | 119M/169M [16:14<10:58, 75.3kB/s]
 71%|███████   | 119M/169M [16:14<11:46, 70.1kB/s]
 71%|███████   | 119M/169M [16:15<11:52, 69.5kB/s]
 71%|███████   | 120M/169M [16:15<11:17, 73.0kB/s]
 71%|███████   | 120M/169M [16:16<10:19, 79.9kB/s]
 71%|███████   | 120M/169M [16:16<08:49, 93.4kB/s]
 71%|███████   | 120M/169M [16:16<08:07, 101kB/s] 
 71%|███████   | 120M/169M [16:16<07:43, 107kB/s]
 71%|███████   | 120M/169M [16:17<09:27, 86.9kB/s]
 71%|███████   | 120M/169M [16:17<09:01, 91.1kB/s]
 71%|███████   | 120M/169M [16:17<08:20, 98.4kB/s]
 71%|███████   | 120M/169M [16:18<07:49, 105kB/s] 
 71%|███████   | 120M/169M [16:18<07:27, 110kB/s]
 71%|███████   | 120M/169M [16:18<07:11, 114kB/s]
 71%|███████   | 120M/169M [16:18<06:14, 131kB/s]
 71%|███████   | 120M/169M [16:19<06:15, 131kB/s]
 71%|███████   | 120M/169M [16:19<05:59, 137kB/s]
 71%|███████   | 120M/169M [16:19<06:38, 123kB/s]
 71%|███████   | 120M/169M [16:19<06:41, 122kB/s]
 71%|███████   | 120M/169M [16:20<06:31, 125kB/s]
 71%|███████   | 120M/169M [16:20<06:34, 124kB/s]
 71%|███████   | 120M/169M [16:20<08:12, 99.2kB/s]
 71%|███████   | 120M/169M [16:21<08:40, 93.8kB/s]
 71%|███████   | 120M/169M [16:22<12:14, 66.5kB/s]
 71%|███████   | 120M/169M [16:22<11:35, 70.2kB/s]
 71%|███████   | 120M/169M [16:23<13:57, 58.3kB/s]
 71%|███████   | 120M/169M [16:23<12:46, 63.6kB/s]
 71%|███████   | 120M/169M [16:24<11:28, 70.8kB/s]
 71%|███████   | 120M/169M [16:24<10:27, 77.6kB/s]
 71%|███████   | 120M/169M [16:24<09:18, 87.2kB/s]
 71%|███████   | 120M/169M [16:24<08:31, 95.1kB/s]
 71%|███████▏  | 120M/169M [16:25<07:56, 102kB/s] 
 71%|███████▏  | 120M/169M [16:25<07:33, 107kB/s]
 71%|███████▏  | 120M/169M [16:25<08:59, 90.0kB/s]
 71%|███████▏  | 121M/169M [16:26<08:21, 96.8kB/s]
 71%|███████▏  | 121M/169M [16:26<07:45, 104kB/s] 
 71%|███████▏  | 121M/169M [16:26<07:02, 115kB/s]
 71%|███████▏  | 121M/169M [16:26<06:28, 124kB/s]
 71%|███████▏  | 121M/169M [16:27<07:14, 111kB/s]
 71%|███████▏  | 121M/169M [16:27<07:06, 113kB/s]
 71%|███████▏  | 121M/169M [16:27<06:57, 116kB/s]
 71%|███████▏  | 121M/169M [16:28<06:52, 117kB/s]
 71%|███████▏  | 121M/169M [16:28<07:47, 103kB/s]
 71%|███████▏  | 121M/169M [16:28<08:22, 96.0kB/s]
 72%|███████▏  | 121M/169M [16:29<08:49, 90.9kB/s]
 72%|███████▏  | 121M/169M [16:29<10:01, 80.0kB/s]
 72%|███████▏  | 121M/169M [16:30<10:59, 72.9kB/s]
 72%|███████▏  | 121M/169M [16:30<11:01, 72.6kB/s]
 72%|███████▏  | 121M/169M [16:31<10:08, 79.0kB/s]
 72%|███████▏  | 121M/169M [16:31<09:08, 87.4kB/s]
 72%|███████▏  | 121M/169M [16:31<08:20, 95.8kB/s]
 72%|███████▏  | 121M/169M [16:32<09:36, 83.2kB/s]
 72%|███████▏  | 121M/169M [16:32<11:06, 71.9kB/s]
 72%|███████▏  | 121M/169M [16:33<11:45, 67.8kB/s]
 72%|███████▏  | 121M/169M [16:33<11:30, 69.3kB/s]
 72%|███████▏  | 121M/169M [16:34<10:31, 75.7kB/s]
 72%|███████▏  | 121M/169M [16:34<11:17, 70.5kB/s]
 72%|███████▏  | 121M/169M [16:35<11:47, 67.5kB/s]
 72%|███████▏  | 121M/169M [16:35<10:46, 73.8kB/s]
 72%|███████▏  | 121M/169M [16:35<09:21, 84.9kB/s]
 72%|███████▏  | 121M/169M [16:36<09:58, 79.6kB/s]
 72%|███████▏  | 121M/169M [16:36<10:53, 72.9kB/s]
 72%|███████▏  | 121M/169M [16:37<09:34, 82.7kB/s]
 72%|███████▏  | 121M/169M [16:37<09:35, 82.5kB/s]
 72%|███████▏  | 122M/169M [16:37<09:36, 82.4kB/s]
 72%|███████▏  | 122M/169M [16:38<08:44, 90.5kB/s]
 72%|███████▏  | 122M/169M [16:38<08:02, 98.3kB/s]
 72%|███████▏  | 122M/169M [16:38<07:07, 111kB/s] 
 72%|███████▏  | 122M/169M [16:38<06:27, 122kB/s]
 72%|███████▏  | 122M/169M [16:39<06:18, 125kB/s]
 72%|███████▏  | 122M/169M [16:39<05:50, 135kB/s]
 72%|███████▏  | 122M/169M [16:39<05:28, 144kB/s]
 72%|███████▏  | 122M/169M [16:39<04:51, 162kB/s]
 72%|███████▏  | 122M/169M [16:39<04:23, 179kB/s]
 72%|███████▏  | 122M/169M [16:39<04:22, 180kB/s]
 72%|███████▏  | 122M/169M [16:40<05:38, 139kB/s]
 72%|███████▏  | 122M/169M [16:40<06:06, 129kB/s]
 72%|███████▏  | 122M/169M [16:41<07:09, 110kB/s]
 72%|███████▏  | 122M/169M [16:41<06:57, 113kB/s]
 72%|███████▏  | 122M/169M [16:41<06:54, 114kB/s]
 72%|███████▏  | 122M/169M [16:41<06:11, 127kB/s]
 72%|███████▏  | 122M/169M [16:42<06:39, 117kB/s]
 72%|███████▏  | 122M/169M [16:42<06:10, 126kB/s]
 72%|███████▏  | 122M/169M [16:42<05:42, 137kB/s]
 72%|███████▏  | 122M/169M [16:42<06:20, 123kB/s]
 72%|███████▏  | 122M/169M [16:43<06:19, 123kB/s]
 72%|███████▏  | 122M/169M [16:43<06:28, 121kB/s]
 72%|███████▏  | 122M/169M [16:43<06:07, 127kB/s]
 72%|███████▏  | 122M/169M [16:43<05:45, 135kB/s]
 72%|███████▏  | 122M/169M [16:43<05:13, 149kB/s]
 72%|███████▏  | 122M/169M [16:44<05:55, 131kB/s]
 72%|███████▏  | 122M/169M [16:44<06:25, 121kB/s]
 72%|███████▏  | 122M/169M [16:44<06:48, 114kB/s]
 72%|███████▏  | 122M/169M [16:45<08:07, 95.5kB/s]
 72%|███████▏  | 122M/169M [16:45<08:09, 95.1kB/s]
 72%|███████▏  | 123M/169M [16:46<11:42, 66.1kB/s]
 73%|███████▎  | 123M/169M [16:47<11:57, 64.7kB/s]
 73%|███████▎  | 123M/169M [16:47<10:25, 74.2kB/s]
 73%|███████▎  | 123M/169M [16:47<09:10, 84.3kB/s]
 73%|███████▎  | 123M/169M [16:48<08:31, 90.7kB/s]
 73%|███████▎  | 123M/169M [16:48<07:11, 107kB/s] 
 73%|███████▎  | 123M/169M [16:48<07:38, 101kB/s]
 73%|███████▎  | 123M/169M [16:48<08:16, 93.1kB/s]
 73%|███████▎  | 123M/169M [16:49<08:29, 90.7kB/s]
 73%|███████▎  | 123M/169M [16:49<09:38, 79.8kB/s]
 73%|███████▎  | 123M/169M [16:50<09:08, 84.1kB/s]
 73%|███████▎  | 123M/169M [16:50<08:11, 93.8kB/s]
 73%|███████▎  | 123M/169M [16:50<07:16, 106kB/s] 
 73%|███████▎  | 123M/169M [16:50<06:33, 117kB/s]
 73%|███████▎  | 123M/169M [16:51<06:42, 114kB/s]
 73%|███████▎  | 123M/169M [16:51<07:09, 107kB/s]
 73%|███████▎  | 123M/169M [16:52<08:15, 92.7kB/s]
 73%|███████▎  | 123M/169M [16:52<07:37, 100kB/s] 
 73%|███████▎  | 123M/169M [16:52<07:16, 105kB/s]
 73%|███████▎  | 123M/169M [16:52<06:55, 110kB/s]
 73%|███████▎  | 123M/169M [16:53<06:47, 113kB/s]
 73%|███████▎  | 123M/169M [16:53<07:57, 95.8kB/s]
 73%|███████▎  | 123M/169M [16:53<08:22, 91.0kB/s]
 73%|███████▎  | 123M/169M [16:54<08:40, 87.8kB/s]
 73%|███████▎  | 123M/169M [16:54<07:58, 95.5kB/s]
 73%|███████▎  | 123M/169M [16:55<08:46, 86.7kB/s]
 73%|███████▎  | 123M/169M [16:55<10:16, 74.0kB/s]
 73%|███████▎  | 123M/169M [16:56<09:58, 76.2kB/s]
 73%|███████▎  | 123M/169M [16:56<09:18, 81.6kB/s]
 73%|███████▎  | 123M/169M [16:56<08:00, 94.8kB/s]
 73%|███████▎  | 124M/169M [16:56<06:58, 109kB/s] 
 73%|███████▎  | 124M/169M [16:57<07:08, 106kB/s]
 73%|███████▎  | 124M/169M [16:57<07:23, 102kB/s]
 73%|███████▎  | 124M/169M [16:57<07:14, 104kB/s]
 73%|███████▎  | 124M/169M [16:58<06:40, 113kB/s]
 73%|███████▎  | 124M/169M [16:58<06:46, 111kB/s]
 73%|███████▎  | 124M/169M [16:58<07:02, 107kB/s]
 73%|███████▎  | 124M/169M [16:59<08:07, 92.8kB/s]
 73%|███████▎  | 124M/169M [16:59<09:20, 80.7kB/s]
 73%|███████▎  | 124M/169M [16:59<08:21, 90.2kB/s]
 73%|███████▎  | 124M/169M [17:00<07:12, 104kB/s] 
 73%|███████▎  | 124M/169M [17:00<07:37, 98.6kB/s]
 73%|███████▎  | 124M/169M [17:00<08:00, 93.9kB/s]
 73%|███████▎  | 124M/169M [17:01<07:49, 96.0kB/s]
 73%|███████▎  | 124M/169M [17:01<07:25, 101kB/s] 
 73%|███████▎  | 124M/169M [17:02<09:19, 80.4kB/s]
 73%|███████▎  | 124M/169M [17:02<10:40, 70.2kB/s]
 73%|███████▎  | 124M/169M [17:03<12:24, 60.3kB/s]
 73%|███████▎  | 124M/169M [17:03<10:56, 68.4kB/s]
 73%|███████▎  | 124M/169M [17:04<11:29, 65.1kB/s]
 73%|███████▎  | 124M/169M [17:04<11:58, 62.4kB/s]
 73%|███████▎  | 124M/169M [17:05<11:32, 64.7kB/s]
 74%|███████▎  | 124M/169M [17:05<09:52, 75.6kB/s]
 74%|███████▎  | 124M/169M [17:05<08:58, 83.1kB/s]
 74%|███████▎  | 124M/169M [17:06<07:11, 104kB/s] 
 74%|███████▎  | 124M/169M [17:06<06:38, 112kB/s]
 74%|███████▎  | 124M/169M [17:06<06:24, 116kB/s]
 74%|███████▎  | 124M/169M [17:06<05:50, 127kB/s]
 74%|███████▎  | 124M/169M [17:06<05:11, 143kB/s]
 74%|███████▎  | 124M/169M [17:07<05:15, 141kB/s]
 74%|███████▎  | 124M/169M [17:07<05:07, 145kB/s]
 74%|███████▎  | 125M/169M [17:07<05:11, 143kB/s]
 74%|███████▎  | 125M/169M [17:07<04:58, 149kB/s]
 74%|███████▎  | 125M/169M [17:07<04:39, 159kB/s]
 74%|███████▎  | 125M/169M [17:08<04:55, 150kB/s]
 74%|███████▍  | 125M/169M [17:08<05:01, 147kB/s]
 74%|███████▍  | 125M/169M [17:09<07:16, 102kB/s]
 74%|███████▍  | 125M/169M [17:09<08:07, 90.8kB/s]
 74%|███████▍  | 125M/169M [17:09<07:32, 97.9kB/s]
 74%|███████▍  | 125M/169M [17:10<07:05, 104kB/s] 
 74%|███████▍  | 125M/169M [17:10<08:05, 91.0kB/s]
 74%|███████▍  | 125M/169M [17:10<07:26, 98.9kB/s]
 74%|███████▍  | 125M/169M [17:10<06:37, 111kB/s] 
 74%|███████▍  | 125M/169M [17:11<07:23, 99.5kB/s]
 74%|███████▍  | 125M/169M [17:11<07:56, 92.5kB/s]
 74%|███████▍  | 125M/169M [17:12<07:13, 101kB/s] 
 74%|███████▍  | 125M/169M [17:12<09:30, 77.1kB/s]
 74%|███████▍  | 125M/169M [17:13<09:46, 74.9kB/s]
 74%|███████▍  | 125M/169M [17:13<09:29, 77.1kB/s]
 74%|███████▍  | 125M/169M [17:13<08:26, 86.6kB/s]
 74%|███████▍  | 125M/169M [17:14<08:08, 89.7kB/s]
 74%|███████▍  | 125M/169M [17:14<08:24, 86.8kB/s]
 74%|███████▍  | 125M/169M [17:14<07:36, 95.9kB/s]
 74%|███████▍  | 125M/169M [17:15<06:50, 107kB/s] 
 74%|███████▍  | 125M/169M [17:15<06:49, 107kB/s]
 74%|███████▍  | 125M/169M [17:15<06:03, 120kB/s]
 74%|███████▍  | 125M/169M [17:15<05:16, 138kB/s]
 74%|███████▍  | 125M/169M [17:15<04:40, 156kB/s]
 74%|███████▍  | 125M/169M [17:15<04:09, 174kB/s]
 74%|███████▍  | 125M/169M [17:16<03:41, 197kB/s]
 74%|███████▍  | 125M/169M [17:16<03:20, 218kB/s]
 74%|███████▍  | 126M/169M [17:16<03:20, 217kB/s]
 74%|███████▍  | 126M/169M [17:17<05:16, 137kB/s]
 74%|███████▍  | 126M/169M [17:17<05:27, 133kB/s]
 74%|███████▍  | 126M/169M [17:17<05:40, 127kB/s]
 74%|███████▍  | 126M/169M [17:17<05:37, 128kB/s]
 74%|███████▍  | 126M/169M [17:18<05:17, 137kB/s]
 74%|███████▍  | 126M/169M [17:18<04:57, 145kB/s]
 74%|███████▍  | 126M/169M [17:18<04:26, 162kB/s]
 74%|███████▍  | 126M/169M [17:18<04:01, 179kB/s]
 74%|███████▍  | 126M/169M [17:18<04:09, 173kB/s]
 74%|███████▍  | 126M/169M [17:18<03:46, 190kB/s]
 74%|███████▍  | 126M/169M [17:19<04:21, 165kB/s]
 75%|███████▍  | 126M/169M [17:19<04:48, 149kB/s]
 75%|███████▍  | 126M/169M [17:19<07:06, 101kB/s]
 75%|███████▍  | 126M/169M [17:20<07:20, 97.6kB/s]
 75%|███████▍  | 126M/169M [17:20<08:36, 83.3kB/s]
 75%|███████▍  | 126M/169M [17:21<08:12, 87.3kB/s]
 75%|███████▍  | 126M/169M [17:21<07:08, 100kB/s] 
 75%|███████▍  | 126M/169M [17:21<07:02, 102kB/s]
 75%|███████▍  | 126M/169M [17:22<08:51, 80.6kB/s]
 75%|███████▍  | 126M/169M [17:22<08:47, 81.1kB/s]
 75%|███████▍  | 126M/169M [17:23<09:35, 74.4kB/s]
 75%|███████▍  | 126M/169M [17:23<09:27, 75.4kB/s]
 75%|███████▍  | 126M/169M [17:24<12:11, 58.4kB/s]
 75%|███████▍  | 126M/169M [17:24<11:12, 63.5kB/s]
 75%|███████▍  | 126M/169M [17:25<09:57, 71.4kB/s]
 75%|███████▍  | 126M/169M [17:25<08:40, 81.8kB/s]
 75%|███████▍  | 126M/169M [17:25<09:06, 78.0kB/s]
 75%|███████▍  | 126M/169M [17:26<08:31, 83.2kB/s]
 75%|███████▍  | 126M/169M [17:26<09:02, 78.3kB/s]
 75%|███████▍  | 127M/169M [17:27<09:00, 78.6kB/s]
 75%|███████▍  | 127M/169M [17:27<08:02, 87.9kB/s]
 75%|███████▍  | 127M/169M [17:27<07:29, 94.4kB/s]
 75%|███████▍  | 127M/169M [17:28<06:55, 102kB/s] 
 75%|███████▍  | 127M/169M [17:28<06:30, 109kB/s]
 75%|███████▍  | 127M/169M [17:28<05:30, 128kB/s]
 75%|███████▍  | 127M/169M [17:28<04:56, 142kB/s]
 75%|███████▍  | 127M/169M [17:28<06:01, 117kB/s]
 75%|███████▌  | 127M/169M [17:29<07:37, 92.3kB/s]
 75%|███████▌  | 127M/169M [17:29<07:27, 94.3kB/s]
 75%|███████▌  | 127M/169M [17:30<10:25, 67.4kB/s]
 75%|███████▌  | 127M/169M [17:31<10:22, 67.7kB/s]
 75%|███████▌  | 127M/169M [17:31<10:06, 69.4kB/s]
 75%|███████▌  | 127M/169M [17:32<10:28, 66.9kB/s]
 75%|███████▌  | 127M/169M [17:32<09:26, 74.2kB/s]
 75%|███████▌  | 127M/169M [17:32<08:16, 84.6kB/s]
 75%|███████▌  | 127M/169M [17:32<06:47, 103kB/s] 
 75%|███████▌  | 127M/169M [17:32<05:38, 124kB/s]
 75%|███████▌  | 127M/169M [17:33<04:47, 146kB/s]
 75%|███████▌  | 127M/169M [17:33<04:25, 158kB/s]
 75%|███████▌  | 127M/169M [17:33<04:21, 160kB/s]
 75%|███████▌  | 127M/169M [17:33<04:02, 172kB/s]
 75%|███████▌  | 127M/169M [17:33<04:11, 166kB/s]
 75%|███████▌  | 127M/169M [17:34<04:11, 166kB/s]
 75%|███████▌  | 127M/169M [17:34<04:25, 157kB/s]
 75%|███████▌  | 127M/169M [17:34<04:58, 140kB/s]
 75%|███████▌  | 127M/169M [17:34<04:44, 147kB/s]
 75%|███████▌  | 127M/169M [17:34<04:20, 159kB/s]
 75%|███████▌  | 127M/169M [17:35<03:52, 179kB/s]
 75%|███████▌  | 127M/169M [17:35<03:32, 195kB/s]
 75%|███████▌  | 128M/169M [17:35<03:30, 197kB/s]
 75%|███████▌  | 128M/169M [17:35<03:31, 196kB/s]
 75%|███████▌  | 128M/169M [17:35<03:24, 203kB/s]
 76%|███████▌  | 128M/169M [17:35<03:36, 191kB/s]
 76%|███████▌  | 128M/169M [17:36<05:31, 125kB/s]
 76%|███████▌  | 128M/169M [17:36<07:39, 90.0kB/s]
 76%|███████▌  | 128M/169M [17:37<07:26, 92.5kB/s]
 76%|███████▌  | 128M/169M [17:37<08:07, 84.7kB/s]
 76%|███████▌  | 128M/169M [17:38<07:42, 89.1kB/s]
 76%|███████▌  | 128M/169M [17:38<07:03, 97.3kB/s]
 76%|███████▌  | 128M/169M [17:38<06:36, 104kB/s] 
 76%|███████▌  | 128M/169M [17:38<06:51, 100kB/s]
 76%|███████▌  | 128M/169M [17:39<07:15, 94.3kB/s]
 76%|███████▌  | 128M/169M [17:39<07:12, 94.9kB/s]
 76%|███████▌  | 128M/169M [17:39<06:17, 109kB/s] 
 76%|███████▌  | 128M/169M [17:40<05:59, 114kB/s]
 76%|███████▌  | 128M/169M [17:40<05:45, 119kB/s]
 76%|███████▌  | 128M/169M [17:40<05:39, 120kB/s]
 76%|███████▌  | 128M/169M [17:41<06:22, 107kB/s]
 76%|███████▌  | 128M/169M [17:41<06:06, 112kB/s]
 76%|███████▌  | 128M/169M [17:41<05:38, 121kB/s]
 76%|███████▌  | 128M/169M [17:41<05:09, 132kB/s]
 76%|███████▌  | 128M/169M [17:42<05:17, 128kB/s]
 76%|███████▌  | 128M/169M [17:42<05:36, 121kB/s]
 76%|███████▌  | 128M/169M [17:42<05:16, 129kB/s]
 76%|███████▌  | 128M/169M [17:42<04:46, 142kB/s]
 76%|███████▌  | 128M/169M [17:43<05:58, 113kB/s]
 76%|███████▌  | 128M/169M [17:43<05:33, 122kB/s]
 76%|███████▌  | 128M/169M [17:43<05:04, 133kB/s]
 76%|███████▌  | 128M/169M [17:43<04:43, 143kB/s]
 76%|███████▌  | 128M/169M [17:43<04:09, 163kB/s]
 76%|███████▌  | 129M/169M [17:43<03:41, 183kB/s]
 76%|███████▌  | 129M/169M [17:44<03:18, 203kB/s]
 76%|███████▌  | 129M/169M [17:44<02:57, 228kB/s]
 76%|███████▌  | 129M/169M [17:44<02:44, 246kB/s]
 76%|███████▌  | 129M/169M [17:44<03:09, 213kB/s]
 76%|███████▌  | 129M/169M [17:44<03:28, 194kB/s]
 76%|███████▌  | 129M/169M [17:44<03:46, 178kB/s]
 76%|███████▌  | 129M/169M [17:45<03:30, 191kB/s]
 76%|███████▌  | 129M/169M [17:45<03:15, 205kB/s]
 76%|███████▌  | 129M/169M [17:45<03:03, 219kB/s]
 76%|███████▌  | 129M/169M [17:45<02:51, 235kB/s]
 76%|███████▋  | 129M/169M [17:45<02:37, 255kB/s]
 76%|███████▋  | 129M/169M [17:45<02:27, 272kB/s]
 76%|███████▋  | 129M/169M [17:45<02:13, 300kB/s]
 76%|███████▋  | 129M/169M [17:46<02:16, 294kB/s]
 76%|███████▋  | 129M/169M [17:46<02:38, 252kB/s]
 76%|███████▋  | 129M/169M [17:46<03:13, 207kB/s]
 76%|███████▋  | 129M/169M [17:46<04:29, 148kB/s]
 76%|███████▋  | 129M/169M [17:47<05:07, 130kB/s]
 76%|███████▋  | 129M/169M [17:47<07:20, 90.4kB/s]
 76%|███████▋  | 129M/169M [17:48<07:31, 88.2kB/s]
 76%|███████▋  | 129M/169M [17:48<07:43, 85.8kB/s]
 77%|███████▋  | 129M/169M [17:49<07:03, 93.7kB/s]
 77%|███████▋  | 129M/169M [17:49<06:27, 102kB/s] 
 77%|███████▋  | 129M/169M [17:49<06:14, 106kB/s]
 77%|███████▋  | 129M/169M [17:49<05:35, 118kB/s]
 77%|███████▋  | 129M/169M [17:49<05:02, 131kB/s]
 77%|███████▋  | 129M/169M [17:50<04:24, 150kB/s]
 77%|███████▋  | 129M/169M [17:50<03:54, 168kB/s]
 77%|███████▋  | 130M/169M [17:50<03:28, 189kB/s]
 77%|███████▋  | 130M/169M [17:50<03:09, 208kB/s]
 77%|███████▋  | 130M/169M [17:50<02:37, 249kB/s]
 77%|███████▋  | 130M/169M [17:50<02:18, 283kB/s]
 77%|███████▋  | 130M/169M [17:51<02:34, 255kB/s]
 77%|███████▋  | 130M/169M [17:51<02:32, 258kB/s]
 77%|███████▋  | 130M/169M [17:51<02:50, 229kB/s]
 77%|███████▋  | 130M/169M [17:51<03:12, 204kB/s]
 77%|███████▋  | 130M/169M [17:51<04:02, 161kB/s]
 77%|███████▋  | 130M/169M [17:52<04:53, 133kB/s]
 77%|███████▋  | 130M/169M [17:52<06:52, 94.7kB/s]
 77%|███████▋  | 130M/169M [17:53<07:59, 81.4kB/s]
 77%|███████▋  | 130M/169M [17:53<07:33, 86.0kB/s]
 77%|███████▋  | 130M/169M [17:54<09:14, 70.3kB/s]
 77%|███████▋  | 130M/169M [17:54<09:35, 67.6kB/s]
 77%|███████▋  | 130M/169M [17:55<08:01, 80.7kB/s]
 77%|███████▋  | 130M/169M [17:55<07:59, 81.0kB/s]
 77%|███████▋  | 130M/169M [17:56<09:04, 71.3kB/s]
 77%|███████▋  | 130M/169M [17:56<08:20, 77.6kB/s]
 77%|███████▋  | 130M/169M [17:56<07:04, 91.4kB/s]
 77%|███████▋  | 130M/169M [17:57<07:40, 84.2kB/s]
 77%|███████▋  | 130M/169M [17:57<07:22, 87.5kB/s]
 77%|███████▋  | 130M/169M [17:57<06:40, 96.6kB/s]
 77%|███████▋  | 130M/169M [17:57<05:49, 111kB/s] 
 77%|███████▋  | 130M/169M [17:58<04:57, 130kB/s]
 77%|███████▋  | 130M/169M [17:58<05:17, 122kB/s]
 77%|███████▋  | 130M/169M [17:58<05:21, 120kB/s]
 77%|███████▋  | 130M/169M [17:58<05:22, 119kB/s]
 77%|███████▋  | 131M/169M [17:59<04:54, 131kB/s]
 77%|███████▋  | 131M/169M [17:59<05:06, 125kB/s]
 77%|███████▋  | 131M/169M [17:59<05:03, 126kB/s]
 77%|███████▋  | 131M/169M [17:59<04:54, 130kB/s]
 77%|███████▋  | 131M/169M [18:00<04:35, 139kB/s]
 77%|███████▋  | 131M/169M [18:00<05:54, 108kB/s]
 77%|███████▋  | 131M/169M [18:00<06:04, 105kB/s]
 77%|███████▋  | 131M/169M [18:01<06:09, 104kB/s]
 77%|███████▋  | 131M/169M [18:01<05:55, 108kB/s]
 77%|███████▋  | 131M/169M [18:01<06:00, 106kB/s]
 77%|███████▋  | 131M/169M [18:01<05:24, 117kB/s]
 77%|███████▋  | 131M/169M [18:02<04:54, 129kB/s]
 77%|███████▋  | 131M/169M [18:02<04:17, 148kB/s]
 77%|███████▋  | 131M/169M [18:02<04:35, 138kB/s]
 77%|███████▋  | 131M/169M [18:02<04:14, 149kB/s]
 78%|███████▊  | 131M/169M [18:02<04:15, 149kB/s]
 78%|███████▊  | 131M/169M [18:03<04:04, 155kB/s]
 78%|███████▊  | 131M/169M [18:03<04:48, 131kB/s]
 78%|███████▊  | 131M/169M [18:03<05:20, 118kB/s]
 78%|███████▊  | 131M/169M [18:04<06:45, 93.3kB/s]
 78%|███████▊  | 131M/169M [18:04<08:08, 77.4kB/s]
 78%|███████▊  | 131M/169M [18:05<08:44, 72.1kB/s]
 78%|███████▊  | 131M/169M [18:05<07:41, 81.8kB/s]
 78%|███████▊  | 131M/169M [18:06<07:18, 86.0kB/s]
 78%|███████▊  | 131M/169M [18:06<08:11, 76.7kB/s]
 78%|███████▊  | 131M/169M [18:07<08:43, 72.0kB/s]
 78%|███████▊  | 131M/169M [18:07<08:03, 77.9kB/s]
 78%|███████▊  | 131M/169M [18:07<07:05, 88.5kB/s]
 78%|███████▊  | 131M/169M [18:07<06:11, 101kB/s] 
 78%|███████▊  | 131M/169M [18:08<05:21, 117kB/s]
 78%|███████▊  | 131M/169M [18:08<04:37, 135kB/s]
 78%|███████▊  | 132M/169M [18:08<04:20, 144kB/s]
 78%|███████▊  | 132M/169M [18:08<04:27, 140kB/s]
 78%|███████▊  | 132M/169M [18:08<03:59, 156kB/s]
 78%|███████▊  | 132M/169M [18:09<03:55, 159kB/s]
 78%|███████▊  | 132M/169M [18:09<04:07, 151kB/s]
 78%|███████▊  | 132M/169M [18:09<04:07, 151kB/s]
 78%|███████▊  | 132M/169M [18:10<05:27, 114kB/s]
 78%|███████▊  | 132M/169M [18:10<05:49, 107kB/s]
 78%|███████▊  | 132M/169M [18:10<05:11, 119kB/s]
 78%|███████▊  | 132M/169M [18:10<04:41, 132kB/s]
 78%|███████▊  | 132M/169M [18:10<04:06, 151kB/s]
 78%|███████▊  | 132M/169M [18:11<03:58, 156kB/s]
 78%|███████▊  | 132M/169M [18:11<04:20, 142kB/s]
 78%|███████▊  | 132M/169M [18:11<04:22, 141kB/s]
 78%|███████▊  | 132M/169M [18:11<04:11, 147kB/s]
 78%|███████▊  | 132M/169M [18:11<03:44, 165kB/s]
 78%|███████▊  | 132M/169M [18:12<03:27, 178kB/s]
 78%|███████▊  | 132M/169M [18:12<03:21, 183kB/s]
 78%|███████▊  | 132M/169M [18:12<03:22, 182kB/s]
 78%|███████▊  | 132M/169M [18:12<03:14, 190kB/s]
 78%|███████▊  | 132M/169M [18:12<03:00, 204kB/s]
 78%|███████▊  | 132M/169M [18:12<02:47, 219kB/s]
 78%|███████▊  | 132M/169M [18:12<02:33, 239kB/s]
 78%|███████▊  | 132M/169M [18:13<02:42, 226kB/s]
 78%|███████▊  | 132M/169M [18:13<03:42, 165kB/s]
 78%|███████▊  | 132M/169M [18:13<04:03, 151kB/s]
 78%|███████▊  | 132M/169M [18:13<03:56, 155kB/s]
 78%|███████▊  | 132M/169M [18:14<03:34, 171kB/s]
 78%|███████▊  | 132M/169M [18:14<03:32, 172kB/s]
 78%|███████▊  | 132M/169M [18:14<03:10, 191kB/s]
 78%|███████▊  | 133M/169M [18:14<02:57, 206kB/s]
 78%|███████▊  | 133M/169M [18:14<02:49, 215kB/s]
 78%|███████▊  | 133M/169M [18:14<02:44, 221kB/s]
 78%|███████▊  | 133M/169M [18:14<02:39, 229kB/s]
 78%|███████▊  | 133M/169M [18:15<02:34, 236kB/s]
 79%|███████▊  | 133M/169M [18:15<02:24, 251kB/s]
 79%|███████▊  | 133M/169M [18:15<02:40, 225kB/s]
 79%|███████▊  | 133M/169M [18:15<02:36, 232kB/s]
 79%|███████▊  | 133M/169M [18:15<02:59, 202kB/s]
 79%|███████▊  | 133M/169M [18:16<04:02, 149kB/s]
 79%|███████▊  | 133M/169M [18:16<04:39, 129kB/s]
 79%|███████▊  | 133M/169M [18:16<04:33, 132kB/s]
 79%|███████▊  | 133M/169M [18:16<04:26, 136kB/s]
 79%|███████▊  | 133M/169M [18:17<04:07, 146kB/s]
 79%|███████▊  | 133M/169M [18:17<03:56, 152kB/s]
 79%|███████▊  | 133M/169M [18:17<03:37, 165kB/s]
 79%|███████▊  | 133M/169M [18:17<03:24, 176kB/s]
 79%|███████▊  | 133M/169M [18:17<03:06, 193kB/s]
 79%|███████▉  | 133M/169M [18:17<02:46, 215kB/s]
 79%|███████▉  | 133M/169M [18:17<02:46, 215kB/s]
 79%|███████▉  | 133M/169M [18:18<02:29, 239kB/s]
 79%|███████▉  | 133M/169M [18:18<02:35, 231kB/s]
 79%|███████▉  | 133M/169M [18:18<03:20, 178kB/s]
 79%|███████▉  | 133M/169M [18:18<03:29, 170kB/s]
 79%|███████▉  | 133M/169M [18:19<03:31, 169kB/s]
 79%|███████▉  | 133M/169M [18:19<03:16, 181kB/s]
 79%|███████▉  | 133M/169M [18:19<03:02, 195kB/s]
 79%|███████▉  | 133M/169M [18:19<02:50, 209kB/s]
 79%|███████▉  | 133M/169M [18:19<02:47, 212kB/s]
 79%|███████▉  | 133M/169M [18:19<02:30, 235kB/s]
 79%|███████▉  | 134M/169M [18:19<02:19, 255kB/s]
 79%|███████▉  | 134M/169M [18:19<02:11, 269kB/s]
 79%|███████▉  | 134M/169M [18:20<02:17, 257kB/s]
 79%|███████▉  | 134M/169M [18:20<02:18, 256kB/s]
 79%|███████▉  | 134M/169M [18:20<02:15, 260kB/s]
 79%|███████▉  | 134M/169M [18:20<02:08, 275kB/s]
 79%|███████▉  | 134M/169M [18:20<02:05, 281kB/s]
 79%|███████▉  | 134M/169M [18:20<02:02, 288kB/s]
 79%|███████▉  | 134M/169M [18:20<02:26, 239kB/s]
 79%|███████▉  | 134M/169M [18:21<02:35, 226kB/s]
 79%|███████▉  | 134M/169M [18:21<02:40, 218kB/s]
 79%|███████▉  | 134M/169M [18:21<03:15, 180kB/s]
 79%|███████▉  | 134M/169M [18:21<04:12, 139kB/s]
 79%|███████▉  | 134M/169M [18:22<04:37, 126kB/s]
 79%|███████▉  | 134M/169M [18:22<04:19, 135kB/s]
 79%|███████▉  | 134M/169M [18:22<03:53, 149kB/s]
 79%|███████▉  | 134M/169M [18:22<03:35, 162kB/s]
 79%|███████▉  | 134M/169M [18:22<03:13, 180kB/s]
 79%|███████▉  | 134M/169M [18:23<03:02, 191kB/s]
 79%|███████▉  | 134M/169M [18:23<02:44, 211kB/s]
 79%|███████▉  | 134M/169M [18:23<02:18, 252kB/s]
 79%|███████▉  | 134M/169M [18:23<02:28, 234kB/s]
 79%|███████▉  | 134M/169M [18:23<02:27, 236kB/s]
 80%|███████▉  | 134M/169M [18:23<02:35, 223kB/s]
 80%|███████▉  | 134M/169M [18:24<02:32, 227kB/s]
 80%|███████▉  | 134M/169M [18:24<02:28, 232kB/s]
 80%|███████▉  | 134M/169M [18:24<02:22, 242kB/s]
 80%|███████▉  | 135M/169M [18:24<02:23, 240kB/s]
 80%|███████▉  | 135M/169M [18:24<02:06, 272kB/s]
 80%|███████▉  | 135M/169M [18:24<02:02, 280kB/s]
 80%|███████▉  | 135M/169M [18:25<02:17, 250kB/s]
 80%|███████▉  | 135M/169M [18:25<02:27, 232kB/s]
 80%|███████▉  | 135M/169M [18:25<02:31, 227kB/s]
 80%|███████▉  | 135M/169M [18:25<02:27, 232kB/s]
 80%|███████▉  | 135M/169M [18:25<02:22, 240kB/s]
 80%|███████▉  | 135M/169M [18:25<02:41, 211kB/s]
 80%|███████▉  | 135M/169M [18:26<03:04, 185kB/s]
 80%|███████▉  | 135M/169M [18:26<03:10, 179kB/s]
 80%|███████▉  | 135M/169M [18:26<02:59, 190kB/s]
 80%|███████▉  | 135M/169M [18:26<02:48, 203kB/s]
 80%|███████▉  | 135M/169M [18:26<02:37, 215kB/s]
 80%|███████▉  | 135M/169M [18:26<02:27, 230kB/s]
 80%|███████▉  | 135M/169M [18:26<02:16, 249kB/s]
 80%|███████▉  | 135M/169M [18:27<02:08, 263kB/s]
 80%|███████▉  | 135M/169M [18:27<02:09, 260kB/s]
 80%|███████▉  | 135M/169M [18:27<03:02, 185kB/s]
 80%|████████  | 135M/169M [18:28<03:48, 148kB/s]
 80%|████████  | 135M/169M [18:28<05:07, 110kB/s]
 80%|████████  | 135M/169M [18:28<05:19, 106kB/s]
 80%|████████  | 135M/169M [18:29<05:02, 111kB/s]
 80%|████████  | 135M/169M [18:29<05:32, 101kB/s]
 80%|████████  | 135M/169M [18:30<06:53, 81.2kB/s]
 80%|████████  | 135M/169M [18:30<06:56, 80.5kB/s]
 80%|████████  | 135M/169M [18:30<06:48, 82.0kB/s]
 80%|████████  | 135M/169M [18:31<06:05, 91.5kB/s]
 80%|████████  | 136M/169M [18:31<05:34, 99.9kB/s]
 80%|████████  | 136M/169M [18:31<04:39, 120kB/s] 
 80%|████████  | 136M/169M [18:31<03:56, 141kB/s]
 80%|████████  | 136M/169M [18:31<03:40, 151kB/s]
 80%|████████  | 136M/169M [18:32<03:25, 162kB/s]
 80%|████████  | 136M/169M [18:32<03:14, 171kB/s]
 80%|████████  | 136M/169M [18:32<02:59, 185kB/s]
 80%|████████  | 136M/169M [18:32<02:45, 201kB/s]
 80%|████████  | 136M/169M [18:32<02:41, 206kB/s]
 80%|████████  | 136M/169M [18:32<02:31, 219kB/s]
 80%|████████  | 136M/169M [18:32<02:39, 208kB/s]
 80%|████████  | 136M/169M [18:33<02:31, 219kB/s]
 80%|████████  | 136M/169M [18:33<02:37, 211kB/s]
 80%|████████  | 136M/169M [18:33<02:52, 191kB/s]
 80%|████████  | 136M/169M [18:33<03:11, 173kB/s]
 80%|████████  | 136M/169M [18:33<03:20, 164kB/s]
 81%|████████  | 136M/169M [18:34<03:35, 153kB/s]
 81%|████████  | 136M/169M [18:34<03:31, 156kB/s]
 81%|████████  | 136M/169M [18:34<03:16, 168kB/s]
 81%|████████  | 136M/169M [18:34<03:00, 182kB/s]
 81%|████████  | 136M/169M [18:34<02:46, 197kB/s]
 81%|████████  | 136M/169M [18:34<02:45, 198kB/s]
 81%|████████  | 136M/169M [18:35<02:28, 221kB/s]
 81%|████████  | 136M/169M [18:35<02:16, 240kB/s]
 81%|████████  | 136M/169M [18:35<02:08, 255kB/s]
 81%|████████  | 136M/169M [18:35<01:58, 276kB/s]
 81%|████████  | 136M/169M [18:35<02:08, 253kB/s]
 81%|████████  | 136M/169M [18:36<02:25, 223kB/s]
 81%|████████  | 137M/169M [18:36<02:40, 203kB/s]
 81%|████████  | 137M/169M [18:36<02:52, 188kB/s]
 81%|████████  | 137M/169M [18:36<02:44, 197kB/s]
 81%|████████  | 137M/169M [18:36<02:35, 209kB/s]
 81%|████████  | 137M/169M [18:37<03:25, 158kB/s]
 81%|████████  | 137M/169M [18:37<04:01, 134kB/s]
 81%|████████  | 137M/169M [18:37<04:04, 132kB/s]
 81%|████████  | 137M/169M [18:37<03:48, 141kB/s]
 81%|████████  | 137M/169M [18:37<03:22, 159kB/s]
 81%|████████  | 137M/169M [18:38<03:01, 177kB/s]
 81%|████████  | 137M/169M [18:38<02:47, 192kB/s]
 81%|████████  | 137M/169M [18:38<02:32, 211kB/s]
 81%|████████  | 137M/169M [18:38<02:26, 219kB/s]
 81%|████████  | 137M/169M [18:38<02:04, 257kB/s]
 81%|████████  | 137M/169M [18:38<02:09, 247kB/s]
 81%|████████  | 137M/169M [18:39<02:24, 222kB/s]
 81%|████████  | 137M/169M [18:39<02:28, 216kB/s]
 81%|████████  | 137M/169M [18:39<02:29, 214kB/s]
 81%|████████  | 137M/169M [18:39<02:24, 220kB/s]
 81%|████████  | 137M/169M [18:39<02:26, 218kB/s]
 81%|████████  | 137M/169M [18:39<02:22, 224kB/s]
 81%|████████  | 137M/169M [18:39<02:34, 205kB/s]
 81%|████████  | 137M/169M [18:40<02:29, 213kB/s]
 81%|████████  | 137M/169M [18:40<02:20, 225kB/s]
 81%|████████▏ | 137M/169M [18:40<02:15, 234kB/s]
 81%|████████▏ | 137M/169M [18:40<02:06, 251kB/s]
 81%|████████▏ | 137M/169M [18:40<02:02, 257kB/s]
 81%|████████▏ | 137M/169M [18:40<01:56, 270kB/s]
 81%|████████▏ | 137M/169M [18:40<02:01, 259kB/s]
 81%|████████▏ | 138M/169M [18:41<02:00, 261kB/s]
 81%|████████▏ | 138M/169M [18:41<02:04, 253kB/s]
 81%|████████▏ | 138M/169M [18:41<01:58, 265kB/s]
 81%|████████▏ | 138M/169M [18:41<02:15, 231kB/s]
 81%|████████▏ | 138M/169M [18:41<01:59, 263kB/s]
 81%|████████▏ | 138M/169M [18:41<02:05, 249kB/s]
 82%|████████▏ | 138M/169M [18:42<02:23, 218kB/s]
 82%|████████▏ | 138M/169M [18:42<02:30, 207kB/s]
 82%|████████▏ | 138M/169M [18:42<02:28, 210kB/s]
 82%|████████▏ | 138M/169M [18:42<02:59, 173kB/s]
 82%|████████▏ | 138M/169M [18:43<04:30, 115kB/s]
 82%|████████▏ | 138M/169M [18:43<05:21, 96.6kB/s]
 82%|████████▏ | 138M/169M [18:43<05:03, 102kB/s] 
 82%|████████▏ | 138M/169M [18:44<04:40, 111kB/s]
 82%|████████▏ | 138M/169M [18:44<04:32, 114kB/s]
 82%|████████▏ | 138M/169M [18:44<04:27, 116kB/s]
 82%|████████▏ | 138M/169M [18:44<04:22, 118kB/s]
 82%|████████▏ | 138M/169M [18:45<04:01, 128kB/s]
 82%|████████▏ | 138M/169M [18:45<03:41, 139kB/s]
 82%|████████▏ | 138M/169M [18:45<03:30, 146kB/s]
 82%|████████▏ | 138M/169M [18:45<03:11, 161kB/s]
 82%|████████▏ | 138M/169M [18:46<03:39, 140kB/s]
 82%|████████▏ | 138M/169M [18:46<03:52, 132kB/s]
 82%|████████▏ | 138M/169M [18:46<03:52, 132kB/s]
 82%|████████▏ | 138M/169M [18:46<03:56, 129kB/s]
 82%|████████▏ | 138M/169M [18:47<04:37, 110kB/s]
 82%|████████▏ | 138M/169M [18:47<04:50, 105kB/s]
 82%|████████▏ | 138M/169M [18:47<04:33, 112kB/s]
 82%|████████▏ | 138M/169M [18:48<04:05, 124kB/s]
 82%|████████▏ | 139M/169M [18:48<03:32, 144kB/s]
 82%|████████▏ | 139M/169M [18:48<03:24, 149kB/s]
 82%|████████▏ | 139M/169M [18:48<03:13, 157kB/s]
 82%|████████▏ | 139M/169M [18:48<03:28, 145kB/s]
 82%|████████▏ | 139M/169M [18:49<03:22, 150kB/s]
 82%|████████▏ | 139M/169M [18:49<03:05, 164kB/s]
 82%|████████▏ | 139M/169M [18:49<02:57, 171kB/s]
 82%|████████▏ | 139M/169M [18:49<02:56, 171kB/s]
 82%|████████▏ | 139M/169M [18:49<02:50, 177kB/s]
 82%|████████▏ | 139M/169M [18:49<02:38, 190kB/s]
 82%|████████▏ | 139M/169M [18:50<02:32, 198kB/s]
 82%|████████▏ | 139M/169M [18:50<02:31, 199kB/s]
 82%|████████▏ | 139M/169M [18:50<02:22, 212kB/s]
 82%|████████▏ | 139M/169M [18:50<02:53, 173kB/s]
 82%|████████▏ | 139M/169M [18:50<03:07, 160kB/s]
 82%|████████▏ | 139M/169M [18:51<03:19, 150kB/s]
 82%|████████▏ | 139M/169M [18:51<03:37, 138kB/s]
 82%|████████▏ | 139M/169M [18:51<03:38, 137kB/s]
 82%|████████▏ | 139M/169M [18:51<03:30, 142kB/s]
 82%|████████▏ | 139M/169M [18:51<03:19, 149kB/s]
 82%|████████▏ | 139M/169M [18:52<02:57, 168kB/s]
 82%|████████▏ | 139M/169M [18:52<02:40, 186kB/s]
 82%|████████▏ | 139M/169M [18:52<02:42, 183kB/s]
 82%|████████▏ | 139M/169M [18:52<02:37, 189kB/s]
 82%|████████▏ | 139M/169M [18:52<02:40, 184kB/s]
 82%|████████▏ | 139M/169M [18:53<02:34, 192kB/s]
 82%|████████▏ | 139M/169M [18:53<02:26, 201kB/s]
 83%|████████▎ | 139M/169M [18:53<02:30, 197kB/s]
 83%|████████▎ | 139M/169M [18:53<02:31, 195kB/s]
 83%|████████▎ | 139M/169M [18:53<02:30, 196kB/s]
 83%|████████▎ | 140M/169M [18:53<02:25, 203kB/s]
 83%|████████▎ | 140M/169M [18:54<02:21, 208kB/s]
 83%|████████▎ | 140M/169M [18:54<02:50, 172kB/s]
 83%|████████▎ | 140M/169M [18:54<03:46, 130kB/s]
 83%|████████▎ | 140M/169M [18:54<03:39, 134kB/s]
 83%|████████▎ | 140M/169M [18:55<03:26, 142kB/s]
 83%|████████▎ | 140M/169M [18:55<03:03, 160kB/s]
 83%|████████▎ | 140M/169M [18:55<02:45, 176kB/s]
 83%|████████▎ | 140M/169M [18:55<02:30, 195kB/s]
 83%|████████▎ | 140M/169M [18:55<02:36, 187kB/s]
 83%|████████▎ | 140M/169M [18:56<02:57, 164kB/s]
 83%|████████▎ | 140M/169M [18:56<02:56, 165kB/s]
 83%|████████▎ | 140M/169M [18:56<02:46, 175kB/s]
 83%|████████▎ | 140M/169M [18:56<03:09, 154kB/s]
 83%|████████▎ | 140M/169M [18:56<02:43, 178kB/s]
 83%|████████▎ | 140M/169M [18:56<02:35, 186kB/s]
 83%|████████▎ | 140M/169M [18:57<02:36, 185kB/s]
 83%|████████▎ | 140M/169M [18:57<02:25, 198kB/s]
 83%|████████▎ | 140M/169M [18:57<02:52, 167kB/s]
 83%|████████▎ | 140M/169M [18:57<03:10, 151kB/s]
 83%|████████▎ | 140M/169M [18:58<03:29, 138kB/s]
 83%|████████▎ | 140M/169M [18:58<04:12, 114kB/s]
 83%|████████▎ | 140M/169M [18:58<04:25, 108kB/s]
 83%|████████▎ | 140M/169M [18:59<04:28, 107kB/s]
 83%|████████▎ | 140M/169M [18:59<04:22, 109kB/s]
 83%|████████▎ | 140M/169M [18:59<04:30, 106kB/s]
 83%|████████▎ | 140M/169M [19:00<05:26, 87.7kB/s]
 83%|████████▎ | 140M/169M [19:00<06:23, 74.5kB/s]
 83%|████████▎ | 140M/169M [19:01<06:11, 76.9kB/s]
 83%|████████▎ | 140M/169M [19:01<05:31, 86.0kB/s]
 83%|████████▎ | 141M/169M [19:01<05:14, 90.6kB/s]
 83%|████████▎ | 141M/169M [19:02<05:41, 83.4kB/s]
 83%|████████▎ | 141M/169M [19:02<05:06, 92.6kB/s]
 83%|████████▎ | 141M/169M [19:02<04:25, 107kB/s] 
 83%|████████▎ | 141M/169M [19:03<04:31, 104kB/s]
 83%|████████▎ | 141M/169M [19:03<04:19, 109kB/s]
 83%|████████▎ | 141M/169M [19:03<04:02, 116kB/s]
 83%|████████▎ | 141M/169M [19:03<03:48, 123kB/s]
 83%|████████▎ | 141M/169M [19:04<03:32, 133kB/s]
 83%|████████▎ | 141M/169M [19:04<03:16, 143kB/s]
 83%|████████▎ | 141M/169M [19:04<02:58, 158kB/s]
 83%|████████▎ | 141M/169M [19:04<02:45, 170kB/s]
 83%|████████▎ | 141M/169M [19:04<02:46, 169kB/s]
 83%|████████▎ | 141M/169M [19:04<02:37, 178kB/s]
 83%|████████▎ | 141M/169M [19:05<02:39, 175kB/s]
 83%|████████▎ | 141M/169M [19:05<02:43, 171kB/s]
 83%|████████▎ | 141M/169M [19:05<02:40, 174kB/s]
 83%|████████▎ | 141M/169M [19:05<02:29, 187kB/s]
 83%|████████▎ | 141M/169M [19:05<02:18, 201kB/s]
 84%|████████▎ | 141M/169M [19:06<02:46, 167kB/s]
 84%|████████▎ | 141M/169M [19:06<03:03, 151kB/s]
 84%|████████▎ | 141M/169M [19:06<02:58, 156kB/s]
 84%|████████▎ | 141M/169M [19:06<02:43, 170kB/s]
 84%|████████▎ | 141M/169M [19:06<02:40, 172kB/s]
 84%|████████▎ | 141M/169M [19:07<02:36, 177kB/s]
 84%|████████▎ | 141M/169M [19:07<02:45, 167kB/s]
 84%|████████▎ | 141M/169M [19:07<02:32, 181kB/s]
 84%|████████▎ | 141M/169M [19:07<02:35, 177kB/s]
 84%|████████▎ | 141M/169M [19:07<02:56, 156kB/s]
 84%|████████▎ | 141M/169M [19:08<02:59, 153kB/s]
 84%|████████▎ | 141M/169M [19:08<02:53, 159kB/s]
 84%|████████▎ | 142M/169M [19:08<02:46, 165kB/s]
 84%|████████▍ | 142M/169M [19:08<03:05, 148kB/s]
 84%|████████▍ | 142M/169M [19:09<04:37, 98.9kB/s]
 84%|████████▍ | 142M/169M [19:09<05:59, 76.1kB/s]
 84%|████████▍ | 142M/169M [19:10<06:25, 71.0kB/s]
 84%|████████▍ | 142M/169M [19:10<06:25, 70.9kB/s]
 84%|████████▍ | 142M/169M [19:11<06:25, 70.8kB/s]
 84%|████████▍ | 142M/169M [19:11<05:54, 76.9kB/s]
 84%|████████▍ | 142M/169M [19:12<05:29, 82.6kB/s]
 84%|████████▍ | 142M/169M [19:12<04:56, 91.6kB/s]
 84%|████████▍ | 142M/169M [19:12<04:32, 99.6kB/s]
 84%|████████▍ | 142M/169M [19:12<04:37, 97.7kB/s]
 84%|████████▍ | 142M/169M [19:13<04:24, 102kB/s] 
 84%|████████▍ | 142M/169M [19:13<03:58, 113kB/s]
 84%|████████▍ | 142M/169M [19:13<03:26, 131kB/s]
 84%|████████▍ | 142M/169M [19:14<04:36, 97.5kB/s]
 84%|████████▍ | 142M/169M [19:14<05:23, 83.3kB/s]
 84%|████████▍ | 142M/169M [19:15<05:07, 87.4kB/s]
 84%|████████▍ | 142M/169M [19:15<05:50, 76.8kB/s]
 84%|████████▍ | 142M/169M [19:15<05:39, 79.0kB/s]
 84%|████████▍ | 142M/169M [19:16<05:36, 79.7kB/s]
 84%|████████▍ | 142M/169M [19:16<05:02, 88.5kB/s]
 84%|████████▍ | 142M/169M [19:16<04:24, 101kB/s] 
 84%|████████▍ | 142M/169M [19:17<03:50, 116kB/s]
 84%|████████▍ | 142M/169M [19:17<03:16, 136kB/s]
 84%|████████▍ | 142M/169M [19:17<03:33, 125kB/s]
 84%|████████▍ | 142M/169M [19:17<03:43, 119kB/s]
 84%|████████▍ | 142M/169M [19:18<03:47, 117kB/s]
 84%|████████▍ | 142M/169M [19:18<03:32, 125kB/s]
 84%|████████▍ | 142M/169M [19:18<03:12, 138kB/s]
 84%|████████▍ | 143M/169M [19:18<02:53, 153kB/s]
 84%|████████▍ | 143M/169M [19:18<02:52, 154kB/s]
 84%|████████▍ | 143M/169M [19:19<03:10, 138kB/s]
 84%|████████▍ | 143M/169M [19:19<03:11, 138kB/s]
 84%|████████▍ | 143M/169M [19:19<03:00, 146kB/s]
 84%|████████▍ | 143M/169M [19:19<02:53, 152kB/s]
 84%|████████▍ | 143M/169M [19:20<03:00, 145kB/s]
 84%|████████▍ | 143M/169M [19:20<02:54, 150kB/s]
 84%|████████▍ | 143M/169M [19:20<02:53, 151kB/s]
 84%|████████▍ | 143M/169M [19:20<02:45, 159kB/s]
 85%|████████▍ | 143M/169M [19:20<02:37, 166kB/s]
 85%|████████▍ | 143M/169M [19:20<02:25, 180kB/s]
 85%|████████▍ | 143M/169M [19:21<02:31, 173kB/s]
 85%|████████▍ | 143M/169M [19:21<02:41, 161kB/s]
 85%|████████▍ | 143M/169M [19:21<02:53, 150kB/s]
 85%|████████▍ | 143M/169M [19:21<02:43, 159kB/s]
 85%|████████▍ | 143M/169M [19:22<02:41, 160kB/s]
 85%|████████▍ | 143M/169M [19:22<02:29, 174kB/s]
 85%|████████▍ | 143M/169M [19:22<02:11, 197kB/s]
 85%|████████▍ | 143M/169M [19:22<02:02, 211kB/s]
 85%|████████▍ | 143M/169M [19:22<01:52, 230kB/s]
 85%|████████▍ | 143M/169M [19:22<02:01, 212kB/s]
 85%|████████▍ | 143M/169M [19:22<01:40, 256kB/s]
 85%|████████▍ | 143M/169M [19:23<01:50, 233kB/s]
 85%|████████▍ | 143M/169M [19:23<02:21, 181kB/s]
 85%|████████▍ | 143M/169M [19:23<03:24, 125kB/s]
 85%|████████▍ | 143M/169M [19:24<04:38, 91.8kB/s]
 85%|████████▍ | 143M/169M [19:24<04:18, 98.8kB/s]
 85%|████████▍ | 143M/169M [19:25<04:08, 103kB/s] 
 85%|████████▍ | 143M/169M [19:25<04:53, 86.8kB/s]
 85%|████████▍ | 144M/169M [19:26<05:29, 77.4kB/s]
 85%|████████▍ | 144M/169M [19:26<05:36, 75.6kB/s]
 85%|████████▍ | 144M/169M [19:27<07:14, 58.5kB/s]
 85%|████████▍ | 144M/169M [19:27<06:22, 66.3kB/s]
 85%|████████▌ | 144M/169M [19:28<06:15, 67.5kB/s]
 85%|████████▌ | 144M/169M [19:28<05:39, 74.7kB/s]
 85%|████████▌ | 144M/169M [19:28<04:59, 84.3kB/s]
 85%|████████▌ | 144M/169M [19:28<04:17, 98.2kB/s]
 85%|████████▌ | 144M/169M [19:29<03:46, 111kB/s] 
 85%|████████▌ | 144M/169M [19:29<03:22, 124kB/s]
 85%|████████▌ | 144M/169M [19:29<03:33, 118kB/s]
 85%|████████▌ | 144M/169M [19:29<03:31, 119kB/s]
 85%|████████▌ | 144M/169M [19:30<03:41, 113kB/s]
 85%|████████▌ | 144M/169M [19:30<04:07, 101kB/s]
 85%|████████▌ | 144M/169M [19:30<03:54, 107kB/s]
 85%|████████▌ | 144M/169M [19:31<03:34, 116kB/s]
 85%|████████▌ | 144M/169M [19:31<03:54, 106kB/s]
 85%|████████▌ | 144M/169M [19:32<04:28, 92.7kB/s]
 85%|████████▌ | 144M/169M [19:32<04:54, 84.4kB/s]
 85%|████████▌ | 144M/169M [19:32<04:58, 83.3kB/s]
 85%|████████▌ | 144M/169M [19:33<04:27, 92.8kB/s]
 85%|████████▌ | 144M/169M [19:33<03:52, 107kB/s] 
 85%|████████▌ | 144M/169M [19:33<03:17, 125kB/s]
 85%|████████▌ | 144M/169M [19:33<03:12, 128kB/s]
 85%|████████▌ | 144M/169M [19:33<03:03, 135kB/s]
 85%|████████▌ | 144M/169M [19:34<03:07, 132kB/s]
 85%|████████▌ | 144M/169M [19:34<02:54, 141kB/s]
 85%|████████▌ | 144M/169M [19:34<02:48, 146kB/s]
 85%|████████▌ | 144M/169M [19:34<02:53, 142kB/s]
 85%|████████▌ | 144M/169M [19:35<03:01, 135kB/s]
 86%|████████▌ | 145M/169M [19:35<02:55, 140kB/s]
 86%|████████▌ | 145M/169M [19:35<02:56, 139kB/s]
 86%|████████▌ | 145M/169M [19:35<02:53, 141kB/s]
 86%|████████▌ | 145M/169M [19:36<02:43, 149kB/s]
 86%|████████▌ | 145M/169M [19:36<02:50, 143kB/s]
 86%|████████▌ | 145M/169M [19:36<03:00, 135kB/s]
 86%|████████▌ | 145M/169M [19:36<03:01, 134kB/s]
 86%|████████▌ | 145M/169M [19:36<02:53, 140kB/s]
 86%|████████▌ | 145M/169M [19:37<02:32, 158kB/s]
 86%|████████▌ | 145M/169M [19:37<02:35, 155kB/s]
 86%|████████▌ | 145M/169M [19:37<02:52, 140kB/s]
 86%|████████▌ | 145M/169M [19:37<02:48, 143kB/s]
 86%|████████▌ | 145M/169M [19:38<02:38, 152kB/s]
 86%|████████▌ | 145M/169M [19:38<02:58, 134kB/s]
 86%|████████▌ | 145M/169M [19:38<03:03, 131kB/s]
 86%|████████▌ | 145M/169M [19:38<02:57, 135kB/s]
 86%|████████▌ | 145M/169M [19:39<03:01, 132kB/s]
 86%|████████▌ | 145M/169M [19:39<02:50, 140kB/s]
 86%|████████▌ | 145M/169M [19:39<03:08, 127kB/s]
 86%|████████▌ | 145M/169M [19:40<04:52, 81.7kB/s]
 86%|████████▌ | 145M/169M [19:40<04:36, 86.3kB/s]
 86%|████████▌ | 145M/169M [19:40<03:58, 100kB/s] 
 86%|████████▌ | 145M/169M [19:41<03:29, 113kB/s]
 86%|████████▌ | 145M/169M [19:41<03:08, 126kB/s]
 86%|████████▌ | 145M/169M [19:41<02:53, 136kB/s]
 86%|████████▌ | 145M/169M [19:41<02:34, 154kB/s]
 86%|████████▌ | 145M/169M [19:41<02:58, 132kB/s]
 86%|████████▌ | 145M/169M [19:42<03:01, 130kB/s]
 86%|████████▌ | 145M/169M [19:42<02:58, 132kB/s]
 86%|████████▌ | 145M/169M [19:42<02:40, 147kB/s]
 86%|████████▌ | 145M/169M [19:42<02:20, 167kB/s]
 86%|████████▌ | 146M/169M [19:42<02:12, 177kB/s]
 86%|████████▌ | 146M/169M [19:43<02:02, 192kB/s]
 86%|████████▌ | 146M/169M [19:43<01:58, 197kB/s]
 86%|████████▌ | 146M/169M [19:43<01:56, 201kB/s]
 86%|████████▌ | 146M/169M [19:43<01:48, 215kB/s]
 86%|████████▌ | 146M/169M [19:43<01:41, 229kB/s]
 86%|████████▌ | 146M/169M [19:43<01:32, 251kB/s]
 86%|████████▌ | 146M/169M [19:43<01:54, 203kB/s]
 86%|████████▋ | 146M/169M [19:44<02:03, 188kB/s]
 86%|████████▋ | 146M/169M [19:44<02:21, 163kB/s]
 86%|████████▋ | 146M/169M [19:44<02:48, 137kB/s]
 86%|████████▋ | 146M/169M [19:44<02:53, 133kB/s]
 86%|████████▋ | 146M/169M [19:45<02:43, 141kB/s]
 86%|████████▋ | 146M/169M [19:45<02:55, 131kB/s]
 86%|████████▋ | 146M/169M [19:45<03:10, 121kB/s]
 86%|████████▋ | 146M/169M [19:46<03:10, 121kB/s]
 86%|████████▋ | 146M/169M [19:46<03:08, 122kB/s]
 86%|████████▋ | 146M/169M [19:46<02:56, 130kB/s]
 86%|████████▋ | 146M/169M [19:46<02:49, 135kB/s]
 86%|████████▋ | 146M/169M [19:46<02:27, 155kB/s]
 86%|████████▋ | 146M/169M [19:47<02:10, 175kB/s]
 87%|████████▋ | 146M/169M [19:47<01:58, 193kB/s]
 87%|████████▋ | 146M/169M [19:47<02:02, 186kB/s]
 87%|████████▋ | 146M/169M [19:47<02:06, 179kB/s]
 87%|████████▋ | 146M/169M [19:47<02:27, 154kB/s]
 87%|████████▋ | 146M/169M [19:48<02:33, 147kB/s]
 87%|████████▋ | 146M/169M [19:48<02:23, 158kB/s]
 87%|████████▋ | 146M/169M [19:48<02:29, 151kB/s]
 87%|████████▋ | 146M/169M [19:48<03:02, 124kB/s]
 87%|████████▋ | 146M/169M [19:49<02:49, 133kB/s]
 87%|████████▋ | 147M/169M [19:49<02:37, 143kB/s]
 87%|████████▋ | 147M/169M [19:49<02:26, 154kB/s]
 87%|████████▋ | 147M/169M [19:49<02:15, 166kB/s]
 87%|████████▋ | 147M/169M [19:49<02:08, 174kB/s]
 87%|████████▋ | 147M/169M [19:49<02:02, 182kB/s]
 87%|████████▋ | 147M/169M [19:50<01:53, 197kB/s]
 87%|████████▋ | 147M/169M [19:50<01:45, 211kB/s]
 87%|████████▋ | 147M/169M [19:50<01:39, 224kB/s]
 87%|████████▋ | 147M/169M [19:50<01:30, 246kB/s]
 87%|████████▋ | 147M/169M [19:50<01:28, 250kB/s]
 87%|████████▋ | 147M/169M [19:50<01:23, 266kB/s]
 87%|████████▋ | 147M/169M [19:50<01:11, 307kB/s]
 87%|████████▋ | 147M/169M [19:50<01:10, 311kB/s]
 87%|████████▋ | 147M/169M [19:51<01:14, 295kB/s]
 87%|████████▋ | 147M/169M [19:51<01:15, 290kB/s]
 87%|████████▋ | 147M/169M [19:51<01:15, 292kB/s]
 87%|████████▋ | 147M/169M [19:51<01:22, 265kB/s]
 87%|████████▋ | 147M/169M [19:51<02:11, 167kB/s]
 87%|████████▋ | 147M/169M [19:52<02:59, 122kB/s]
 87%|████████▋ | 147M/169M [19:52<03:23, 107kB/s]
 87%|████████▋ | 147M/169M [19:53<03:41, 98.5kB/s]
 87%|████████▋ | 147M/169M [19:53<03:40, 98.8kB/s]
 87%|████████▋ | 147M/169M [19:53<03:52, 93.4kB/s]
 87%|████████▋ | 147M/169M [19:54<03:36, 100kB/s] 
 87%|████████▋ | 147M/169M [19:54<04:04, 88.7kB/s]
 87%|████████▋ | 147M/169M [19:54<03:58, 90.7kB/s]
 87%|████████▋ | 147M/169M [19:55<04:27, 80.7kB/s]
 87%|████████▋ | 147M/169M [19:55<04:02, 89.1kB/s]
 87%|████████▋ | 147M/169M [19:56<04:04, 88.2kB/s]
 87%|████████▋ | 147M/169M [19:56<04:22, 81.9kB/s]
 87%|████████▋ | 148M/169M [19:56<03:50, 93.3kB/s]
 87%|████████▋ | 148M/169M [19:56<03:12, 111kB/s] 
 87%|████████▋ | 148M/169M [19:57<02:59, 120kB/s]
 87%|████████▋ | 148M/169M [19:57<02:46, 128kB/s]
 87%|████████▋ | 148M/169M [19:57<02:32, 140kB/s]
 87%|████████▋ | 148M/169M [19:57<02:15, 157kB/s]
 87%|████████▋ | 148M/169M [19:57<02:12, 160kB/s]
 87%|████████▋ | 148M/169M [19:58<02:13, 160kB/s]
 87%|████████▋ | 148M/169M [19:58<03:02, 116kB/s]
 87%|████████▋ | 148M/169M [19:58<03:37, 97.3kB/s]
 87%|████████▋ | 148M/169M [19:59<03:13, 110kB/s] 
 88%|████████▊ | 148M/169M [19:59<03:02, 116kB/s]
 88%|████████▊ | 148M/169M [19:59<02:45, 128kB/s]
 88%|████████▊ | 148M/169M [19:59<02:37, 133kB/s]
 88%|████████▊ | 148M/169M [20:00<02:30, 140kB/s]
 88%|████████▊ | 148M/169M [20:00<02:32, 138kB/s]
 88%|████████▊ | 148M/169M [20:00<02:22, 147kB/s]
 88%|████████▊ | 148M/169M [20:00<02:09, 161kB/s]
 88%|████████▊ | 148M/169M [20:00<02:09, 162kB/s]
 88%|████████▊ | 148M/169M [20:01<02:16, 153kB/s]
 88%|████████▊ | 148M/169M [20:01<02:15, 153kB/s]
 88%|████████▊ | 148M/169M [20:01<02:35, 134kB/s]
 88%|████████▊ | 148M/169M [20:01<02:54, 119kB/s]
 88%|████████▊ | 148M/169M [20:02<03:18, 105kB/s]
 88%|████████▊ | 148M/169M [20:02<03:09, 109kB/s]
 88%|████████▊ | 148M/169M [20:02<02:49, 122kB/s]
 88%|████████▊ | 148M/169M [20:03<02:26, 140kB/s]
 88%|████████▊ | 148M/169M [20:03<02:18, 149kB/s]
 88%|████████▊ | 148M/169M [20:03<02:27, 140kB/s]
 88%|████████▊ | 148M/169M [20:03<02:30, 137kB/s]
 88%|████████▊ | 149M/169M [20:03<02:37, 130kB/s]
 88%|████████▊ | 149M/169M [20:04<03:30, 97.0kB/s]
 88%|████████▊ | 149M/169M [20:04<03:27, 98.5kB/s]
 88%|████████▊ | 149M/169M [20:05<03:51, 88.1kB/s]
 88%|████████▊ | 149M/169M [20:05<03:47, 89.7kB/s]
 88%|████████▊ | 149M/169M [20:05<03:40, 92.4kB/s]
 88%|████████▊ | 149M/169M [20:06<03:21, 101kB/s] 
 88%|████████▊ | 149M/169M [20:06<03:08, 108kB/s]
 88%|████████▊ | 149M/169M [20:06<02:53, 117kB/s]
 88%|████████▊ | 149M/169M [20:07<02:50, 118kB/s]
 88%|████████▊ | 149M/169M [20:07<03:03, 110kB/s]
 88%|████████▊ | 149M/169M [20:07<02:57, 114kB/s]
 88%|████████▊ | 149M/169M [20:07<02:42, 124kB/s]
 88%|████████▊ | 149M/169M [20:08<02:27, 136kB/s]
 88%|████████▊ | 149M/169M [20:08<02:10, 154kB/s]
 88%|████████▊ | 149M/169M [20:08<01:55, 174kB/s]
 88%|████████▊ | 149M/169M [20:08<01:44, 191kB/s]
 88%|████████▊ | 149M/169M [20:08<01:46, 187kB/s]
 88%|████████▊ | 149M/169M [20:08<01:43, 192kB/s]
 88%|████████▊ | 149M/169M [20:08<01:48, 183kB/s]
 88%|████████▊ | 149M/169M [20:09<01:48, 183kB/s]
 88%|████████▊ | 149M/169M [20:09<02:02, 162kB/s]
 88%|████████▊ | 149M/169M [20:09<01:55, 171kB/s]
 88%|████████▊ | 149M/169M [20:09<01:53, 175kB/s]
 88%|████████▊ | 149M/169M [20:09<01:45, 186kB/s]
 88%|████████▊ | 149M/169M [20:10<01:40, 196kB/s]
 88%|████████▊ | 149M/169M [20:10<01:31, 215kB/s]
 88%|████████▊ | 149M/169M [20:10<01:24, 232kB/s]
 88%|████████▊ | 149M/169M [20:10<01:17, 252kB/s]
 88%|████████▊ | 149M/169M [20:10<01:15, 260kB/s]
 88%|████████▊ | 150M/169M [20:10<01:28, 221kB/s]
 88%|████████▊ | 150M/169M [20:11<01:33, 207kB/s]
 89%|████████▊ | 150M/169M [20:11<01:31, 213kB/s]
 89%|████████▊ | 150M/169M [20:11<01:27, 222kB/s]
 89%|████████▊ | 150M/169M [20:11<01:23, 232kB/s]
 89%|████████▊ | 150M/169M [20:11<01:20, 241kB/s]
 89%|████████▊ | 150M/169M [20:11<01:10, 274kB/s]
 89%|████████▊ | 150M/169M [20:11<01:16, 253kB/s]
 89%|████████▊ | 150M/169M [20:12<01:25, 224kB/s]
 89%|████████▊ | 150M/169M [20:12<01:36, 198kB/s]
 89%|████████▊ | 150M/169M [20:12<01:32, 207kB/s]
 89%|████████▊ | 150M/169M [20:12<01:31, 210kB/s]
 89%|████████▊ | 150M/169M [20:12<01:22, 230kB/s]
 89%|████████▊ | 150M/169M [20:12<01:29, 213kB/s]
 89%|████████▉ | 150M/169M [20:13<01:39, 190kB/s]
 89%|████████▉ | 150M/169M [20:13<01:41, 187kB/s]
 89%|████████▉ | 150M/169M [20:13<01:38, 193kB/s]
 89%|████████▉ | 150M/169M [20:13<01:32, 205kB/s]
 89%|████████▉ | 150M/169M [20:13<01:27, 216kB/s]
 89%|████████▉ | 150M/169M [20:13<01:33, 201kB/s]
 89%|████████▉ | 150M/169M [20:14<01:40, 187kB/s]
 89%|████████▉ | 150M/169M [20:14<01:44, 180kB/s]
 89%|████████▉ | 150M/169M [20:14<01:57, 160kB/s]
 89%|████████▉ | 150M/169M [20:15<02:49, 110kB/s]
 89%|████████▉ | 150M/169M [20:15<03:05, 100kB/s]
 89%|████████▉ | 150M/169M [20:16<04:16, 72.6kB/s]
 89%|████████▉ | 150M/169M [20:16<03:54, 79.2kB/s]
 89%|████████▉ | 150M/169M [20:16<03:19, 93.0kB/s]
 89%|████████▉ | 150M/169M [20:16<02:51, 108kB/s] 
 89%|████████▉ | 151M/169M [20:17<02:34, 120kB/s]
 89%|████████▉ | 151M/169M [20:17<02:54, 106kB/s]
 89%|████████▉ | 151M/169M [20:18<03:54, 78.7kB/s]
 89%|████████▉ | 151M/169M [20:18<04:12, 72.8kB/s]
 89%|████████▉ | 151M/169M [20:19<04:03, 75.5kB/s]
 89%|████████▉ | 151M/169M [20:19<03:34, 85.6kB/s]
 89%|████████▉ | 151M/169M [20:19<03:06, 98.4kB/s]
 89%|████████▉ | 151M/169M [20:19<02:52, 106kB/s] 
 89%|████████▉ | 151M/169M [20:20<02:37, 116kB/s]
 89%|████████▉ | 151M/169M [20:20<02:23, 127kB/s]
 89%|████████▉ | 151M/169M [20:20<02:11, 138kB/s]
 89%|████████▉ | 151M/169M [20:21<02:59, 101kB/s]
 89%|████████▉ | 151M/169M [20:21<04:28, 67.3kB/s]
 89%|████████▉ | 151M/169M [20:22<04:35, 65.6kB/s]
 89%|████████▉ | 151M/169M [20:22<04:06, 73.1kB/s]
 89%|████████▉ | 151M/169M [20:23<04:08, 72.5kB/s]
 89%|████████▉ | 151M/169M [20:23<03:49, 78.5kB/s]
 89%|████████▉ | 151M/169M [20:24<04:06, 72.8kB/s]
 89%|████████▉ | 151M/169M [20:24<03:56, 75.8kB/s]
 89%|████████▉ | 151M/169M [20:24<04:02, 73.6kB/s]
 89%|████████▉ | 151M/169M [20:25<03:42, 80.2kB/s]
 89%|████████▉ | 151M/169M [20:25<03:10, 93.7kB/s]
 89%|████████▉ | 151M/169M [20:25<03:25, 86.4kB/s]
 90%|████████▉ | 151M/169M [20:26<03:07, 94.5kB/s]
 90%|████████▉ | 151M/169M [20:26<03:05, 95.7kB/s]
 90%|████████▉ | 151M/169M [20:26<03:14, 90.9kB/s]
 90%|████████▉ | 151M/169M [20:27<02:58, 98.6kB/s]
 90%|████████▉ | 151M/169M [20:27<03:18, 88.8kB/s]
 90%|████████▉ | 151M/169M [20:27<03:03, 95.8kB/s]
 90%|████████▉ | 151M/169M [20:28<02:48, 104kB/s] 
 90%|████████▉ | 151M/169M [20:28<02:22, 123kB/s]
 90%|████████▉ | 152M/169M [20:28<02:08, 136kB/s]
 90%|████████▉ | 152M/169M [20:28<02:03, 142kB/s]
 90%|████████▉ | 152M/169M [20:29<02:19, 125kB/s]
 90%|████████▉ | 152M/169M [20:29<02:11, 133kB/s]
 90%|████████▉ | 152M/169M [20:29<02:21, 122kB/s]
 90%|████████▉ | 152M/169M [20:30<03:13, 89.3kB/s]
 90%|████████▉ | 152M/169M [20:30<02:57, 97.5kB/s]
 90%|████████▉ | 152M/169M [20:30<02:35, 111kB/s] 
 90%|████████▉ | 152M/169M [20:30<02:31, 113kB/s]
 90%|████████▉ | 152M/169M [20:31<02:49, 101kB/s]
 90%|████████▉ | 152M/169M [20:31<03:21, 85.1kB/s]
 90%|████████▉ | 152M/169M [20:32<03:06, 91.7kB/s]
 90%|████████▉ | 152M/169M [20:32<02:59, 95.0kB/s]
 90%|████████▉ | 152M/169M [20:32<02:39, 107kB/s] 
 90%|████████▉ | 152M/169M [20:32<02:21, 120kB/s]
 90%|████████▉ | 152M/169M [20:33<02:09, 131kB/s]
 90%|████████▉ | 152M/169M [20:33<02:02, 139kB/s]
 90%|████████▉ | 152M/169M [20:33<01:54, 147kB/s]
 90%|█████████ | 152M/169M [20:33<01:47, 157kB/s]
 90%|█████████ | 152M/169M [20:33<01:50, 152kB/s]
 90%|█████████ | 152M/169M [20:34<01:46, 158kB/s]
 90%|█████████ | 152M/169M [20:34<01:37, 172kB/s]
 90%|█████████ | 152M/169M [20:34<01:36, 175kB/s]
 90%|█████████ | 152M/169M [20:34<01:47, 155kB/s]
 90%|█████████ | 152M/169M [20:34<01:55, 144kB/s]
 90%|█████████ | 152M/169M [20:35<01:57, 142kB/s]
 90%|█████████ | 152M/169M [20:35<01:57, 141kB/s]
 90%|█████████ | 152M/169M [20:35<01:52, 147kB/s]
 90%|█████████ | 152M/169M [20:35<01:47, 154kB/s]
 90%|█████████ | 152M/169M [20:35<01:45, 156kB/s]
 90%|█████████ | 153M/169M [20:36<02:00, 136kB/s]
 90%|█████████ | 153M/169M [20:36<02:17, 120kB/s]
 90%|█████████ | 153M/169M [20:36<02:13, 123kB/s]
 90%|█████████ | 153M/169M [20:37<02:11, 125kB/s]
 90%|█████████ | 153M/169M [20:37<02:10, 125kB/s]
 90%|█████████ | 153M/169M [20:37<02:04, 131kB/s]
 90%|█████████ | 153M/169M [20:37<02:05, 130kB/s]
 90%|█████████ | 153M/169M [20:38<01:57, 138kB/s]
 90%|█████████ | 153M/169M [20:38<02:11, 123kB/s]
 90%|█████████ | 153M/169M [20:39<03:07, 86.6kB/s]
 90%|█████████ | 153M/169M [20:39<03:21, 80.4kB/s]
 90%|█████████ | 153M/169M [20:39<03:17, 81.5kB/s]
 90%|█████████ | 153M/169M [20:40<02:58, 90.0kB/s]
 90%|█████████ | 153M/169M [20:40<03:22, 79.4kB/s]
 91%|█████████ | 153M/169M [20:41<03:10, 84.4kB/s]
 91%|█████████ | 153M/169M [20:41<02:51, 93.4kB/s]
 91%|█████████ | 153M/169M [20:41<02:40, 99.3kB/s]
 91%|█████████ | 153M/169M [20:41<02:28, 108kB/s] 
 91%|█████████ | 153M/169M [20:41<02:06, 126kB/s]
 91%|█████████ | 153M/169M [20:42<01:57, 135kB/s]
 91%|█████████ | 153M/169M [20:42<01:57, 135kB/s]
 91%|█████████ | 153M/169M [20:42<01:44, 151kB/s]
 91%|█████████ | 153M/169M [20:42<01:40, 158kB/s]
 91%|█████████ | 153M/169M [20:42<01:29, 176kB/s]
 91%|█████████ | 153M/169M [20:43<01:23, 187kB/s]
 91%|█████████ | 153M/169M [20:43<01:16, 205kB/s]
 91%|█████████ | 153M/169M [20:43<01:09, 225kB/s]
 91%|█████████ | 153M/169M [20:43<00:59, 264kB/s]
 91%|█████████ | 153M/169M [20:43<01:03, 243kB/s]
 91%|█████████ | 153M/169M [20:43<00:59, 261kB/s]
 91%|█████████ | 154M/169M [20:43<01:05, 235kB/s]
 91%|█████████ | 154M/169M [20:44<01:10, 219kB/s]
 91%|█████████ | 154M/169M [20:44<01:08, 225kB/s]
 91%|█████████ | 154M/169M [20:44<01:12, 214kB/s]
 91%|█████████ | 154M/169M [20:44<01:05, 235kB/s]
 91%|█████████ | 154M/169M [20:44<01:02, 244kB/s]
 91%|█████████ | 154M/169M [20:44<01:05, 235kB/s]
 91%|█████████ | 154M/169M [20:44<01:03, 239kB/s]
 91%|█████████ | 154M/169M [20:45<01:02, 244kB/s]
 91%|█████████ | 154M/169M [20:45<01:01, 248kB/s]
 91%|█████████ | 154M/169M [20:45<00:59, 255kB/s]
 91%|█████████ | 154M/169M [20:45<01:02, 240kB/s]
 91%|█████████ | 154M/169M [20:45<01:36, 156kB/s]
 91%|█████████ | 154M/169M [20:46<02:47, 89.9kB/s]
 91%|█████████ | 154M/169M [20:46<02:53, 86.5kB/s]
 91%|█████████ | 154M/169M [20:47<02:56, 84.9kB/s]
 91%|█████████ | 154M/169M [20:47<02:57, 84.2kB/s]
 91%|█████████ | 154M/169M [20:48<02:40, 92.7kB/s]
 91%|█████████ | 154M/169M [20:48<02:30, 99.2kB/s]
 91%|█████████ | 154M/169M [20:48<02:56, 84.3kB/s]
 91%|█████████ | 154M/169M [20:49<02:51, 86.5kB/s]
 91%|█████████ | 154M/169M [20:49<02:44, 90.1kB/s]
 91%|█████████▏| 154M/169M [20:49<02:28, 99.3kB/s]
 91%|█████████▏| 154M/169M [20:49<02:09, 114kB/s] 
 91%|█████████▏| 154M/169M [20:50<01:56, 126kB/s]
 91%|█████████▏| 154M/169M [20:50<01:40, 146kB/s]
 91%|█████████▏| 154M/169M [20:50<01:36, 152kB/s]
 91%|█████████▏| 154M/169M [20:50<01:33, 156kB/s]
 91%|█████████▏| 154M/169M [20:50<01:35, 153kB/s]
 91%|█████████▏| 154M/169M [20:51<01:31, 158kB/s]
 91%|█████████▏| 155M/169M [20:51<01:27, 166kB/s]
 91%|█████████▏| 155M/169M [20:51<01:18, 183kB/s]
 91%|█████████▏| 155M/169M [20:51<01:12, 200kB/s]
 91%|█████████▏| 155M/169M [20:51<01:04, 224kB/s]
 91%|█████████▏| 155M/169M [20:51<01:03, 228kB/s]
 92%|█████████▏| 155M/169M [20:51<00:57, 248kB/s]
 92%|█████████▏| 155M/169M [20:52<01:00, 237kB/s]
 92%|█████████▏| 155M/169M [20:52<01:18, 180kB/s]
 92%|█████████▏| 155M/169M [20:52<01:46, 134kB/s]
 92%|█████████▏| 155M/169M [20:53<01:47, 131kB/s]
 92%|█████████▏| 155M/169M [20:53<01:41, 139kB/s]
 92%|█████████▏| 155M/169M [20:53<01:31, 155kB/s]
 92%|█████████▏| 155M/169M [20:53<01:23, 169kB/s]
 92%|█████████▏| 155M/169M [20:53<01:15, 186kB/s]
 92%|█████████▏| 155M/169M [20:54<01:11, 197kB/s]
 92%|█████████▏| 155M/169M [20:54<01:05, 214kB/s]
 92%|█████████▏| 155M/169M [20:54<00:59, 234kB/s]
 92%|█████████▏| 155M/169M [20:54<01:05, 213kB/s]
 92%|█████████▏| 155M/169M [20:54<01:01, 225kB/s]
 92%|█████████▏| 155M/169M [20:54<01:03, 219kB/s]
 92%|█████████▏| 155M/169M [20:55<01:04, 214kB/s]
 92%|█████████▏| 155M/169M [20:55<01:03, 216kB/s]
 92%|█████████▏| 155M/169M [20:55<01:07, 203kB/s]
 92%|█████████▏| 155M/169M [20:55<01:12, 188kB/s]
 92%|█████████▏| 155M/169M [20:55<01:09, 196kB/s]
 92%|█████████▏| 155M/169M [20:55<01:03, 214kB/s]
 92%|█████████▏| 155M/169M [20:55<01:00, 226kB/s]
 92%|█████████▏| 155M/169M [20:56<01:00, 223kB/s]
 92%|█████████▏| 155M/169M [20:56<00:59, 225kB/s]
 92%|█████████▏| 156M/169M [20:56<00:58, 232kB/s]
 92%|█████████▏| 156M/169M [20:56<00:57, 234kB/s]
 92%|█████████▏| 156M/169M [20:56<00:55, 241kB/s]
 92%|█████████▏| 156M/169M [20:56<00:49, 270kB/s]
 92%|█████████▏| 156M/169M [20:56<00:49, 268kB/s]
 92%|█████████▏| 156M/169M [20:57<00:53, 250kB/s]
 92%|█████████▏| 156M/169M [20:57<00:53, 248kB/s]
 92%|█████████▏| 156M/169M [20:57<01:09, 191kB/s]
 92%|█████████▏| 156M/169M [20:57<01:14, 178kB/s]
 92%|█████████▏| 156M/169M [20:58<01:19, 165kB/s]
 92%|█████████▏| 156M/169M [20:58<01:51, 118kB/s]
 92%|█████████▏| 156M/169M [20:59<02:31, 86.1kB/s]
 92%|█████████▏| 156M/169M [20:59<02:55, 74.1kB/s]
 92%|█████████▏| 156M/169M [21:00<03:28, 62.2kB/s]
 92%|█████████▏| 156M/169M [21:01<03:21, 64.2kB/s]
 92%|█████████▏| 156M/169M [21:01<02:52, 75.1kB/s]
 92%|█████████▏| 156M/169M [21:01<02:24, 89.3kB/s]
 92%|█████████▏| 156M/169M [21:01<02:11, 97.6kB/s]
 92%|█████████▏| 156M/169M [21:02<02:09, 99.2kB/s]
 92%|█████████▏| 156M/169M [21:02<01:55, 111kB/s] 
 92%|█████████▏| 156M/169M [21:02<01:42, 124kB/s]
 92%|█████████▏| 156M/169M [21:02<01:42, 124kB/s]
 92%|█████████▏| 156M/169M [21:03<01:35, 133kB/s]
 93%|█████████▎| 156M/169M [21:03<01:45, 120kB/s]
 93%|█████████▎| 156M/169M [21:03<01:51, 113kB/s]
 93%|█████████▎| 156M/169M [21:04<02:12, 95.2kB/s]
 93%|█████████▎| 156M/169M [21:04<02:15, 92.8kB/s]
 93%|█████████▎| 156M/169M [21:04<01:58, 106kB/s] 
 93%|█████████▎| 156M/169M [21:04<01:44, 119kB/s]
 93%|█████████▎| 157M/169M [21:05<01:29, 139kB/s]
 93%|█████████▎| 157M/169M [21:05<01:18, 159kB/s]
 93%|█████████▎| 157M/169M [21:05<01:09, 178kB/s]
 93%|█████████▎| 157M/169M [21:05<01:02, 197kB/s]
 93%|█████████▎| 157M/169M [21:05<01:05, 189kB/s]
 93%|█████████▎| 157M/169M [21:05<01:15, 163kB/s]
 93%|█████████▎| 157M/169M [21:06<01:29, 137kB/s]
 93%|█████████▎| 157M/169M [21:06<01:39, 123kB/s]
 93%|█████████▎| 157M/169M [21:06<01:33, 131kB/s]
 93%|█████████▎| 157M/169M [21:06<01:29, 137kB/s]
 93%|█████████▎| 157M/169M [21:07<01:37, 124kB/s]
 93%|█████████▎| 157M/169M [21:07<01:38, 123kB/s]
 93%|█████████▎| 157M/169M [21:07<01:33, 129kB/s]
 93%|█████████▎| 157M/169M [21:08<01:32, 130kB/s]
 93%|█████████▎| 157M/169M [21:08<01:35, 125kB/s]
 93%|█████████▎| 157M/169M [21:08<01:32, 129kB/s]
 93%|█████████▎| 157M/169M [21:08<01:33, 127kB/s]
 93%|█████████▎| 157M/169M [21:09<01:34, 126kB/s]
 93%|█████████▎| 157M/169M [21:09<01:27, 136kB/s]
 93%|█████████▎| 157M/169M [21:09<01:19, 148kB/s]
 93%|█████████▎| 157M/169M [21:09<01:29, 131kB/s]
 93%|█████████▎| 157M/169M [21:10<01:32, 128kB/s]
 93%|█████████▎| 157M/169M [21:10<01:33, 125kB/s]
 93%|█████████▎| 157M/169M [21:10<01:33, 125kB/s]
 93%|█████████▎| 157M/169M [21:10<01:26, 135kB/s]
 93%|█████████▎| 157M/169M [21:10<01:19, 146kB/s]
 93%|█████████▎| 157M/169M [21:11<01:37, 119kB/s]
 93%|█████████▎| 157M/169M [21:11<01:35, 121kB/s]
 93%|█████████▎| 157M/169M [21:11<01:27, 132kB/s]
 93%|█████████▎| 157M/169M [21:11<01:17, 149kB/s]
 93%|█████████▎| 158M/169M [21:12<01:09, 166kB/s]
 93%|█████████▎| 158M/169M [21:12<01:02, 184kB/s]
 93%|█████████▎| 158M/169M [21:12<01:02, 184kB/s]
 93%|█████████▎| 158M/169M [21:12<01:10, 162kB/s]
 93%|█████████▎| 158M/169M [21:12<01:09, 163kB/s]
 93%|█████████▎| 158M/169M [21:13<01:05, 173kB/s]
 93%|█████████▎| 158M/169M [21:13<01:05, 172kB/s]
 93%|█████████▎| 158M/169M [21:13<01:05, 171kB/s]
 93%|█████████▎| 158M/169M [21:13<01:03, 176kB/s]
 93%|█████████▎| 158M/169M [21:13<01:01, 182kB/s]
 93%|█████████▎| 158M/169M [21:13<00:57, 193kB/s]
 93%|█████████▎| 158M/169M [21:14<00:53, 207kB/s]
 93%|█████████▎| 158M/169M [21:14<00:49, 223kB/s]
 93%|█████████▎| 158M/169M [21:14<00:51, 216kB/s]
 93%|█████████▎| 158M/169M [21:14<00:58, 190kB/s]
 93%|█████████▎| 158M/169M [21:14<01:00, 182kB/s]
 94%|█████████▎| 158M/169M [21:15<01:11, 153kB/s]
 94%|█████████▎| 158M/169M [21:15<01:16, 143kB/s]
 94%|█████████▎| 158M/169M [21:15<01:11, 153kB/s]
 94%|█████████▎| 158M/169M [21:15<01:14, 145kB/s]
 94%|█████████▎| 158M/169M [21:15<01:14, 146kB/s]
 94%|█████████▎| 158M/169M [21:16<01:12, 149kB/s]
 94%|█████████▎| 158M/169M [21:16<01:13, 147kB/s]
 94%|█████████▎| 158M/169M [21:16<01:14, 144kB/s]
 94%|█████████▎| 158M/169M [21:16<01:13, 145kB/s]
 94%|█████████▎| 158M/169M [21:17<01:11, 149kB/s]
 94%|█████████▎| 158M/169M [21:17<01:10, 152kB/s]
 94%|█████████▎| 158M/169M [21:17<01:09, 152kB/s]
 94%|█████████▎| 158M/169M [21:17<01:13, 145kB/s]
 94%|█████████▍| 158M/169M [21:18<01:21, 129kB/s]
 94%|█████████▍| 158M/169M [21:18<01:35, 110kB/s]
 94%|█████████▍| 159M/169M [21:18<01:51, 94.2kB/s]
 94%|█████████▍| 159M/169M [21:19<01:56, 89.7kB/s]
 94%|█████████▍| 159M/169M [21:19<01:59, 87.1kB/s]
 94%|█████████▍| 159M/169M [21:20<01:53, 91.6kB/s]
 94%|█████████▍| 159M/169M [21:20<02:02, 84.3kB/s]
 94%|█████████▍| 159M/169M [21:20<01:52, 91.7kB/s]
 94%|█████████▍| 159M/169M [21:21<01:54, 89.7kB/s]
 94%|█████████▍| 159M/169M [21:21<01:40, 102kB/s] 
 94%|█████████▍| 159M/169M [21:21<01:29, 115kB/s]
 94%|█████████▍| 159M/169M [21:21<01:26, 118kB/s]
 94%|█████████▍| 159M/169M [21:22<01:29, 113kB/s]
 94%|█████████▍| 159M/169M [21:22<01:21, 124kB/s]
 94%|█████████▍| 159M/169M [21:22<01:14, 135kB/s]
 94%|█████████▍| 159M/169M [21:22<01:05, 153kB/s]
 94%|█████████▍| 159M/169M [21:22<01:02, 159kB/s]
 94%|█████████▍| 159M/169M [21:23<01:01, 162kB/s]
 94%|█████████▍| 159M/169M [21:23<00:56, 176kB/s]
 94%|█████████▍| 159M/169M [21:23<00:57, 174kB/s]
 94%|█████████▍| 159M/169M [21:23<00:56, 175kB/s]
 94%|█████████▍| 159M/169M [21:23<00:49, 197kB/s]
 94%|█████████▍| 159M/169M [21:24<01:00, 163kB/s]
 94%|█████████▍| 159M/169M [21:24<01:07, 146kB/s]
 94%|█████████▍| 159M/169M [21:24<01:08, 141kB/s]
 94%|█████████▍| 159M/169M [21:24<01:01, 158kB/s]
 94%|█████████▍| 159M/169M [21:24<00:58, 165kB/s]
 94%|█████████▍| 159M/169M [21:25<00:52, 183kB/s]
 94%|█████████▍| 159M/169M [21:25<00:48, 198kB/s]
 94%|█████████▍| 159M/169M [21:25<00:53, 178kB/s]
 94%|█████████▍| 159M/169M [21:25<00:58, 164kB/s]
 94%|█████████▍| 159M/169M [21:25<00:55, 172kB/s]
 94%|█████████▍| 160M/169M [21:25<00:54, 173kB/s]
 94%|█████████▍| 160M/169M [21:26<00:50, 188kB/s]
 94%|█████████▍| 160M/169M [21:26<00:46, 204kB/s]
 94%|█████████▍| 160M/169M [21:26<00:48, 192kB/s]
 94%|█████████▍| 160M/169M [21:26<00:39, 235kB/s]
 95%|█████████▍| 160M/169M [21:26<00:39, 237kB/s]
 95%|█████████▍| 160M/169M [21:26<00:44, 210kB/s]
 95%|█████████▍| 160M/169M [21:27<00:50, 182kB/s]
 95%|█████████▍| 160M/169M [21:27<00:53, 172kB/s]
 95%|█████████▍| 160M/169M [21:27<00:52, 175kB/s]
 95%|█████████▍| 160M/169M [21:27<00:49, 185kB/s]
 95%|█████████▍| 160M/169M [21:27<00:45, 198kB/s]
 95%|█████████▍| 160M/169M [21:28<00:42, 213kB/s]
 95%|█████████▍| 160M/169M [21:28<00:41, 218kB/s]
 95%|█████████▍| 160M/169M [21:28<00:55, 162kB/s]
 95%|█████████▍| 160M/169M [21:28<00:59, 150kB/s]
 95%|█████████▍| 160M/169M [21:28<00:57, 154kB/s]
 95%|█████████▍| 160M/169M [21:29<00:57, 155kB/s]
 95%|█████████▍| 160M/169M [21:29<00:53, 166kB/s]
 95%|█████████▍| 160M/169M [21:29<00:53, 164kB/s]
 95%|█████████▍| 160M/169M [21:29<01:00, 144kB/s]
 95%|█████████▍| 160M/169M [21:30<01:08, 128kB/s]
 95%|█████████▍| 160M/169M [21:30<01:08, 127kB/s]
 95%|█████████▍| 160M/169M [21:30<01:04, 135kB/s]
 95%|█████████▍| 160M/169M [21:30<00:59, 145kB/s]
 95%|█████████▍| 160M/169M [21:31<00:57, 149kB/s]
 95%|█████████▍| 160M/169M [21:31<00:50, 170kB/s]
 95%|█████████▍| 160M/169M [21:31<01:10, 122kB/s]
 95%|█████████▍| 160M/169M [21:31<01:09, 122kB/s]
 95%|█████████▍| 160M/169M [21:32<01:03, 133kB/s]
 95%|█████████▍| 161M/169M [21:32<00:57, 148kB/s]
 95%|█████████▌| 161M/169M [21:32<00:50, 166kB/s]
 95%|█████████▌| 161M/169M [21:32<00:45, 186kB/s]
 95%|█████████▌| 161M/169M [21:32<00:41, 201kB/s]
 95%|█████████▌| 161M/169M [21:32<00:43, 191kB/s]
 95%|█████████▌| 161M/169M [21:33<00:34, 237kB/s]
 95%|█████████▌| 161M/169M [21:33<00:34, 239kB/s]
 95%|█████████▌| 161M/169M [21:33<00:47, 172kB/s]
 95%|█████████▌| 161M/169M [21:33<00:50, 160kB/s]
 95%|█████████▌| 161M/169M [21:33<00:50, 163kB/s]
 95%|█████████▌| 161M/169M [21:34<00:47, 172kB/s]
 95%|█████████▌| 161M/169M [21:34<00:43, 187kB/s]
 95%|█████████▌| 161M/169M [21:34<00:39, 201kB/s]
 95%|█████████▌| 161M/169M [21:34<00:37, 216kB/s]
 95%|█████████▌| 161M/169M [21:34<00:33, 237kB/s]
 95%|█████████▌| 161M/169M [21:34<00:36, 217kB/s]
 95%|█████████▌| 161M/169M [21:34<00:31, 252kB/s]
 95%|█████████▌| 161M/169M [21:35<00:35, 221kB/s]
 95%|█████████▌| 161M/169M [21:35<00:58, 133kB/s]
 95%|█████████▌| 161M/169M [21:36<01:04, 121kB/s]
 95%|█████████▌| 161M/169M [21:36<01:03, 122kB/s]
 95%|█████████▌| 161M/169M [21:36<01:02, 124kB/s]
 95%|█████████▌| 161M/169M [21:36<00:54, 141kB/s]
 95%|█████████▌| 161M/169M [21:36<00:50, 152kB/s]
 95%|█████████▌| 161M/169M [21:37<00:44, 171kB/s]
 96%|█████████▌| 161M/169M [21:37<00:41, 184kB/s]
 96%|█████████▌| 161M/169M [21:37<00:44, 168kB/s]
 96%|█████████▌| 161M/169M [21:37<00:50, 149kB/s]
 96%|█████████▌| 162M/169M [21:38<01:06, 112kB/s]
 96%|█████████▌| 162M/169M [21:38<01:11, 105kB/s]
 96%|█████████▌| 162M/169M [21:38<01:07, 110kB/s]
 96%|█████████▌| 162M/169M [21:39<01:03, 117kB/s]
 96%|█████████▌| 162M/169M [21:39<00:55, 133kB/s]
 96%|█████████▌| 162M/169M [21:39<00:53, 137kB/s]
 96%|█████████▌| 162M/169M [21:39<00:48, 151kB/s]
 96%|█████████▌| 162M/169M [21:39<00:44, 163kB/s]
 96%|█████████▌| 162M/169M [21:39<00:40, 178kB/s]
 96%|█████████▌| 162M/169M [21:40<00:48, 147kB/s]
 96%|█████████▌| 162M/169M [21:40<00:51, 139kB/s]
 96%|█████████▌| 162M/169M [21:40<00:48, 146kB/s]
 96%|█████████▌| 162M/169M [21:40<00:45, 155kB/s]
 96%|█████████▌| 162M/169M [21:40<00:40, 173kB/s]
 96%|█████████▌| 162M/169M [21:41<00:37, 190kB/s]
 96%|█████████▌| 162M/169M [21:41<00:33, 206kB/s]
 96%|█████████▌| 162M/169M [21:41<00:30, 227kB/s]
 96%|█████████▌| 162M/169M [21:41<00:28, 247kB/s]
 96%|█████████▌| 162M/169M [21:41<00:25, 266kB/s]
 96%|█████████▌| 162M/169M [21:41<00:30, 223kB/s]
 96%|█████████▌| 162M/169M [21:41<00:33, 204kB/s]
 96%|█████████▌| 162M/169M [21:42<00:33, 201kB/s]
 96%|█████████▌| 162M/169M [21:42<00:33, 201kB/s]
 96%|█████████▌| 162M/169M [21:42<00:35, 190kB/s]
 96%|█████████▌| 162M/169M [21:42<00:34, 193kB/s]
 96%|█████████▌| 162M/169M [21:42<00:38, 174kB/s]
 96%|█████████▌| 162M/169M [21:43<00:38, 172kB/s]
 96%|█████████▌| 162M/169M [21:43<00:36, 179kB/s]
 96%|█████████▌| 162M/169M [21:43<00:34, 191kB/s]
 96%|█████████▌| 162M/169M [21:43<00:31, 205kB/s]
 96%|█████████▌| 162M/169M [21:43<00:34, 191kB/s]
 96%|█████████▌| 163M/169M [21:43<00:34, 189kB/s]
 96%|█████████▌| 163M/169M [21:44<00:32, 200kB/s]
 96%|█████████▌| 163M/169M [21:44<00:30, 208kB/s]
 96%|█████████▌| 163M/169M [21:44<00:36, 176kB/s]
 96%|█████████▌| 163M/169M [21:44<00:40, 156kB/s]
 96%|█████████▋| 163M/169M [21:44<00:39, 159kB/s]
 96%|█████████▋| 163M/169M [21:45<00:37, 167kB/s]
 96%|█████████▋| 163M/169M [21:45<00:34, 183kB/s]
 96%|█████████▋| 163M/169M [21:45<00:32, 193kB/s]
 96%|█████████▋| 163M/169M [21:45<00:36, 170kB/s]
 96%|█████████▋| 163M/169M [21:45<00:33, 181kB/s]
 96%|█████████▋| 163M/169M [21:45<00:32, 188kB/s]
 96%|█████████▋| 163M/169M [21:46<00:30, 201kB/s]
 96%|█████████▋| 163M/169M [21:46<00:27, 222kB/s]
 96%|█████████▋| 163M/169M [21:46<00:25, 238kB/s]
 96%|█████████▋| 163M/169M [21:46<00:23, 253kB/s]
 96%|█████████▋| 163M/169M [21:46<00:20, 286kB/s]
 97%|█████████▋| 163M/169M [21:46<00:21, 273kB/s]
 97%|█████████▋| 163M/169M [21:46<00:26, 219kB/s]
 97%|█████████▋| 163M/169M [21:47<00:34, 169kB/s]
 97%|█████████▋| 163M/169M [21:47<00:40, 144kB/s]
 97%|█████████▋| 163M/169M [21:47<00:42, 134kB/s]
 97%|█████████▋| 163M/169M [21:48<00:44, 129kB/s]
 97%|█████████▋| 163M/169M [21:48<00:41, 137kB/s]
 97%|█████████▋| 163M/169M [21:48<00:38, 148kB/s]
 97%|█████████▋| 163M/169M [21:48<00:34, 164kB/s]
 97%|█████████▋| 163M/169M [21:48<00:35, 158kB/s]
 97%|█████████▋| 163M/169M [21:49<00:38, 144kB/s]
 97%|█████████▋| 163M/169M [21:49<00:38, 145kB/s]
 97%|█████████▋| 164M/169M [21:49<00:37, 144kB/s]
 97%|█████████▋| 164M/169M [21:49<00:36, 151kB/s]
 97%|█████████▋| 164M/169M [21:50<00:40, 134kB/s]
 97%|█████████▋| 164M/169M [21:50<00:38, 138kB/s]
 97%|█████████▋| 164M/169M [21:50<00:41, 131kB/s]
 97%|█████████▋| 164M/169M [21:50<00:44, 119kB/s]
 97%|█████████▋| 164M/169M [21:51<00:56, 94.2kB/s]
 97%|█████████▋| 164M/169M [21:51<00:57, 90.8kB/s]
 97%|█████████▋| 164M/169M [21:52<01:02, 83.2kB/s]
 97%|█████████▋| 164M/169M [21:52<01:02, 82.8kB/s]
 97%|█████████▋| 164M/169M [21:52<00:55, 92.2kB/s]
 97%|█████████▋| 164M/169M [21:53<00:50, 101kB/s] 
 97%|█████████▋| 164M/169M [21:53<00:47, 106kB/s]
 97%|█████████▋| 164M/169M [21:53<00:45, 110kB/s]
 97%|█████████▋| 164M/169M [21:54<00:46, 108kB/s]
 97%|█████████▋| 164M/169M [21:54<00:44, 111kB/s]
 97%|█████████▋| 164M/169M [21:54<00:42, 116kB/s]
 97%|█████████▋| 164M/169M [21:54<00:36, 134kB/s]
 97%|█████████▋| 164M/169M [21:55<00:42, 114kB/s]
 97%|█████████▋| 164M/169M [21:55<00:44, 109kB/s]
 97%|█████████▋| 164M/169M [21:55<00:51, 93.0kB/s]
 97%|█████████▋| 164M/169M [21:56<01:02, 76.4kB/s]
 97%|█████████▋| 164M/169M [21:56<01:01, 77.7kB/s]
 97%|█████████▋| 164M/169M [21:57<00:57, 83.0kB/s]
 97%|█████████▋| 164M/169M [21:57<00:51, 92.2kB/s]
 97%|█████████▋| 164M/169M [21:57<00:43, 107kB/s] 
 97%|█████████▋| 164M/169M [21:58<00:41, 112kB/s]
 97%|█████████▋| 164M/169M [21:58<00:37, 122kB/s]
 97%|█████████▋| 164M/169M [21:58<00:37, 123kB/s]
 97%|█████████▋| 164M/169M [21:58<00:34, 132kB/s]
 97%|█████████▋| 164M/169M [21:58<00:31, 142kB/s]
 97%|█████████▋| 165M/169M [21:59<00:29, 150kB/s]
 97%|█████████▋| 165M/169M [21:59<00:27, 164kB/s]
 97%|█████████▋| 165M/169M [21:59<00:24, 181kB/s]
 97%|█████████▋| 165M/169M [21:59<00:22, 193kB/s]
 97%|█████████▋| 165M/169M [21:59<00:22, 195kB/s]
 97%|█████████▋| 165M/169M [21:59<00:20, 209kB/s]
 97%|█████████▋| 165M/169M [21:59<00:18, 233kB/s]
 97%|█████████▋| 165M/169M [22:00<00:19, 218kB/s]
 98%|█████████▊| 165M/169M [22:00<00:22, 191kB/s]
 98%|█████████▊| 165M/169M [22:00<00:22, 183kB/s]
 98%|█████████▊| 165M/169M [22:00<00:21, 193kB/s]
 98%|█████████▊| 165M/169M [22:00<00:21, 189kB/s]
 98%|█████████▊| 165M/169M [22:00<00:19, 210kB/s]
 98%|█████████▊| 165M/169M [22:01<00:18, 223kB/s]
 98%|█████████▊| 165M/169M [22:01<00:16, 243kB/s]
 98%|█████████▊| 165M/169M [22:01<00:14, 276kB/s]
 98%|█████████▊| 165M/169M [22:01<00:12, 304kB/s]
 98%|█████████▊| 165M/169M [22:01<00:12, 296kB/s]
 98%|█████████▊| 165M/169M [22:02<00:17, 221kB/s]
 98%|█████████▊| 165M/169M [22:02<00:21, 173kB/s]
 98%|█████████▊| 165M/169M [22:02<00:25, 146kB/s]
 98%|█████████▊| 165M/169M [22:03<00:25, 144kB/s]
 98%|█████████▊| 165M/169M [22:03<00:25, 143kB/s]
 98%|█████████▊| 165M/169M [22:03<00:25, 143kB/s]
 98%|█████████▊| 165M/169M [22:03<00:25, 141kB/s]
 98%|█████████▊| 165M/169M [22:03<00:24, 143kB/s]
 98%|█████████▊| 165M/169M [22:04<00:22, 155kB/s]
 98%|█████████▊| 166M/169M [22:04<00:20, 167kB/s]
 98%|█████████▊| 166M/169M [22:04<00:19, 174kB/s]
 98%|█████████▊| 166M/169M [22:04<00:25, 135kB/s]
 98%|█████████▊| 166M/169M [22:05<00:23, 141kB/s]
 98%|█████████▊| 166M/169M [22:05<00:22, 152kB/s]
 98%|█████████▊| 166M/169M [22:05<00:19, 168kB/s]
 98%|█████████▊| 166M/169M [22:05<00:17, 183kB/s]
 98%|█████████▊| 166M/169M [22:05<00:20, 162kB/s]
 98%|█████████▊| 166M/169M [22:06<00:29, 110kB/s]
 98%|█████████▊| 166M/169M [22:06<00:33, 95.5kB/s]
 98%|█████████▊| 166M/169M [22:07<00:34, 91.1kB/s]
 98%|█████████▊| 166M/169M [22:07<00:31, 98.8kB/s]
 98%|█████████▊| 166M/169M [22:07<00:29, 105kB/s] 
 98%|█████████▊| 166M/169M [22:07<00:24, 124kB/s]
 98%|█████████▊| 166M/169M [22:07<00:21, 139kB/s]
 98%|█████████▊| 166M/169M [22:08<00:20, 144kB/s]
 98%|█████████▊| 166M/169M [22:08<00:17, 167kB/s]
 98%|█████████▊| 166M/169M [22:08<00:21, 139kB/s]
 98%|█████████▊| 166M/169M [22:09<00:28, 101kB/s]
 98%|█████████▊| 166M/169M [22:09<00:34, 84.3kB/s]
 98%|█████████▊| 166M/169M [22:09<00:30, 92.4kB/s]
 98%|█████████▊| 166M/169M [22:10<00:26, 106kB/s] 
 98%|█████████▊| 166M/169M [22:10<00:23, 118kB/s]
 98%|█████████▊| 166M/169M [22:10<00:22, 119kB/s]
 98%|█████████▊| 166M/169M [22:10<00:23, 115kB/s]
 98%|█████████▊| 166M/169M [22:11<00:21, 125kB/s]
 98%|█████████▊| 166M/169M [22:11<00:19, 137kB/s]
 98%|█████████▊| 166M/169M [22:11<00:16, 153kB/s]
 98%|█████████▊| 166M/169M [22:11<00:16, 158kB/s]
 98%|█████████▊| 166M/169M [22:11<00:14, 172kB/s]
 99%|█████████▊| 166M/169M [22:12<00:14, 175kB/s]
 99%|█████████▊| 167M/169M [22:12<00:14, 168kB/s]
 99%|█████████▊| 167M/169M [22:12<00:14, 167kB/s]
 99%|█████████▊| 167M/169M [22:12<00:17, 139kB/s]
 99%|█████████▊| 167M/169M [22:13<00:18, 126kB/s]
 99%|█████████▊| 167M/169M [22:13<00:18, 124kB/s]
 99%|█████████▊| 167M/169M [22:13<00:18, 124kB/s]
 99%|█████████▊| 167M/169M [22:13<00:17, 134kB/s]
 99%|█████████▊| 167M/169M [22:14<00:15, 143kB/s]
 99%|█████████▊| 167M/169M [22:14<00:13, 162kB/s]
 99%|█████████▊| 167M/169M [22:14<00:13, 167kB/s]
 99%|█████████▊| 167M/169M [22:14<00:11, 183kB/s]
 99%|█████████▊| 167M/169M [22:14<00:11, 192kB/s]
 99%|█████████▉| 167M/169M [22:14<00:12, 172kB/s]
 99%|█████████▉| 167M/169M [22:15<00:12, 159kB/s]
 99%|█████████▉| 167M/169M [22:15<00:13, 150kB/s]
 99%|█████████▉| 167M/169M [22:15<00:13, 142kB/s]
 99%|█████████▉| 167M/169M [22:15<00:15, 125kB/s]
 99%|█████████▉| 167M/169M [22:16<00:15, 124kB/s]
 99%|█████████▉| 167M/169M [22:16<00:14, 134kB/s]
 99%|█████████▉| 167M/169M [22:16<00:16, 115kB/s]
 99%|█████████▉| 167M/169M [22:17<00:15, 117kB/s]
 99%|█████████▉| 167M/169M [22:17<00:15, 117kB/s]
 99%|█████████▉| 167M/169M [22:17<00:14, 121kB/s]
 99%|█████████▉| 167M/169M [22:17<00:16, 105kB/s]
 99%|█████████▉| 167M/169M [22:18<00:14, 117kB/s]
 99%|█████████▉| 167M/169M [22:18<00:12, 129kB/s]
 99%|█████████▉| 167M/169M [22:18<00:13, 125kB/s]
 99%|█████████▉| 167M/169M [22:18<00:10, 147kB/s]
 99%|█████████▉| 167M/169M [22:18<00:09, 157kB/s]
 99%|█████████▉| 167M/169M [22:19<00:09, 169kB/s]
 99%|█████████▉| 168M/169M [22:19<00:10, 142kB/s]
 99%|█████████▉| 168M/169M [22:19<00:13, 110kB/s]
 99%|█████████▉| 168M/169M [22:20<00:12, 114kB/s]
 99%|█████████▉| 168M/169M [22:20<00:13, 103kB/s]
 99%|█████████▉| 168M/169M [22:20<00:12, 108kB/s]
 99%|█████████▉| 168M/169M [22:21<00:11, 111kB/s]
 99%|█████████▉| 168M/169M [22:21<00:11, 115kB/s]
 99%|█████████▉| 168M/169M [22:21<00:12, 102kB/s]
 99%|█████████▉| 168M/169M [22:22<00:12, 101kB/s]
 99%|█████████▉| 168M/169M [22:22<00:10, 113kB/s]
 99%|█████████▉| 168M/169M [22:22<00:09, 126kB/s]
 99%|█████████▉| 168M/169M [22:22<00:09, 117kB/s]
 99%|█████████▉| 168M/169M [22:23<00:09, 118kB/s]
 99%|█████████▉| 168M/169M [22:23<00:08, 128kB/s]
 99%|█████████▉| 168M/169M [22:23<00:07, 135kB/s]
 99%|█████████▉| 168M/169M [22:23<00:08, 123kB/s]
 99%|█████████▉| 168M/169M [22:24<00:07, 124kB/s]
 99%|█████████▉| 168M/169M [22:24<00:06, 134kB/s]
 99%|█████████▉| 168M/169M [22:24<00:06, 144kB/s]
 99%|█████████▉| 168M/169M [22:24<00:05, 161kB/s]
100%|█████████▉| 168M/169M [22:24<00:04, 174kB/s]
100%|█████████▉| 168M/169M [22:24<00:04, 174kB/s]
100%|█████████▉| 168M/169M [22:25<00:04, 182kB/s]
100%|█████████▉| 168M/169M [22:25<00:03, 192kB/s]
100%|█████████▉| 168M/169M [22:25<00:03, 177kB/s]
100%|█████████▉| 168M/169M [22:25<00:04, 154kB/s]
100%|█████████▉| 168M/169M [22:26<00:04, 151kB/s]
100%|█████████▉| 168M/169M [22:26<00:04, 142kB/s]
100%|█████████▉| 168M/169M [22:26<00:04, 125kB/s]
100%|█████████▉| 168M/169M [22:26<00:04, 125kB/s]
100%|█████████▉| 168M/169M [22:27<00:03, 135kB/s]
100%|█████████▉| 169M/169M [22:27<00:03, 150kB/s]
100%|█████████▉| 169M/169M [22:27<00:02, 169kB/s]
100%|█████████▉| 169M/169M [22:27<00:02, 186kB/s]
100%|█████████▉| 169M/169M [22:27<00:02, 176kB/s]
100%|█████████▉| 169M/169M [22:27<00:01, 187kB/s]
100%|█████████▉| 169M/169M [22:27<00:01, 200kB/s]
100%|█████████▉| 169M/169M [22:28<00:01, 188kB/s]
100%|█████████▉| 169M/169M [22:28<00:01, 208kB/s]
100%|█████████▉| 169M/169M [22:28<00:01, 210kB/s]
100%|█████████▉| 169M/169M [22:28<00:00, 218kB/s]
100%|█████████▉| 169M/169M [22:28<00:00, 225kB/s]
100%|█████████▉| 169M/169M [22:28<00:00, 233kB/s]
100%|█████████▉| 169M/169M [22:29<00:00, 222kB/s]
100%|█████████▉| 169M/169M [22:29<00:00, 210kB/s]
100%|█████████▉| 169M/169M [22:29<00:00, 135kB/s]
100%|██████████| 169M/169M [22:29<00:00, 125kB/s]

extracting outputs:   0%|          | 0/40 [00:00<?, ?it/s]
                                                          
cached vanilla/test: 10000 images

extracting outputs:   0%|          | 0/4 [00:00<?, ?it/s]
                                                         
cached vanilla/near: 800 images

extracting outputs:   0%|          | 0/4 [00:00<?, ?it/s]
                                                         
cached vanilla/far: 800 images

extracting outputs:   0%|          | 0/40 [00:00<?, ?it/s]
                                                          
cached gcsc/test: 10000 images

extracting outputs:   0%|          | 0/4 [00:00<?, ?it/s]
                                                         
cached gcsc/near: 800 images

extracting outputs:   0%|          | 0/4 [00:00<?, ?it/s]
                                                         
cached gcsc/far: 800 images

extracting outputs:   0%|          | 0/40 [00:00<?, ?it/s]
                                                          
cached proser/test: 10000 images

extracting outputs:   0%|          | 0/4 [00:00<?, ?it/s]
                                                         
cached proser/near: 800 images

extracting outputs:   0%|          | 0/4 [00:00<?, ?it/s]
                                                         
cached proser/far: 800 images
Task 4 complete. Results: /content/drive/MyDrive/ATML_PA1/task4_results
vanilla/msp: CSA=0.9464, near AUROC=0.8209, far AUROC=0.8863
vanilla/mls: CSA=0.9464, near AUROC=0.8036, far AUROC=0.8812
vanilla/energy: CSA=0.9464, near AUROC=0.8040, far AUROC=0.8817
vanilla/mahalanobis: CSA=0.9464, near AUROC=0.7906, far AUROC=0.9104
gcsc/mls: CSA=0.9502, near AUROC=0.8084, far AUROC=0.9042
proser/mls: CSA=0.9444, near AUROC=0.8106, far AUROC=0.8744
proser/placeholder: CSA=0.9444, near AUROC=0.7948, far AUROC=0.8690
